# dimensionless total [l(l+1)/2pi] C_l's
# for l=2 to 3000, i.e. number of multipoles equal to 2999
#
# -> if you prefer output in CAMB/HealPix/LensPix units/order, set 'format' to 'camb' in input file
# -> if you don't want to see such a header, set 'headers' to 'no' in input file
# -> for CMB lensing (phi), these are C_l^phi-phi for the lensing potential.
#    Remember the conversion factors:
#    C_l^dd (deflection) = l(l+1) C_l^phi-phi
#    C_l^gg (shear/convergence) = 1/4 (l(l+1))^2 C_l^phi-phi
#
# 1:l     2:TT                     3:EE                     4:TE                     5:BB                     6:phiphi                 7:TPhi                   8:Ephi               
    2       1.381337011690e-10       4.175594413532e-15       3.515670846153e-13       0.000000000000e+00       8.285959806889e-09       4.560819977388e-10      -1.840536642695e-12 
    3       1.306080809978e-10       5.350274016724e-15       3.951459574793e-13       0.000000000000e+00       5.086968937116e-09       3.225668434305e-10      -1.393793194812e-12 
    4       1.235424386727e-10       4.625820121699e-15       3.695227470164e-13       0.000000000000e+00       3.522976273044e-09       2.438425221798e-10      -9.121458058004e-13 
    5       1.182583897068e-10       3.084257758079e-15       3.146795173702e-13       0.000000000000e+00       2.621510705783e-09       1.923939882531e-10      -5.066439180003e-13 
    6       1.146368802753e-10       1.723612967561e-15       2.534366814259e-13       0.000000000000e+00       2.042587635052e-09       1.563949563693e-10      -2.079556328784e-13 
    7       1.122785252501e-10       9.311391124468e-16       1.989901738068e-13       0.000000000000e+00       1.644359382311e-09       1.299943100504e-10      -1.757526964106e-14 
    8       1.109032228856e-10       6.009311720745e-16       1.571122063174e-13       0.000000000000e+00       1.356594591601e-09       1.099894066014e-10       7.944460955995e-14 
    9       1.102629592758e-10       4.823436470617e-16       1.290818200849e-13       0.000000000000e+00       1.140656432275e-09       9.448252992720e-11       1.064459740123e-13 
   10       1.101275599026e-10       4.106946624082e-16       1.135745495884e-13       0.000000000000e+00       9.737543394200e-10       8.220687156256e-11       8.927583866534e-14 
   11       1.104379794105e-10       3.446088003768e-16       1.079324583521e-13       0.000000000000e+00       8.334466124039e-10       7.302020716555e-11       5.202265936568e-14 
   12       1.110430524246e-10       2.997401536561e-16       1.090985930350e-13       0.000000000000e+00       7.284105756984e-10       6.456669384014e-11       1.226568461705e-14 
   13       1.118922288884e-10       2.870822848947e-16       1.143906172862e-13       0.000000000000e+00       6.421613113013e-10       5.770063838264e-11      -1.799996748904e-14 
   14       1.129378876534e-10       2.986624409429e-16       1.217882001087e-13       0.000000000000e+00       5.703862133252e-10       5.172041770270e-11      -3.451792278829e-14 
   15       1.141671927222e-10       3.227423769887e-16       1.300032580408e-13       0.000000000000e+00       5.099614566041e-10       4.668982634069e-11      -3.749774976845e-14 
   16       1.155053413899e-10       3.568018203488e-16       1.383734083373e-13       0.000000000000e+00       4.585756422700e-10       4.235384162900e-11      -3.090285527544e-14 
   17       1.169794161643e-10       4.063780185477e-16       1.466768050196e-13       0.000000000000e+00       4.144862523224e-10       3.856975130541e-11      -1.993081689803e-14 
   18       1.185264363479e-10       4.768965423094e-16       1.551748221519e-13       0.000000000000e+00       3.762160466609e-10       3.526911985370e-11      -9.467904235393e-15 
   19       1.201577290987e-10       5.686815151761e-16       1.640906470706e-13       0.000000000000e+00       3.431478776698e-10       3.240472528728e-11      -2.114106239747e-15 
   20       1.218659747046e-10       6.797318683316e-16       1.735639187445e-13       0.000000000000e+00       3.140215700899e-10       2.986222826564e-11       4.241023854536e-16 
   21       1.236524938214e-10       8.094129179366e-16       1.835455796519e-13       0.000000000000e+00       2.883792838543e-10       2.759564975980e-11      -1.288843894729e-15 
   22       1.254913073845e-10       9.572392948020e-16       1.938474038643e-13       0.000000000000e+00       2.656039474610e-10       2.554801038537e-11      -5.507922666597e-15 
   23       1.273887614533e-10       1.123380442061e-15       2.041463364429e-13       0.000000000000e+00       2.453909041218e-10       2.371070608332e-11      -1.047971340914e-14 
   24       1.293390604003e-10       1.308051493270e-15       2.140298428304e-13       0.000000000000e+00       2.272788859480e-10       2.206696901032e-11      -1.433717814570e-14 
   25       1.313370085342e-10       1.511468166090e-15       2.231902732917e-13       0.000000000000e+00       2.110223714024e-10       2.059458007362e-11      -1.626948226184e-14 
   26       1.333649736651e-10       1.734001893398e-15       2.313640512617e-13       0.000000000000e+00       1.963033712774e-10       1.925674698913e-11      -1.595142572928e-14 
   27       1.354325524571e-10       1.977284426029e-15       2.384796483311e-13       0.000000000000e+00       1.830456667861e-10       1.804421516724e-11      -1.389536215063e-14 
   28       1.375424202788e-10       2.243572920014e-15       2.445486650054e-13       0.000000000000e+00       1.710886858275e-10       1.694157459120e-11      -1.110504533870e-14 
   29       1.396836536055e-10       2.535148619231e-15       2.496136636392e-13       0.000000000000e+00       1.601421993515e-10       1.592244056767e-11      -8.700295858237e-15 
   30       1.418628558857e-10       2.853103526557e-15       2.537229092053e-13       0.000000000000e+00       1.501459039003e-10       1.498576988162e-11      -7.069817134076e-15 
   31       1.440817488831e-10       3.198063453525e-15       2.569501859251e-13       0.000000000000e+00       1.410256264107e-10       1.413164291256e-11      -6.393754100723e-15 
   32       1.463322896656e-10       3.570600461041e-15       2.593631263272e-13       0.000000000000e+00       1.326371123141e-10       1.335309111576e-11      -6.759495156439e-15 
   33       1.486139472955e-10       3.971652031968e-15       2.608810543094e-13       0.000000000000e+00       1.249347089754e-10       1.264355223766e-11      -7.814635541258e-15 
   34       1.509203488188e-10       4.402246117681e-15       2.613633529707e-13       0.000000000000e+00       1.178502483849e-10       1.199071298402e-11      -8.971471081973e-15 
   35       1.532401997144e-10       4.863374296048e-15       2.606605566075e-13       0.000000000000e+00       1.112783377209e-10       1.137875973733e-11      -9.639300127455e-15 
   36       1.555804724452e-10       5.355938655609e-15       2.586702299486e-13       0.000000000000e+00       1.052019474755e-10       1.080559783002e-11      -9.755641581359e-15 
   37       1.579497731663e-10       5.880780814759e-15       2.552986859086e-13       0.000000000000e+00       9.960205875402e-11       1.027078375937e-11      -9.435352965196e-15 
   38       1.603513683535e-10       6.438691016755e-15       2.504455448884e-13       0.000000000000e+00       9.441969316665e-11       9.770561811800e-12      -8.833726930354e-15 
   39       1.627842652900e-10       7.030396130504e-15       2.440280316275e-13       0.000000000000e+00       8.957719024226e-11       9.299651041046e-12      -8.125271998173e-15 
   40       1.652484809871e-10       7.656528208144e-15       2.360650529083e-13       0.000000000000e+00       8.505973490345e-11       8.858106229211e-12      -7.424105422207e-15 
   41       1.677404794232e-10       8.317638682453e-15       2.266209492491e-13       0.000000000000e+00       8.085545753749e-11       8.446268482679e-12      -6.841402276420e-15 
   42       1.702510817421e-10       9.014201084494e-15       2.157845427385e-13       0.000000000000e+00       7.693110724161e-11       8.062711637064e-12      -6.508370849555e-15 
   43       1.727699295233e-10       9.746672428332e-15       2.036355610046e-13       0.000000000000e+00       7.324435257833e-11       7.704943326966e-12      -6.535727372280e-15 
   44       1.753017773630e-10       1.051571100586e-14       1.901280899060e-13       0.000000000000e+00       6.978952370193e-11       7.372139696323e-12      -6.874331966664e-15 
   45       1.778543982740e-10       1.132201883921e-14       1.751731351063e-13       0.000000000000e+00       6.656310413572e-11       7.062999915084e-12      -7.413011234544e-15 
   46       1.804338375968e-10       1.216628129694e-14       1.586696408849e-13       0.000000000000e+00       6.354999673446e-11       6.774864018080e-12      -8.014980999180e-15 
   47       1.830442056959e-10       1.304916672331e-14       1.405036737111e-13       0.000000000000e+00       6.072262076110e-11       6.503611031118e-12      -8.516345612148e-15 
   48       1.856876617114e-10       1.397123813677e-14       1.205710449251e-13       0.000000000000e+00       5.804940342510e-11       6.244849000748e-12      -8.770901724209e-15 
   49       1.883648431063e-10       1.493265975680e-14       9.885462466839e-14       0.000000000000e+00       5.552519183142e-11       5.998119465910e-12      -8.802985805414e-15 
   50       1.910742010327e-10       1.593340711358e-14       7.536741909192e-14       0.000000000000e+00       5.314786246405e-11       5.763703144561e-12      -8.695134110126e-15 
   51       1.938116271555e-10       1.697334301830e-14       5.013140416193e-14       0.000000000000e+00       5.090926201662e-11       5.541396432532e-12      -8.546380574318e-15 
   52       1.965702560967e-10       1.805221270621e-14       2.317790510660e-14       0.000000000000e+00       4.879478377843e-11       5.330475443071e-12      -8.473118595124e-15 
   53       1.993431344765e-10       1.916976248170e-14      -5.465889238235e-15       0.000000000000e+00       4.678795467951e-11       5.130007944757e-12      -8.579269434959e-15 
   54       2.021324885357e-10       2.032614265159e-14      -3.582232797670e-14       0.000000000000e+00       4.488655630584e-11       4.939966122026e-12      -8.855797950095e-15 
   55       2.049424953045e-10       2.152159973814e-14      -6.792890996719e-14       0.000000000000e+00       4.308991098930e-11       4.760337279136e-12      -9.256860008088e-15 
   56       2.077765489813e-10       2.275636236009e-14      -1.018256379757e-13       0.000000000000e+00       4.139402528354e-11       4.590780095435e-12      -9.727818574319e-15 
   57       2.106371835687e-10       2.403064155389e-14      -1.375552205748e-13       0.000000000000e+00       3.979137644048e-11       4.430603251838e-12      -1.020481855757e-14 
   58       2.135259955115e-10       2.534463109499e-14      -1.751632740428e-13       0.000000000000e+00       3.827069888682e-11       4.278744057316e-12      -1.061436165561e-14 
   59       2.164439585090e-10       2.669838981180e-14      -2.146855739838e-13       0.000000000000e+00       3.682008519569e-11       4.134056288363e-12      -1.089084384712e-14 
   60       2.193926290322e-10       2.809145588339e-14      -2.561058944502e-13       0.000000000000e+00       3.543761489465e-11       3.996300308818e-12      -1.103488940256e-14 
   61       2.223730845334e-10       2.952314337884e-14      -2.993887172367e-13       0.000000000000e+00       3.412282099769e-11       3.865345519336e-12      -1.106783644280e-14 
   62       2.253854931251e-10       3.099264878493e-14      -3.444910890303e-13       0.000000000000e+00       3.287349343609e-11       3.740870692183e-12      -1.101514540298e-14 
   63       2.284290495114e-10       3.249904732718e-14      -3.913623843168e-13       0.000000000000e+00       3.168557789076e-11       3.622353079523e-12      -1.090658278133e-14 
   64       2.315019109191e-10       3.404128929080e-14      -4.399440682876e-13       0.000000000000e+00       3.055307462444e-11       3.509057521688e-12      -1.077640488802e-14 
   65       2.346021113590e-10       3.561831450843e-14      -4.901822773333e-13       0.000000000000e+00       2.946969395518e-11       3.400238571299e-12      -1.065581524435e-14 
   66       2.377306733657e-10       3.722943226829e-14      -5.420691898104e-13       0.000000000000e+00       2.843445741586e-11       3.295821083697e-12      -1.054806741201e-14 
   67       2.408890426886e-10       3.887401552515e-14      -5.956100189490e-13       0.000000000000e+00       2.744710548168e-11       3.195844719719e-12      -1.044840226239e-14 
   68       2.440781320961e-10       4.055138946653e-14      -6.508110875532e-13       0.000000000000e+00       2.650639454227e-11       3.100258807372e-12      -1.035127729181e-14 
   69       2.472982846722e-10       4.226083113908e-14      -7.076799494421e-13       0.000000000000e+00       2.561004487078e-11       3.008917408600e-12      -1.025033424869e-14 
   70       2.505492371143e-10       4.400156907494e-14      -7.662255108902e-13       0.000000000000e+00       2.475468859299e-11       2.921574386046e-12      -1.013836676070e-14 
   71       2.538300830295e-10       4.577278291806e-14      -8.264581520676e-13       0.000000000000e+00       2.393581765638e-11       2.837878469820e-12      -1.000728796199e-14 
   72       2.571398578470e-10       4.757356827484e-14      -8.883813627816e-13       0.000000000000e+00       2.314894342121e-11       2.757468397341e-12      -9.850541615632e-15 
   73       2.604795050952e-10       4.940282428524e-14      -9.519645211080e-13       0.000000000000e+00       2.239344874471e-11       2.680290437800e-12      -9.670943225717e-15 
   74       2.638502229809e-10       5.125934369520e-14      -1.017165084754e-12       0.000000000000e+00       2.166938471885e-11       2.606333185149e-12      -9.474292531181e-15 
   75       2.672528540876e-10       5.314184457257e-14      -1.083936542719e-12       0.000000000000e+00       2.097630060931e-11       2.535530281932e-12      -9.267086385563e-15 
   76       2.706878628657e-10       5.504896913943e-14      -1.152228342997e-12       0.000000000000e+00       2.031321948716e-11       2.467757770827e-12      -9.056542171746e-15 
   77       2.741553131208e-10       5.697928260455e-14      -1.221985820282e-12       0.000000000000e+00       1.967861386054e-11       2.402831446180e-12      -8.850621216696e-15 
   78       2.776548455036e-10       5.893127199574e-14      -1.293150123670e-12       0.000000000000e+00       1.907038130640e-11       2.340504205551e-12      -8.658052206200e-15 
   79       2.811856549986e-10       6.090334499226e-14      -1.365658144359e-12       0.000000000000e+00       1.848582010213e-11       2.280463401244e-12      -8.488354599602e-15 
   80       2.847469334713e-10       6.289388124451e-14      -1.439447866030e-12       0.000000000000e+00       1.792230027932e-11       2.222408303063e-12      -8.349595433849e-15 
   81       2.883393353410e-10       6.490139916577e-14      -1.514475645106e-12       0.000000000000e+00       1.737946460579e-11       2.166303805722e-12      -8.241159584002e-15 
   82       2.919637265430e-10       6.692441611069e-14      -1.590701813556e-12       0.000000000000e+00       1.685736714421e-11       2.112166153268e-12      -8.159760807894e-15 
   83       2.956207283953e-10       6.896139826805e-14      -1.668085550457e-12       0.000000000000e+00       1.635580046715e-11       2.059985594336e-12      -8.101578565471e-15 
   84       2.993107036996e-10       7.101076046520e-14      -1.746584910120e-12       0.000000000000e+00       1.587428416700e-11       2.009725217224e-12      -8.062239459251e-15 
   85       3.030337428427e-10       7.307086597245e-14      -1.826156850210e-12       0.000000000000e+00       1.541205336581e-11       1.961319784975e-12      -8.036798674794e-15 
   86       3.067896498982e-10       7.514002630739e-14      -1.906757259868e-12       0.000000000000e+00       1.496804722519e-11       1.914674570455e-12      -8.019721421167e-15 
   87       3.105779287273e-10       7.721650103930e-14      -1.988340987839e-12       0.000000000000e+00       1.454089745619e-11       1.869664191434e-12      -8.004864371406e-15 
   88       3.143977690809e-10       7.929849759355e-14      -2.070861870588e-12       0.000000000000e+00       1.412891682918e-11       1.826131445663e-12      -7.985457102987e-15 
   89       3.182483582476e-10       8.138419610848e-14      -2.154271296954e-12       0.000000000000e+00       1.373050100311e-11       1.783926105968e-12      -7.955555169812e-15 
   90       3.221299023226e-10       8.347182890127e-14      -2.238513582743e-12       0.000000000000e+00       1.334543129819e-11       1.743030819184e-12      -7.914701000236e-15 
   91       3.260427402814e-10       8.555961316525e-14      -2.323529918996e-12       0.000000000000e+00       1.297375606708e-11       1.703452902283e-12      -7.863963349253e-15 
   92       3.299870237982e-10       8.764572720428e-14      -2.409259776985e-12       0.000000000000e+00       1.261539034397e-11       1.665185582116e-12      -7.804534192750e-15 
   93       3.339627082247e-10       8.972831061243e-14      -2.495640914409e-12       0.000000000000e+00       1.227011054652e-11       1.628207429145e-12      -7.737732214887e-15 
   94       3.379695435685e-10       9.180546445366e-14      -2.582609381597e-12       0.000000000000e+00       1.193754917781e-11       1.592481791174e-12      -7.665006295473e-15 
   95       3.420070654715e-10       9.387525144157e-14      -2.670099527698e-12       0.000000000000e+00       1.161718952823e-11       1.557956227079e-12      -7.587938997349e-15 
   96       3.460745861886e-10       9.593569611905e-14      -2.758044006889e-12       0.000000000000e+00       1.130836037747e-11       1.524561940542e-12      -7.508250053764e-15 
   97       3.501711855659e-10       9.798478503800e-14      -2.846373784566e-12       0.000000000000e+00       1.101023069638e-11       1.492213213780e-12      -7.427799855762e-15 
   98       3.542957020195e-10       1.000204669390e-13      -2.935018143544e-12       0.000000000000e+00       1.072180434896e-11       1.460806841275e-12      -7.348592939550e-15 
   99       3.584470220745e-10       1.020406994929e-13      -3.023906066569e-12       0.000000000000e+00       1.044214840400e-11       1.430246754511e-12      -7.272376052717e-15 
  100       3.626250152779e-10       1.040435966912e-13      -3.112970593890e-12       0.000000000000e+00       1.017112642121e-11       1.400523099977e-12      -7.199359855483e-15 
  101       3.668297155645e-10       1.060273027631e-13      -3.202145097280e-12       0.000000000000e+00       9.908759669726e-12       1.371643362032e-12      -7.129321795626e-15 
  102       3.710610291764e-10       1.079899482109e-13      -3.291361981386e-12       0.000000000000e+00       9.655000349150e-12       1.343607913528e-12      -7.061993967902e-15 
  103       3.753187292602e-10       1.099296505541e-13      -3.380552706608e-12       0.000000000000e+00       9.409729123096e-12       1.316409754888e-12      -6.997061687218e-15 
  104       3.796024504641e-10       1.118445150734e-13      -3.469647811974e-12       0.000000000000e+00       9.172752652763e-12       1.290034253183e-12      -6.934162061826e-15 
  105       3.839116835359e-10       1.137326355549e-13      -3.558576938031e-12       0.000000000000e+00       8.943801130504e-12       1.264458881207e-12      -6.872882566499e-15 
  106       3.882457699197e-10       1.155920950339e-13      -3.647268849715e-12       0.000000000000e+00       8.722525813382e-12       1.239652956556e-12      -6.812759615718e-15 
  107       3.926038963542e-10       1.174209665394e-13      -3.735651459241e-12       0.000000000000e+00       8.508496556742e-12       1.215577380704e-12      -6.753277136855e-15 
  108       3.969850894693e-10       1.192173138380e-13      -3.823651848977e-12       0.000000000000e+00       8.301199347769e-12       1.192184378078e-12      -6.693865143357e-15 
  109       4.013882103839e-10       1.209791921777e-13      -3.911196294329e-12       0.000000000000e+00       8.100033839057e-12       1.169417235136e-12      -6.633898307929e-15 
  110       4.058121464907e-10       1.227046973353e-13      -3.998210800184e-12       0.000000000000e+00       7.904448694924e-12       1.147223417448e-12      -6.572823096401e-15 
  111       4.102564262980e-10       1.243921182936e-13      -4.084622739186e-12       0.000000000000e+00       7.714372608732e-12       1.125596388666e-12      -6.510560722705e-15 
  112       4.147206735298e-10       1.260398055869e-13      -4.170359466920e-12       0.000000000000e+00       7.529834087290e-12       1.104538680072e-12      -6.447153333109e-15 
  113       4.192044135473e-10       1.276461259494e-13      -4.255347854698e-12       0.000000000000e+00       7.350827469742e-12       1.084048863031e-12      -6.382639893978e-15 
  114       4.237070698842e-10       1.292094635344e-13      -4.339514317485e-12       0.000000000000e+00       7.177311815554e-12       1.064121419545e-12      -6.317056028450e-15 
  115       4.282279607823e-10       1.307282211330e-13      -4.422784841832e-12       0.000000000000e+00       7.009209792504e-12       1.044746612811e-12      -6.250433853117e-15 
  116       4.327662957264e-10       1.322008213928e-13      -4.505085013799e-12       0.000000000000e+00       6.846406564676e-12       1.025910357775e-12      -6.182801814700e-15 
  117       4.373211719804e-10       1.336257080365e-13      -4.586340046885e-12       0.000000000000e+00       6.688748680442e-12       1.007594091689e-12      -6.114184526734e-15 
  118       4.418915711221e-10       1.350013470812e-13      -4.666474809957e-12       0.000000000000e+00       6.536042960457e-12       9.897746446655e-13      -6.044602606243e-15 
  119       4.464763555785e-10       1.363262280569e-13      -4.745413855177e-12       0.000000000000e+00       6.388055385645e-12       9.724241102359e-13      -5.974072510422e-15 
  120       4.510742651619e-10       1.375988652254e-13      -4.823081445930e-12       0.000000000000e+00       6.244509985191e-12       9.555097159034e-13      -5.902606373315e-15 
  121       4.556839136045e-10       1.388177987989e-13      -4.899401584754e-12       0.000000000000e+00       6.105087724530e-12       9.389936937004e-13      -5.830211842493e-15 
  122       4.603037850940e-10       1.399815961591e-13      -4.974298041265e-12       0.000000000000e+00       5.969425393334e-12       9.228331507441e-13      -5.756891915736e-15 
  123       4.649324169263e-10       1.410889006920e-13      -5.047695342521e-12       0.000000000000e+00       5.837193992017e-12       9.069901063949e-13      -5.682673427294e-15 
  124       4.695689786024e-10       1.421385820489e-13      -5.119521813449e-12       0.000000000000e+00       5.708346456526e-12       8.914631851050e-13      -5.607696560090e-15 
  125       4.742127530394e-10       1.431296055252e-13      -5.189706939965e-12       0.000000000000e+00       5.582896429486e-12       8.762593375101e-13      -5.532135356941e-15 
  126       4.788629544325e-10       1.440609875671e-13      -5.258180472965e-12       0.000000000000e+00       5.460840829199e-12       8.613839509931e-13      -5.456170053487e-15 
  127       4.835187262549e-10       1.449317973653e-13      -5.324872463819e-12       0.000000000000e+00       5.342159363116e-12       8.468408002293e-13      -5.379987140282e-15 
  128       4.881791392577e-10       1.457411584483e-13      -5.389713299879e-12       0.000000000000e+00       5.226814041304e-12       8.326319977310e-13      -5.303779424881e-15 
  129       4.928431894689e-10       1.464882502760e-13      -5.452633739972e-12       0.000000000000e+00       5.114748689915e-12       8.187579443922e-13      -5.227746093930e-15 
  130       4.975097961938e-10       1.471723098327e-13      -5.513564949905e-12       0.000000000000e+00       5.005888464659e-12       8.052172800338e-13      -5.152092775252e-15 
  131       5.021778000144e-10       1.477926332213e-13      -5.572438537965e-12       0.000000000000e+00       4.900139364270e-12       7.920068339483e-13      -5.077031599944e-15 
  132       5.068459607893e-10       1.483485772558e-13      -5.629186590415e-12       0.000000000000e+00       4.797387743978e-12       7.791215754445e-13      -5.002781264455e-15 
  133       5.115129556530e-10       1.488395610558e-13      -5.683741707002e-12       0.000000000000e+00       4.697499828976e-12       7.665545643924e-13      -4.929567092685e-15 
  134       5.161773770163e-10       1.492650676388e-13      -5.736037036451e-12       0.000000000000e+00       4.600321227890e-12       7.542969017681e-13      -4.857621098069e-15 
  135       5.208377305652e-10       1.496246455147e-13      -5.786006311966e-12       0.000000000000e+00       4.505676446250e-12       7.423376801988e-13      -4.787182045665e-15 
  136       5.254924332614e-10       1.499179102783e-13      -5.833583886735e-12       0.000000000000e+00       4.413368399960e-12       7.306639345072e-13      -4.718495514248e-15 
  137       5.301399494982e-10       1.501445740363e-13      -5.878705386354e-12       0.000000000000e+00       4.323220238293e-12       7.192632268075e-13      -4.651753832545e-15 
  138       5.347792197068e-10       1.503045337488e-13      -5.921309667167e-12       0.000000000000e+00       4.235206727209e-12       7.081318083877e-13      -4.586908741789e-15 
  139       5.394092725160e-10       1.503977950929e-13      -5.961337128831e-12       0.000000000000e+00       4.149335602289e-12       6.972672125747e-13      -4.523839375120e-15 
  140       5.440290894616e-10       1.504244472039e-13      -5.998729154615e-12       0.000000000000e+00       4.065606263103e-12       6.866656635356e-13      -4.462410327476e-15 
  141       5.486376038632e-10       1.503846644449e-13      -6.033428150821e-12       0.000000000000e+00       3.984009555231e-12       6.763220435447e-13      -4.402471336051e-15 
  142       5.532336997012e-10       1.502787081774e-13      -6.065377586197e-12       0.000000000000e+00       3.904527552279e-12       6.662298602502e-13      -4.343856960753e-15 
  143       5.578162104926e-10       1.501069285313e-13      -6.094522031353e-12       0.000000000000e+00       3.827133337891e-12       6.563812139409e-13      -4.286386264664e-15 
  144       5.623839181683e-10       1.498697661749e-13      -6.120807198180e-12       0.000000000000e+00       3.751790787770e-12       6.467667648133e-13      -4.229862494500e-15 
  145       5.669355519495e-10       1.495677540848e-13      -6.144179979262e-12       0.000000000000e+00       3.678454351691e-12       6.373757002381e-13      -4.174072761065e-15 
  146       5.714697872243e-10       1.492015193165e-13      -6.164588487298e-12       0.000000000000e+00       3.607068835518e-12       6.281957020276e-13      -4.118787719717e-15 
  147       5.759852444242e-10       1.487717847742e-13      -6.181982094510e-12       0.000000000000e+00       3.537569183222e-12       6.192129137017e-13      -4.063761250820e-15 
  148       5.804804879011e-10       1.482793709808e-13      -6.196311472066e-12       0.000000000000e+00       3.469880258892e-12       6.104119077557e-13      -4.008730140206e-15 
  149       5.849540248034e-10       1.477251978481e-13      -6.207528629494e-12       0.000000000000e+00       3.403916628758e-12       6.017756529263e-13      -3.953413759634e-15 
  150       5.894043039531e-10       1.471102864471e-13      -6.215586954098e-12       0.000000000000e+00       3.339582343203e-12       5.932854814590e-13      -3.897513747248e-15 
  151       5.938297147222e-10       1.464357607777e-13      -6.220441250372e-12       0.000000000000e+00       3.276770718777e-12       5.849210563746e-13      -3.840713688036e-15 
  152       5.982285859092e-10       1.457028495391e-13      -6.222047779421e-12       0.000000000000e+00       3.215364120219e-12       5.766603387363e-13      -3.782678794287e-15 
  153       6.025993077781e-10       1.449128722737e-13      -6.220364541850e-12       0.000000000000e+00       3.155258283024e-12       5.684846641448e-13      -3.723137168546e-15 
  154       6.069407133016e-10       1.440671926250e-13      -6.215352073093e-12       0.000000000000e+00       3.096438283460e-12       5.603945719901e-13      -3.662132763044e-15 
  155       6.112517303724e-10       1.431672640900e-13      -6.206972797496e-12       0.000000000000e+00       3.038909246240e-12       5.523953917636e-13      -3.599795429785e-15 
  156       6.155312613335e-10       1.422146469318e-13      -6.195190831799e-12       0.000000000000e+00       2.982672346303e-12       5.444922593912e-13      -3.536261546114e-15 
  157       6.197781824825e-10       1.412110098699e-13      -6.179972025793e-12       0.000000000000e+00       2.927724715814e-12       5.366901105207e-13      -3.471674110667e-15 
  158       6.239913435749e-10       1.401581317706e-13      -6.161284002979e-12       0.000000000000e+00       2.874059351163e-12       5.289936738101e-13      -3.406182839325e-15 
  159       6.281695673284e-10       1.390579033376e-13      -6.139096201218e-12       0.000000000000e+00       2.821665019963e-12       5.214074642155e-13      -3.339944261173e-15 
  160       6.323116489266e-10       1.379123288028e-13      -6.113379913389e-12       0.000000000000e+00       2.770526168055e-12       5.139357762784e-13      -3.273121814446e-15 
  161       6.364163555227e-10       1.367235276163e-13      -6.084108328051e-12       0.000000000000e+00       2.720622826502e-12       5.065826774142e-13      -3.205885942491e-15 
  162       6.404824257439e-10       1.354937361372e-13      -6.051256570089e-12       0.000000000000e+00       2.671930518594e-12       4.993520011998e-13      -3.138414189715e-15 
  163       6.445085691947e-10       1.342253093242e-13      -6.014801741381e-12       0.000000000000e+00       2.624420166843e-12       4.922473406612e-13      -3.070891297543e-15 
  164       6.484934659612e-10       1.329207224259e-13      -5.974722961444e-12       0.000000000000e+00       2.578057999986e-12       4.852720415620e-13      -3.003509300370e-15 
  165       6.524357661148e-10       1.315825726715e-13      -5.931001408099e-12       0.000000000000e+00       2.532805459985e-12       4.784291956906e-13      -2.936467621515e-15 
  166       6.563340892159e-10       1.302135809613e-13      -5.883620358120e-12       0.000000000000e+00       2.488619109026e-12       4.717216341486e-13      -2.869973169177e-15 
  167       6.601870238182e-10       1.288165935568e-13      -5.832565227896e-12       0.000000000000e+00       2.445450536517e-12       4.651519206383e-13      -2.804240432385e-15 
  168       6.639931269722e-10       1.273945837720e-13      -5.777823614081e-12       0.000000000000e+00       2.403246266093e-12       4.587223447505e-13      -2.739491576957e-15 
  169       6.677509237294e-10       1.259506536632e-13      -5.719385334257e-12       0.000000000000e+00       2.361947662609e-12       4.524349152530e-13      -2.675956541452e-15 
  170       6.714589066459e-10       1.244880357199e-13      -5.657242467586e-12       0.000000000000e+00       2.321490839145e-12       4.462913533776e-13      -2.613873133121e-15 
  171       6.751156342484e-10       1.230099971271e-13      -5.591388678484e-12       0.000000000000e+00       2.281819583245e-12       4.402926040933e-13      -2.553436154721e-15 
  172       6.787200366839e-10       1.215195400560e-13      -5.521817039262e-12       0.000000000000e+00       2.242925539806e-12       4.344373382468e-13      -2.494639823988e-15 
  173       6.822711347235e-10       1.200196795063e-13      -5.448522102992e-12       0.000000000000e+00       2.204811216074e-12       4.287233120853e-13      -2.437422337623e-15 
  174       6.857679430025e-10       1.185135397680e-13      -5.371500641603e-12       0.000000000000e+00       2.167477224402e-12       4.231478294158e-13      -2.381715546575e-15 
  175       6.892094699283e-10       1.170043557147e-13      -5.290751683606e-12       0.000000000000e+00       2.130922242377e-12       4.177077329271e-13      -2.327444844046e-15 
  176       6.925947175878e-10       1.154954740963e-13      -5.206276551826e-12       0.000000000000e+00       2.095142972930e-12       4.123993955101e-13      -2.274529053489e-15 
  177       6.959226816550e-10       1.139903548325e-13      -5.118078901134e-12       0.000000000000e+00       2.060134104459e-12       4.072187115798e-13      -2.222880316609e-15 
  178       6.991923512991e-10       1.124925723052e-13      -5.026164756176e-12       0.000000000000e+00       2.025888270946e-12       4.021610883962e-13      -2.172403981368e-15 
  179       7.024027090914e-10       1.110058166517e-13      -4.930542549106e-12       0.000000000000e+00       1.992396012071e-12       3.972214373858e-13      -2.122998489985e-15 
  180       7.055527309138e-10       1.095338950582e-13      -4.831223157317e-12       0.000000000000e+00       1.959645733338e-12       3.923941654625e-13      -2.074555266937e-15 
  181       7.086413858656e-10       1.080807330520e-13      -4.728219941168e-12       0.000000000000e+00       1.927623666183e-12       3.876731663492e-13      -2.026958606960e-15 
  182       7.116676361719e-10       1.066503757952e-13      -4.621548781721e-12       0.000000000000e+00       1.896313828101e-12       3.830518118990e-13      -1.980085563053e-15 
  183       7.146304370906e-10       1.052469893774e-13      -4.511228118467e-12       0.000000000000e+00       1.865697982757e-12       3.785229434161e-13      -1.933805834477e-15 
  184       7.175287368204e-10       1.038748621087e-13      -4.397278987058e-12       0.000000000000e+00       1.835755600110e-12       3.740788629777e-13      -1.887981654760e-15 
  185       7.203614764084e-10       1.025384058127e-13      -4.279725057040e-12       0.000000000000e+00       1.806463816524e-12       3.697113247547e-13      -1.842467679693e-15 
  186       7.231275896577e-10       1.012421571198e-13      -4.158592669580e-12       0.000000000000e+00       1.777797394893e-12       3.654115263332e-13      -1.797110875337e-15 
  187       7.258260030350e-10       9.999077875984e-14      -4.033910875203e-12       0.000000000000e+00       1.749728684754e-12       3.611701000356e-13      -1.751750406023e-15 
  188       7.284556355782e-10       9.878906085518e-14      -3.905711471516e-12       0.000000000000e+00       1.722227582407e-12       3.569771042422e-13      -1.706217522351e-15 
  189       7.310153988044e-10       9.764192221396e-14      -3.774029040942e-12       0.000000000000e+00       1.695261491033e-12       3.528220147120e-13      -1.660335449195e-15 
  190       7.335041966170e-10       9.655441162286e-14      -3.638900988455e-12       0.000000000000e+00       1.668795280811e-12       3.486937159043e-13      -1.613919273704e-15 
  191       7.359209987020e-10       9.553150054072e-14      -3.500365385983e-12       0.000000000000e+00       1.642798233532e-12       3.445828112546e-13      -1.566816564171e-15 
  192       7.382650670566e-10       9.457744111871e-14      -3.358454246462e-12       0.000000000000e+00       1.617265541294e-12       3.404887656182e-13      -1.519032862661e-15 
  193       7.405357463132e-10       9.369636240465e-14      -3.213199816750e-12       0.000000000000e+00       1.592198347322e-12       3.364132830930e-13      -1.470615411393e-15 
  194       7.427323919262e-10       9.289247521850e-14      -3.064636755930e-12       0.000000000000e+00       1.567596889574e-12       3.323580351598e-13      -1.421613289490e-15 
  195       7.448543703204e-10       9.217007276278e-14      -2.912802165859e-12       0.000000000000e+00       1.543460483716e-12       3.283246595914e-13      -1.372077434264e-15 
  196       7.469010590385e-10       9.153353123298e-14      -2.757735621725e-12       0.000000000000e+00       1.519787506090e-12       3.243147593623e-13      -1.322060662498e-15 
  197       7.488718468901e-10       9.098731042801e-14      -2.599479202599e-12       0.000000000000e+00       1.496575376692e-12       3.203299015580e-13      -1.271617691732e-15 
  198       7.507661340988e-10       9.053595436058e-14      -2.438077521991e-12       0.000000000000e+00       1.473820542144e-12       3.163716162844e-13      -1.220805161541e-15 
  199       7.525833324511e-10       9.018409186766e-14      -2.273577758400e-12       0.000000000000e+00       1.451518458663e-12       3.124413955777e-13      -1.169681654823e-15 
  200       7.543228654441e-10       8.993643722090e-14      -2.106029685872e-12       0.000000000000e+00       1.429663575039e-12       3.085406923130e-13      -1.118307719081e-15 
  201       7.559841684340e-10       8.979779073702e-14      -1.935485704552e-12       0.000000000000e+00       1.408249315606e-12       3.046709191148e-13      -1.066745887706e-15 
  202       7.575666887836e-10       8.977303938824e-14      -1.762000871237e-12       0.000000000000e+00       1.387268063216e-12       3.008334472656e-13      -1.015060701257e-15 
  203       7.590698860109e-10       8.986715741276e-14      -1.585632929931e-12       0.000000000000e+00       1.366711142207e-12       2.970296056160e-13      -9.633187287497e-16 
  204       7.604932319373e-10       9.008520692509e-14      -1.406442342399e-12       0.000000000000e+00       1.346568801384e-12       2.932606794936e-13      -9.115885889377e-16 
  205       7.618362108352e-10       9.043233852653e-14      -1.224492318719e-12       0.000000000000e+00       1.326830196985e-12       2.895279096128e-13      -8.599409715940e-16 
  206       7.630983195765e-10       9.091379191560e-14      -1.039848847839e-12       0.000000000000e+00       1.307483375659e-12       2.858324909843e-13      -8.084486587957e-16 
  207       7.642790677807e-10       9.153489649840e-14      -8.525807281259e-13       0.000000000000e+00       1.288515257434e-12       2.821755718244e-13      -7.571865462071e-16 
  208       7.653779779628e-10       9.230107199912e-14      -6.627595979254e-13       0.000000000000e+00       1.269911618695e-12       2.785582524644e-13      -7.062316643631e-16 
  209       7.663945856817e-10       9.321782907037e-14      -4.704599661110e-13       0.000000000000e+00       1.251657075154e-12       2.749815842603e-13      -6.556631999517e-16 
  210       7.673284396881e-10       9.429076990369e-14      -2.757592426399e-13       0.000000000000e+00       1.233735064823e-12       2.714465685021e-13      -6.055625170980e-16 
  211       7.681791020726e-10       9.552558883990e-14      -7.873776910640e-14       0.000000000000e+00       1.216127830987e-12       2.679541553233e-13      -5.560131786470e-16 
  212       7.689461484139e-10       9.692807297955e-14       1.205211507043e-13       0.000000000000e+00       1.198816405179e-12       2.645052426102e-13      -5.071009674469e-16 
  213       7.696292066553e-10       9.850377208780e-14       3.219355046282e-13       0.000000000000e+00       1.181784309857e-12       2.611006263894e-13      -4.588983173947e-16 
  214       7.702280763469e-10       1.002569822464e-13       5.254377164978e-13       0.000000000000e+00       1.165028979916e-12       2.577408505250e-13      -4.114163929077e-16 
  215       7.707426177453e-10       1.021916947160e-13       7.309623307682e-13       0.000000000000e+00       1.148551079916e-12       2.544263447591e-13      -3.646498130303e-16 
  216       7.711727140583e-10       1.043119202146e-13       9.384417887701e-13       0.000000000000e+00       1.132350846512e-12       2.511574711114e-13      -3.185919311897e-16 
  217       7.715182716942e-10       1.066216886574e-13       1.147806409435e-12       0.000000000000e+00       1.116428081216e-12       2.479345226604e-13      -2.732348154355e-16 
  218       7.717792205125e-10       1.091250488964e-13       1.358984370020e-12       0.000000000000e+00       1.100782143160e-12       2.447577223255e-13      -2.285692286808e-16 
  219       7.719555140735e-10       1.118260684605e-13       1.571901686835e-12       0.000000000000e+00       1.085411941868e-12       2.416272216486e-13      -1.845846089410e-16 
  220       7.720471298886e-10       1.147288332952e-13       1.786482195964e-12       0.000000000000e+00       1.070315930016e-12       2.385430995758e-13      -1.412690495750e-16 
  221       7.720540696705e-10       1.178374475021e-13       2.002647533997e-12       0.000000000000e+00       1.055492096199e-12       2.355053612391e-13      -9.860927952461e-17 
  222       7.719763595829e-10       1.211560330793e-13       2.220317118746e-12       0.000000000000e+00       1.040937957697e-12       2.325139367382e-13      -5.659064355484e-17 
  223       7.718140504909e-10       1.246887296606e-13       2.439408129979e-12       0.000000000000e+00       1.026650553241e-12       2.295686799223e-13      -1.519708249403e-17 
  224       7.715672182107e-10       1.284396942556e-13       2.659835490143e-12       0.000000000000e+00       1.012626435778e-12       2.266693671713e-13       2.558888652613e-17 
  225       7.712359637603e-10       1.324131009895e-13       2.881511845084e-12       0.000000000000e+00       9.988616652364e-13       2.238156961784e-13       6.578618983050e-17 
  226       7.708204136089e-10       1.366131408429e-13       3.104347544779e-12       0.000000000000e+00       9.853518012904e-13       2.210072847309e-13       1.054152169604e-16 
  227       7.703207199273e-10       1.410440213915e-13       3.328250624058e-12       0.000000000000e+00       9.720918961280e-13       2.182436694927e-13       1.444978404336e-16 
  228       7.697370608381e-10       1.457099665458e-13       3.553126783331e-12       0.000000000000e+00       9.590764872149e-13       2.155243047855e-13       1.830574355041e-16 
  229       7.690696406652e-10       1.506152162914e-13       3.778879369311e-12       0.000000000000e+00       9.462995900602e-13       2.128485613706e-13       2.211188999221e-16 
  230       7.683186901847e-10       1.557640264282e-13       4.005409355741e-12       0.000000000000e+00       9.337546909823e-13       2.102157252309e-13       2.587086736940e-16 
  231       7.674844668742e-10       1.611606683105e-13       4.232615324119e-12       0.000000000000e+00       9.214347398741e-13       2.076249963523e-13       2.958547588422e-16 
  232       7.665672551634e-10       1.668094285868e-13       4.460393444423e-12       0.000000000000e+00       9.093321429686e-13       2.050754875056e-13       3.325867391652e-16 
  233       7.655673666839e-10       1.727146089396e-13       4.688637455835e-12       0.000000000000e+00       8.974387556044e-13       2.025662230281e-13       3.689357999972e-16 
  234       7.644851405194e-10       1.788805258252e-13       4.917238647470e-12       0.000000000000e+00       8.857458749916e-13       2.000961376056e-13       4.049347479683e-16 
  235       7.633209434555e-10       1.853115102131e-13       5.146085839098e-12       0.000000000000e+00       8.742442329766e-13       1.976640750536e-13       4.406180307644e-16 
  236       7.620751702302e-10       1.920119073267e-13       5.375065361870e-12       0.000000000000e+00       8.629239888084e-13       1.952687870995e-13       4.760217568868e-16 
  237       7.607482437838e-10       1.989860763821e-13       5.604061039043e-12       0.000000000000e+00       8.517747219035e-13       1.929089321641e-13       5.111837154126e-16 
  238       7.593406112471e-10       2.062379965582e-13       5.832960804776e-12       0.000000000000e+00       8.407874373222e-13       1.905832967278e-13       5.461349360818e-16 
  239       7.578527311213e-10       2.137700589523e-13       6.061677045315e-12       0.000000000000e+00       8.299607319732e-13       1.882914768298e-13       5.808737613222e-16 
  240       7.562850858063e-10       2.215842009324e-13       6.290127452765e-12       0.000000000000e+00       8.192949879480e-13       1.860332354933e-13       6.153902417405e-16 
  241       7.546381860328e-10       2.296822922397e-13       6.518228492613e-12       0.000000000000e+00       8.087903904375e-13       1.838082831106e-13       6.496744564204e-16 
  242       7.529125711029e-10       2.380661338979e-13       6.745895398461e-12       0.000000000000e+00       7.984469247434e-13       1.816162766939e-13       6.837165148362e-16 
  243       7.511088091313e-10       2.467374571227e-13       6.973042166749e-12       0.000000000000e+00       7.882643732895e-13       1.794568191266e-13       7.175065587658e-16 
  244       7.492274972866e-10       2.556979222301e-13       7.199581551491e-12       0.000000000000e+00       7.782423126338e-13       1.773294584147e-13       7.510347642037e-16 
  245       7.472692620321e-10       2.649491175463e-13       7.425425058999e-12       0.000000000000e+00       7.683801104798e-13       1.752336869381e-13       7.842913432742e-16 
  246       7.452347593669e-10       2.744925583161e-13       7.650482942614e-12       0.000000000000e+00       7.586769226879e-13       1.731689407020e-13       8.172665461446e-16 
  247       7.431246750672e-10       2.843296856126e-13       7.874664197437e-12       0.000000000000e+00       7.491316902877e-13       1.711345985878e-13       8.499506629384e-16 
  248       7.409397249272e-10       2.944618652458e-13       8.097876555055e-12       0.000000000000e+00       7.397431364888e-13       1.691299816048e-13       8.823340256482e-16 
  249       7.386806550001e-10       3.048903866720e-13       8.320026478271e-12       0.000000000000e+00       7.305097636929e-13       1.671543521413e-13       9.144070100490e-16 
  250       7.363482418395e-10       3.156164619027e-13       8.541019155835e-12       0.000000000000e+00       7.214298505053e-13       1.652069132158e-13       9.461600376112e-16 
  251       7.339432927401e-10       3.266412244137e-13       8.760758497170e-12       0.000000000000e+00       7.125014487463e-13       1.632868077287e-13       9.775835774140e-16 
  252       7.314666459792e-10       3.379657280545e-13       8.979147127105e-12       0.000000000000e+00       7.037223804632e-13       1.613931177131e-13       1.008668148058e-15 
  253       7.289191710571e-10       3.495909459570e-13       9.196086380602e-12       0.000000000000e+00       6.950902349415e-13       1.595248635862e-13       1.039404319580e-15 
  254       7.263017689392e-10       3.615177694447e-13       9.411476297483e-12       0.000000000000e+00       6.866023657166e-13       1.576810034008e-13       1.069782715362e-15 
  255       7.236153722960e-10       3.737470069418e-13       9.625215617164e-12       0.000000000000e+00       6.782558875857e-13       1.558604320966e-13       1.099794014051e-15 
  256       7.208609457449e-10       3.862793828826e-13       9.837201773380e-12       0.000000000000e+00       6.700476736189e-13       1.540619807512e-13       1.129428951465e-15 
  257       7.180394860911e-10       3.991155366199e-13       1.004733088892e-11       0.000000000000e+00       6.619743521714e-13       1.522844158316e-13       1.158678322511e-15 
  258       7.151520225685e-10       4.122560213348e-13       1.025549777034e-11       0.000000000000e+00       6.540323038944e-13       1.505264384453e-13       1.187532983096e-15 
  259       7.121996170809e-10       4.257013029454e-13       1.046159590272e-11       0.000000000000e+00       6.462176587473e-13       1.487866835920e-13       1.215983852041e-15 
  260       7.091833644434e-10       4.394517590159e-13       1.066551744437e-11       0.000000000000e+00       6.385262930090e-13       1.470637194145e-13       1.244021912995e-15 
  261       7.061043926227e-10       4.535076776659e-13       1.086715322156e-11       0.000000000000e+00       6.309538262897e-13       1.453560464500e-13       1.271638216345e-15 
  262       7.029638629791e-10       4.678692564794e-13       1.106639272327e-11       0.000000000000e+00       6.234956185422e-13       1.436620968818e-13       1.298823881131e-15 
  263       6.997629705069e-10       4.825366014136e-13       1.126312409589e-11       0.000000000000e+00       6.161467670737e-13       1.419802337899e-13       1.325570096962e-15 
  264       6.965029440757e-10       4.975097257085e-13       1.145723413798e-11       0.000000000000e+00       6.089021035575e-13       1.403087504029e-13       1.351868125922e-15 
  265       6.931850466715e-10       5.127885487956e-13       1.164860829496e-11       0.000000000000e+00       6.017561910444e-13       1.386458693492e-13       1.377709304493e-15 
  266       6.898105163220e-10       5.283726339341e-13       1.183713857359e-11       0.000000000000e+00       5.947043550745e-13       1.369901279502e-13       1.403086675757e-15 
  267       6.863803848216e-10       5.442603875849e-13       1.202274777220e-11       0.000000000000e+00       5.877458451911e-13       1.353415588187e-13       1.427999980282e-15 
  268       6.828956496317e-10       5.604498144381e-13       1.220536655592e-11       0.000000000000e+00       5.808808392905e-13       1.337005719134e-13       1.452450939978e-15 
  269       6.793573324505e-10       5.769387732467e-13       1.238492566357e-11       0.000000000000e+00       5.741094237433e-13       1.320675741728e-13       1.476441656847e-15 
  270       6.757664793539e-10       5.937249752941e-13       1.256135591572e-11       0.000000000000e+00       5.674315921541e-13       1.304429694187e-13       1.499974617651e-15 
  271       6.721241609361e-10       6.108059828622e-13       1.273458822280e-11       0.000000000000e+00       5.608472441194e-13       1.288271582596e-13       1.523052698577e-15 
  272       6.684314724507e-10       6.281792076985e-13       1.290455359324e-11       0.000000000000e+00       5.543561839872e-13       1.272205379947e-13       1.545679169905e-15 
  273       6.646895339517e-10       6.458419094842e-13       1.307118314158e-11       0.000000000000e+00       5.479581196152e-13       1.256235025170e-13       1.567857700679e-15 
  274       6.608994904339e-10       6.637911943014e-13       1.323440809654e-11       0.000000000000e+00       5.416526611302e-13       1.240364422169e-13       1.589592363370e-15 
  275       6.570625119742e-10       6.820240131013e-13       1.339415980917e-11       0.000000000000e+00       5.354393196864e-13       1.224597438860e-13       1.610887638550e-15 
  276       6.531797938723e-10       7.005371601712e-13       1.355036976095e-11       0.000000000000e+00       5.293175062247e-13       1.208937906206e-13       1.631748419552e-15 
  277       6.492525567913e-10       7.193272716025e-13       1.370296957189e-11       0.000000000000e+00       5.232865302313e-13       1.193389617250e-13       1.652180017144e-15 
  278       6.452820468991e-10       7.383908237584e-13       1.385189100865e-11       0.000000000000e+00       5.173455984965e-13       1.177956326154e-13       1.672188164193e-15 
  279       6.412695360087e-10       7.577241317414e-13       1.399706599267e-11       0.000000000000e+00       5.114938138736e-13       1.162641747231e-13       1.691779020336e-15 
  280       6.372163217196e-10       7.773233478609e-13       1.413842660822e-11       0.000000000000e+00       5.057301740379e-13       1.147449553985e-13       1.710959176643e-15 
  281       6.331237275581e-10       7.971844601010e-13       1.427590511057e-11       0.000000000000e+00       5.000535702451e-13       1.132383378142e-13       1.729735660289e-15 
  282       6.289931031186e-10       8.173032905878e-13       1.440943393410e-11       0.000000000000e+00       4.944627860908e-13       1.117446808688e-13       1.748115939222e-15 
  283       6.248258242041e-10       8.376754940576e-13       1.453894570035e-11       0.000000000000e+00       4.889564962684e-13       1.102643390904e-13       1.766107926827e-15 
  284       6.206232929676e-10       8.582965563240e-13       1.466437322620e-11       0.000000000000e+00       4.835332653290e-13       1.087976625401e-13       1.783719986594e-15 
  285       6.163869380523e-10       8.791617927459e-13       1.478564953194e-11       0.000000000000e+00       4.781915464395e-13       1.073449967157e-13       1.800960936792e-15 
  286       6.121182147327e-10       9.002663466948e-13       1.490270784940e-11       0.000000000000e+00       4.729296801416e-13       1.059066824551e-13       1.817840055127e-15 
  287       6.078186050559e-10       9.216051880228e-13       1.501548163005e-11       0.000000000000e+00       4.677458931107e-13       1.044830558401e-13       1.834367083419e-15 
  288       6.034896179818e-10       9.431731115301e-13       1.512390455311e-11       0.000000000000e+00       4.626382969148e-13       1.030744480994e-13       1.850552232263e-15 
  289       5.991327895243e-10       9.649647354324e-13       1.522791053365e-11       0.000000000000e+00       4.576048867731e-13       1.016811855128e-13       1.866406185700e-15 
  290       5.947496828920e-10       9.869744998290e-13       1.532743373073e-11       0.000000000000e+00       4.526435403153e-13       1.003035893145e-13       1.881940105884e-15 
  291       5.903418886294e-10       1.009196665170e-12       1.542240855551e-11       0.000000000000e+00       4.477520163397e-13       9.894197559652e-14       1.897165637751e-15 
  292       5.859110247573e-10       1.031625310724e-12       1.551276967930e-11       0.000000000000e+00       4.429279535729e-13       9.759665521236e-14       1.912094913682e-15 
  293       5.814587369139e-10       1.054254333047e-12       1.559845204176e-11       0.000000000000e+00       4.381688694277e-13       9.626793368061e-14       1.926740558179e-15 
  294       5.769866984958e-10       1.077077444446e-12       1.567939085894e-11       0.000000000000e+00       4.334721587629e-13       9.495611108845e-14       1.941115692522e-15 
  295       5.724966107986e-10       1.100088171454e-12       1.575552163141e-11       0.000000000000e+00       4.288350926413e-13       9.366148199520e-14       1.955233939448e-15 
  296       5.679902031576e-10       1.123279853289e-12       1.582678015240e-11       0.000000000000e+00       4.242548170891e-13       9.238433533587e-14       1.969109427811e-15 
  297       5.634691287354e-10       1.146645815732e-12       1.589310908143e-11       0.000000000000e+00       4.197288898709e-13       9.112489652530e-14       1.982753635087e-15 
  298       5.589346459787e-10       1.170179905257e-12       1.595447800281e-11       0.000000000000e+00       4.152569222816e-13       8.988315084966e-14       1.996165735209e-15 
  299       5.543879219193e-10       1.193875977925e-12       1.601086436005e-11       0.000000000000e+00       4.108390149066e-13       8.865901128388e-14       2.009341789668e-15 
  300       5.498301351289e-10       1.217727725039e-12       1.606224699531e-11       0.000000000000e+00       4.064752263031e-13       8.745237534180e-14       2.022277867687e-15 
  301       5.452624757190e-10       1.241728671850e-12       1.610860616638e-11       0.000000000000e+00       4.021655724888e-13       8.626312490132e-14       2.034970046603e-15 
  302       5.406861453393e-10       1.265872176259e-12       1.614992356376e-11       0.000000000000e+00       3.979100264296e-13       8.509112602957e-14       2.047414412241e-15 
  303       5.361023571781e-10       1.290151427523e-12       1.618618232758e-11       0.000000000000e+00       3.937085175284e-13       8.393622880816e-14       2.059607059301e-15 
  304       5.315123359611e-10       1.314559444964e-12       1.621736706470e-11       0.000000000000e+00       3.895609311132e-13       8.279826715829e-14       2.071544091734e-15 
  305       5.269173179506e-10       1.339089076672e-12       1.624346386564e-11       0.000000000000e+00       3.854671079255e-13       8.167705866602e-14       2.083221623126e-15 
  306       5.223185509456e-10       1.363732998210e-12       1.626446032168e-11       0.000000000000e+00       3.814268436084e-13       8.057240440736e-14       2.094635777074e-15 
  307       5.177172942803e-10       1.388483711320e-12       1.628034554179e-11       0.000000000000e+00       3.774398881950e-13       7.948408877355e-14       2.105782687568e-15 
  308       5.131148188242e-10       1.413333542629e-12       1.629111016969e-11       0.000000000000e+00       3.735059455969e-13       7.841187929620e-14       2.116658499375e-15 
  309       5.085124069810e-10       1.438274642353e-12       1.629674640087e-11       0.000000000000e+00       3.696246730921e-13       7.735552647246e-14       2.127259368414e-15 
  310       5.039113526882e-10       1.463298983005e-12       1.629724799956e-11       0.000000000000e+00       3.657956808136e-13       7.631476359026e-14       2.137581462138e-15 
  311       4.993129614163e-10       1.488398358098e-12       1.629261031577e-11       0.000000000000e+00       3.620185312376e-13       7.528930655344e-14       2.147620959916e-15 
  312       4.947185501684e-10       1.513564380851e-12       1.628283030231e-11       0.000000000000e+00       3.582927386720e-13       7.427885370700e-14       2.157374053412e-15 
  313       4.901294474795e-10       1.538788482896e-12       1.626790653179e-11       0.000000000000e+00       3.546177687442e-13       7.328308566221e-14       2.166836946965e-15 
  314       4.855469934156e-10       1.564061912982e-12       1.624783921361e-11       0.000000000000e+00       3.509930378900e-13       7.230166512186e-14       2.176005857971e-15 
  315       4.809725395734e-10       1.589375735680e-12       1.622263021101e-11       0.000000000000e+00       3.474179128413e-13       7.133423670544e-14       2.184877017260e-15 
  316       4.764074490797e-10       1.614720830090e-12       1.619228305809e-11       0.000000000000e+00       3.438917101151e-13       7.038042677428e-14       2.193446669481e-15 
  317       4.718530965904e-10       1.640087888545e-12       1.615680297675e-11       0.000000000000e+00       3.404136955010e-13       6.943984325678e-14       2.201711073479e-15 
  318       4.673108682902e-10       1.665467415318e-12       1.611619689380e-11       0.000000000000e+00       3.369830835503e-13       6.851207547361e-14       2.209666502674e-15 
  319       4.627821618920e-10       1.690849725326e-12       1.607047345790e-11       0.000000000000e+00       3.335990370636e-13       6.759669396284e-14       2.217309245447e-15 
  320       4.582683866359e-10       1.716224942836e-12       1.601964305660e-11       0.000000000000e+00       3.302606665795e-13       6.669325030518e-14       2.224635605514e-15 
  321       4.537709632890e-10       1.741583000171e-12       1.596371783335e-11       0.000000000000e+00       3.269670298630e-13       6.580127694913e-14       2.231641902311e-15 
  322       4.492913241445e-10       1.766913636415e-12       1.590271170451e-11       0.000000000000e+00       3.237171313932e-13       6.492028703621e-14       2.238324471371e-15 
  323       4.448309130212e-10       1.792206396119e-12       1.583664037636e-11       0.000000000000e+00       3.205099218525e-13       6.404977422611e-14       2.244679664708e-15 
  324       4.403911852628e-10       1.817450628003e-12       1.576552136213e-11       0.000000000000e+00       3.173442976139e-13       6.318921252186e-14       2.250703851191e-15 
  325       4.359736077374e-10       1.842635483668e-12       1.568937399897e-11       0.000000000000e+00       3.142191002302e-13       6.233805609509e-14       2.256393416933e-15 
  326       4.315796588367e-10       1.867749916296e-12       1.560821946503e-11       0.000000000000e+00       3.111331159218e-13       6.149573911115e-14       2.261744765665e-15 
  327       4.272108284753e-10       1.892782679358e-12       1.552208079640e-11       0.000000000000e+00       3.080850750649e-13       6.066167555432e-14       2.266754319117e-15 
  328       4.228686180904e-10       1.917722325317e-12       1.543098290416e-11       0.000000000000e+00       3.050736516802e-13       5.983525905299e-14       2.271418517401e-15 
  329       4.185545406410e-10       1.942557204338e-12       1.533495259140e-11       0.000000000000e+00       3.020974629210e-13       5.901586270486e-14       2.275733819389e-15 
  330       4.142701206071e-10       1.967275462988e-12       1.523401857021e-11       0.000000000000e+00       2.991550685614e-13       5.820283890212e-14       2.279696703094e-15 
  331       4.100168939895e-10       1.991865042946e-12       1.512821147870e-11       0.000000000000e+00       2.962449704848e-13       5.739551915664e-14       2.283303666051e-15 
  332       4.057962892562e-10       2.016314556926e-12       1.501756432549e-11       0.000000000000e+00       2.933658922909e-13       5.659335067473e-14       2.286552354625e-15 
  333       4.016092644484e-10       2.040615961319e-12       1.490211380970e-11       0.000000000000e+00       2.905176326405e-13       5.579631302142e-14       2.289445005581e-15 
  334       3.974566542374e-10       2.064761997649e-12       1.478189909183e-11       0.000000000000e+00       2.877002481481e-13       5.500451929680e-14       2.291985155443e-15 
  335       3.933392874192e-10       2.088745325533e-12       1.465696138892e-11       0.000000000000e+00       2.849137764157e-13       5.421808100018e-14       2.294176526711e-15 
  336       3.892579867845e-10       2.112558522338e-12       1.452734399199e-11       0.000000000000e+00       2.821582358246e-13       5.343710800379e-14       2.296023029470e-15 
  337       3.852135689894e-10       2.136194082835e-12       1.439309228356e-11       0.000000000000e+00       2.794336253283e-13       5.266170852630e-14       2.297528762989e-15 
  338       3.812068444249e-10       2.159644418863e-12       1.425425375506e-11       0.000000000000e+00       2.767399242440e-13       5.189198910652e-14       2.298698017336e-15 
  339       3.772386170874e-10       2.182901858983e-12       1.411087802439e-11       0.000000000000e+00       2.740770920459e-13       5.112805457698e-14       2.299535274974e-15 
  340       3.733096844488e-10       2.205958648135e-12       1.396301685334e-11       0.000000000000e+00       2.714450681568e-13       5.037000803753e-14       2.300045212373e-15 
  341       3.694208373265e-10       2.228806947297e-12       1.381072416506e-11       0.000000000000e+00       2.688437717411e-13       4.961795082901e-14       2.300232701616e-15 
  342       3.655728597538e-10       2.251438833143e-12       1.365405606159e-11       0.000000000000e+00       2.662731014964e-13       4.887198250681e-14       2.300102811998e-15 
  343       3.617665288500e-10       2.273846297699e-12       1.349307084129e-11       0.000000000000e+00       2.637329354466e-13       4.813220081455e-14       2.299660811642e-15 
  344       3.580026146902e-10       2.296021248002e-12       1.332782901631e-11       0.000000000000e+00       2.612231307337e-13       4.739870165764e-14       2.298912169093e-15 
  345       3.542818801760e-10       2.317955505757e-12       1.315839333010e-11       0.000000000000e+00       2.587435234102e-13       4.667157907692e-14       2.297862554935e-15 
  346       3.506050809051e-10       2.339640806994e-12       1.298482877489e-11       0.000000000000e+00       2.562939282320e-13       4.595092522231e-14       2.296517843389e-15 
  347       3.469729650419e-10       2.361068801727e-12       1.280720260912e-11       0.000000000000e+00       2.538741384500e-13       4.523683032637e-14       2.294884113920e-15 
  348       3.433862731875e-10       2.382231053612e-12       1.262558437496e-11       0.000000000000e+00       2.514839256028e-13       4.452938267795e-14       2.292967652846e-15 
  349       3.398457382496e-10       2.403119039602e-12       1.244004591576e-11       0.000000000000e+00       2.491230393092e-13       4.382866859583e-14       2.290774954940e-15 
  350       3.363520853131e-10       2.423724149607e-12       1.225066139354e-11       0.000000000000e+00       2.467912070602e-13       4.313477240228e-14       2.288312725038e-15 
  351       3.329060315099e-10       2.444037686150e-12       1.205750730647e-11       0.000000000000e+00       2.444881340116e-13       4.244777639674e-14       2.285587879644e-15 
  352       3.295082858891e-10       2.464050864026e-12       1.186066250633e-11       0.000000000000e+00       2.422135027763e-13       4.176776082940e-14       2.282607548535e-15 
  353       3.261595492873e-10       2.483754809960e-12       1.166020821600e-11       0.000000000000e+00       2.399669732165e-13       4.109480387481e-14       2.279379076368e-15 
  354       3.228605141987e-10       2.503140562261e-12       1.145622804694e-11       0.000000000000e+00       2.377481822363e-13       4.042898160555e-14       2.275910024283e-15 
  355       3.196118646451e-10       2.522199070485e-12       1.124880801664e-11       0.000000000000e+00       2.355567435737e-13       3.977036796579e-14       2.272208171513e-15 
  356       3.164142760462e-10       2.540921195089e-12       1.103803656613e-11       0.000000000000e+00       2.333922475934e-13       3.911903474492e-14       2.268281516987e-15 
  357       3.132684150898e-10       2.559297707088e-12       1.082400457742e-11       0.000000000000e+00       2.312542610787e-13       3.847505155123e-14       2.264138280935e-15 
  358       3.101749396016e-10       2.577319287716e-12       1.060680539103e-11       0.000000000000e+00       2.291423270241e-13       3.783848578542e-14       2.259786906495e-15 
  359       3.071344984159e-10       2.594976528082e-12       1.038653482340e-11       0.000000000000e+00       2.270559644277e-13       3.720940261431e-14       2.255236061318e-15 
  360       3.041477312453e-10       2.612259928824e-12       1.016329118442e-11       0.000000000000e+00       2.249946680832e-13       3.658786494441e-14       2.250494639176e-15 
  361       3.012152685511e-10       2.629159899775e-12       9.937175294884e-12       0.000000000000e+00       2.229579083728e-13       3.597393339558e-14       2.245571761564e-15 
  362       2.983377314132e-10       2.645666759611e-12       9.708290503954e-12       0.000000000000e+00       2.209451310589e-13       3.536766627457e-14       2.240476779309e-15 
  363       2.955157314005e-10       2.661770735515e-12       9.476742706662e-12       0.000000000000e+00       2.189557570770e-13       3.476911954874e-14       2.235219274172e-15 
  364       2.927498704410e-10       2.677461962834e-12       9.242640361372e-12       0.000000000000e+00       2.169891823278e-13       3.417834681960e-14       2.229809060458e-15 
  365       2.900407406917e-10       2.692730484733e-12       9.006094507259e-12       0.000000000000e+00       2.150447774694e-13       3.359539929645e-14       2.224256186619e-15 
  366       2.873889244092e-10       2.707566251857e-12       8.767218781785e-12       0.000000000000e+00       2.131218877100e-13       3.302032577003e-14       2.218570936859e-15 
  367       2.847949938195e-10       2.721959121985e-12       8.526129438173e-12       0.000000000000e+00       2.112198326000e-13       3.245317258607e-14       2.212763832744e-15 
  368       2.822595109882e-10       2.735898859691e-12       8.282945362887e-12       0.000000000000e+00       2.093379058244e-13       3.189398361900e-14       2.206845634800e-15 
  369       2.797830276907e-10       2.749375135999e-12       8.037788093109e-12       0.000000000000e+00       2.074753749952e-13       3.134280024546e-14       2.200827344129e-15 
  370       2.773660852825e-10       2.762377528040e-12       7.790781834210e-12       0.000000000000e+00       2.056314814437e-13       3.079966131803e-14       2.194720204005e-15 
  371       2.750091547144e-10       2.774896819166e-12       7.542044464830e-12       0.000000000000e+00       2.038055785950e-13       3.026459228686e-14       2.188533547976e-15 
  372       2.727124542583e-10       2.786928956050e-12       7.291660128483e-12       0.000000000000e+00       2.019975534847e-13       2.973757214966e-14       2.182268248072e-15 
  373       2.704761243998e-10       2.798471245636e-12       7.039705604518e-12       0.000000000000e+00       2.002074213167e-13       2.921856515772e-14       2.175923013561e-15 
  374       2.683002868685e-10       2.809521069445e-12       6.786259233389e-12       0.000000000000e+00       1.984351882820e-13       2.870753151545e-14       2.169496521071e-15 
  375       2.661850444553e-10       2.820075884363e-12       6.531400926291e-12       0.000000000000e+00       1.966808514720e-13       2.820442734459e-14       2.162987414314e-15 
  376       2.641304808315e-10       2.830133223422e-12       6.275212174800e-12       0.000000000000e+00       1.949443987905e-13       2.770920464836e-14       2.156394303830e-15 
  377       2.621366603660e-10       2.839690696600e-12       6.017776060515e-12       0.000000000000e+00       1.932258088673e-13       2.722181127566e-14       2.149715766713e-15 
  378       2.602036279443e-10       2.848745991597e-12       5.759177264696e-12       0.000000000000e+00       1.915250509707e-13       2.674219088525e-14       2.142950346345e-15 
  379       2.583314087856e-10       2.857296874633e-12       5.499502077907e-12       0.000000000000e+00       1.898420849204e-13       2.627028290993e-14       2.136096552132e-15 
  380       2.565200082619e-10       2.865341191233e-12       5.238838409651e-12       0.000000000000e+00       1.881768610002e-13       2.580602252072e-14       2.129152859237e-15 
  381       2.547694117154e-10       2.872876867012e-12       4.977275798016e-12       0.000000000000e+00       1.865293198711e-13       2.534934059106e-14       2.122117708311e-15 
  382       2.530795842769e-10       2.879901908469e-12       4.714905419313e-12       0.000000000000e+00       1.848993924840e-13       2.490016366096e-14       2.114989505225e-15 
  383       2.514504706839e-10       2.886414403772e-12       4.451820097712e-12       0.000000000000e+00       1.832869999925e-13       2.445841390123e-14       2.107766620810e-15 
  384       2.498819950986e-10       2.892412523547e-12       4.188114314889e-12       0.000000000000e+00       1.816920536659e-13       2.402400907759e-14       2.100447390583e-15 
  385       2.483740609261e-10       2.897894521666e-12       3.923884219660e-12       0.000000000000e+00       1.801144548018e-13       2.359686251495e-14       2.093030114483e-15 
  386       2.469265506325e-10       2.902858736037e-12       3.659227637626e-12       0.000000000000e+00       1.785540946393e-13       2.317688306148e-14       2.085513056605e-15 
  387       2.455393255630e-10       2.907303589389e-12       3.394244080810e-12       0.000000000000e+00       1.770108542714e-13       2.276397505291e-14       2.077894444932e-15 
  388       2.442122257598e-10       2.911227590064e-12       3.129034757296e-12       0.000000000000e+00       1.754846045581e-13       2.235803827662e-14       2.070172471070e-15 
  389       2.429450697808e-10       2.914629332804e-12       2.863702580873e-12       0.000000000000e+00       1.739752060395e-13       2.195896793585e-14       2.062345289978e-15 
  390       2.417376545168e-10       2.917507499538e-12       2.598352180673e-12       0.000000000000e+00       1.724825088480e-13       2.156665461391e-14       2.054411019706e-15 
  391       2.405897550105e-10       2.919860860173e-12       2.333089910811e-12       0.000000000000e+00       1.710063526216e-13       2.118098423834e-14       2.046367741122e-15 
  392       2.395011242741e-10       2.921688273379e-12       2.068023860024e-12       0.000000000000e+00       1.695465664167e-13       2.080183804507e-14       2.038213497652e-15 
  393       2.384714931073e-10       2.922988687380e-12       1.803263861313e-12       0.000000000000e+00       1.681029686209e-13       2.042909254266e-14       2.029946295007e-15 
  394       2.375005699161e-10       2.923761140742e-12       1.538921501583e-12       0.000000000000e+00       1.666753668658e-13       2.006261947642e-14       2.021564100923e-15 
  395       2.365880405300e-10       2.924004763160e-12       1.275110131281e-12       0.000000000000e+00       1.652635579399e-13       1.970228579263e-14       2.013064844885e-15 
  396       2.357335680206e-10       2.923718776248e-12       1.011944874038e-12       0.000000000000e+00       1.638673277012e-13       1.934795360273e-14       2.004446417872e-15 
  397       2.349367925200e-10       2.922902494326e-12       7.495426363106e-13       0.000000000000e+00       1.624864509905e-13       1.899948014747e-14       1.995706672078e-15 
  398       2.341973310380e-10       2.921555325208e-12       4.880221170160e-13       0.000000000000e+00       1.611206915439e-13       1.865671776110e-14       1.986843420656e-15 
  399       2.335147772813e-10       2.919676770994e-12       2.275038171769e-13       0.000000000000e+00       1.597698019057e-13       1.831951383558e-14       1.977854437443e-15 
  400       2.328887014706e-10       2.917266428853e-12      -3.188995044065e-14       0.000000000000e+00       1.584335233415e-13       1.798771078473e-14       1.968737456699e-15 
  401       2.323186501596e-10       2.914323991815e-12      -2.900350516866e-13       0.000000000000e+00       1.571115857505e-13       1.766114600844e-14       1.959490172836e-15 
  402       2.318041460522e-10       2.910849249557e-12      -5.468055213870e-13       0.000000000000e+00       1.558037075788e-13       1.733965185683e-14       1.950110240155e-15 
  403       2.313446878216e-10       2.906842089194e-12      -8.020735537036e-13       0.000000000000e+00       1.545095957322e-13       1.702305559444e-14       1.940595272575e-15 
  404       2.309397499275e-10       2.902302496067e-12      -1.055709492494e-12       0.000000000000e+00       1.532289454888e-13       1.671117936441e-14       1.930942843371e-15 
  405       2.305887824347e-10       2.897230554527e-12      -1.307581821673e-12       0.000000000000e+00       1.519614404122e-13       1.640384015268e-14       1.921150484904e-15 
  406       2.302912108313e-10       2.891626448729e-12      -1.557557155568e-12       0.000000000000e+00       1.507067522638e-13       1.610084975214e-14       1.911215688353e-15 
  407       2.300464358462e-10       2.885490463417e-12      -1.805500229285e-12       0.000000000000e+00       1.494645409163e-13       1.580201472685e-14       1.901135903455e-15 
  408       2.298538332680e-10       2.878822984715e-12      -2.051273889063e-12       0.000000000000e+00       1.482344542660e-13       1.550713637618e-14       1.890908538229e-15 
  409       2.297127537626e-10       2.871624500912e-12      -2.294739082640e-12       0.000000000000e+00       1.470161281461e-13       1.521601069905e-14       1.880530958716e-15 
  410       2.296225226913e-10       2.863895603251e-12      -2.535754849605e-12       0.000000000000e+00       1.458091862390e-13       1.492842835804e-14       1.870000488710e-15 
  411       2.295824851191e-10       2.855637698569e-12      -2.774193040622e-12       0.000000000000e+00       1.446133065277e-13       1.464421281268e-14       1.859315220168e-15 
  412       2.295921429616e-10       2.846855173329e-12      -3.009983067732e-12       0.000000000000e+00       1.434284234120e-13       1.436333627655e-14       1.848476476540e-15 
  413       2.296510223266e-10       2.837553307598e-12      -3.243068716279e-12       0.000000000000e+00       1.422545325625e-13       1.408580778693e-14       1.837486435952e-15 
  414       2.297586286121e-10       2.827737571391e-12      -3.473393559672e-12       0.000000000000e+00       1.410916249872e-13       1.381163539710e-14       1.826347328697e-15 
  415       2.299144463569e-10       2.817413625968e-12      -3.700900960184e-12       0.000000000000e+00       1.399396869922e-13       1.354082616754e-14       1.815061437545e-15 
  416       2.301179390903e-10       2.806587325124e-12      -3.925534069749e-12       0.000000000000e+00       1.387987001411e-13       1.327338615720e-14       1.803631098051e-15 
  417       2.303685491825e-10       2.795264716480e-12      -4.147235830763e-12       0.000000000000e+00       1.376686412153e-13       1.300932041473e-14       1.792058698858e-15 
  418       2.306656976949e-10       2.783452042782e-12      -4.365948976876e-12       0.000000000000e+00       1.365494821738e-13       1.274863296968e-14       1.780346682010e-15 
  419       2.310087842296e-10       2.771155743187e-12      -4.581616033797e-12       0.000000000000e+00       1.354411901135e-13       1.249132682377e-14       1.768497543257e-15 
  420       2.313971867802e-10       2.758382454561e-12      -4.794179320085e-12       0.000000000000e+00       1.343437272289e-13       1.223740394209e-14       1.756513832365e-15 
  421       2.318302615816e-10       2.745139012769e-12      -5.003580947951e-12       0.000000000000e+00       1.332570507723e-13       1.198686524435e-14       1.744398153420e-15 
  422       2.323073429601e-10       2.731432453968e-12      -5.209762824053e-12       0.000000000000e+00       1.321811130136e-13       1.173971059612e-14       1.732153165140e-15 
  423       2.328277431838e-10       2.717270015899e-12      -5.412666650299e-12       0.000000000000e+00       1.311158612004e-13       1.149593880004e-14       1.719781581179e-15 
  424       2.333907523123e-10       2.702659139185e-12      -5.612233924636e-12       0.000000000000e+00       1.300612375182e-13       1.125554758705e-14       1.707286170437e-15 
  425       2.339956380473e-10       2.687607468617e-12      -5.808405941857e-12       0.000000000000e+00       1.290171790499e-13       1.101853360763e-14       1.694669757369e-15 
  426       2.346416455824e-10       2.672122854449e-12      -6.001123794392e-12       0.000000000000e+00       1.279836177364e-13       1.078489242307e-14       1.681935222288e-15 
  427       2.353279974534e-10       2.656213353693e-12      -6.190328373109e-12       0.000000000000e+00       1.269604803359e-13       1.055461849661e-14       1.669085501678e-15 
  428       2.360538933883e-10       2.639887231411e-12      -6.375960368113e-12       0.000000000000e+00       1.259476883846e-13       1.032770518478e-14       1.656123588497e-15 
  429       2.368185101577e-10       2.623152962006e-12      -6.557960269538e-12       0.000000000000e+00       1.249451581562e-13       1.010414472855e-14       1.643052532491e-15 
  430       2.376210014244e-10       2.606019230516e-12      -6.736268368353e-12       0.000000000000e+00       1.239528006223e-13       9.883928244579e-15       1.629875440493e-15 
  431       2.384604975942e-10       2.588494933906e-12      -6.910824757152e-12       0.000000000000e+00       1.229705214118e-13       9.667045716488e-15       1.616595476740e-15 
  432       2.393361056655e-10       2.570589182363e-12      -7.081569330957e-12       0.000000000000e+00       1.219982207717e-13       9.453485986042e-15       1.603215863174e-15 
  433       2.402469090796e-10       2.552311300586e-12      -7.248441788014e-12       0.000000000000e+00       1.210357935262e-13       9.243236744404e-15       1.589739879753e-15 
  434       2.411919675711e-10       2.533670829082e-12      -7.411381630590e-12       0.000000000000e+00       1.200831290375e-13       9.036284523366e-15       1.576170864757e-15 
  435       2.421703170175e-10       2.514677525455e-12      -7.570328165772e-12       0.000000000000e+00       1.191401111653e-13       8.832614686576e-15       1.562512215098e-15 
  436       2.431809692898e-10       2.495341365702e-12      -7.725220506264e-12       0.000000000000e+00       1.182066182270e-13       8.632211420773e-15       1.548767386625e-15 
  437       2.442229121023e-10       2.475672545504e-12      -7.875997571185e-12       0.000000000000e+00       1.172825229575e-13       8.435057727016e-15       1.534939894434e-15 
  438       2.452951088632e-10       2.455681481519e-12      -8.022598086869e-12       0.000000000000e+00       1.163676924696e-13       8.241135411918e-15       1.521033313174e-15 
  439       2.463964985240e-10       2.435378812677e-12      -8.164960587656e-12       0.000000000000e+00       1.154619882135e-13       8.050425078877e-15       1.507051277356e-15 
  440       2.475259954303e-10       2.414775401468e-12      -8.303023416699e-12       0.000000000000e+00       1.145652659372e-13       7.862906119304e-15       1.492997481662e-15 
  441       2.486824891717e-10       2.393882335240e-12      -8.436724726755e-12       0.000000000000e+00       1.136773756460e-13       7.678556703863e-15       1.478875681247e-15 
  442       2.498648444317e-10       2.372710927490e-12      -8.566002480984e-12       0.000000000000e+00       1.127981615633e-13       7.497353773692e-15       1.464689692055e-15 
  443       2.510719008382e-10       2.351272719154e-12      -8.690794453751e-12       0.000000000000e+00       1.119274620898e-13       7.319273031643e-15       1.450443391121e-15 
  444       2.523024728134e-10       2.329579479905e-12      -8.811038231418e-12       0.000000000000e+00       1.110651097638e-13       7.144288933511e-15       1.436140716879e-15 
  445       2.535553494241e-10       2.307643209441e-12      -8.926671213144e-12       0.000000000000e+00       1.102109312213e-13       6.972374679264e-15       1.421785669472e-15 
  446       2.548292942316e-10       2.285476138781e-12      -9.037630611684e-12       0.000000000000e+00       1.093647471559e-13       6.803502204275e-15       1.407382311060e-15 
  447       2.561230451419e-10       2.263090731556e-12      -9.143853454186e-12       0.000000000000e+00       1.085263722788e-13       6.637642170556e-15       1.392934766124e-15 
  448       2.574353142562e-10       2.240499685302e-12      -9.245276582987e-12       0.000000000000e+00       1.076956152788e-13       6.474763957988e-15       1.378447221780e-15 
  449       2.587647877204e-10       2.217715932755e-12      -9.341836656416e-12       0.000000000000e+00       1.068722787822e-13       6.314835655552e-15       1.363923928078e-15 
  450       2.601101255758e-10       2.194752643140e-12      -9.433470149583e-12       0.000000000000e+00       1.060561593129e-13       6.157824052560e-15       1.349369198319e-15 
  451       2.614700908502e-10       2.171622655431e-12      -9.520125072585e-12       0.000000000000e+00       1.052470820859e-13       6.003699227696e-15       1.334786963818e-15 
  452       2.628439417182e-10       2.148336755377e-12      -9.601796539187e-12       0.000000000000e+00       1.044450067033e-13       5.852448496769e-15       1.320179421795e-15 
  453       2.642310516845e-10       2.124905345495e-12      -9.678492345998e-12       0.000000000000e+00       1.036499247859e-13       5.704062897207e-15       1.305548344517e-15 
  454       2.656307814113e-10       2.101339009037e-12      -9.750221366347e-12       0.000000000000e+00       1.028618254278e-13       5.558532624828e-15       1.290895520942e-15 
  455       2.670424786443e-10       2.077648510951e-12      -9.816993557973e-12       0.000000000000e+00       1.020806951776e-13       5.415847027785e-15       1.276222756765e-15 
  456       2.684654781390e-10       2.053844798843e-12      -9.878819970727e-12       0.000000000000e+00       1.013065180183e-13       5.275994600496e-15       1.261531874466e-15 
  457       2.698991015870e-10       2.029939003928e-12      -9.935712754264e-12       0.000000000000e+00       1.005392753480e-13       5.138962977589e-15       1.246824713350e-15 
  458       2.713426575420e-10       2.005942441996e-12      -9.987685165739e-12       0.000000000000e+00       9.977894596035e-14       5.004738927838e-15       1.232103129599e-15 
  459       2.727954413462e-10       1.981866614366e-12      -1.003475157750e-11       0.000000000000e+00       9.902550602530e-14       4.873308348098e-15       1.217368996311e-15 
  460       2.742567350564e-10       1.957723208843e-12      -1.007692748479e-11       0.000000000000e+00       9.827892906925e-14       4.744656257250e-15       1.202624203551e-15 
  461       2.757258073703e-10       1.933524100684e-12      -1.011422951343e-11       0.000000000000e+00       9.753918595576e-14       4.618766790130e-15       1.187870658393e-15 
  462       2.772019135528e-10       1.909281353546e-12      -1.014667542754e-11       0.000000000000e+00       9.680624486598e-14       4.495623191478e-15       1.173110284968e-15 
  463       2.786842953617e-10       1.885007220453e-12      -1.017428413719e-11       0.000000000000e+00       9.608007127920e-14       4.375207809866e-15       1.158345024507e-15 
  464       2.801721809748e-10       1.860714144750e-12      -1.019707570614e-11       0.000000000000e+00       9.536062795329e-14       4.257502091643e-15       1.143576835386e-15 
  465       2.816647849150e-10       1.836414761063e-12      -1.021507135952e-11       0.000000000000e+00       9.464787490524e-14       4.142486574868e-15       1.128807693177e-15 
  466       2.831613079777e-10       1.812121896257e-12      -1.022829349152e-11       0.000000000000e+00       9.394176939165e-14       4.030140883256e-15       1.114039590684e-15 
  467       2.846609371560e-10       1.787848570394e-12      -1.023676567307e-11       0.000000000000e+00       9.324226588925e-14       3.920443720105e-15       1.099274538000e-15 
  468       2.861628455674e-10       1.763607997692e-12      -1.024051265957e-11       0.000000000000e+00       9.254931607536e-14       3.813372862245e-15       1.084514562542e-15 
  469       2.876661923802e-10       1.739413587483e-12      -1.023956039858e-11       0.000000000000e+00       9.186286880843e-14       3.708905153970e-15       1.069761709103e-15 
  470       2.891701227392e-10       1.715278945174e-12      -1.023393603748e-11       0.000000000000e+00       9.118287010851e-14       3.607016500976e-15       1.055018039894e-15 
  471       2.906737676921e-10       1.691217873199e-12      -1.022366793121e-11       0.000000000000e+00       9.050926313778e-14       3.507681864302e-15       1.040285634592e-15 
  472       2.921762441160e-10       1.667244371985e-12      -1.020878564993e-11       0.000000000000e+00       8.984198818104e-14       3.410875254268e-15       1.025566590383e-15 
  473       2.936766546433e-10       1.643372640905e-12      -1.018931998674e-11       0.000000000000e+00       8.918098262618e-14       3.316569724411e-15       1.010863022011e-15 
  474       2.951740875878e-10       1.619617079239e-12      -1.016530296535e-11       0.000000000000e+00       8.852618094474e-14       3.224737365424e-15       9.961770618188e-16 
  475       2.966676168714e-10       1.595992287134e-12      -1.013676784782e-11       0.000000000000e+00       8.787751467236e-14       3.135349299095e-15       9.815108597975e-16 
  476       2.981563019498e-10       1.572513066556e-12      -1.010374914220e-11       0.000000000000e+00       8.723491238930e-14       3.048375672244e-15       9.668665836297e-16 
  477       2.996391877390e-10       1.549194422255e-12      -1.006628261026e-11       0.000000000000e+00       8.659829970096e-14       2.963785650662e-15       9.522464187358e-16 
  478       3.011153045415e-10       1.526051562723e-12      -1.002440527518e-11       0.000000000000e+00       8.596759921834e-14       2.881547413050e-15       9.376525683192e-16 
  479       3.025836679723e-10       1.503099901146e-12      -9.978155429240e-12       0.000000000000e+00       8.534273053857e-14       2.801628144954e-15       9.230872534121e-16 
  480       3.040432788853e-10       1.480355056371e-12      -9.927572641522e-12       0.000000000000e+00       8.472361022539e-14       2.723994032708e-15       9.085527129207e-16 
  481       3.054931232996e-10       1.457832853859e-12      -9.872697765596e-12       0.000000000000e+00       8.411015178970e-14       2.648610257366e-15       8.940512036706e-16 
  482       3.069321723254e-10       1.435549326644e-12      -9.813572947223e-12       0.000000000000e+00       8.350226566997e-14       2.575440988647e-15       8.795850004526e-16 
  483       3.083593820904e-10       1.413520716293e-12      -9.750241632047e-12       0.000000000000e+00       8.289985921285e-14       2.504449378868e-15       8.651563960677e-16 
  484       3.097736936660e-10       1.391763473864e-12      -9.682748573292e-12       0.000000000000e+00       8.230283665358e-14       2.435597556883e-15       8.507677013732e-16 
  485       3.111740329937e-10       1.370294260864e-12      -9.611139839455e-12       0.000000000000e+00       8.171109909653e-14       2.368846622025e-15       8.364212453275e-16 
  486       3.125593108109e-10       1.349129950205e-12      -9.535462822007e-12       0.000000000000e+00       8.112454449572e-14       2.304156638038e-15       8.221193750360e-16 
  487       3.139284225774e-10       1.328287627169e-12      -9.455766243080e-12       0.000000000000e+00       8.054306763528e-14       2.241486627021e-15       8.078644557965e-16 
  488       3.152802484015e-10       1.307784590360e-12      -9.372100163170e-12       0.000000000000e+00       7.996656010997e-14       2.180794563363e-15       7.936588711445e-16 
  489       3.166136529663e-10       1.287638352665e-12      -9.284515988827e-12       0.000000000000e+00       7.939491030568e-14       2.122037367679e-15       7.795050228989e-16 
  490       3.179274854558e-10       1.267866642213e-12      -9.193066480354e-12       0.000000000000e+00       7.882800337994e-14       2.065170900755e-15       7.654053312074e-16 
  491       3.192207260138e-10       1.248485662921e-12      -9.097807258472e-12       0.000000000000e+00       7.826574019626e-14       2.010154665423e-15       7.513618302308e-16 
  492       3.204929300427e-10       1.229504817520e-12      -8.998801357778e-12       0.000000000000e+00       7.770809478392e-14       1.956966077739e-15       7.373749419300e-16 
  493       3.217437969212e-10       1.210931830091e-12      -8.896114823341e-12       0.000000000000e+00       7.715505854193e-14       1.905586606633e-15       7.234446660434e-16 
  494       3.229730246603e-10       1.192774472441e-12      -8.789815232343e-12       0.000000000000e+00       7.660662142905e-14       1.855997100471e-15       7.095709810090e-16 
  495       3.241803099032e-10       1.175040564192e-12      -8.679971702522e-12       0.000000000000e+00       7.606277195368e-14       1.808177783340e-15       6.957538438083e-16 
  496       3.253653479233e-10       1.157737972878e-12      -8.566654900610e-12       0.000000000000e+00       7.552349716381e-14       1.762108251318e-15       6.819931898116e-16 
  497       3.265278326241e-10       1.140874614036e-12      -8.449937050773e-12       0.000000000000e+00       7.498878263691e-14       1.717767468756e-15       6.682889326221e-16 
  498       3.276674565374e-10       1.124458451303e-12      -8.329891943053e-12       0.000000000000e+00       7.445861246986e-14       1.675133764552e-15       6.546409639206e-16 
  499       3.287839108229e-10       1.108497496505e-12      -8.206594941803e-12       0.000000000000e+00       7.393296926884e-14       1.634184828430e-15       6.410491533104e-16 
  500       3.298768852670e-10       1.092999809757e-12      -8.080122994132e-12       0.000000000000e+00       7.341183413928e-14       1.594897707214e-15       6.275133481614e-16 
  501       3.309460682816e-10       1.077973499553e-12      -7.950554638345e-12       0.000000000000e+00       7.289518667576e-14       1.557248801107e-15       6.140333734551e-16 
  502       3.319911469036e-10       1.063426722860e-12      -7.817970012378e-12       0.000000000000e+00       7.238300495192e-14       1.521213859968e-15       6.006090316293e-16 
  503       3.330118067932e-10       1.049367685215e-12      -7.682450862243e-12       0.000000000000e+00       7.187526551041e-14       1.486767979585e-15       5.872401024220e-16 
  504       3.340077322336e-10       1.035804640814e-12      -7.544080550466e-12       0.000000000000e+00       7.137194335274e-14       1.453885597959e-15       5.739263427171e-16 
  505       3.349786061295e-10       1.022745892609e-12      -7.402944064528e-12       0.000000000000e+00       7.087301192926e-14       1.422540491573e-15       5.606674863879e-16 
  506       3.359241100062e-10       1.010199792402e-12      -7.259128025301e-12       0.000000000000e+00       7.037844312906e-14       1.392705771674e-15       5.474632441424e-16 
  507       3.368439240090e-10       9.981747409381e-13      -7.112720695495e-12       0.000000000000e+00       6.988820726985e-14       1.364353880548e-15       5.343133033679e-16 
  508       3.377377269017e-10       9.866791879997e-13      -6.963811988091e-12       0.000000000000e+00       6.940227308792e-14       1.337456587798e-15       5.212173279751e-16 
  509       3.386051960656e-10       9.757216324995e-13      -6.812493474786e-12       0.000000000000e+00       6.892060772805e-14       1.311984986617e-15       5.081749582433e-16 
  510       3.394460074989e-10       9.653106225757e-13      -6.658858394430e-12       0.000000000000e+00       6.844317673339e-14       1.287909490072e-15       4.951858106644e-16 
  511       3.402598358155e-10       9.554547556848e-13      -6.503001661467e-12       0.000000000000e+00       6.796994403543e-14       1.265199827373e-15       4.822494777882e-16 
  512       3.410463542439e-10       9.461626786961e-13      -6.345019874375e-12       0.000000000000e+00       6.750087194387e-14       1.243825040154e-15       4.693655280665e-16 
  513       3.418052346263e-10       9.374430879856e-13      -6.185011324106e-12       0.000000000000e+00       6.703592113656e-14       1.223753478751e-15       4.565335056978e-16 
  514       3.425361474176e-10       9.293047295294e-13      -6.023076002526e-12       0.000000000000e+00       6.657505064940e-14       1.204952798474e-15       4.437529304719e-16 
  515       3.432387616843e-10       9.217563989980e-13      -5.859315610855e-12       0.000000000000e+00       6.611821786629e-14       1.187389955890e-15       4.310232976147e-16 
  516       3.439127451037e-10       9.148069418501e-13      -5.693833568106e-12       0.000000000000e+00       6.566537850899e-14       1.171031205093e-15       4.183440776326e-16 
  517       3.445577639626e-10       9.084652534265e-13      -5.526735019527e-12       0.000000000000e+00       6.521648662710e-14       1.155842093989e-15       4.057147161572e-16 
  518       3.451734831567e-10       9.027402790437e-13      -5.358126845038e-12       0.000000000000e+00       6.477149458793e-14       1.141787460563e-15       3.931346337898e-16 
  519       3.457595661893e-10       8.976410140884e-13      -5.188117667676e-12       0.000000000000e+00       6.433035306643e-14       1.128831429166e-15       3.806032259461e-16 
  520       3.463156751704e-10       8.931765041106e-13      -5.016817862028e-12       0.000000000000e+00       6.389301103509e-14       1.116937406784e-15       3.681198627009e-16 
  521       3.468414708155e-10       8.893558449181e-13      -4.844339562677e-12       0.000000000000e+00       6.345941575391e-14       1.106068079317e-15       3.556838886324e-16 
  522       3.473366124450e-10       8.861881826701e-13      -4.670796672638e-12       0.000000000000e+00       6.302951276025e-14       1.096185407859e-15       3.432946226671e-16 
  523       3.478007579829e-10       8.836827139711e-13      -4.496304871802e-12       0.000000000000e+00       6.260324585879e-14       1.087250624971e-15       3.309513579242e-16 
  524       3.482335639560e-10       8.818486859650e-13      -4.320981625371e-12       0.000000000000e+00       6.218055711141e-14       1.079224230960e-15       3.186533615606e-16 
  525       3.486346854925e-10       8.806953964287e-13      -4.144946192303e-12       0.000000000000e+00       6.176138682715e-14       1.072065990153e-15       3.063998746149e-16 
  526       3.490037763215e-10       8.802321938660e-13      -3.968319633747e-12       0.000000000000e+00       6.134567355209e-14       1.065734927178e-15       2.941901118524e-16 
  527       3.493404887717e-10       8.804684776017e-13      -3.791224821489e-12       0.000000000000e+00       6.093335405928e-14       1.060189323237e-15       2.820232616096e-16 
  528       3.496444737706e-10       8.814136978753e-13      -3.613786446384e-12       0.000000000000e+00       6.052436333865e-14       1.055386712386e-15       2.698984856389e-16 
  529       3.499153808432e-10       8.830773559350e-13      -3.436131026804e-12       0.000000000000e+00       6.011863458696e-14       1.051283877809e-15       2.578149189531e-16 
  530       3.501528581114e-10       8.854690041316e-13      -3.258386917074e-12       0.000000000000e+00       5.971609919764e-14       1.047836848097e-15       2.457716696701e-16 
  531       3.503566428237e-10       8.885963909601e-13      -3.080674561248e-12       0.000000000000e+00       5.931669768325e-14       1.045008673195e-15       2.337681969107e-16 
  532       3.505268356763e-10       8.924598401018e-13      -2.903076943638e-12       0.000000000000e+00       5.892041279213e-14       1.042792994113e-15       2.218054561957e-16 
  533       3.506636340091e-10       8.970577175013e-13      -2.725668345004e-12       0.000000000000e+00       5.852723727953e-14       1.041191111902e-15       2.098847851366e-16 
  534       3.507672419923e-10       9.023882717896e-13      -2.548524028243e-12       0.000000000000e+00       5.813716305182e-14       1.040204265998e-15       1.980075282278e-16 
  535       3.508378706635e-10       9.084496335902e-13      -2.371720242680e-12       0.000000000000e+00       5.775018116107e-14       1.039833633806e-15       1.861750368515e-16 
  536       3.508757379654e-10       9.152398148250e-13      -2.195334228370e-12       0.000000000000e+00       5.736628179958e-14       1.040080330282e-15       1.743886692826e-16 
  537       3.508810687833e-10       9.227567080199e-13      -2.019444220392e-12       0.000000000000e+00       5.698545429449e-14       1.040945407515e-15       1.626497906946e-16 
  538       3.508540949824e-10       9.309980856107e-13      -1.844129453142e-12       0.000000000000e+00       5.660768710227e-14       1.042429854305e-15       1.509597731642e-16 
  539       3.507950554452e-10       9.399615992493e-13      -1.669470164633e-12       0.000000000000e+00       5.623296780334e-14       1.044534595748e-15       1.393199956768e-16 
  540       3.507041961092e-10       9.496447791094e-13      -1.495547600793e-12       0.000000000000e+00       5.586128309660e-14       1.047260492817e-15       1.277318441315e-16 
  541       3.505817700043e-10       9.600450331922e-13      -1.322444019756e-12       0.000000000000e+00       5.549261879401e-14       1.050608341942e-15       1.161967113465e-16 
  542       3.504280372900e-10       9.711596466326e-13      -1.150242696162e-12       0.000000000000e+00       5.512695981512e-14       1.054578874594e-15       1.047159970642e-16 
  543       3.502432652932e-10       9.829857810046e-13      -9.790279254527e-13       0.000000000000e+00       5.476429018166e-14       1.059172756864e-15       9.329110795644e-17 
  544       3.500277285455e-10       9.955204736277e-13      -8.088850281658e-13       0.000000000000e+00       5.440459301208e-14       1.064390589046e-15       8.192345762952e-17 
  545       3.497817088205e-10       1.008760636873e-12      -6.399003542343e-13       0.000000000000e+00       5.404785051613e-14       1.070232905218e-15       7.061446662967e-17 
  546       3.495054951716e-10       1.022703057467e-12      -4.721612872809e-13       0.000000000000e+00       5.369404398940e-14       1.076700172825e-15       5.936556244808e-17 
  547       3.491993839690e-10       1.037344395801e-12      -3.057562489148e-13       0.000000000000e+00       5.334315380790e-14       1.083792792257e-15       4.817817952615e-17 
  548       3.488636789379e-10       1.052681185234e-12      -1.407747030277e-13       0.000000000000e+00       5.299515942258e-14       1.091511096436e-15       3.705375926069e-17 
  549       3.484986911950e-10       1.068709831401e-12       2.269283990946e-14       0.000000000000e+00       5.265003935395e-14       1.099855350393e-15       2.599375000909e-17 
  550       3.481047392867e-10       1.085426611515e-12       1.845548185508e-13       0.000000000000e+00       5.230777118659e-14       1.108825750850e-15       1.499960709454e-17 
  551       3.476821492263e-10       1.102827673677e-12       3.447186163786e-13       0.000000000000e+00       5.196833156374e-14       1.118422425804e-15       4.072792811243e-18 
  552       3.472312545313e-10       1.120909036180e-12       5.030905574075e-13       0.000000000000e+00       5.163169618184e-14       1.128645434106e-15      -6.785223570424e-18 
  553       3.467523962612e-10       1.139666586816e-12       6.595759018881e-13       0.000000000000e+00       5.129783978510e-14       1.139494765045e-15      -1.757296579867e-17 
  554       3.462459230546e-10       1.159096082180e-12       8.140788420103e-13       0.000000000000e+00       5.096673616007e-14       1.150970337928e-15      -2.828895063513e-17 
  555       3.457121911669e-10       1.179193146977e-12       9.665024976076e-13       0.000000000000e+00       5.063835813016e-14       1.163072001661e-15      -3.893168784963e-17 
  556       3.451515645078e-10       1.199953273327e-12       1.116748911860e-12       0.000000000000e+00       5.031267755027e-14       1.175799534331e-15      -4.949968021501e-17 
  557       3.445644146784e-10       1.221371820074e-12       1.264719047000e-12       0.000000000000e+00       4.998966530128e-14       1.189152642789e-15      -5.999142350193e-17 
  558       3.439511210091e-10       1.243444012087e-12       1.410312780012e-12       0.000000000000e+00       4.966929128463e-14       1.203130962230e-15      -7.040540647363e-17 
  559       3.433120705967e-10       1.266164939569e-12       1.553428898341e-12       0.000000000000e+00       4.935152441693e-14       1.217734055776e-15      -8.074011088081e-17 
  560       3.426476583422e-10       1.289529557364e-12       1.693965095592e-12       0.000000000000e+00       4.903633262445e-14       1.232961414054e-15      -9.099401145633e-17 
  561       3.419582869879e-10       1.313532684259e-12       1.831817967237e-12       0.000000000000e+00       4.872368283770e-14       1.248812454783e-15      -1.011655759101e-16 
  562       3.412443671551e-10       1.338169002292e-12       1.966883006316e-12       0.000000000000e+00       4.841354098602e-14       1.265286522351e-15      -1.112532649239e-16 
  563       3.405063173814e-10       1.363433056060e-12       2.099054599144e-12       0.000000000000e+00       4.810587199212e-14       1.282382887398e-15      -1.212555321459e-16 
  564       3.397445641583e-10       1.389319252021e-12       2.228226021011e-12       0.000000000000e+00       4.780063976662e-14       1.300100746398e-15      -1.311708241860e-16 
  565       3.389595419686e-10       1.415821857801e-12       2.354289431888e-12       0.000000000000e+00       4.749780720265e-14       1.318439221242e-15      -1.409975806102e-16 
  566       3.381516933239e-10       1.442935001503e-12       2.477135872132e-12       0.000000000000e+00       4.719733617038e-14       1.337397358816e-15      -1.507342339353e-16 
  567       3.373214688019e-10       1.470652671008e-12       2.596655258184e-12       0.000000000000e+00       4.689918751158e-14       1.356974130584e-15      -1.603792096242e-16 
  568       3.364693270840e-10       1.498968713284e-12       2.712736378281e-12       0.000000000000e+00       4.660332103421e-14       1.377168432171e-15      -1.699309260805e-16 
  569       3.355957349927e-10       1.527876833692e-12       2.825266888152e-12       0.000000000000e+00       4.630969550695e-14       1.397979082945e-15      -1.793877946428e-16 
  570       3.347011675292e-10       1.557370595289e-12       2.934133306728e-12       0.000000000000e+00       4.601826865377e-14       1.419404825593e-15      -1.887482195802e-16 
  571       3.337861081080e-10       1.587442746524e-12       3.039235835847e-12       0.000000000000e+00       4.572900364463e-14       1.441442781531e-15      -1.980108706246e-16 
  572       3.328510491925e-10       1.618083186872e-12       3.140533243365e-12       0.000000000000e+00       4.544188876056e-14       1.464083774671e-15      -2.071755082145e-16 
  573       3.318964917496e-10       1.649280947947e-12       3.237999116211e-12       0.000000000000e+00       4.515691821933e-14       1.487316887566e-15      -2.162421792869e-16 
  574       3.309229450913e-10       1.681024859481e-12       3.331607141104e-12       0.000000000000e+00       4.487408572169e-14       1.511130993818e-15      -2.252109467390e-16 
  575       3.299309269124e-10       1.713303548382e-12       3.421331105704e-12       0.000000000000e+00       4.459338444829e-14       1.535514757087e-15      -2.340818895227e-16 
  576       3.289209633277e-10       1.746105437795e-12       3.507144899761e-12       0.000000000000e+00       4.431480705663e-14       1.560456630108e-15      -2.428551027396e-16 
  577       3.278935889097e-10       1.779418746161e-12       3.589022516266e-12       0.000000000000e+00       4.403834567801e-14       1.585944853709e-15      -2.515306977364e-16 
  578       3.268493467263e-10       1.813231486273e-12       3.666938052601e-12       0.000000000000e+00       4.376399191448e-14       1.611967455816e-15      -2.601088021991e-16 
  579       3.257887883778e-10       1.847531464341e-12       3.740865711688e-12       0.000000000000e+00       4.349173683576e-14       1.638512250477e-15      -2.685895602485e-16 
  580       3.247124740352e-10       1.882306279045e-12       3.810779803142e-12       0.000000000000e+00       4.322157097623e-14       1.665566836869e-15      -2.769731325351e-16 
  581       3.236209724770e-10       1.917543320598e-12       3.876654744419e-12       0.000000000000e+00       4.295348433186e-14       1.693118598317e-15      -2.852596963337e-16 
  582       3.225148611271e-10       1.953229769803e-12       3.938465061965e-12       0.000000000000e+00       4.268746635712e-14       1.721154701304e-15      -2.934494456386e-16 
  583       3.213947260924e-10       1.989352597116e-12       3.996185392370e-12       0.000000000000e+00       4.242350596199e-14       1.749662094489e-15      -3.015425912584e-16 
  584       3.202611622000e-10       2.025898561698e-12       4.049790483515e-12       0.000000000000e+00       4.216159150887e-14       1.778627507720e-15      -3.095393609110e-16 
  585       3.191147730351e-10       2.062854210481e-12       4.099255195723e-12       0.000000000000e+00       4.190171080952e-14       1.808037451047e-15      -3.174399993185e-16 
  586       3.179561709783e-10       2.100205877224e-12       4.144554502911e-12       0.000000000000e+00       4.164385112203e-14       1.837878213736e-15      -3.252447683024e-16 
  587       3.167859772431e-10       2.137939681573e-12       4.185663493736e-12       0.000000000000e+00       4.138799914775e-14       1.868135863286e-15      -3.329539468780e-16 
  588       3.156048219136e-10       2.176041528117e-12       4.222557372749e-12       0.000000000000e+00       4.113414102825e-14       1.898796244441e-15      -3.405678313497e-16 
  589       3.144133439820e-10       2.214497105453e-12       4.255211461546e-12       0.000000000000e+00       4.088226234226e-14       1.929844978204e-15      -3.480867354058e-16 
  590       3.132121913860e-10       2.253291885241e-12       4.283601199912e-12       0.000000000000e+00       4.063234810260e-14       1.961267460853e-15      -3.555109902138e-16 
  591       3.120020210462e-10       2.292411121263e-12       4.307702146978e-12       0.000000000000e+00       4.038438275316e-14       1.993048862953e-15      -3.628409445147e-16 
  592       3.107834989043e-10       2.331839848485e-12       4.327489982369e-12       0.000000000000e+00       4.013835016583e-14       2.025174128372e-15      -3.700769647183e-16 
  593       3.095572999597e-10       2.371562882111e-12       4.342940507351e-12       0.000000000000e+00       3.989423363743e-14       2.057627973293e-15      -3.772194349982e-16 
  594       3.083241083078e-10       2.411564816648e-12       4.354029645987e-12       0.000000000000e+00       3.965201588670e-14       2.090394885233e-15      -3.842687573867e-16 
  595       3.070846171770e-10       2.451830024963e-12       4.360733446281e-12       0.000000000000e+00       3.941167905120e-14       2.123459122050e-15      -3.912253518694e-16 
  596       3.058395289667e-10       2.492342657339e-12       4.363028081333e-12       0.000000000000e+00       3.917320468428e-14       2.156804710964e-15      -3.980896564807e-16 
  597       3.045895552843e-10       2.533086640539e-12       4.360889850488e-12       0.000000000000e+00       3.893657375204e-14       2.190415447566e-15      -4.048621273981e-16 
  598       3.033354169831e-10       2.574045676861e-12       4.354295180484e-12       0.000000000000e+00       3.870176663023e-14       2.224274894837e-15      -4.115432390378e-16 
  599       3.020778442000e-10       2.615203243202e-12       4.343220626605e-12       0.000000000000e+00       3.846876310126e-14       2.258366382158e-15      -4.181334841490e-16 
  600       3.008175763923e-10       2.656542590110e-12       4.327642873828e-12       0.000000000000e+00       3.823754235109e-14       2.292673004326e-15      -4.246333739094e-16 
  601       2.995553623760e-10       2.698046740849e-12       4.307538737978e-12       0.000000000000e+00       3.800808296622e-14       2.327177620569e-15      -4.310434380196e-16 
  602       2.982919603630e-10       2.739698490458e-12       4.282885166872e-12       0.000000000000e+00       3.778036293061e-14       2.361862853559e-15      -4.373642247986e-16 
  603       2.970281379986e-10       2.781480404806e-12       4.253659241477e-12       0.000000000000e+00       3.755435962263e-14       2.396711088427e-15      -4.435963012781e-16 
  604       2.957646723991e-10       2.823374819655e-12       4.219838177051e-12       0.000000000000e+00       3.733004981201e-14       2.431704471775e-15      -4.497402532979e-16 
  605       2.945023501893e-10       2.865363839716e-12       4.181399324300e-12       0.000000000000e+00       3.710740965681e-14       2.466824910694e-15      -4.557966856009e-16 
  606       2.932419675401e-10       2.907429337711e-12       4.138320170526e-12       0.000000000000e+00       3.688641470032e-14       2.502054071775e-15      -4.617662219276e-16 
  607       2.919843302059e-10       2.949552953431e-12       4.090578340778e-12       0.000000000000e+00       3.666703986805e-14       2.537373380126e-15      -4.676495051112e-16 
  608       2.907302535621e-10       2.991716092795e-12       4.038151598999e-12       0.000000000000e+00       3.644925946464e-14       2.572764018382e-15      -4.734471971729e-16 
  609       2.894805626431e-10       3.033899926908e-12       3.981017849182e-12       0.000000000000e+00       3.623304717084e-14       2.608206925724e-15      -4.791599794162e-16 
  610       2.882360921790e-10       3.076085391122e-12       3.919155136513e-12       0.000000000000e+00       3.601837604044e-14       2.643682796890e-15      -4.847885525224e-16 
  611       2.869976132530e-10       3.118254291122e-12       3.852552110214e-12       0.000000000000e+00       3.580522248574e-14       2.679174137291e-15      -4.903334623695e-16 
  612       2.857656112745e-10       3.160392652053e-12       3.781239683701e-12       0.000000000000e+00       3.559357834455e-14       2.714671484162e-15      -4.957945727362e-16 
  613       2.845405027858e-10       3.202487447391e-12       3.705260131616e-12       0.000000000000e+00       3.538343909486e-14       2.750167331805e-15      -5.011715802128e-16 
  614       2.833227083776e-10       3.244525498559e-12       3.624656700962e-12       0.000000000000e+00       3.517479989065e-14       2.785654088585e-15      -5.064641873772e-16 
  615       2.821126527033e-10       3.286493474343e-12       3.539473615618e-12       0.000000000000e+00       3.496765556007e-14       2.821124076607e-15      -5.116721028344e-16 
  616       2.809107644926e-10       3.328377890307e-12       3.449756080840e-12       0.000000000000e+00       3.476200060369e-14       2.856569531388e-15      -5.167950412555e-16 
  617       2.797174765658e-10       3.370165108203e-12       3.355550287774e-12       0.000000000000e+00       3.455782919271e-14       2.891982601535e-15      -5.218327234164e-16 
  618       2.785332258477e-10       3.411841335390e-12       3.256903417958e-12       0.000000000000e+00       3.435513516721e-14       2.927355348413e-15      -5.267848762370e-16 
  619       2.773584533813e-10       3.453392624247e-12       3.153863647837e-12       0.000000000000e+00       3.415391203434e-14       2.962679745826e-15      -5.316512328202e-16 
  620       2.761936043422e-10       3.494804871585e-12       3.046480153261e-12       0.000000000000e+00       3.395415296661e-14       2.997947679686e-15      -5.364315324909e-16 
  621       2.750391280524e-10       3.536063818067e-12       2.934803114001e-12       0.000000000000e+00       3.375585080002e-14       3.033150947686e-15      -5.411255208350e-16 
  622       2.738954779941e-10       3.577155047616e-12       2.818883718252e-12       0.000000000000e+00       3.355899803241e-14       3.068281258981e-15      -5.457329497383e-16 
  623       2.727631118240e-10       3.618063986832e-12       2.698774167139e-12       0.000000000000e+00       3.336358682156e-14       3.103330233856e-15      -5.502535774256e-16 
  624       2.716424913872e-10       3.658775904408e-12       2.574527679230e-12       0.000000000000e+00       3.316960898351e-14       3.138289403399e-15      -5.546871684999e-16 
  625       2.705340827309e-10       3.699275910543e-12       2.446198495040e-12       0.000000000000e+00       3.297705599074e-14       3.173150209181e-15      -5.590334939811e-16 
  626       2.694383561187e-10       3.739548956355e-12       2.313841881536e-12       0.000000000000e+00       3.278591897044e-14       3.207904002926e-15      -5.632923313451e-16 
  627       2.683557860445e-10       3.779579833299e-12       2.177514136651e-12       0.000000000000e+00       3.259618870266e-14       3.242542046184e-15      -5.674634645628e-16 
  628       2.672868512465e-10       3.819353172575e-12       2.037272593786e-12       0.000000000000e+00       3.240785561861e-14       3.277055510010e-15      -5.715466841392e-16 
  629       2.662320347209e-10       3.858853444552e-12       1.893175626319e-12       0.000000000000e+00       3.222090979888e-14       3.311435474631e-15      -5.755417871523e-16 
  630       2.651918237364e-10       3.898064958172e-12       1.745282652114e-12       0.000000000000e+00       3.203534097160e-14       3.345672929127e-15      -5.794485772922e-16 
  631       2.641667098476e-10       3.936971860371e-12       1.593654138025e-12       0.000000000000e+00       3.185113851076e-14       3.379758771101e-15      -5.832668648999e-16 
  632       2.631571889097e-10       3.975558135493e-12       1.438351604409e-12       0.000000000000e+00       3.166829143437e-14       3.413683806352e-15      -5.869964670068e-16 
  633       2.621637610916e-10       4.013807604701e-12       1.279437629627e-12       0.000000000000e+00       3.148678840270e-14       3.447438748555e-15      -5.906372073729e-16 
  634       2.611869308905e-10       4.051703925394e-12       1.116975854557e-12       0.000000000000e+00       3.130661771653e-14       3.481014218927e-15      -5.941889165266e-16 
  635       2.602272071460e-10       4.089230590620e-12       9.510309870975e-13       0.000000000000e+00       3.112776731536e-14       3.514400745907e-15      -5.976514318033e-16 
  636       2.592851030532e-10       4.126370928493e-12       7.816688066787e-13       0.000000000000e+00       3.095022477563e-14       3.547588764828e-15      -6.010245973845e-16 
  637       2.583611361779e-10       4.163108101603e-12       6.089561687663e-13       0.000000000000e+00       3.077397730897e-14       3.580568617592e-15      -6.043082643368e-16 
  638       2.574558284696e-10       4.199425106436e-12       4.329610093712e-13       0.000000000000e+00       3.059901176039e-14       3.613330552341e-15      -6.075022906506e-16 
  639       2.565697062758e-10       4.235304772782e-12       2.537523495563e-13       0.000000000000e+00       3.042531460654e-14       3.645864723135e-15      -6.106065412800e-16 
  640       2.557033003563e-10       4.270729763154e-12       7.140029994426e-14       0.000000000000e+00       3.025287195394e-14       3.678161189624e-15      -6.136208881806e-16 
  641       2.548571458966e-10       4.305682572202e-12      -1.140239347752e-13       0.000000000000e+00       3.008166953716e-14       3.710209916721e-15      -6.165452103495e-16 
  642       2.540317825224e-10       4.340145526124e-12      -3.024480513379e-13       0.000000000000e+00       2.991169271711e-14       3.742000774279e-15      -6.193793938637e-16 
  643       2.532277543133e-10       4.374100782085e-12      -4.937986433974e-13       0.000000000000e+00       2.974292647921e-14       3.773523536762e-15      -6.221233319196e-16 
  644       2.524456098166e-10       4.407530327629e-12      -6.880011970179e-13       0.000000000000e+00       2.957535543166e-14       3.804767882923e-15      -6.247769248714e-16 
  645       2.516859020620e-10       4.440415980091e-12      -8.849800861664e-13       0.000000000000e+00       2.940896380365e-14       3.835723395472e-15      -6.273400802706e-16 
  646       2.509491885746e-10       4.472739386016e-12      -1.084658568205e-12       0.000000000000e+00       2.924373544358e-14       3.866379560755e-15      -6.298127129050e-16 
  647       2.502360313898e-10       4.504482020572e-12      -1.286958779386e-12       0.000000000000e+00       2.907965381728e-14       3.896725768427e-15      -6.321947448372e-16 
  648       2.495469970665e-10       4.535625186961e-12      -1.491801730338e-12       0.000000000000e+00       2.891670200628e-14       3.926751311126e-15      -6.344861054442e-16 
  649       2.488826567017e-10       4.566150015839e-12      -1.699107301566e-12       0.000000000000e+00       2.875486270597e-14       3.956445384144e-15      -6.366867314562e-16 
  650       2.482435859442e-10       4.596037464725e-12      -1.908794238941e-12       0.000000000000e+00       2.859411822390e-14       3.985797085107e-15      -6.387965669954e-16 
  651       2.476302754205e-10       4.625270597684e-12      -2.120780494927e-12       0.000000000000e+00       2.843445302301e-14       4.014797520305e-15      -6.408155979511e-16 
  652       2.470428597833e-10       4.653841481586e-12      -2.334984269786e-12       0.000000000000e+00       2.827586141767e-14       4.043446176129e-15      -6.427439558698e-16 
  653       2.464813826249e-10       4.681744443082e-12      -2.551322984776e-12       0.000000000000e+00       2.811834004647e-14       4.071744689637e-15      -6.445818164683e-16 
  654       2.459458855039e-10       4.708973802380e-12      -2.769712934114e-12       0.000000000000e+00       2.796188534169e-14       4.099694755079e-15      -6.463293655566e-16 
  655       2.454364079346e-10       4.735523873303e-12      -2.990069280577e-12       0.000000000000e+00       2.780649352825e-14       4.127298124163e-15      -6.479867990869e-16 
  656       2.449529873752e-10       4.761388963347e-12      -3.212306051084e-12       0.000000000000e+00       2.765216062264e-14       4.154556606329e-15      -6.495543232025e-16 
  657       2.444956592165e-10       4.786563373741e-12      -3.436336132290e-12       0.000000000000e+00       2.749888243189e-14       4.181472069016e-15      -6.510321542861e-16 
  658       2.440644567709e-10       4.811041399507e-12      -3.662071266177e-12       0.000000000000e+00       2.734665455253e-14       4.208046437930e-15      -6.524205190088e-16 
  659       2.436594112605e-10       4.834817329516e-12      -3.889422045642e-12       0.000000000000e+00       2.719547236948e-14       4.234281697318e-15      -6.537196543786e-16 
  660       2.432805518062e-10       4.857885446551e-12      -4.118297910087e-12       0.000000000000e+00       2.704533105505e-14       4.260179890233e-15      -6.549298077894e-16 
  661       2.429279054160e-10       4.880240027362e-12      -4.348607141013e-12       0.000000000000e+00       2.689622556787e-14       4.285743118809e-15      -6.560512370695e-16 
  662       2.426014969741e-10       4.901875342727e-12      -4.580256857605e-12       0.000000000000e+00       2.674815065182e-14       4.310973544525e-15      -6.570842105302e-16 
  663       2.423013492291e-10       4.922785657514e-12      -4.813153012328e-12       0.000000000000e+00       2.660110083499e-14       4.335873388477e-15      -6.580290070150e-16 
  664       2.420274827829e-10       4.942965230735e-12      -5.047200386511e-12       0.000000000000e+00       2.645507042864e-14       4.360444931650e-15      -6.588859159477e-16 
  665       2.417799160794e-10       4.962408315606e-12      -5.282302585942e-12       0.000000000000e+00       2.631005352611e-14       4.384690515183e-15      -6.596552373817e-16 
  666       2.415586653928e-10       4.981109159609e-12      -5.518362036459e-12       0.000000000000e+00       2.616604400182e-14       4.408612540643e-15      -6.603372820480e-16 
  667       2.413637448168e-10       4.999062004549e-12      -5.755279979533e-12       0.000000000000e+00       2.602303551015e-14       4.432213470291e-15      -6.609323714047e-16 
  668       2.411951662527e-10       5.016261086614e-12      -5.992956467868e-12       0.000000000000e+00       2.588102148445e-14       4.455495827354e-15      -6.614408376852e-16 
  669       2.410529393985e-10       5.032700636432e-12      -6.231290360985e-12       0.000000000000e+00       2.573999513593e-14       4.478462196294e-15      -6.618630239471e-16 
  670       2.409370717373e-10       5.048374879132e-12      -6.470179320812e-12       0.000000000000e+00       2.559994945265e-14       4.501115223078e-15      -6.621992841209e-16 
  671       2.408475685259e-10       5.063278034402e-12      -6.709519807278e-12       0.000000000000e+00       2.546087719846e-14       4.523457615447e-15      -6.624499830585e-16 
  672       2.407844327836e-10       5.077404316550e-12      -6.949207073901e-12       0.000000000000e+00       2.532277091191e-14       4.545492143184e-15      -6.626154965824e-16 
  673       2.407476652811e-10       5.090747934560e-12      -7.189135163380e-12       0.000000000000e+00       2.518562290524e-14       4.567221638389e-15      -6.626962115339e-16 
  674       2.407372645284e-10       5.103303092154e-12      -7.429196903180e-12       0.000000000000e+00       2.504942526331e-14       4.588648995741e-15      -6.626925258220e-16 
  675       2.407532267642e-10       5.115063987849e-12      -7.669283901130e-12       0.000000000000e+00       2.491416984254e-14       4.609777172775e-15      -6.626048484723e-16 
  676       2.407955459443e-10       5.126024815015e-12      -7.909286541008e-12       0.000000000000e+00       2.477984826985e-14       4.630609190147e-15      -6.624335996755e-16 
  677       2.408642137301e-10       5.136179761939e-12      -8.149093978132e-12       0.000000000000e+00       2.464645194164e-14       4.651148131905e-15      -6.621792108361e-16 
  678       2.409592194775e-10       5.145523011879e-12      -8.388594134951e-12       0.000000000000e+00       2.451397202270e-14       4.671397145757e-15      -6.618421246213e-16 
  679       2.410805502253e-10       5.154048743125e-12      -8.627673696637e-12       0.000000000000e+00       2.438239944518e-14       4.691359443346e-15      -6.614227950095e-16 
  680       2.412281906841e-10       5.161751129058e-12      -8.866218106670e-12       0.000000000000e+00       2.425172490751e-14       4.711038300512e-15      -6.609216873390e-16 
  681       2.414021232246e-10       5.168624338209e-12      -9.104111562436e-12       0.000000000000e+00       2.412193887338e-14       4.730437057568e-15      -6.603392783572e-16 
  682       2.416023278669e-10       5.174662534318e-12      -9.341237010810e-12       0.000000000000e+00       2.399303157065e-14       4.749559119565e-15      -6.596760562684e-16 
  683       2.418287822684e-10       5.179859876393e-12      -9.577476143749e-12       0.000000000000e+00       2.386499299035e-14       4.768407956567e-15      -6.589325207836e-16 
  684       2.420814617128e-10       5.184210518769e-12      -9.812709393885e-12       0.000000000000e+00       2.373781288556e-14       4.786987103913e-15      -6.581091831682e-16 
  685       2.423603390990e-10       5.187708611169e-12      -1.004681593011e-11       0.000000000000e+00       2.361148077039e-14       4.805300162494e-15      -6.572065662916e-16 
  686       2.426653849292e-10       5.190348298757e-12      -1.027967365317e-11       0.000000000000e+00       2.348598591894e-14       4.823350799020e-15      -6.562252046750e-16 
  687       2.429965672981e-10       5.192123722205e-12      -1.051115919126e-11       0.000000000000e+00       2.336131736422e-14       4.841142746286e-15      -6.551656445411e-16 
  688       2.433538518811e-10       5.193029017748e-12      -1.074114789559e-11       0.000000000000e+00       2.323746389712e-14       4.858679803448e-15      -6.540284438620e-16 
  689       2.437372019232e-10       5.193058317241e-12      -1.096951383602e-11       0.000000000000e+00       2.311441406533e-14       4.875965836289e-15      -6.528141724082e-16 
  690       2.441465782278e-10       5.192205748223e-12      -1.119612979660e-11       0.000000000000e+00       2.299215617230e-14       4.893004777488e-15      -6.515234117977e-16 
  691       2.445818908251e-10       5.190467427694e-12      -1.142087794841e-11       0.000000000000e+00       2.287067989588e-14       4.909799243502e-15      -6.501567938401e-16 
  692       2.450428528834e-10       5.187847489511e-12      -1.164368212394e-11       0.000000000000e+00       2.274998118386e-14       4.926346352637e-15      -6.487151163610e-16 
  693       2.455291236930e-10       5.184352184286e-12      -1.186447621498e-11       0.000000000000e+00       2.263005745962e-14       4.942641819270e-15      -6.471992299185e-16 
  694       2.460403566837e-10       5.179987897745e-12      -1.208319355532e-11       0.000000000000e+00       2.251090601118e-14       4.958681329173e-15      -6.456099997860e-16 
  695       2.465761994011e-10       5.174761151283e-12      -1.229976691903e-11       0.000000000000e+00       2.239252399053e-14       4.974460539432e-15      -6.439483060113e-16 
  696       2.471362934830e-10       5.168678602525e-12      -1.251412851874e-11       0.000000000000e+00       2.227490841299e-14       4.989975078371e-15      -6.422150434742e-16 
  697       2.477202746364e-10       5.161747045886e-12      -1.272621000389e-11       0.000000000000e+00       2.215805615656e-14       5.005220545476e-15      -6.404111219453e-16 
  698       2.483277726135e-10       5.153973413129e-12      -1.293594245904e-11       0.000000000000e+00       2.204196396130e-14       5.020192511314e-15      -6.385374661441e-16 
  699       2.489584111887e-10       5.145364773925e-12      -1.314325640208e-11       0.000000000000e+00       2.192662842863e-14       5.034886517460e-15      -6.365950157976e-16 
  700       2.496118081346e-10       5.135928336413e-12      -1.334808178256e-11       0.000000000000e+00       2.181204602073e-14       5.049298076413e-15      -6.345847256981e-16 
  701       2.502875751990e-10       5.125671447758e-12      -1.355034797990e-11       0.000000000000e+00       2.169821305986e-14       5.063422671526e-15      -6.325075657622e-16 
  702       2.509853180813e-10       5.114601594711e-12      -1.374998380173e-11       0.000000000000e+00       2.158512572775e-14       5.077255756923e-15      -6.303645210884e-16 
  703       2.517046364088e-10       5.102726404170e-12      -1.394691748210e-11       0.000000000000e+00       2.147278006490e-14       5.090792757423e-15      -6.281565920160e-16 
  704       2.524451237134e-10       5.090053643737e-12      -1.414107667975e-11       0.000000000000e+00       2.136117197000e-14       5.104029068465e-15      -6.258847941833e-16 
  705       2.532063674083e-10       5.076591222278e-12      -1.433238847645e-11       0.000000000000e+00       2.125029719920e-14       5.116960056025e-15      -6.235501585857e-16 
  706       2.539879487642e-10       5.062347190483e-12      -1.452077937519e-11       0.000000000000e+00       2.114015136556e-14       5.129581056544e-15      -6.211537316342e-16 
  707       2.547894428859e-10       5.047329741426e-12      -1.470617529847e-11       0.000000000000e+00       2.103072993831e-14       5.141887376846e-15      -6.186965752137e-16 
  708       2.556104186891e-10       5.031547211122e-12      -1.488850158661e-11       0.000000000000e+00       2.092202824226e-14       5.153874294065e-15      -6.161797667412e-16 
  709       2.564504388767e-10       5.015008079088e-12      -1.506768299597e-11       0.000000000000e+00       2.081404145714e-14       5.165537055563e-15      -6.136043992246e-16 
  710       2.573090599151e-10       4.997720968904e-12      -1.524364369724e-11       0.000000000000e+00       2.070676461695e-14       5.176870878856e-15      -6.109715813202e-16 
  711       2.581858320112e-10       4.979694648769e-12      -1.541630727372e-11       0.000000000000e+00       2.060019260931e-14       5.187870951533e-15      -6.082824373917e-16 
  712       2.590802990887e-10       4.960938032063e-12      -1.558559671958e-11       0.000000000000e+00       2.049432017480e-14       5.198532431182e-15      -6.055381075684e-16 
  713       2.599919987645e-10       4.941460177904e-12      -1.575143443811e-11       0.000000000000e+00       2.038914190636e-14       5.208850445311e-15      -6.027397478034e-16 
  714       2.609204623255e-10       4.921270291709e-12      -1.591374224002e-11       0.000000000000e+00       2.028465224859e-14       5.218820091269e-15      -5.998885299317e-16 
  715       2.618652147050e-10       4.900377725756e-12      -1.607244134172e-11       0.000000000000e+00       2.018084549711e-14       5.228436436170e-15      -5.969856417292e-16 
  716       2.628257744590e-10       4.878791979737e-12      -1.622745236352e-11       0.000000000000e+00       2.007771579797e-14       5.237694516816e-15      -5.940322869703e-16 
  717       2.638016537430e-10       4.856522701322e-12      -1.637869532800e-11       0.000000000000e+00       1.997525714691e-14       5.246589339619e-15      -5.910296854866e-16 
  718       2.647923582887e-10       4.833579686719e-12      -1.652608965819e-11       0.000000000000e+00       1.987346338880e-14       5.255115880522e-15      -5.879790732252e-16 
  719       2.657973873800e-10       4.809972881230e-12      -1.666955417590e-11       0.000000000000e+00       1.977232821693e-14       5.263269084922e-15      -5.848817023071e-16 
  720       2.668162338299e-10       4.785712379812e-12      -1.680900709996e-11       0.000000000000e+00       1.967184517240e-14       5.271043867595e-15      -5.817388410851e-16 
  721       2.678483839570e-10       4.760808427637e-12      -1.694436604449e-11       0.000000000000e+00       1.957200764346e-14       5.278435112616e-15      -5.785517742026e-16 
  722       2.688933175619e-10       4.735271420651e-12      -1.707554801719e-11       0.000000000000e+00       1.947280886486e-14       5.285437673281e-15      -5.753218026519e-16 
  723       2.699505079038e-10       4.709111906134e-12      -1.720246941758e-11       0.000000000000e+00       1.937424191720e-14       5.292046372031e-15      -5.720502438321e-16 
  724       2.710194216770e-10       4.682340583256e-12      -1.732504603531e-11       0.000000000000e+00       1.927629972631e-14       5.298256000374e-15      -5.687384316079e-16 
  725       2.720995189876e-10       4.654968303642e-12      -1.744319304838e-11       0.000000000000e+00       1.917897506255e-14       5.304061318808e-15      -5.653877163675e-16 
  726       2.731902533296e-10       4.627006071928e-12      -1.755682502146e-11       0.000000000000e+00       1.908226054022e-14       5.309457056740e-15      -5.619994650816e-16 
  727       2.742910715620e-10       4.598465046318e-12      -1.766585590411e-11       0.000000000000e+00       1.898614861687e-14       5.314437912416e-15      -5.585750613607e-16 
  728       2.754014138846e-10       4.569356539149e-12      -1.777019902911e-11       0.000000000000e+00       1.889063159269e-14       5.318998552834e-15      -5.551159055144e-16 
  729       2.765207138155e-10       4.539692017447e-12      -1.786976711066e-11       0.000000000000e+00       1.879570160983e-14       5.323133613674e-15      -5.516234146091e-16 
  730       2.776483981666e-10       4.509483103487e-12      -1.796447224271e-11       0.000000000000e+00       1.870135065175e-14       5.326837699216e-15      -5.480990225268e-16 
  731       2.787839061621e-10       4.478741955064e-12      -1.805423987028e-11       0.000000000000e+00       1.860757162851e-14       5.330106959758e-15      -5.445439831413e-16 
  732       2.799267472578e-10       4.447482413503e-12      -1.813905101286e-11       0.000000000000e+00       1.851436165748e-14       5.332943858531e-15      -5.409587754226e-16 
  733       2.810764444286e-10       4.415718879665e-12      -1.821890088002e-11       0.000000000000e+00       1.842171884680e-14       5.335352499742e-15      -5.373436865790e-16 
  734       2.822325151129e-10       4.383465936948e-12      -1.829378497607e-11       0.000000000000e+00       1.832964121497e-14       5.337337059965e-15      -5.336990078776e-16 
  735       2.833944711928e-10       4.350738351933e-12      -1.836369910140e-11       0.000000000000e+00       1.823812669048e-14       5.338901788422e-15      -5.300250346585e-16 
  736       2.845618189758e-10       4.317551075031e-12      -1.842863935395e-11       0.000000000000e+00       1.814717311139e-14       5.340051007255e-15      -5.263220663493e-16 
  737       2.857340591748e-10       4.283919241123e-12      -1.848860213058e-11       0.000000000000e+00       1.805677822493e-14       5.340789111809e-15      -5.225904064789e-16 
  738       2.869106868893e-10       4.249858170210e-12      -1.854358412845e-11       0.000000000000e+00       1.796693968708e-14       5.341120570902e-15      -5.188303626915e-16 
  739       2.880911915862e-10       4.215383368053e-12      -1.859358234648e-11       0.000000000000e+00       1.787765506221e-14       5.341049927103e-15      -5.150422467615e-16 
  740       2.892750570806e-10       4.180510526818e-12      -1.863859408671e-11       0.000000000000e+00       1.778892182264e-14       5.340581797011e-15      -5.112263746069e-16 
  741       2.904617615166e-10       4.145255525725e-12      -1.867861695571e-11       0.000000000000e+00       1.770073734821e-14       5.339720871525e-15      -5.073830663040e-16 
  742       2.916507773481e-10       4.109634431686e-12      -1.871364886601e-11       0.000000000000e+00       1.761309892597e-14       5.338471916128e-15      -5.035126461012e-16 
  743       2.928415713197e-10       4.073663499955e-12      -1.874368803746e-11       0.000000000000e+00       1.752600374967e-14       5.336839771157e-15      -4.996154424334e-16 
  744       2.940336044475e-10       4.037359174770e-12      -1.876873299866e-11       0.000000000000e+00       1.743944891943e-14       5.334829352083e-15      -4.956917879362e-16 
  745       2.952263319997e-10       4.000738089997e-12      -1.878878258839e-11       0.000000000000e+00       1.735343144129e-14       5.332445649785e-15      -4.917420194599e-16 
  746       2.964192034777e-10       3.963817069775e-12      -1.880383595695e-11       0.000000000000e+00       1.726794822685e-14       5.329693730826e-15      -4.877664780837e-16 
  747       2.976116625969e-10       3.926613129163e-12      -1.881389256760e-11       0.000000000000e+00       1.718299609282e-14       5.326578737733e-15      -4.837655091300e-16 
  748       2.988031472673e-10       3.889143474782e-12      -1.881895219797e-11       0.000000000000e+00       1.709857176064e-14       5.323105889268e-15      -4.797394621786e-16 
  749       2.999930895746e-10       3.851425505458e-12      -1.881901494145e-11       0.000000000000e+00       1.701467185610e-14       5.319280480708e-15      -4.756886910805e-16 
  750       3.011809157607e-10       3.813476812870e-12      -1.881408120861e-11       0.000000000000e+00       1.693129290889e-14       5.315107884119e-15      -4.716135539725e-16 
  751       3.023660462049e-10       3.775315182195e-12      -1.880415172856e-11       0.000000000000e+00       1.684843135221e-14       5.310593548635e-15      -4.675144132913e-16 
  752       3.035478954044e-10       3.736958592747e-12      -1.878922755041e-11       0.000000000000e+00       1.676608352240e-14       5.305743000729e-15      -4.633916357873e-16 
  753       3.047258719551e-10       3.698425218627e-12      -1.876931004464e-11       0.000000000000e+00       1.668424565849e-14       5.300561844497e-15      -4.592455925395e-16 
  754       3.058993785329e-10       3.659733429367e-12      -1.874440090450e-11       0.000000000000e+00       1.660291390182e-14       5.295055761927e-15      -4.550766589687e-16 
  755       3.070678118738e-10       3.620901790572e-12      -1.871450214745e-11       0.000000000000e+00       1.652208429564e-14       5.289230513177e-15      -4.508852148525e-16 
  756       3.082305627552e-10       3.581949064565e-12      -1.867961611650e-11       0.000000000000e+00       1.644175278469e-14       5.283091936856e-15      -4.466716443392e-16 
  757       3.093870159769e-10       3.542894211033e-12      -1.863974548168e-11       0.000000000000e+00       1.636191521482e-14       5.276645950295e-15      -4.424363359618e-16 
  758       3.105365503412e-10       3.503756387672e-12      -1.859489324140e-11       0.000000000000e+00       1.628256733256e-14       5.269898549822e-15      -4.381796826524e-16 
  759       3.116785386343e-10       3.464554950829e-12      -1.854506272388e-11       0.000000000000e+00       1.620370478472e-14       5.262855811045e-15      -4.339020817562e-16 
  760       3.128123476071e-10       3.425309456149e-12      -1.849025758852e-11       0.000000000000e+00       1.612532311801e-14       5.255523889122e-15      -4.296039350459e-16 
  761       3.139373379558e-10       3.386039659218e-12      -1.843048182734e-11       0.000000000000e+00       1.604741777863e-14       5.247909019040e-15      -4.252856487354e-16 
  762       3.150528643026e-10       3.346765516208e-12      -1.836573976637e-11       0.000000000000e+00       1.596998411182e-14       5.240017515891e-15      -4.209476334948e-16 
  763       3.161582751771e-10       3.307507184521e-12      -1.829603606704e-11       0.000000000000e+00       1.589301736152e-14       5.231855775147e-15      -4.165903044635e-16 
  764       3.172529129964e-10       3.268285023436e-12      -1.822137572759e-11       0.000000000000e+00       1.581651266995e-14       5.223430272939e-15      -4.122140812654e-16 
  765       3.183361140465e-10       3.229119594750e-12      -1.814176408450e-11       0.000000000000e+00       1.574046507716e-14       5.214747566329e-15      -4.078193880224e-16 
  766       3.194072084627e-10       3.190031663425e-12      -1.805720681385e-11       0.000000000000e+00       1.566486952070e-14       5.205814293589e-15      -4.034066533687e-16 
  767       3.204655202106e-10       3.151042198232e-12      -1.796770993275e-11       0.000000000000e+00       1.558972083516e-14       5.196637174480e-15      -3.989763104654e-16 
  768       3.215103670672e-10       3.112172372393e-12      -1.787327980073e-11       0.000000000000e+00       1.551501375178e-14       5.187223010520e-15      -3.945287970138e-16 
  769       3.225410606011e-10       3.073443564231e-12      -1.777392312118e-11       0.000000000000e+00       1.544074289807e-14       5.177578685269e-15      -3.900645552705e-16 
  770       3.235569061537e-10       3.034877357809e-12      -1.766964694269e-11       0.000000000000e+00       1.536690279736e-14       5.167711164600e-15      -3.855840320611e-16 
  771       3.245572710453e-10       2.996494012720e-12      -1.756046709152e-11       0.000000000000e+00       1.529348858761e-14       5.157626669744e-15      -3.810876577356e-16 
  772       3.255417906469e-10       2.958307840378e-12      -1.744643364097e-11       0.000000000000e+00       1.522049819341e-14       5.147328178701e-15      -3.765757825695e-16 
  773       3.265101661698e-10       2.920331741512e-12      -1.732760592672e-11       0.000000000000e+00       1.514793019427e-14       5.136817878096e-15      -3.720487391875e-16 
  774       3.274620967877e-10       2.882578729433e-12      -1.720404416256e-11       0.000000000000e+00       1.507578310888e-14       5.126097986238e-15      -3.675068635230e-16 
  775       3.283972796320e-10       2.845061930369e-12      -1.707580944350e-11       0.000000000000e+00       1.500405539491e-14       5.115170753233e-15      -3.629504948280e-16 
  776       3.293154097859e-10       2.807794583803e-12      -1.694296374886e-11       0.000000000000e+00       1.493274544870e-14       5.104038461089e-15      -3.583799756833e-16 
  777       3.302161802790e-10       2.770790042808e-12      -1.680556994541e-11       0.000000000000e+00       1.486185160504e-14       5.092703423828e-15      -3.537956520082e-16 
  778       3.310992820820e-10       2.734061774380e-12      -1.666369179044e-11       0.000000000000e+00       1.479137213688e-14       5.081167987595e-15      -3.491978730703e-16 
  779       3.319644041013e-10       2.697623359779e-12      -1.651739393484e-11       0.000000000000e+00       1.472130525508e-14       5.069434530768e-15      -3.445869914956e-16 
  780       3.328112331735e-10       2.661488494863e-12      -1.636674192628e-11       0.000000000000e+00       1.465164910819e-14       5.057505464064e-15      -3.399633632788e-16 
  781       3.336394540598e-10       2.625670990420e-12      -1.621180221224e-11       0.000000000000e+00       1.458240178212e-14       5.045383230655e-15      -3.353273477923e-16 
  782       3.344487494411e-10       2.590184772511e-12      -1.605264214315e-11       0.000000000000e+00       1.451356129993e-14       5.033070306271e-15      -3.306793077969e-16 
  783       3.352387999118e-10       2.555043882799e-12      -1.588932997548e-11       0.000000000000e+00       1.444512562158e-14       5.020569199312e-15      -3.260196094516e-16 
  784       3.360092839752e-10       2.520262478891e-12      -1.572193487485e-11       0.000000000000e+00       1.437709264362e-14       5.007882450960e-15      -3.213486223233e-16 
  785       3.367598780374e-10       2.485854834668e-12      -1.555052691913e-11       0.000000000000e+00       1.430946019898e-14       4.995012635284e-15      -3.166667193969e-16 
  786       3.374902564023e-10       2.451835340626e-12      -1.537517710154e-11       0.000000000000e+00       1.424222605669e-14       4.981962359352e-15      -3.119742770849e-16 
  787       3.382000912659e-10       2.418218504209e-12      -1.519595733376e-11       0.000000000000e+00       1.417538792164e-14       4.968734263338e-15      -3.072716752380e-16 
  788       3.388890527113e-10       2.385018950145e-12      -1.501294044903e-11       0.000000000000e+00       1.410894343429e-14       4.955331020638e-15      -3.025592971544e-16 
  789       3.395568087025e-10       2.352251420785e-12      -1.482620020525e-11       0.000000000000e+00       1.404289017043e-14       4.941755337970e-15      -2.978375295900e-16 
  790       3.402030250798e-10       2.319930776433e-12      -1.463581128808e-11       0.000000000000e+00       1.397722564092e-14       4.928009955490e-15      -2.931067627682e-16 
  791       3.408273655538e-10       2.288071995688e-12      -1.444184931407e-11       0.000000000000e+00       1.391194729143e-14       4.914097646902e-15      -2.883673903899e-16 
  792       3.414294917005e-10       2.256690175777e-12      -1.424439083372e-11       0.000000000000e+00       1.384705250220e-14       4.900021219561e-15      -2.836198096435e-16 
  793       3.420090629552e-10       2.225800532889e-12      -1.404351333461e-11       0.000000000000e+00       1.378253858773e-14       4.885783514589e-15      -2.788644212147e-16 
  794       3.425657366076e-10       2.195418402516e-12      -1.383929524450e-11       0.000000000000e+00       1.371840279659e-14       4.871387406982e-15      -2.741016292966e-16 
  795       3.430991677963e-10       2.165559239783e-12      -1.363181593444e-11       0.000000000000e+00       1.365464231109e-14       4.856835805720e-15      -2.693318415992e-16 
  796       3.436090095031e-10       2.136238619791e-12      -1.342115572187e-11       0.000000000000e+00       1.359125424708e-14       4.842131653874e-15      -2.645554693599e-16 
  797       3.440949125479e-10       2.107472237944e-12      -1.320739587368e-11       0.000000000000e+00       1.352823565368e-14       4.827277928719e-15      -2.597729273530e-16 
  798       3.445565255832e-10       2.079275910294e-12      -1.299061860939e-11       0.000000000000e+00       1.346558351297e-14       4.812277641842e-15      -2.549846338999e-16 
  799       3.449934950883e-10       2.051665573869e-12      -1.277090710421e-11       0.000000000000e+00       1.340329473981e-14       4.797133839250e-15      -2.501910108788e-16 
  800       3.454054653645e-10       2.024657287015e-12      -1.254834549213e-11       0.000000000000e+00       1.334136618152e-14       4.781849601482e-15      -2.453924837348e-16 
  801       3.457920785292e-10       1.998267229729e-12      -1.232301886904e-11       0.000000000000e+00       1.327979461766e-14       4.766428043717e-15      -2.405894814896e-16 
  802       3.461529745107e-10       1.972511703995e-12      -1.209501329586e-11       0.000000000000e+00       1.321857675973e-14       4.750872315882e-15      -2.357824367518e-16 
  803       3.464877910426e-10       1.947407134119e-12      -1.186441580159e-11       0.000000000000e+00       1.315770925096e-14       4.735185602766e-15      -2.309717857265e-16 
  804       3.467961636586e-10       1.922970067068e-12      -1.163131438645e-11       0.000000000000e+00       1.309718866601e-14       4.719371124125e-15      -2.261579682252e-16 
  805       3.470777256869e-10       1.899217172803e-12      -1.139579802497e-11       0.000000000000e+00       1.303701151075e-14       4.703432134792e-15      -2.213414276762e-16 
  806       3.473321082447e-10       1.876165244617e-12      -1.115795666911e-11       0.000000000000e+00       1.297717422197e-14       4.687371924790e-15      -2.165226111338e-16 
  807       3.475589402331e-10       1.853831199469e-12      -1.091788125132e-11       0.000000000000e+00       1.291767316711e-14       4.671193819436e-15      -2.117019692888e-16 
  808       3.477578483313e-10       1.832232078320e-12      -1.067566368771e-11       0.000000000000e+00       1.285850464406e-14       4.654901179456e-15      -2.068799564782e-16 
  809       3.479284569915e-10       1.811385046471e-12      -1.043139688108e-11       0.000000000000e+00       1.279966488083e-14       4.638497401090e-15      -2.020570306953e-16 
  810       3.480703884332e-10       1.791307393897e-12      -1.018517472409e-11       0.000000000000e+00       1.274115003536e-14       4.621985916205e-15      -1.972336535991e-16 
  811       3.481833353875e-10       1.772014056040e-12      -9.937090031609e-12       0.000000000000e+00       1.268295668771e-14       4.605369343060e-15      -1.924103148174e-16 
  812       3.482672807756e-10       1.753510126597e-12      -9.687228290911e-12       0.000000000000e+00       1.262508332713e-14       4.588646921647e-15      -1.875876053120e-16 
  813       3.483222819726e-10       1.735798210674e-12      -9.435673805199e-12       0.000000000000e+00       1.256752889129e-14       4.571817032420e-15      -1.827661453528e-16 
  814       3.483483984232e-10       1.718880892009e-12      -9.182511756828e-12       0.000000000000e+00       1.251029227596e-14       4.554878041410e-15      -1.779465603597e-16 
  815       3.483456916505e-10       1.702760732855e-12      -8.927828210038e-12       0.000000000000e+00       1.245337233491e-14       4.537828300182e-15      -1.731294809164e-16 
  816       3.483142252628e-10       1.687440273863e-12      -8.671710113675e-12       0.000000000000e+00       1.239676787969e-14       4.520666145784e-15      -1.683155427853e-16 
  817       3.482540649623e-10       1.672922033969e-12      -8.414245303922e-12       0.000000000000e+00       1.234047767948e-14       4.503389900709e-15      -1.635053869215e-16 
  818       3.481652785524e-10       1.659208510273e-12      -8.155522507018e-12       0.000000000000e+00       1.228450046093e-14       4.485997872843e-15      -1.586996594872e-16 
  819       3.480479359457e-10       1.646302177929e-12      -7.895631341989e-12       0.000000000000e+00       1.222883490798e-14       4.468488355426e-15      -1.538990118663e-16 
  820       3.479021091718e-10       1.634205490027e-12      -7.634662323373e-12       0.000000000000e+00       1.217347966167e-14       4.450859626999e-15      -1.491041006784e-16 
  821       3.477278723852e-10       1.622920877472e-12      -7.372706863945e-12       0.000000000000e+00       1.211843332004e-14       4.433109951366e-15      -1.443155877935e-16 
  822       3.475253018732e-10       1.612450748878e-12      -7.109857277442e-12       0.000000000000e+00       1.206369443787e-14       4.415237577545e-15      -1.395341403458e-16 
  823       3.472944760633e-10       1.602797490442e-12      -6.846206781291e-12       0.000000000000e+00       1.200926152657e-14       4.397240739724e-15      -1.347604307490e-16 
  824       3.470354755317e-10       1.593963465836e-12      -6.581849499332e-12       0.000000000000e+00       1.195513305402e-14       4.379117657213e-15      -1.299951367095e-16 
  825       3.467483830106e-10       1.585951016085e-12      -6.316880464546e-12       0.000000000000e+00       1.190130744433e-14       4.360866534402e-15      -1.252389412416e-16 
  826       3.464332833962e-10       1.578762459456e-12      -6.051395621782e-12       0.000000000000e+00       1.184778307777e-14       4.342485560715e-15      -1.204925326817e-16 
  827       3.460902637565e-10       1.572400091338e-12      -5.785491830479e-12       0.000000000000e+00       1.179455829052e-14       4.323972910563e-15      -1.157566047024e-16 
  828       3.457194133392e-10       1.566866184129e-12      -5.519266867393e-12       0.000000000000e+00       1.174163137454e-14       4.305326743301e-15      -1.110318563268e-16 
  829       3.453208235796e-10       1.562162987118e-12      -5.252819429328e-12       0.000000000000e+00       1.168900057738e-14       4.286545203179e-15      -1.063189919434e-16 
  830       3.448945881083e-10       1.558292726372e-12      -4.986249135852e-12       0.000000000000e+00       1.163666410205e-14       4.267626419302e-15      -1.016187213199e-16 
  831       3.444408027588e-10       1.555257604616e-12      -4.719656532031e-12       0.000000000000e+00       1.158462010679e-14       4.248568505580e-15      -9.693175961763e-17 
  832       3.439595655760e-10       1.553059801121e-12      -4.453143091154e-12       0.000000000000e+00       1.153286670496e-14       4.229369560686e-15      -9.225882740628e-17 
  833       3.434509768233e-10       1.551701471584e-12      -4.186811217453e-12       0.000000000000e+00       1.148140196483e-14       4.210027668006e-15      -8.760065067780e-17 
  834       3.429151389909e-10       1.551184748016e-12      -3.920764248835e-12       0.000000000000e+00       1.143022390945e-14       4.190540895600e-15      -8.295796086100e-17 
  835       3.423521568034e-10       1.551511738625e-12      -3.655106459606e-12       0.000000000000e+00       1.137933051644e-14       4.170907296154e-15      -7.833149483584e-17 
  836       3.417621372277e-10       1.552684527698e-12      -3.389943063195e-12       0.000000000000e+00       1.132871971784e-14       4.151124906930e-15      -7.372199494778e-17 
  837       3.411451894810e-10       1.554705175487e-12      -3.125380214883e-12       0.000000000000e+00       1.127838939994e-14       4.131191749729e-15      -6.913020902214e-17 
  838       3.405014250383e-10       1.557575718092e-12      -2.861525014524e-12       0.000000000000e+00       1.122833740312e-14       4.111105830841e-15      -6.455689037844e-17 
  839       3.398309576404e-10       1.561298167349e-12      -2.598485509276e-12       0.000000000000e+00       1.117856152167e-14       4.090865140997e-15      -6.000279784479e-17 
  840       3.391339033019e-10       1.565874510706e-12      -2.336370696325e-12       0.000000000000e+00       1.112905950361e-14       4.070467655332e-15      -5.546869577219e-17 
  841       3.384103803186e-10       1.571306711115e-12      -2.075290525610e-12       0.000000000000e+00       1.107982905056e-14       4.049911333329e-15      -5.095535404892e-17 
  842       3.376605092758e-10       1.577596706911e-12      -1.815355902548e-12       0.000000000000e+00       1.103086781752e-14       4.029194118785e-15      -4.646354811486e-17 
  843       3.368844130559e-10       1.584746411701e-12      -1.556678690763e-12       0.000000000000e+00       1.098217341275e-14       4.008313939755e-15      -4.199405897589e-17 
  844       3.360822168462e-10       1.592757714242e-12      -1.299371714809e-12       0.000000000000e+00       1.093374339755e-14       3.987268708514e-15      -3.754767321819e-17 
  845       3.352540481467e-10       1.601632478330e-12      -1.043548762896e-12       0.000000000000e+00       1.088557528614e-14       3.966056321510e-15      -3.312518302264e-17 
  846       3.344000367781e-10       1.611372542681e-12      -7.893245896179e-13       0.000000000000e+00       1.083766654547e-14       3.944674659317e-15      -2.872738617912e-17 
  847       3.335203148897e-10       1.621979720816e-12      -5.368149186763e-13       0.000000000000e+00       1.079001459504e-14       3.923121586591e-15      -2.435508610093e-17 
  848       3.326150169668e-10       1.633455800948e-12      -2.861364456071e-13       0.000000000000e+00       1.074261680674e-14       3.901394952023e-15      -2.000909183907e-17 
  849       3.316842798389e-10       1.645802545861e-12      -3.740684050602e-14       0.000000000000e+00       1.069547050470e-14       3.879492588298e-15      -1.569021809663e-17 
  850       3.307282426875e-10       1.659021692796e-12       2.092552492453e-13       0.000000000000e+00       1.064857296509e-14       3.857412312043e-15      -1.139928524316e-17 
  851       3.297470809574e-10       1.673113104090e-12       4.537410311389e-13       0.000000000000e+00       1.060192175597e-14       3.835153101209e-15      -7.137022493535e-18 
  852       3.287411087128e-10       1.688069184544e-12       6.959842731822e-13       0.000000000000e+00       1.055551576347e-14       3.812718649419e-15      -2.903775595328e-18 
  853       3.277106780526e-10       1.703880368068e-12       9.359291538171e-13       0.000000000000e+00       1.050935418289e-14       3.790113872495e-15       1.300205843816e-18 
  854       3.266561453789e-10       1.720536957835e-12       1.173519476941e-12       0.000000000000e+00       1.046343618016e-14       3.767343736702e-15       5.474671976773e-18 
  855       3.255778714108e-10       1.738029125852e-12       1.408698670972e-12       0.000000000000e+00       1.041776089173e-14       3.744413258909e-15       9.619372718612e-18 
  856       3.244762211976e-10       1.756346912545e-12       1.641409787919e-12       0.000000000000e+00       1.037232742445e-14       3.721327506729e-15       1.373405774827e-17 
  857       3.233515641324e-10       1.775480226334e-12       1.871595502448e-12       0.000000000000e+00       1.032713485548e-14       3.698091598675e-15       1.781847651022e-17 
  858       3.222042739655e-10       1.795418843209e-12       2.099198110950e-12       0.000000000000e+00       1.028218223215e-14       3.674710704304e-15       2.187237821616e-17 
  859       3.210347288177e-10       1.816152406311e-12       2.324159530606e-12       0.000000000000e+00       1.023746857187e-14       3.651190044372e-15       2.589551184668e-17 
  860       3.198433111940e-10       1.837670425510e-12       2.546421298458e-12       0.000000000000e+00       1.019299286200e-14       3.627534890981e-15       2.988762615292e-17 
  861       3.186304079969e-10       1.859962276980e-12       2.765924570475e-12       0.000000000000e+00       1.014875405976e-14       3.603750567727e-15       3.384846965827e-17 
  862       3.173964105398e-10       1.883017202780e-12       2.982610120618e-12       0.000000000000e+00       1.010475109209e-14       3.579842449853e-15       3.777779066003e-17 
  863       3.161417145606e-10       1.906824310431e-12       3.196418339911e-12       0.000000000000e+00       1.006098285555e-14       3.555815964396e-15       4.167533723110e-17 
  864       3.148667202347e-10       1.931372572495e-12       3.407289235508e-12       0.000000000000e+00       1.001744821621e-14       3.531676590336e-15       4.554085722162e-17 
  865       3.135718321893e-10       1.956650826150e-12       3.615162429758e-12       0.000000000000e+00       9.974146009528e-15       3.507429858749e-15       4.937409826070e-17 
  866       3.122574595158e-10       1.982647772771e-12       3.819977159274e-12       0.000000000000e+00       9.931075040260e-15       3.483081352953e-15       5.317480775802e-17 
  867       3.109240157842e-10       2.009351977509e-12       4.021672274000e-12       0.000000000000e+00       9.888234082318e-15       3.458636708659e-15       5.694273290558e-17 
  868       3.095719190557e-10       2.036751868864e-12       4.220186236279e-12       0.000000000000e+00       9.845621878672e-15       3.434101614121e-15       6.067762067932e-17 
  869       3.082015918968e-10       2.064835738268e-12       4.415457119921e-12       0.000000000000e+00       9.803237141238e-15       3.409481810285e-15       6.437921784083e-17 
  870       3.068134613925e-10       2.093591739660e-12       4.607422609267e-12       0.000000000000e+00       9.761078550764e-15       3.384783090938e-15       6.804727093899e-17 
  871       3.054079591595e-10       2.123007889066e-12       4.796019998262e-12       0.000000000000e+00       9.719144756712e-15       3.360011302859e-15       7.168152631169e-17 
  872       3.039855213601e-10       2.153072064176e-12       4.981186189516e-12       0.000000000000e+00       9.677434377154e-15       3.335172345967e-15       7.528173008745e-17 
  873       3.025465887152e-10       2.183772003922e-12       5.162857693378e-12       0.000000000000e+00       9.635945998654e-15       3.310272173471e-15       7.884762818715e-17 
  874       3.010916065181e-10       2.215095308056e-12       5.340970626998e-12       0.000000000000e+00       9.594678176154e-15       3.285316792020e-15       8.237896632564e-17 
  875       2.996210246479e-10       2.247029436729e-12       5.515460713397e-12       0.000000000000e+00       9.553629432867e-15       3.260312261854e-15       8.587549001349e-17 
  876       2.981352975824e-10       2.279561710066e-12       5.686263280534e-12       0.000000000000e+00       9.512798260159e-15       3.235264696949e-15       8.933694455860e-17 
  877       2.966348844125e-10       2.312679307749e-12       5.853313260373e-12       0.000000000000e+00       9.472183117437e-15       3.210180265171e-15       9.276307506792e-17 
  878       2.951202488547e-10       2.346369268591e-12       6.016545187952e-12       0.000000000000e+00       9.431782432042e-15       3.185065188424e-15       9.615362644908e-17 
  879       2.935918592651e-10       2.380618490115e-12       6.175893200449e-12       0.000000000000e+00       9.391594599126e-15       3.159925742799e-15       9.950834341210e-17 
  880       2.920501886529e-10       2.415413728132e-12       6.331291036248e-12       0.000000000000e+00       9.351617981550e-15       3.134768258725e-15       1.028269704711e-16 
  881       2.904957146934e-10       2.450741596321e-12       6.482672034009e-12       0.000000000000e+00       9.311850909765e-15       3.109599121117e-15       1.061092519458e-16 
  882       2.889289197416e-10       2.486588565802e-12       6.629969131736e-12       0.000000000000e+00       9.272291681699e-15       3.084424769526e-15       1.093549319634e-16 
  883       2.873502908459e-10       2.522940964721e-12       6.773114865840e-12       0.000000000000e+00       9.232938562648e-15       3.059251698289e-15       1.125637544603e-16 
  884       2.857603197615e-10       2.559784977821e-12       6.912041370212e-12       0.000000000000e+00       9.193789785162e-15       3.034086456678e-15       1.157354631835e-16 
  885       2.841595029633e-10       2.597106646027e-12       7.046680375285e-12       0.000000000000e+00       9.154843548930e-15       3.008935649051e-15       1.188698016923e-16 
  886       2.825483416602e-10       2.634891866016e-12       7.176963207107e-12       0.000000000000e+00       9.116098020671e-15       2.983805934999e-15       1.219665133605e-16 
  887       2.809273418077e-10       2.673126389803e-12       7.302820786404e-12       0.000000000000e+00       9.077551334016e-15       2.958704029497e-15       1.250253413772e-16 
  888       2.792970141219e-10       2.711795824313e-12       7.424183627648e-12       0.000000000000e+00       9.039201589403e-15       2.933636703054e-15       1.280460287493e-16 
  889       2.776578740929e-10       2.750885630962e-12       7.540981838127e-12       0.000000000000e+00       9.001046853957e-15       2.908610781863e-15       1.310283183027e-16 
  890       2.760104419978e-10       2.790381125236e-12       7.653145117011e-12       0.000000000000e+00       8.963085161382e-15       2.883633147947e-15       1.339719526841e-16 
  891       2.743552230673e-10       2.830267418369e-12       7.760615376504e-12       0.000000000000e+00       8.925314752214e-15       2.858709817575e-15       1.368767638863e-16 
  892       2.726926475996e-10       2.870529242202e-12       7.863384833835e-12       0.000000000000e+00       8.887734799135e-15       2.833843159643e-15       1.397429434284e-16 
  893       2.710231298917e-10       2.911151120618e-12       7.961458541574e-12       0.000000000000e+00       8.850344693322e-15       2.809034632008e-15       1.425707766058e-16 
  894       2.693470880082e-10       2.952117426750e-12       8.054841823088e-12       0.000000000000e+00       8.813143805078e-15       2.784285699108e-15       1.453605533834e-16 
  895       2.676649437918e-10       2.993412382549e-12       8.143540273515e-12       0.000000000000e+00       8.776131483755e-15       2.759597831973e-15       1.481125684102e-16 
  896       2.659771228737e-10       3.035020058355e-12       8.227559760736e-12       0.000000000000e+00       8.739307057681e-15       2.734972508229e-15       1.508271210353e-16 
  897       2.642840546843e-10       3.076924372464e-12       8.306906426348e-12       0.000000000000e+00       8.702669834079e-15       2.710411212119e-15       1.535045153221e-16 
  898       2.625861724633e-10       3.119109090699e-12       8.381586686640e-12       0.000000000000e+00       8.666219098996e-15       2.685915434503e-15       1.561450600643e-16 
  899       2.608839132701e-10       3.161557825977e-12       8.451607233563e-12       0.000000000000e+00       8.629954117221e-15       2.661486672875e-15       1.587490688007e-16 
  900       2.591777179948e-10       3.204254037882e-12       8.516975035704e-12       0.000000000000e+00       8.593874132212e-15       2.637126431372e-15       1.613168598306e-16 
  901       2.574680313679e-10       3.247181032232e-12       8.577697339261e-12       0.000000000000e+00       8.557978366019e-15       2.612836220782e-15       1.638487562288e-16 
  902       2.557553019715e-10       3.290321960646e-12       8.633781669013e-12       0.000000000000e+00       8.522266019206e-15       2.588617558556e-15       1.663450858608e-16 
  903       2.540399822490e-10       3.333659820119e-12       8.685235829296e-12       0.000000000000e+00       8.486736270779e-15       2.564471968820e-15       1.688061813981e-16 
  904       2.523225285161e-10       3.377177452585e-12       8.732067904975e-12       0.000000000000e+00       8.451388278104e-15       2.540400982383e-15       1.712323803335e-16 
  905       2.506034009710e-10       3.420857544492e-12       8.774286262416e-12       0.000000000000e+00       8.416221176833e-15       2.516406136749e-15       1.736240249960e-16 
  906       2.488830637050e-10       3.464682626366e-12       8.811899550463e-12       0.000000000000e+00       8.381234080831e-15       2.492488976124e-15       1.759814625661e-16 
  907       2.471619847127e-10       3.508635072384e-12       8.844916701406e-12       0.000000000000e+00       8.346426082092e-15       2.468651051431e-15       1.783050450912e-16 
  908       2.454406359026e-10       3.552697099942e-12       8.873346931959e-12       0.000000000000e+00       8.311796250671e-15       2.444893920320e-15       1.805951295004e-16 
  909       2.437194931076e-10       3.596850769224e-12       8.897199744229e-12       0.000000000000e+00       8.277343634601e-15       2.421219147173e-15       1.828520776201e-16 
  910       2.419990360953e-10       3.641077982773e-12       8.916484926693e-12       0.000000000000e+00       8.243067259820e-15       2.397628303120e-15       1.850762561888e-16 
  911       2.402797485787e-10       3.685360485056e-12       8.931212555168e-12       0.000000000000e+00       8.208966130095e-15       2.374122966048e-15       1.872680368728e-16 
  912       2.385621182262e-10       3.729679862039e-12       8.941392993786e-12       0.000000000000e+00       8.175039226942e-15       2.350704720611e-15       1.894277962808e-16 
  913       2.368466366725e-10       3.774017540752e-12       8.947036895967e-12       0.000000000000e+00       8.141285509554e-15       2.327375158238e-15       1.915559159794e-16 
  914       2.351337995287e-10       3.818354788859e-12       8.948155205391e-12       0.000000000000e+00       8.107703914722e-15       2.304135877148e-15       1.936527825085e-16 
  915       2.334241063932e-10       3.862672714230e-12       8.944759156974e-12       0.000000000000e+00       8.074293356761e-15       2.280988482357e-15       1.957187873959e-16 
  916       2.317180608615e-10       3.906952264507e-12       8.936860277838e-12       0.000000000000e+00       8.041052727428e-15       2.257934585689e-15       1.977543271733e-16 
  917       2.300161705371e-10       3.951174226673e-12       8.924470388285e-12       0.000000000000e+00       8.007980895852e-15       2.234975805788e-15       1.997598033905e-16 
  918       2.283189470420e-10       3.995319226627e-12       8.907601602771e-12       0.000000000000e+00       7.975076708456e-15       2.212113768127e-15       2.017356226317e-16 
  919       2.266269060267e-10       4.039367728744e-12       8.886266330880e-12       0.000000000000e+00       7.942338988878e-15       2.189350105017e-15       2.036821965296e-16 
  920       2.249405671812e-10       4.083300035452e-12       8.860477278295e-12       0.000000000000e+00       7.909766537896e-15       2.166686455620e-15       2.055999417815e-16 
  921       2.232604542450e-10       4.127096286799e-12       8.830247447771e-12       0.000000000000e+00       7.877358133354e-15       2.144124465958e-15       2.074892801639e-16 
  922       2.215870950177e-10       4.170736460020e-12       8.795590140112e-12       0.000000000000e+00       7.845112530081e-15       2.121665788924e-15       2.093506385480e-16 
  923       2.199210213695e-10       4.214200369111e-12       8.756518955139e-12       0.000000000000e+00       7.813028459819e-15       2.099312084293e-15       2.111844489147e-16 
  924       2.182627692517e-10       4.257467664392e-12       8.713047792669e-12       0.000000000000e+00       7.781104631144e-15       2.077065018728e-15       2.129911483699e-16 
  925       2.166128787070e-10       4.300517832081e-12       8.665190853480e-12       0.000000000000e+00       7.749339729389e-15       2.054926265799e-15       2.147711791598e-16 
  926       2.149718938798e-10       4.343330193864e-12       8.612962640295e-12       0.000000000000e+00       7.717732416572e-15       2.032897505983e-15       2.165249886858e-16 
  927       2.133403630271e-10       4.385883906459e-12       8.556377958744e-12       0.000000000000e+00       7.686281331314e-15       2.010980426682e-15       2.182530295198e-16 
  928       2.117188385286e-10       4.428157961189e-12       8.495451918345e-12       0.000000000000e+00       7.654985088765e-15       1.989176722233e-15       2.199557594197e-16 
  929       2.101078768972e-10       4.470131183553e-12       8.430199933476e-12       0.000000000000e+00       7.623842280530e-15       1.967488093912e-15       2.216336413441e-16 
  930       2.085080387894e-10       4.511782232792e-12       8.360637724344e-12       0.000000000000e+00       7.592851474588e-15       1.945916249951e-15       2.232871434679e-16 
  931       2.069198328509e-10       4.553091341579e-12       8.286788153708e-12       0.000000000000e+00       7.562011384105e-15       1.924462501521e-15       2.249165847718e-16 
  932       2.053435462665e-10       4.594045565863e-12       8.208701852566e-12       0.000000000000e+00       7.531321376920e-15       1.903126543713e-15       2.265216691280e-16 
  933       2.037794115728e-10       4.634633616514e-12       8.126436919900e-12       0.000000000000e+00       7.500780973895e-15       1.881907655462e-15       2.281019439370e-16 
  934       2.022276625856e-10       4.674844126473e-12       8.040052118177e-12       0.000000000000e+00       7.470389680705e-15       1.860805101785e-15       2.296569538847e-16 
  935       2.006885344021e-10       4.714665650565e-12       7.949606875262e-12       0.000000000000e+00       7.440146987781e-15       1.839818133741e-15       2.311862409358e-16 
  936       1.991622634035e-10       4.754086665310e-12       7.855161286341e-12       0.000000000000e+00       7.410052370261e-15       1.818945988386e-15       2.326893443281e-16 
  937       1.976490872581e-10       4.793095568730e-12       7.756776115835e-12       0.000000000000e+00       7.380105287932e-15       1.798187888723e-15       2.341658005661e-16 
  938       1.961492449237e-10       4.831680680158e-12       7.654512799323e-12       0.000000000000e+00       7.350305185182e-15       1.777543043664e-15       2.356151434147e-16 
  939       1.946629766504e-10       4.869830240052e-12       7.548433445458e-12       0.000000000000e+00       7.320651490944e-15       1.757010647974e-15       2.370369038933e-16 
  940       1.931905239831e-10       4.907532409804e-12       7.438600837885e-12       0.000000000000e+00       7.291143618642e-15       1.736589882237e-15       2.384306102695e-16 
  941       1.917321297643e-10       4.944775271545e-12       7.325078437163e-12       0.000000000000e+00       7.261780966141e-15       1.716279912801e-15       2.397957880529e-16 
  942       1.902880381370e-10       4.981546827963e-12       7.207930382679e-12       0.000000000000e+00       7.232562915694e-15       1.696079891738e-15       2.411319599893e-16 
  943       1.888584945467e-10       5.017835002105e-12       7.087221494569e-12       0.000000000000e+00       7.203488833883e-15       1.675988956798e-15       2.424386460537e-16 
  944       1.874437457450e-10       5.053627637193e-12       6.963017275638e-12       0.000000000000e+00       7.174558071576e-15       1.656006231360e-15       2.437153634450e-16 
  945       1.860440397914e-10       5.088912496429e-12       6.835383913276e-12       0.000000000000e+00       7.145769963863e-15       1.636130824392e-15       2.449616265796e-16 
  946       1.846596260567e-10       5.123677262811e-12       6.704388281376e-12       0.000000000000e+00       7.117123830014e-15       1.616361830399e-15       2.461769470847e-16 
  947       1.832907552252e-10       5.157909538937e-12       6.570097942256e-12       0.000000000000e+00       7.088618973414e-15       1.596698329384e-15       2.473608337931e-16 
  948       1.819376792975e-10       5.191596846816e-12       6.432581148575e-12       0.000000000000e+00       7.060254681522e-15       1.577139386798e-15       2.485127927360e-16 
  949       1.806006515933e-10       5.224726627682e-12       6.291906845251e-12       0.000000000000e+00       7.032030225808e-15       1.557684053496e-15       2.496323271377e-16 
  950       1.792799267539e-10       5.257286241799e-12       6.148144671383e-12       0.000000000000e+00       7.003944861707e-15       1.538331365692e-15       2.507189374088e-16 
  951       1.779757607450e-10       5.289262968275e-12       6.001364962164e-12       0.000000000000e+00       6.975997828563e-15       1.519080344912e-15       2.517721211406e-16 
  952       1.766884108594e-10       5.320644004867e-12       5.851638750805e-12       0.000000000000e+00       6.948188349574e-15       1.499929997950e-15       2.527913730983e-16 
  953       1.754181357195e-10       5.351416467798e-12       5.699037770452e-12       0.000000000000e+00       6.920515631742e-15       1.480879316823e-15       2.537761852155e-16 
  954       1.741651952803e-10       5.381567391558e-12       5.543634456100e-12       0.000000000000e+00       6.892978865820e-15       1.461927278724e-15       2.547260465874e-16 
  955       1.729298508317e-10       5.411083728724e-12       5.385501946520e-12       0.000000000000e+00       6.865577226258e-15       1.443072845976e-15       2.556404434651e-16 
  956       1.717123650013e-10       5.439952349760e-12       5.224714086170e-12       0.000000000000e+00       6.838309871149e-15       1.424314965988e-15       2.565188592494e-16 
  957       1.705130017573e-10       5.468160042833e-12       5.061345427118e-12       0.000000000000e+00       6.811175942177e-15       1.405652571209e-15       2.573607744842e-16 
  958       1.693320264108e-10       5.495693513624e-12       4.895471230958e-12       0.000000000000e+00       6.784174564565e-15       1.387084579083e-15       2.581656668509e-16 
  959       1.681697056190e-10       5.522539385132e-12       4.727167470730e-12       0.000000000000e+00       6.757304847019e-15       1.368609892003e-15       2.589330111619e-16 
  960       1.670263073873e-10       5.548684197490e-12       4.556510832838e-12       0.000000000000e+00       6.730565881679e-15       1.350227397266e-15       2.596622793545e-16 
  961       1.659021010723e-10       5.574114407770e-12       4.383578718970e-12       0.000000000000e+00       6.703956744063e-15       1.331935967024e-15       2.603529404848e-16 
  962       1.647973573844e-10       5.598816389797e-12       4.208449248014e-12       0.000000000000e+00       6.677476493012e-15       1.313734458246e-15       2.610044607213e-16 
  963       1.637123483905e-10       5.622776433957e-12       4.031201257977e-12       0.000000000000e+00       6.651124170645e-15       1.295621712664e-15       2.616163033392e-16 
  964       1.626473475168e-10       5.645980747005e-12       3.851914307906e-12       0.000000000000e+00       6.624898802297e-15       1.277596556735e-15       2.621879287138e-16 
  965       1.616026295511e-10       5.668415451880e-12       3.670668679804e-12       0.000000000000e+00       6.598799396469e-15       1.259657801590e-15       2.627187943144e-16 
  966       1.605784706459e-10       5.690066587511e-12       3.487545380550e-12       0.000000000000e+00       6.572824944779e-15       1.241804242990e-15       2.632083546984e-16 
  967       1.595751483209e-10       5.710920108625e-12       3.302626143817e-12       0.000000000000e+00       6.546974421903e-15       1.224034661283e-15       2.636560615048e-16 
  968       1.585929414657e-10       5.730961885565e-12       3.115993431991e-12       0.000000000000e+00       6.521246785525e-15       1.206347821355e-15       2.640613634484e-16 
  969       1.576321303422e-10       5.750177704090e-12       2.927730438087e-12       0.000000000000e+00       6.495640976283e-15       1.188742472587e-15       2.644237063131e-16 
  970       1.566929965879e-10       5.768553265193e-12       2.737921087672e-12       0.000000000000e+00       6.470155917718e-15       1.171217348808e-15       2.647425329464e-16 
  971       1.557757671353e-10       5.786076580729e-12       2.546647605170e-12       0.000000000000e+00       6.444790639818e-15       1.153771550855e-15       2.650174824208e-16 
  972       1.548804450432e-10       5.802745200184e-12       2.353983168819e-12       0.000000000000e+00       6.419544651808e-15       1.136405700640e-15       2.652489908141e-16 
  973       1.540069761262e-10       5.818559092227e-12       2.159999149046e-12       0.000000000000e+00       6.394417574862e-15       1.119120804351e-15       2.654376994533e-16 
  974       1.531553048028e-10       5.833518258861e-12       1.964767535666e-12       0.000000000000e+00       6.369409018976e-15       1.101917871424e-15       2.655842565853e-16 
  975       1.523253740904e-10       5.847622735533e-12       1.768360939493e-12       0.000000000000e+00       6.344518582929e-15       1.084797914548e-15       2.656893173955e-16 
  976       1.515171256012e-10       5.860872591250e-12       1.570852593947e-12       0.000000000000e+00       6.319745854248e-15       1.067761949665e-15       2.657535440276e-16 
  977       1.507304995376e-10       5.873267928695e-12       1.372316356668e-12       0.000000000000e+00       6.295090409170e-15       1.050810995973e-15       2.657776056021e-16 
  978       1.499654346879e-10       5.884808884338e-12       1.172826711115e-12       0.000000000000e+00       6.270551812601e-15       1.033946075934e-15       2.657621782361e-16 
  979       1.492218684216e-10       5.895495628555e-12       9.724587681869e-13       0.000000000000e+00       6.246129618085e-15       1.017168215271e-15       2.657079450617e-16 
  980       1.484997366850e-10       5.905328365738e-12       7.712882678209e-13       0.000000000000e+00       6.221823367761e-15       1.000478442977e-15       2.656155962460e-16 
  981       1.477989739972e-10       5.914307334413e-12       5.693915806077e-13       0.000000000000e+00       6.197632592330e-15       9.838777913123e-16       2.654858290095e-16 
  982       1.471195134447e-10       5.922432807353e-12       3.668457093982e-13       0.000000000000e+00       6.173556811014e-15       9.673672958123e-16       2.653193476460e-16 
  983       1.464612866781e-10       5.929705091694e-12       1.637282909125e-13       0.000000000000e+00       6.149595531521e-15       9.509479952885e-16       2.651168635409e-16 
  984       1.458242239066e-10       5.936124529047e-12      -3.988240265075e-14       0.000000000000e+00       6.125748250008e-15       9.346209318320e-16       2.648790951912e-16 
  985       1.452082538943e-10       5.941691495613e-12      -2.439074620062e-13       0.000000000000e+00       6.102014451041e-15       9.183871508166e-16       2.646067682241e-16 
  986       1.446133039553e-10       5.946406402302e-12      -4.482673391722e-13       0.000000000000e+00       6.078393607561e-15       9.022477009022e-16       2.643006154164e-16 
  987       1.440392999495e-10       5.950269694840e-12      -6.528818458624e-13       0.000000000000e+00       6.054885180844e-15       8.862036340379e-16       2.639613767134e-16 
  988       1.434861662781e-10       5.953281853890e-12      -8.576701518766e-13       0.000000000000e+00       6.031488620466e-15       8.702560054649e-16       2.635897992485e-16 
  989       1.429538258789e-10       5.955443395163e-12      -1.062550783492e-12       0.000000000000e+00       6.008203364263e-15       8.544058737197e-16       2.631866373620e-16 
  990       1.424422002221e-10       5.956754869535e-12      -1.267441621854e-12       0.000000000000e+00       5.985028838297e-15       8.386543006377e-16       2.627526526203e-16 
  991       1.419512093061e-10       5.957216863159e-12      -1.472259901369e-12       0.000000000000e+00       5.961964456814e-15       8.230023513556e-16       2.622886138353e-16 
  992       1.414807716522e-10       5.956829997581e-12      -1.676922208092e-12       0.000000000000e+00       5.939009622213e-15       8.074510943154e-16       2.617952970832e-16 
  993       1.410308043012e-10       5.955594929854e-12      -1.881344478121e-12       0.000000000000e+00       5.916163725003e-15       7.920016012667e-16       2.612734857238e-16 
  994       1.406012228081e-10       5.953512352653e-12      -2.085441995987e-12       0.000000000000e+00       5.893426143767e-15       7.766549472705e-16       2.607239704200e-16 
  995       1.401919412381e-10       5.950582994389e-12      -2.289129393046e-12       0.000000000000e+00       5.870796245128e-15       7.614122107019e-16       2.601475491563e-16 
  996       1.398028721620e-10       5.946807619325e-12      -2.492320645866e-12       0.000000000000e+00       5.848273383708e-15       7.462744732537e-16       2.595450272584e-16 
  997       1.394339266518e-10       5.942187027689e-12      -2.694929074626e-12       0.000000000000e+00       5.825856902091e-15       7.312428199393e-16       2.589172174125e-16 
  998       1.390850142762e-10       5.936722055789e-12      -2.896867341498e-12       0.000000000000e+00       5.803546130788e-15       7.163183390955e-16       2.582649396839e-16 
  999       1.387560430962e-10       5.930413576125e-12      -3.098047449046e-12       0.000000000000e+00       5.781340388197e-15       7.015021223864e-16       2.575890215367e-16 
 1000       1.384469196605e-10       5.923262497511e-12      -3.298380738611e-12       0.000000000000e+00       5.759238980569e-15       6.867952648060e-16       2.568902978526e-16 
 1001       1.381575490014e-10       5.915269765180e-12      -3.497777888708e-12       0.000000000000e+00       5.737241201965e-15       6.721988646815e-16       2.561696109504e-16 
 1002       1.378878346298e-10       5.906436360906e-12      -3.696148913410e-12       0.000000000000e+00       5.715346334227e-15       6.577140236764e-16       2.554278106046e-16 
 1003       1.376376785312e-10       5.896763303114e-12      -3.893403160746e-12       0.000000000000e+00       5.693553646931e-15       6.433418467939e-16       2.546657540653e-16 
 1004       1.374069811612e-10       5.886251646997e-12      -4.089449311088e-12       0.000000000000e+00       5.671862397358e-15       6.290834423796e-16       2.538843060767e-16 
 1005       1.371956414408e-10       5.874902484630e-12      -4.284195375544e-12       0.000000000000e+00       5.650271830452e-15       6.149399221251e-16       2.530843388967e-16 
 1006       1.370035567521e-10       5.862716945083e-12      -4.477548694348e-12       0.000000000000e+00       5.628781178785e-15       6.009124010710e-16       2.522667323157e-16 
 1007       1.368306229339e-10       5.849696194540e-12      -4.669415935252e-12       0.000000000000e+00       5.607389662517e-15       5.870019976097e-16       2.514323736762e-16 
 1008       1.366767342772e-10       5.835841436405e-12      -4.859703091915e-12       0.000000000000e+00       5.586096489362e-15       5.732098334891e-16       2.505821578915e-16 
 1009       1.365417835207e-10       5.821153911428e-12      -5.048315482298e-12       0.000000000000e+00       5.564900854547e-15       5.595370338156e-16       2.497169874650e-16 
 1010       1.364256618463e-10       5.805634897808e-12      -5.235157747052e-12       0.000000000000e+00       5.543801940779e-15       5.459847270568e-16       2.488377725097e-16 
 1011       1.363282340664e-10       5.789287268236e-12      -5.420143253130e-12       0.000000000000e+00       5.522799011437e-15       5.325540644378e-16       2.479452726258e-16 
 1012       1.362492638009e-10       5.772120185398e-12      -5.603222456684e-12       0.000000000000e+00       5.501891691708e-15       5.192462784282e-16       2.470396199951e-16 
 1013       1.361884872104e-10       5.754144474538e-12      -5.784354946774e-12       0.000000000000e+00       5.481079691442e-15       5.060626251058e-16       2.461207894344e-16 
 1014       1.361456376986e-10       5.735371072988e-12      -5.963500076799e-12       0.000000000000e+00       5.460362712257e-15       4.930043648469e-16       2.451887559120e-16 
 1015       1.361204459057e-10       5.715811030464e-12      -6.140616963990e-12       0.000000000000e+00       5.439740447517e-15       4.800727623309e-16       2.442434945490e-16 
 1016       1.361126397007e-10       5.695475509363e-12      -6.315664488905e-12       0.000000000000e+00       5.419212582302e-15       4.672690865462e-16       2.432849806193e-16 
 1017       1.361219441739e-10       5.674375785063e-12      -6.488601294923e-12       0.000000000000e+00       5.398778793383e-15       4.545946107957e-16       2.423131895505e-16 
 1018       1.361480816299e-10       5.652523246215e-12      -6.659385787739e-12       0.000000000000e+00       5.378438749197e-15       4.420506127018e-16       2.413280969245e-16 
 1019       1.361907715798e-10       5.629929395044e-12      -6.827976134856e-12       0.000000000000e+00       5.358192109816e-15       4.296383742122e-16       2.403296784779e-16 
 1020       1.362497307342e-10       5.606605847645e-12      -6.994330265082e-12       0.000000000000e+00       5.338038526928e-15       4.173591816052e-16       2.393179101029e-16 
 1021       1.363246729957e-10       5.582564334282e-12      -7.158405868024e-12       0.000000000000e+00       5.317977643804e-15       4.052143254951e-16       2.382927678478e-16 
 1022       1.364153094514e-10       5.557816699681e-12      -7.320160393578e-12       0.000000000000e+00       5.298009095274e-15       3.932051008375e-16       2.372542279174e-16 
 1023       1.365213483660e-10       5.532374903331e-12      -7.479551051429e-12       0.000000000000e+00       5.278132507702e-15       3.813328069352e-16       2.362022666740e-16 
 1024       1.366424951737e-10       5.506251019779e-12      -7.636534810542e-12       0.000000000000e+00       5.258347498957e-15       3.695987474429e-16       2.351368606377e-16 
 1025       1.367784524715e-10       5.479457238929e-12      -7.791068398657e-12       0.000000000000e+00       5.238653678388e-15       3.580042303734e-16       2.340579864871e-16 
 1026       1.369289200115e-10       5.452005866336e-12      -7.943108301784e-12       0.000000000000e+00       5.219050646799e-15       3.465505681023e-16       2.329656210599e-16 
 1027       1.370935946938e-10       5.423909323507e-12      -8.092610763694e-12       0.000000000000e+00       5.199537996419e-15       3.352390773741e-16       2.318597413536e-16 
 1028       1.372721705587e-10       5.395180148197e-12      -8.239531785418e-12       0.000000000000e+00       5.180115310880e-15       3.240710793069e-16       2.307403245261e-16 
 1029       1.374643387797e-10       5.365830994702e-12      -8.383827124738e-12       0.000000000000e+00       5.160782165186e-15       3.130478993987e-16       2.296073478960e-16 
 1030       1.376697876561e-10       5.335874634164e-12      -8.525452295682e-12       0.000000000000e+00       5.141538125691e-15       3.021708675318e-16       2.284607889439e-16 
 1031       1.378882026055e-10       5.305323954860e-12      -8.664362568018e-12       0.000000000000e+00       5.122382750069e-15       2.914413179792e-16       2.273006253120e-16 
 1032       1.381192661565e-10       5.274191962506e-12      -8.800512966748e-12       0.000000000000e+00       5.103315587290e-15       2.808605894093e-16       2.261268348059e-16 
 1033       1.383626579414e-10       5.242491780548e-12      -8.933858271605e-12       0.000000000000e+00       5.084336177593e-15       2.704300248919e-16       2.249393953940e-16 
 1034       1.386180546888e-10       5.210236650465e-12      -9.064353016543e-12       0.000000000000e+00       5.065444052460e-15       2.601509719031e-16       2.237382852091e-16 
 1035       1.388851302162e-10       5.177439932061e-12      -9.191951489234e-12       0.000000000000e+00       5.046638734586e-15       2.500247823310e-16       2.225234825485e-16 
 1036       1.391635554224e-10       5.144115103766e-12      -9.316607730561e-12       0.000000000000e+00       5.027919737860e-15       2.400528124811e-16       2.212949658746e-16 
 1037       1.394529982809e-10       5.110275762933e-12      -9.438275534113e-12       0.000000000000e+00       5.009286567330e-15       2.302364230819e-16       2.200527138159e-16 
 1038       1.397531238317e-10       5.075935626130e-12      -9.556908445679e-12       0.000000000000e+00       4.990738719185e-15       2.205769792898e-16       2.187967051670e-16 
 1039       1.400635941742e-10       5.041108529443e-12      -9.672459762742e-12       0.000000000000e+00       4.972275680720e-15       2.110758506951e-16       2.175269188899e-16 
 1040       1.403840684602e-10       5.005808428773e-12      -9.784882533972e-12       0.000000000000e+00       4.953896930318e-15       2.017344113271e-16       2.162433341139e-16 
 1041       1.407142028859e-10       4.970049400127e-12      -9.894129558725e-12       0.000000000000e+00       4.935601937418e-15       1.925540396597e-16       2.149459301369e-16 
 1042       1.410536506852e-10       4.933845639924e-12      -1.000015338653e-11       0.000000000000e+00       4.917390162490e-15       1.835361186165e-16       2.136346864255e-16 
 1043       1.414020621219e-10       4.897211465283e-12      -1.010290631659e-11       0.000000000000e+00       4.899261057010e-15       1.746820355767e-16       2.123095826157e-16 
 1044       1.417590844822e-10       4.860161314329e-12      -1.020234039727e-11       0.000000000000e+00       4.881214063431e-15       1.659931823803e-16       2.109705985138e-16 
 1045       1.421243620680e-10       4.822709746483e-12      -1.029840742560e-11       0.000000000000e+00       4.863248615159e-15       1.574709553332e-16       2.096177140968e-16 
 1046       1.424975361889e-10       4.784871442763e-12      -1.039105894676e-11       0.000000000000e+00       4.845364136527e-15       1.491167552133e-16       2.082509095128e-16 
 1047       1.428782451551e-10       4.746661206079e-12      -1.048024625358e-11       0.000000000000e+00       4.827560042765e-15       1.409319872753e-16       2.068701650821e-16 
 1048       1.432661242700e-10       4.708093961533e-12      -1.056592038602e-11       0.000000000000e+00       4.809835739978e-15       1.329180612565e-16       2.054754612973e-16 
 1049       1.436608058228e-10       4.669184756713e-12      -1.064803213070e-11       0.000000000000e+00       4.792190625116e-15       1.250763913821e-16       2.040667788242e-16 
 1050       1.440619190814e-10       4.629948761993e-12      -1.072653202035e-11       0.000000000000e+00       4.774624085951e-15       1.174083963706e-16       2.026440985026e-16 
 1051       1.444691059352e-10       4.590401088469e-12      -1.080138049640e-11       0.000000000000e+00       4.757135565194e-15       1.099149374959e-16       2.012074440750e-16 
 1052       1.448820680791e-10       4.550556238415e-12      -1.087257855235e-11       0.000000000000e+00       4.739724753899e-15       1.025946242085e-16       1.997570110245e-16 
 1053       1.453005204712e-10       4.510428647779e-12      -1.094013751537e-11       0.000000000000e+00       4.722391400692e-15       9.544548497202e-17       1.982930395292e-16 
 1054       1.457241757354e-10       4.470032868123e-12      -1.100406892241e-11       0.000000000000e+00       4.705135247858e-15       8.846552701532e-17       1.968157719015e-16 
 1055       1.461527441567e-10       4.429383566909e-12      -1.106438452084e-11       0.000000000000e+00       4.687956031314e-15       8.165273627697e-17       1.953254525932e-16 
 1056       1.465859336743e-10       4.388495527768e-12      -1.112109626903e-11       0.000000000000e+00       4.670853480594e-15       7.500507734963e-17       1.938223282005e-16 
 1057       1.470234498772e-10       4.347383650778e-12      -1.117421633695e-11       0.000000000000e+00       4.653827318826e-15       6.852049342453e-17       1.923066474697e-16 
 1058       1.474649959976e-10       4.306062952747e-12      -1.122375710676e-11       0.000000000000e+00       4.636877262715e-15       6.219690623590e-17       1.907786613023e-16 
 1059       1.479102729055e-10       4.264548567485e-12      -1.126973117342e-11       0.000000000000e+00       4.620003022525e-15       5.603221600537e-17       1.892386227599e-16 
 1060       1.483589791034e-10       4.222855746083e-12      -1.131215134528e-11       0.000000000000e+00       4.603204302054e-15       5.002430138646e-17       1.876867870700e-16 
 1061       1.488108107201e-10       4.180999857193e-12      -1.135103064466e-11       0.000000000000e+00       4.586480798621e-15       4.417101940894e-17       1.861234116307e-16 
 1062       1.492654615053e-10       4.138996387299e-12      -1.138638230849e-11       0.000000000000e+00       4.569832203042e-15       3.847020542334e-17       1.845487560166e-16 
 1063       1.497226228239e-10       4.096860941002e-12      -1.141821978887e-11       0.000000000000e+00       4.553258199614e-15       3.291967304536e-17       1.829630819832e-16 
 1064       1.501819836505e-10       4.054609241291e-12      -1.144655675368e-11       0.000000000000e+00       4.536758466092e-15       2.751721410027e-17       1.813666534730e-16 
 1065       1.506432305634e-10       4.012257129823e-12      -1.147140708719e-11       0.000000000000e+00       4.520332673672e-15       2.226059856740e-17       1.797597366202e-16 
 1066       1.511060477392e-10       3.969820567203e-12      -1.149278489061e-11       0.000000000000e+00       4.503980486972e-15       1.714757452452e-17       1.781425997561e-16 
 1067       1.515701169470e-10       3.927315633256e-12      -1.151070448276e-11       0.000000000000e+00       4.487701564011e-15       1.217586809233e-17       1.765155134144e-16 
 1068       1.520351175429e-10       3.884758527307e-12      -1.152518040060e-11       0.000000000000e+00       4.471495556188e-15       7.343183378851e-18       1.748787503364e-16 
 1069       1.525007264640e-10       3.842165568460e-12      -1.153622739988e-11       0.000000000000e+00       4.455362108269e-15       2.647202423884e-18       1.732325854761e-16 
 1070       1.529666182232e-10       3.799553195874e-12      -1.154386045570e-11       0.000000000000e+00       4.439300858360e-15      -1.914414856564e-18       1.715772960059e-16 
 1071       1.534324649031e-10       3.756937969038e-12      -1.154809476311e-11       0.000000000000e+00       4.423311437892e-15      -6.344030725844e-18       1.699131613213e-16 
 1072       1.538979361507e-10       3.714336568051e-12      -1.154894573773e-11       0.000000000000e+00       4.407393471600e-15      -1.064402968223e-17       1.682404630465e-16 
 1073       1.543626991715e-10       3.671765793901e-12      -1.154642901634e-11       0.000000000000e+00       4.391546577504e-15      -1.481681851448e-17       1.665594850395e-16 
 1074       1.548264187237e-10       3.629242568737e-12      -1.154056045747e-11       0.000000000000e+00       4.375770366890e-15      -1.886482635741e-17       1.648705133974e-16 
 1075       1.552887571131e-10       3.586783936152e-12      -1.153135614198e-11       0.000000000000e+00       4.360064444291e-15      -2.279050474745e-17       1.631738364616e-16 
 1076       1.557493741868e-10       3.544407061457e-12      -1.151883237371e-11       0.000000000000e+00       4.344428407464e-15      -2.659632767822e-17       1.614697448230e-16 
 1077       1.562079273279e-10       3.502129231958e-12      -1.150300568001e-11       0.000000000000e+00       4.328861847377e-15      -3.028479165607e-17       1.597585313277e-16 
 1078       1.566640714498e-10       3.459967857237e-12      -1.148389281239e-11       0.000000000000e+00       4.313364348183e-15      -3.385841575569e-17       1.580404910814e-16 
 1079       1.571174589903e-10       3.417940469425e-12      -1.146151074710e-11       0.000000000000e+00       4.297935487205e-15      -3.731974167562e-17       1.563159214554e-16 
 1080       1.575677399063e-10       3.376064723483e-12      -1.143587668571e-11       0.000000000000e+00       4.282574834914e-15      -4.067133379386e-17       1.545851220915e-16 
 1081       1.580145616678e-10       3.334358397475e-12      -1.140700805575e-11       0.000000000000e+00       4.267281954910e-15      -4.391577922343e-17       1.528483949074e-16 
 1082       1.584575692526e-10       3.292839392851e-12      -1.137492251125e-11       0.000000000000e+00       4.252056403907e-15      -4.705568786789e-17       1.511060441017e-16 
 1083       1.588964051402e-10       3.251525734719e-12      -1.133963793338e-11       0.000000000000e+00       4.236897731705e-15      -5.009369247696e-17       1.493583761594e-16 
 1084       1.593307093065e-10       3.210435572127e-12      -1.130117243105e-11       0.000000000000e+00       4.221805481177e-15      -5.303244870207e-17       1.476056998570e-16 
 1085       1.597601192178e-10       3.169587178335e-12      -1.125954434147e-11       0.000000000000e+00       4.206779188250e-15      -5.587463515190e-17       1.458483262680e-16 
 1086       1.601842698256e-10       3.128998951099e-12      -1.121477223077e-11       0.000000000000e+00       4.191818381881e-15      -5.862295344798e-17       1.440865687678e-16 
 1087       1.606027935604e-10       3.088689412942e-12      -1.116687489461e-11       0.000000000000e+00       4.176922584040e-15      -6.128012828023e-17       1.423207430390e-16 
 1088       1.610153203265e-10       3.048677211436e-12      -1.111587135876e-11       0.000000000000e+00       4.162091309693e-15      -6.384890746254e-17       1.405511670770e-16 
 1089       1.614214774961e-10       3.008981119475e-12      -1.106178087970e-11       0.000000000000e+00       4.147324066777e-15      -6.633206198832e-17       1.387781611947e-16 
 1090       1.618208899036e-10       2.969620035559e-12      -1.100462294520e-11       0.000000000000e+00       4.132620356187e-15      -6.873238608608e-17       1.370020480284e-16 
 1091       1.622132207100e-10       2.930611279610e-12      -1.094442221591e-11       0.000000000000e+00       4.117979726740e-15      -7.105234090644e-17       1.352231262803e-16 
 1092       1.625982946068e-10       2.891965454899e-12      -1.088122342118e-11       0.000000000000e+00       4.103401940937e-15      -7.329298024576e-17       1.334415915529e-16 
 1093       1.629759762510e-10       2.853691517861e-12      -1.081507666390e-11       0.000000000000e+00       4.088886811385e-15      -7.545501054512e-17       1.316576144651e-16 
 1094       1.633461295429e-10       2.815798476412e-12      -1.074603249872e-11       0.000000000000e+00       4.074434145994e-15      -7.753914597382e-17       1.298713668206e-16 
 1095       1.637086176250e-10       2.778295390055e-12      -1.067414193319e-11       0.000000000000e+00       4.060043747966e-15      -7.954610844903e-17       1.280830216108e-16 
 1096       1.640633028801e-10       2.741191369984e-12      -1.059945642881e-11       0.000000000000e+00       4.045715415777e-15      -8.147662765542e-17       1.262927530170e-16 
 1097       1.644100469298e-10       2.704495579192e-12      -1.052202790215e-11       0.000000000000e+00       4.031448943169e-15      -8.333144106489e-17       1.245007364133e-16 
 1098       1.647487106331e-10       2.668217232578e-12      -1.044190872593e-11       0.000000000000e+00       4.017244119130e-15      -8.511129395620e-17       1.227071483689e-16 
 1099       1.650791540847e-10       2.632365597048e-12      -1.035915173012e-11       0.000000000000e+00       4.003100727883e-15      -8.681693943466e-17       1.209121666513e-16 
 1100       1.654012366137e-10       2.596949991624e-12      -1.027381020304e-11       0.000000000000e+00       3.989018548872e-15      -8.844913845179e-17       1.191159702281e-16 
 1101       1.657148167816e-10       2.561979787550e-12      -1.018593789246e-11       0.000000000000e+00       3.974997356749e-15      -9.000865982498e-17       1.173187392702e-16 
 1102       1.660197523813e-10       2.527464408395e-12      -1.009558900668e-11       0.000000000000e+00       3.961036921358e-15      -9.149628025720e-17       1.155206551543e-16 
 1103       1.663159004352e-10       2.493413330162e-12      -1.000281821563e-11       0.000000000000e+00       3.947137007723e-15      -9.291278435662e-17       1.137219004652e-16 
 1104       1.666031171935e-10       2.459836081390e-12      -9.907680651968e-12       0.000000000000e+00       3.933297376032e-15      -9.425896465632e-17       1.119226589988e-16 
 1105       1.668812581332e-10       2.426742243265e-12      -9.810231912174e-12       0.000000000000e+00       3.919517781626e-15      -9.553562163393e-17       1.101231157643e-16 
 1106       1.671501779560e-10       2.394141449718e-12      -9.710528057645e-12       0.000000000000e+00       3.905797974983e-15      -9.674356373133e-17       1.083234569873e-16 
 1107       1.674097305872e-10       2.362043387538e-12      -9.608625615788e-12       0.000000000000e+00       3.892137701703e-15      -9.788360737428e-17       1.065238701119e-16 
 1108       1.676597691738e-10       2.330457796475e-12      -9.504581581118e-12       0.000000000000e+00       3.878536702498e-15      -9.895657699215e-17       1.047245438035e-16 
 1109       1.679001460831e-10       2.299394469343e-12      -9.398453416350e-12       0.000000000000e+00       3.864994713176e-15      -9.996330503751e-17       1.029256679517e-16 
 1110       1.681307129012e-10       2.268863252129e-12      -9.290299053496e-12       0.000000000000e+00       3.851511464624e-15      -1.009046320059e-16       1.011274336723e-16 
 1111       1.683513204313e-10       2.238874044100e-12      -9.180176894958e-12       0.000000000000e+00       3.838086682801e-15      -1.017814064554e-16       9.933003331045e-17 
 1112       1.685618186925e-10       2.209436797903e-12      -9.068145814625e-12       0.000000000000e+00       3.824720088718e-15      -1.025944850263e-16       9.753366044290e-17 
 1113       1.687620569175e-10       2.180561519675e-12      -8.954265158967e-12       0.000000000000e+00       3.811411398426e-15      -1.033447324610e-16       9.573850988080e-17 
 1114       1.689518835522e-10       2.152258269150e-12      -8.838594748131e-12       0.000000000000e+00       3.798160323004e-15      -1.040330216232e-16       9.394477767222e-17 
 1115       1.691311462530e-10       2.124537159760e-12      -8.721194877031e-12       0.000000000000e+00       3.784966568542e-15      -1.046602335182e-16       9.215266110474e-17 
 1116       1.692996918859e-10       2.097408358744e-12      -8.602126316452e-12       0.000000000000e+00       3.771829836130e-15      -1.052272573119e-16       9.036235870812e-17 
 1117       1.694573665250e-10       2.070882087253e-12      -8.481450314136e-12       0.000000000000e+00       3.758749821841e-15      -1.057349903512e-16       8.857407025683e-17 
 1118       1.696040154505e-10       2.044968620454e-12      -8.359228595882e-12       0.000000000000e+00       3.745726216721e-15      -1.061843381828e-16       8.678799677270e-17 
 1119       1.697394831476e-10       2.019678287638e-12      -8.235523366639e-12       0.000000000000e+00       3.732758706772e-15      -1.065762145738e-16       8.500434052747e-17 
 1120       1.698636133046e-10       1.995021472327e-12      -8.110397311602e-12       0.000000000000e+00       3.719846972938e-15      -1.069115415306e-16       8.322330504548e-17 
 1121       1.699762488116e-10       1.971008612375e-12      -7.983913597307e-12       0.000000000000e+00       3.706990691095e-15      -1.071912493190e-16       8.144509510617e-17 
 1122       1.700772317591e-10       1.947650200075e-12      -7.856135872725e-12       0.000000000000e+00       3.694189532031e-15      -1.074162764839e-16       7.966991674676e-17 
 1123       1.701664034357e-10       1.924956782269e-12      -7.727128270357e-12       0.000000000000e+00       3.681443161439e-15      -1.075875698684e-16       7.789797726480e-17 
 1124       1.702436043276e-10       1.902938960449e-12      -7.596955407328e-12       0.000000000000e+00       3.668751239896e-15      -1.077060846345e-16       7.612948522081e-17 
 1125       1.703086741163e-10       1.881607390864e-12      -7.465682386487e-12       0.000000000000e+00       3.656113422856e-15      -1.077727842816e-16       7.436465044087e-17 
 1126       1.703614516773e-10       1.860972784627e-12      -7.333374797493e-12       0.000000000000e+00       3.643529360630e-15      -1.077886406671e-16       7.260368401919e-17 
 1127       1.704017750784e-10       1.841045907817e-12      -7.200098717921e-12       0.000000000000e+00       3.630998698376e-15      -1.077546340255e-16       7.084679832077e-17 
 1128       1.704294815785e-10       1.821837581589e-12      -7.065920714345e-12       0.000000000000e+00       3.618521076085e-15      -1.076717529885e-16       6.909420698397e-17 
 1129       1.704444076258e-10       1.803358682280e-12      -6.930907843442e-12       0.000000000000e+00       3.606096128565e-15      -1.075409946042e-16       6.734612492309e-17 
 1130       1.704463888562e-10       1.785620141508e-12      -6.795127653085e-12       0.000000000000e+00       3.593723485428e-15      -1.073633643572e-16       6.560276833102e-17 
 1131       1.704352990519e-10       1.768630853037e-12      -6.658645672707e-12       0.000000000000e+00       3.581402807111e-15      -1.071395372781e-16       6.386431031954e-17 
 1132       1.704111675709e-10       1.752391363520e-12      -6.521517846694e-12       0.000000000000e+00       3.569133893471e-15      -1.068688364390e-16       6.213074720756e-17 
 1133       1.703740634314e-10       1.736900100442e-12      -6.383798005402e-12       0.000000000000e+00       3.556916576565e-15      -1.065502412982e-16       6.040203051039e-17 
 1134       1.703240564922e-10       1.722155457883e-12      -6.245540367878e-12       0.000000000000e+00       3.544750684734e-15      -1.061827254013e-16       5.867811114371e-17 
 1135       1.702612174541e-10       1.708155796427e-12      -6.106799542713e-12       0.000000000000e+00       3.532636042588e-15      -1.057652563686e-16       5.695893942209e-17 
 1136       1.701856178623e-10       1.694899443074e-12      -5.967630528912e-12       0.000000000000e+00       3.520572471002e-15      -1.052967958835e-16       5.524446505735e-17 
 1137       1.700973301087e-10       1.682384691147e-12      -5.828088716742e-12       0.000000000000e+00       3.508559787101e-15      -1.047762996803e-16       5.353463715708e-17 
 1138       1.699964274336e-10       1.670609800202e-12      -5.688229888603e-12       0.000000000000e+00       3.496597804249e-15      -1.042027175316e-16       5.182940422303e-17 
 1139       1.698829839281e-10       1.659572995939e-12      -5.548110219878e-12       0.000000000000e+00       3.484686332044e-15      -1.035749932370e-16       5.012871414959e-17 
 1140       1.697570745360e-10       1.649272470109e-12      -5.407786279798e-12       0.000000000000e+00       3.472825176299e-15      -1.028920646103e-16       4.843251422221e-17 
 1141       1.696187750563e-10       1.639706380426e-12      -5.267315032300e-12       0.000000000000e+00       3.461014139039e-15      -1.021528634681e-16       4.674075111584e-17 
 1142       1.694681621446e-10       1.630872850475e-12      -5.126753836888e-12       0.000000000000e+00       3.449253018487e-15      -1.013563156169e-16       4.505337089341e-17 
 1143       1.693053133160e-10       1.622769969621e-12      -4.986160449491e-12       0.000000000000e+00       3.437541609055e-15      -1.005013408417e-16       4.337031900424e-17 
 1144       1.691303069466e-10       1.615395792920e-12      -4.845593023322e-12       0.000000000000e+00       3.425879701332e-15      -9.958685289346e-17       4.169154028248e-17 
 1145       1.689432222759e-10       1.608748341028e-12      -4.705110109739e-12       0.000000000000e+00       3.414267082072e-15      -9.861175947731e-17       4.001697894559e-17 
 1146       1.687441394088e-10       1.602825600110e-12      -4.564770659105e-12       0.000000000000e+00       3.402703534190e-15      -9.757496224024e-17       3.834657859276e-17 
 1147       1.685331393178e-10       1.597625521748e-12      -4.424634021648e-12       0.000000000000e+00       3.391188836742e-15      -9.647535675909e-17       3.668028220335e-17 
 1148       1.683103038450e-10       1.593146022855e-12      -4.284759948317e-12       0.000000000000e+00       3.379722764924e-15      -9.531183252846e-17       3.501803213532e-17 
 1149       1.680757157043e-10       1.589384985579e-12      -4.145208591645e-12       0.000000000000e+00       3.368305090054e-15      -9.408327294858e-17       3.335977012374e-17 
 1150       1.678294584834e-10       1.586340257218e-12      -4.006040506608e-12       0.000000000000e+00       3.356935579567e-15      -9.278855531327e-17       3.170543727915e-17 
 1151       1.675716166458e-10       1.584009650125e-12      -3.867316651485e-12       0.000000000000e+00       3.345613996999e-15      -9.142655079778e-17       3.005497408606e-17 
 1152       1.673022755335e-10       1.582390941617e-12      -3.729098388716e-12       0.000000000000e+00       3.334340101983e-15      -8.999612444672e-17       2.840832040137e-17 
 1153       1.670215213681e-10       1.581481873891e-12      -3.591447485762e-12       0.000000000000e+00       3.323113650232e-15      -8.849613516200e-17       2.676541545283e-17 
 1154       1.667294412539e-10       1.581280153925e-12      -3.454426115967e-12       0.000000000000e+00       3.311934393534e-15      -8.692543569068e-17       2.512619783745e-17 
 1155       1.664261231793e-10       1.581783453394e-12      -3.318096859414e-12       0.000000000000e+00       3.300802079738e-15      -8.528287261290e-17       2.349060552000e-17 
 1156       1.661116560194e-10       1.582989408576e-12      -3.182522703787e-12       0.000000000000e+00       3.289716452743e-15      -8.356728632978e-17       2.185857583140e-17 
 1157       1.657861295378e-10       1.584895620262e-12      -3.047767045229e-12       0.000000000000e+00       3.278677252491e-15      -8.177751105135e-17       2.023004546719e-17 
 1158       1.654496343885e-10       1.587499653669e-12      -2.913893689206e-12       0.000000000000e+00       3.267684214954e-15      -7.991237478440e-17       1.860495048598e-17 
 1159       1.651022621187e-10       1.590799038341e-12      -2.780966851358e-12       0.000000000000e+00       3.256737072123e-15      -7.797069932045e-17       1.698322630788e-17 
 1160       1.647441051704e-10       1.594791268069e-12      -2.649051158368e-12       0.000000000000e+00       3.245835552001e-15      -7.595130022358e-17       1.536480771294e-17 
 1161       1.643752568823e-10       1.599473800792e-12      -2.518211648815e-12       0.000000000000e+00       3.234979378586e-15      -7.385298681842e-17       1.374962883961e-17 
 1162       1.639958114925e-10       1.604844058513e-12      -2.388513774038e-12       0.000000000000e+00       3.224168271868e-15      -7.167456217799e-17       1.213762318318e-17 
 1163       1.636058641403e-10       1.610899427202e-12      -2.260023398990e-12       0.000000000000e+00       3.213401947813e-15      -6.941482311160e-17       1.052872359421e-17 
 1164       1.632055108680e-10       1.617637256711e-12      -2.132806803106e-12       0.000000000000e+00       3.202680118356e-15      -6.707256015283e-17       8.922862276992e-18 
 1165       1.627948486237e-10       1.625054860680e-12      -2.006930681155e-12       0.000000000000e+00       3.192002491386e-15      -6.464655754734e-17       7.319970787983e-18 
 1166       1.623739752628e-10       1.633149516450e-12      -1.882462144101e-12       0.000000000000e+00       3.181368770741e-15      -6.213559324085e-17       5.719980034255e-18 
 1167       1.619429895503e-10       1.641918464967e-12      -1.759468719967e-12       0.000000000000e+00       3.170778656195e-15      -5.953843886700e-17       4.122820271932e-18 
 1168       1.615019911629e-10       1.651358910697e-12      -1.638018354691e-12       0.000000000000e+00       3.160231843446e-15      -5.685385973525e-17       2.528421104643e-18 
 1169       1.610510806914e-10       1.661468021533e-12      -1.518179412985e-12       0.000000000000e+00       3.149728024106e-15      -5.408061481884e-17       9.367114819585e-19 
 1170       1.605903596422e-10       1.672242928705e-12      -1.400020679196e-12       0.000000000000e+00       3.139266885695e-15      -5.121745674264e-17      -6.523803021624e-19 
 1171       1.601199458437e-10       1.683679520018e-12      -1.283603806208e-12       0.000000000000e+00       3.128848144047e-15      -4.826374043990e-17      -2.238838359315e-18 
 1172       1.596400198711e-10       1.695768803268e-12      -1.168960557239e-12       0.000000000000e+00       3.118471641014e-15      -4.522125746331e-17      -3.822293247537e-18 
 1173       1.591507792047e-10       1.708500497258e-12      -1.056115281702e-12       0.000000000000e+00       3.108137247965e-15      -4.209242454427e-17      -5.402284614032e-18 
 1174       1.586524228827e-10       1.721864234156e-12      -9.450924416016e-13       0.000000000000e+00       3.097844833463e-15      -3.887967704168e-17      -6.978349139549e-18 
 1175       1.581451515045e-10       1.735849559300e-12      -8.359166117284e-13       0.000000000000e+00       3.087594263261e-15      -3.558546898300e-17      -8.550020532220e-18 
 1176       1.576291672338e-10       1.750445930999e-12      -7.286124798626e-13       0.000000000000e+00       3.077385400289e-15      -3.221227310547e-17      -1.011682952140e-17 
 1177       1.571046738025e-10       1.765642720339e-12      -6.232048469712e-13       0.000000000000e+00       3.067218104651e-15      -2.876258089715e-17      -1.167830385152e-17 
 1178       1.565718765138e-10       1.781429210988e-12      -5.197186274079e-13       0.000000000000e+00       3.057092233614e-15      -2.523890263809e-17      -1.323396827591e-17 
 1179       1.560309822460e-10       1.797794598997e-12      -4.181788491121e-13       0.000000000000e+00       3.047007641606e-15      -2.164376744144e-17      -1.478334455062e-17 
 1180       1.554821994555e-10       1.814727992607e-12      -3.186106538087e-13       0.000000000000e+00       3.036964180199e-15      -1.797972329459e-17      -1.632595142831e-17 
 1181       1.549257381807e-10       1.832218412049e-12      -2.210392972066e-13       0.000000000000e+00       3.026961698110e-15      -1.424933710026e-17      -1.786130465205e-17 
 1182       1.543618100452e-10       1.850254789354e-12      -1.254901491986e-13       0.000000000000e+00       3.017000041189e-15      -1.045519471768e-17      -1.938891694919e-17 
 1183       1.537906282612e-10       1.868825968151e-12      -3.198869406068e-14       0.000000000000e+00       3.007079052412e-15      -6.599901003656e-18      -2.090829802515e-17 
 1184       1.532124076332e-10       1.887920703475e-12       5.943946934924e-14       0.000000000000e+00       2.997198571874e-15      -2.686079853743e-18      -2.241895455732e-17 
 1185       1.526273645613e-10       1.907527661569e-12       1.487686273915e-13       0.000000000000e+00       2.987358436781e-15       1.283625756661e-18      -2.392039018884e-17 
 1186       1.520357170446e-10       1.927635419688e-12       2.359729514456e-13       0.000000000000e+00       2.977558481442e-15       5.306553731177e-18      -2.541210552250e-17 
 1187       1.514376846847e-10       1.948232465903e-12       3.210264977110e-13       0.000000000000e+00       2.967798537261e-15       9.380022811324e-18      -2.689359811454e-17 
 1188       1.508334886891e-10       1.969307198906e-12       4.039032070078e-13       0.000000000000e+00       2.958078432732e-15       1.350133253539e-17      -2.836436246848e-17 
 1189       1.502233518749e-10       1.990847927814e-12       4.845769045771e-13       0.000000000000e+00       2.948397993425e-15       1.766776319731e-17      -2.982389002901e-17 
 1190       1.496074986719e-10       2.012842871972e-12       5.630212998825e-13       0.000000000000e+00       2.938757041988e-15       2.187657580554e-17      -3.127166917576e-17 
 1191       1.489861551262e-10       2.035280160756e-12       6.392099864099e-13       0.000000000000e+00       2.929155398129e-15       2.612501204194e-17      -3.270718521722e-17 
 1192       1.483595489038e-10       2.058147833380e-12       7.131164414690e-13       0.000000000000e+00       2.919592878616e-15       3.041029422063e-17      -3.412992038450e-17 
 1193       1.477279092939e-10       2.081433838697e-12       7.847140259935e-13       0.000000000000e+00       2.910069297265e-15       3.472962524688e-17      -3.553935382523e-17 
 1194       1.470914672122e-10       2.105126035005e-12       8.539759843421e-13       0.000000000000e+00       2.900584464936e-15       3.908018857598e-17      -3.693496159736e-17 
 1195       1.464504552046e-10       2.129212189849e-12       9.208754440990e-13       0.000000000000e+00       2.891138189521e-15       4.345914817214e-17      -3.831621666303e-17 
 1196       1.458051074506e-10       2.153679979828e-12       9.853854158749e-13       0.000000000000e+00       2.881730275939e-15       4.786364846730e-17      -3.968258888238e-17 
 1197       1.451556597667e-10       2.178516990394e-12       1.047478793107e-12       0.000000000000e+00       2.872360526128e-15       5.229081432008e-17      -4.103354500742e-17 
 1198       1.445023496099e-10       2.203710715664e-12       1.107128351862e-12       0.000000000000e+00       2.863028739038e-15       5.673775097461e-17      -4.236854867583e-17 
 1199       1.438454160811e-10       2.229248558214e-12       1.164306750633e-12       0.000000000000e+00       2.853734710621e-15       6.120154401942e-17      -4.368706040486e-17 
 1200       1.431850999284e-10       2.255117828890e-12       1.218986530142e-12       0.000000000000e+00       2.844478233824e-15       6.567925934631e-17      -4.498853758511e-17 
 1201       1.425216435511e-10       2.281305746612e-12       1.271140113144e-12       0.000000000000e+00       2.835259098586e-15       7.016794310922e-17      -4.627243447437e-17 
 1202       1.418552910024e-10       2.307799438172e-12       1.320739804222e-12       0.000000000000e+00       2.826077091823e-15       7.466462168313e-17      -4.753820219154e-17 
 1203       1.411862879933e-10       2.334585938046e-12       1.367757789590e-12       0.000000000000e+00       2.816931997424e-15       7.916630162290e-17      -4.878528871035e-17 
 1204       1.405148818962e-10       2.361652188190e-12       1.412166136896e-12       0.000000000000e+00       2.807823596245e-15       8.366996962217e-17      -5.001313885331e-17 
 1205       1.398413217478e-10       2.388985037851e-12       1.453936795021e-12       0.000000000000e+00       2.798751666097e-15       8.817259247222e-17      -5.122119428547e-17 
 1206       1.391658582532e-10       2.416571243367e-12       1.493041593876e-12       0.000000000000e+00       2.789715981743e-15       9.267111702087e-17      -5.240889350829e-17 
 1207       1.384887437887e-10       2.444397467970e-12       1.529452244211e-12       0.000000000000e+00       2.780716314886e-15       9.716247013131e-17      -5.357567185351e-17 
 1208       1.378102324059e-10       2.472450281594e-12       1.563140337407e-12       0.000000000000e+00       2.771752434166e-15       1.016435586410e-16      -5.472096147693e-17 
 1209       1.371305798345e-10       2.500716160676e-12       1.594077345283e-12       0.000000000000e+00       2.762824105146e-15       1.061112693207e-16      -5.584419135228e-17 
 1210       1.364500434863e-10       2.529181487961e-12       1.622234619894e-12       0.000000000000e+00       2.753931090312e-15       1.105624688328e-16      -5.694478726507e-17 
 1211       1.357688696641e-10       2.557832868133e-12       1.647590921867e-12       0.000000000000e+00       2.745073172049e-15       1.149944698444e-16      -5.802233357476e-17 
 1212       1.350872550132e-10       2.586658079279e-12       1.670155105284e-12       0.000000000000e+00       2.736250221910e-15       1.194064356045e-16      -5.907706065093e-17 
 1213       1.344053846115e-10       2.615645132520e-12       1.689943706218e-12       0.000000000000e+00       2.727462132170e-15       1.237979922382e-16      -6.010936330836e-17 
 1214       1.337234447240e-10       2.644781957055e-12       1.706973439449e-12       0.000000000000e+00       2.718708792908e-15       1.281687641284e-16      -6.111963957944e-17 
 1215       1.330416228052e-10       2.674056399991e-12       1.721261198878e-12       0.000000000000e+00       2.709990091997e-15       1.325183739126e-16      -6.210829072123e-17 
 1216       1.323601075016e-10       2.703456226173e-12       1.732824057949e-12       0.000000000000e+00       2.701305915103e-15       1.368464424798e-16      -6.307572122252e-17 
 1217       1.316790886538e-10       2.732969118015e-12       1.741679270060e-12       0.000000000000e+00       2.692656145674e-15       1.411525889677e-16      -6.402233881088e-17 
 1218       1.309987572994e-10       2.762582675324e-12       1.747844268981e-12       0.000000000000e+00       2.684040664939e-15       1.454364307596e-16      -6.494855445977e-17 
 1219       1.303193056748e-10       2.792284415139e-12       1.751336669270e-12       0.000000000000e+00       2.675459351901e-15       1.496975834813e-16      -6.585478239554e-17 
 1220       1.296409272181e-10       2.822061771553e-12       1.752174266690e-12       0.000000000000e+00       2.666912083329e-15       1.539356609984e-16      -6.674144010457e-17 
 1221       1.289638165713e-10       2.851902095546e-12       1.750375038626e-12       0.000000000000e+00       2.658398733753e-15       1.581502754127e-16      -6.760894834027e-17 
 1222       1.282881695827e-10       2.881792654815e-12       1.745957144497e-12       0.000000000000e+00       2.649919175460e-15       1.623410370598e-16      -6.845773113019e-17 
 1223       1.276141833094e-10       2.911720633604e-12       1.738938926178e-12       0.000000000000e+00       2.641473278488e-15       1.665075545057e-16      -6.928821578308e-17 
 1224       1.269420560197e-10       2.941673132531e-12       1.729338908412e-12       0.000000000000e+00       2.633060910618e-15       1.706494345441e-16      -7.010083289591e-17 
 1225       1.262719871952e-10       2.971637168422e-12       1.717175799228e-12       0.000000000000e+00       2.624681937368e-15       1.747662821929e-16      -7.089601636101e-17 
 1226       1.256041775337e-10       3.001599674137e-12       1.702468490357e-12       0.000000000000e+00       2.616336221993e-15       1.788577006917e-16      -7.167420337306e-17 
 1227       1.249388289511e-10       3.031547498403e-12       1.685236057650e-12       0.000000000000e+00       2.608023625470e-15       1.829232914986e-16      -7.243583443622e-17 
 1228       1.242761445845e-10       3.061467405640e-12       1.665497761488e-12       0.000000000000e+00       2.599744006500e-15       1.869626542871e-16      -7.318135337115e-17 
 1229       1.236163287936e-10       3.091346075796e-12       1.643273047208e-12       0.000000000000e+00       2.591497221499e-15       1.909753869430e-16      -7.391120732210e-17 
 1230       1.229595871641e-10       3.121170104172e-12       1.618581545509e-12       0.000000000000e+00       2.583283124592e-15       1.949610855619e-16      -7.462584676397e-17 
 1231       1.223061265095e-10       3.150926001252e-12       1.591443072877e-12       0.000000000000e+00       2.575101567608e-15       1.989193444454e-16      -7.532572550936e-17 
 1232       1.216561548736e-10       3.180600192538e-12       1.561877631996e-12       0.000000000000e+00       2.566952400073e-15       2.028497560989e-16      -7.601130071567e-17 
 1233       1.210098815333e-10       3.210179018375e-12       1.529905412164e-12       0.000000000000e+00       2.558835469206e-15       2.067519112279e-16      -7.668303289213e-17 
 1234       1.203675170004e-10       3.239648733779e-12       1.495546789714e-12       0.000000000000e+00       2.550750619913e-15       2.106253987355e-16      -7.734138590688e-17 
 1235       1.197292730242e-10       3.268995508274e-12       1.458822328425e-12       0.000000000000e+00       2.542697694780e-15       2.144698057190e-16      -7.798682699403e-17 
 1236       1.190953625944e-10       3.298205425715e-12       1.419752779941e-12       0.000000000000e+00       2.534676534065e-15       2.182847174672e-16      -7.861982676076e-17 
 1237       1.184659999428e-10       3.327264484122e-12       1.378359084186e-12       0.000000000000e+00       2.526686975700e-15       2.220697174572e-16      -7.924085919432e-17 
 1238       1.178414005460e-10       3.356158595506e-12       1.334662369783e-12       0.000000000000e+00       2.518728855277e-15       2.258243873514e-16      -7.985040166915e-17 
 1239       1.172217811280e-10       3.384873585703e-12       1.288683954464e-12       0.000000000000e+00       2.510802006045e-15       2.295483069946e-16      -8.044893495393e-17 
 1240       1.166073596622e-10       3.413395194201e-12       1.240445345495e-12       0.000000000000e+00       2.502906258905e-15       2.332410544108e-16      -8.103694321864e-17 
 1241       1.159983553743e-10       3.441709073970e-12       1.189968240084e-12       0.000000000000e+00       2.495041442406e-15       2.369022058004e-16      -8.161491404162e-17 
 1242       1.153949887441e-10       3.469800791293e-12       1.137274525803e-12       0.000000000000e+00       2.487207382734e-15       2.405313355371e-16      -8.218333841665e-17 
 1243       1.147974815085e-10       3.497655825595e-12       1.082386281001e-12       0.000000000000e+00       2.479403903711e-15       2.441280161647e-16      -8.274271076002e-17 
 1244       1.142060566634e-10       3.525259569273e-12       1.025325775222e-12       0.000000000000e+00       2.471630826785e-15       2.476918183945e-16      -8.329352891757e-17 
 1245       1.136209384667e-10       3.552597327526e-12       9.661154696193e-13       0.000000000000e+00       2.463887971030e-15       2.512223111018e-16      -8.383629417177e-17 
 1246       1.130423524399e-10       3.579654318182e-12       9.047780173745e-13       0.000000000000e+00       2.456175153134e-15       2.547190613233e-16      -8.437151124880e-17 
 1247       1.124705253712e-10       3.606415671535e-12       8.413362641113e-13       0.000000000000e+00       2.448492187398e-15       2.581816342539e-16      -8.489968832560e-17 
 1248       1.119056853177e-10       3.632866430165e-12       7.758132483130e-13       0.000000000000e+00       2.440838885726e-15       2.616095932437e-16      -8.542133703692e-17 
 1249       1.113480616077e-10       3.658991548777e-12       7.082322017382e-13       0.000000000000e+00       2.433215057624e-15       2.650024997949e-16      -8.593697248241e-17 
 1250       1.107978848431e-10       3.684775894024e-12       6.386165498374e-13       0.000000000000e+00       2.425620510189e-15       2.683599135591e-16      -8.644711323369e-17 
 1251       1.102553581882e-10       3.710205751275e-12       5.669930038493e-13       0.000000000000e+00       2.418055066085e-15       2.716817522810e-16      -8.695214450114e-17 
 1252       1.097205708636e-10       3.735273364522e-12       4.934008757993e-13       0.000000000000e+00       2.410518617697e-15       2.749693762415e-16      -8.745190587012e-17 
 1253       1.091935836461e-10       3.759972449184e-12       4.178828731804e-13       0.000000000000e+00       2.403011073596e-15       2.782245164813e-16      -8.794609876123e-17 
 1254       1.086744574911e-10       3.784296689932e-12       3.404820177992e-13       0.000000000000e+00       2.395532340615e-15       2.814489160275e-16      -8.843442283016e-17 
 1255       1.081632535327e-10       3.808239740636e-12       2.612416464297e-13       0.000000000000e+00       2.388082323847e-15       2.846443299187e-16      -8.891657596426e-17 
 1256       1.076600330836e-10       3.831795224303e-12       1.802054114660e-13       0.000000000000e+00       2.380660926636e-15       2.878125252292e-16      -8.939225427913e-17 
 1257       1.071648576360e-10       3.854956733032e-12       9.741728157538e-14       0.000000000000e+00       2.373268050574e-15       2.909552810937e-16      -8.986115211516e-17 
 1258       1.066777888611e-10       3.877717827952e-12       1.292154235172e-14       0.000000000000e+00       2.365903595501e-15       2.940743887317e-16      -9.032296203417e-17 
 1259       1.061988886096e-10       3.900072039171e-12      -7.323720303170e-14       0.000000000000e+00       2.358567459494e-15       2.971716514725e-16      -9.077737481595e-17 
 1260       1.057282189122e-10       3.922012865720e-12      -1.610140331690e-13       0.000000000000e+00       2.351259538866e-15       3.002488847790e-16      -9.122407945487e-17 
 1261       1.052658419792e-10       3.943533775496e-12      -2.503637077683e-13       0.000000000000e+00       2.343979728163e-15       3.033079162731e-16      -9.166276315643e-17 
 1262       1.048118202012e-10       3.964628205212e-12      -3.412406669993e-13       0.000000000000e+00       2.336727920155e-15       3.063505857597e-16      -9.209311133387e-17 
 1263       1.043662161490e-10       3.985289560339e-12      -4.335990308392e-13       0.000000000000e+00       2.329504005838e-15       3.093787452515e-16      -9.251480760473e-17 
 1264       1.039290925740e-10       4.005511215052e-12      -5.273925984206e-13       0.000000000000e+00       2.322307874422e-15       3.123942589935e-16      -9.292753378744e-17 
 1265       1.035005124083e-10       4.025286512175e-12      -6.225748473774e-13       0.000000000000e+00       2.315139413334e-15       3.153990034876e-16      -9.333096989792e-17 
 1266       1.030805387650e-10       4.044608763126e-12      -7.190989331927e-13       0.000000000000e+00       2.307998508208e-15       3.183948675172e-16      -9.372479414613e-17 
 1267       1.026692349383e-10       4.063471247864e-12      -8.169176885447e-13       0.000000000000e+00       2.300885042882e-15       3.213837521715e-16      -9.410868293265e-17 
 1268       1.022666644037e-10       4.081867214832e-12      -9.159836226544e-13       0.000000000000e+00       2.293798899398e-15       3.243675708706e-16      -9.448231084531e-17 
 1269       1.018728908184e-10       4.099789880903e-12      -1.016248920632e-12       0.000000000000e+00       2.286739957989e-15       3.273482493894e-16      -9.484535065570e-17 
 1270       1.014879780212e-10       4.117232431328e-12      -1.117665442824e-12       0.000000000000e+00       2.279708097083e-15       3.303277258828e-16      -9.519747331582e-17 
 1271       1.011119900328e-10       4.134188019674e-12      -1.220184724159e-12       0.000000000000e+00       2.272703193294e-15       3.333079509097e-16      -9.553834795462e-17 
 1272       1.007449910563e-10       4.150649767779e-12      -1.323757973498e-12       0.000000000000e+00       2.265725121418e-15       3.362908874581e-16      -9.586764187458e-17 
 1273       1.003870454771e-10       4.166610765688e-12      -1.428336072976e-12       0.000000000000e+00       2.258773754430e-15       3.392785109692e-16      -9.618502054832e-17 
 1274       1.000382178631e-10       4.182064071606e-12      -1.533869577355e-12       0.000000000000e+00       2.251848963478e-15       3.422728093622e-16      -9.649014761515e-17 
 1275       9.969857296487e-11       4.197002711837e-12      -1.640308713364e-12       0.000000000000e+00       2.244950617881e-15       3.452757830589e-16      -9.678268487767e-17 
 1276       9.936817571625e-11       4.211419680732e-12      -1.747603379052e-12       0.000000000000e+00       2.238078585120e-15       3.482894450081e-16      -9.706229229835e-17 
 1277       9.904709123410e-11       4.225307940638e-12      -1.855703143132e-12       0.000000000000e+00       2.231232730840e-15       3.513158207104e-16      -9.732862799611e-17 
 1278       9.873538481868e-11       4.238660421834e-12      -1.964557244328e-12       0.000000000000e+00       2.224412918840e-15       3.543569482425e-16      -9.758134824289e-17 
 1279       9.843312195388e-11       4.251470022486e-12      -2.074114590722e-12       0.000000000000e+00       2.217619011070e-15       3.574148782819e-16      -9.782010746025e-17 
 1280       9.814036830740e-11       4.263729608586e-12      -2.184323759102e-12       0.000000000000e+00       2.210850867629e-15       3.604916741315e-16      -9.804455821595e-17 
 1281       9.785718973092e-11       4.275432013899e-12      -2.295132994307e-12       0.000000000000e+00       2.204108346758e-15       3.635894117441e-16      -9.825435122049e-17 
 1282       9.758365226037e-11       4.286570039909e-12      -2.406490208575e-12       0.000000000000e+00       2.197391304838e-15       3.667101797469e-16      -9.844913532376e-17 
 1283       9.731982211607e-11       4.297136455764e-12      -2.518342980891e-12       0.000000000000e+00       2.190699596381e-15       3.698560794664e-16      -9.862855751158e-17 
 1284       9.706576570298e-11       4.307123998220e-12      -2.630638556331e-12       0.000000000000e+00       2.184033074031e-15       3.730292249524e-16      -9.879226290227e-17 
 1285       9.682154961088e-11       4.316525371589e-12      -2.743323845411e-12       0.000000000000e+00       2.177391588556e-15       3.762317430030e-16      -9.893989474327e-17 
 1286       9.658724061460e-11       4.325333247680e-12      -2.856345423433e-12       0.000000000000e+00       2.170774988845e-15       3.794657731892e-16      -9.907109440768e-17 
 1287       9.636290567421e-11       4.333540265748e-12      -2.969649529834e-12       0.000000000000e+00       2.164183121904e-15       3.827334678790e-16      -9.918550139088e-17 
 1288       9.614861193519e-11       4.341139032438e-12      -3.083182067529e-12       0.000000000000e+00       2.157615832851e-15       3.860369922626e-16      -9.928275330708e-17 
 1289       9.594442672871e-11       4.348122121730e-12      -3.196888602262e-12       0.000000000000e+00       2.151072964911e-15       3.893785243764e-16      -9.936248588592e-17 
 1290       9.575041757177e-11       4.354482074884e-12      -3.310714361950e-12       0.000000000000e+00       2.144554359411e-15       3.927602551278e-16      -9.942433296905e-17 
 1291       9.556662705900e-11       4.360213090800e-12      -3.424606828097e-12       0.000000000000e+00       2.138059871068e-15       3.961834279418e-16      -9.946805388227e-17 
 1292       9.539299722636e-11       4.365316118144e-12      -3.538523543474e-12       0.000000000000e+00       2.131589414043e-15       3.996454457482e-16      -9.949391713745e-17 
 1293       9.522944433128e-11       4.369793820784e-12      -3.652424391559e-12       0.000000000000e+00       2.125142916397e-15       4.031427312804e-16      -9.950232106914e-17 
 1294       9.507588388179e-11       4.373648892664e-12      -3.766269012027e-12       0.000000000000e+00       2.118720304847e-15       4.066716844370e-16      -9.949366685893e-17 
 1295       9.493223063493e-11       4.376884057881e-12      -3.880016800283e-12       0.000000000000e+00       2.112321504764e-15       4.102286822376e-16      -9.946835854119e-17 
 1296       9.479839859511e-11       4.379502070745e-12      -3.993626906998e-12       0.000000000000e+00       2.105946440165e-15       4.138100787776e-16      -9.942680300885e-17 
 1297       9.467430101257e-11       4.381505715853e-12      -4.107058237637e-12       0.000000000000e+00       2.099595033714e-15       4.174122051841e-16      -9.936941001909e-17 
 1298       9.455985038172e-11       4.382897808145e-12      -4.220269451998e-12       0.000000000000e+00       2.093267206716e-15       4.210313695715e-16      -9.929659219915e-17 
 1299       9.445495843957e-11       4.383681192983e-12      -4.333218963739e-12       0.000000000000e+00       2.086962879117e-15       4.246638569965e-16      -9.920876505201e-17 
 1300       9.435953616412e-11       4.383858746209e-12      -4.445864939920e-12       0.000000000000e+00       2.080681969496e-15       4.283059294140e-16      -9.910634696219e-17 
 1301       9.427349377276e-11       4.383433374217e-12      -4.558165300528e-12       0.000000000000e+00       2.074424395067e-15       4.319538256324e-16      -9.898975920147e-17 
 1302       9.419674072068e-11       4.382408014016e-12      -4.670077718014e-12       0.000000000000e+00       2.068190071670e-15       4.356037612690e-16      -9.885942593461e-17 
 1303       9.412918569924e-11       4.380785633300e-12      -4.781559616828e-12       0.000000000000e+00       2.061978913773e-15       4.392519287056e-16      -9.871577422515e-17 
 1304       9.407073663439e-11       4.378569230513e-12      -4.892568172950e-12       0.000000000000e+00       2.055790834464e-15       4.428944970440e-16      -9.855923404112e-17 
 1305       9.402130068506e-11       4.375761834918e-12      -5.003060313423e-12       0.000000000000e+00       2.049625745453e-15       4.465276120613e-16      -9.839023826079e-17 
 1306       9.398078424158e-11       4.372366506661e-12      -5.112992715888e-12       0.000000000000e+00       2.043483557062e-15       4.501473961655e-16      -9.820922267843e-17 
 1307       9.394909292404e-11       4.368386336838e-12      -5.222321808116e-12       0.000000000000e+00       2.037364178229e-15       4.537499483509e-16      -9.801662601002e-17 
 1308       9.392613158072e-11       4.363824447566e-12      -5.331003767544e-12       0.000000000000e+00       2.031267516497e-15       4.573313441538e-16      -9.781288989904e-17 
 1309       9.391180428647e-11       4.358683992045e-12      -5.438994520804e-12       0.000000000000e+00       2.025193478019e-15       4.608876356076e-16      -9.759845892218e-17 
 1310       9.390601434112e-11       4.352968154627e-12      -5.546249743261e-12       0.000000000000e+00       2.019141967548e-15       4.644148511984e-16      -9.737378059510e-17 
 1311       9.390866426788e-11       4.346680150883e-12      -5.652724858541e-12       0.000000000000e+00       2.013112888435e-15       4.679089958208e-16      -9.713930537819e-17 
 1312       9.391965581173e-11       4.339823227671e-12      -5.758375038072e-12       0.000000000000e+00       2.007106142628e-15       4.713660507329e-16      -9.689548668227e-17 
 1313       9.393888993780e-11       4.332400663198e-12      -5.863155200610e-12       0.000000000000e+00       2.001121630669e-15       4.747819735119e-16      -9.664278087439e-17 
 1314       9.396626682983e-11       4.324415767094e-12      -5.967020011775e-12       0.000000000000e+00       1.995159251687e-15       4.781526980099e-16      -9.638164728353e-17 
 1315       9.400168588849e-11       4.315871880471e-12      -6.069923883586e-12       0.000000000000e+00       1.989218903397e-15       4.814741343089e-16      -9.611254820639e-17 
 1316       9.404504572985e-11       4.306772375998e-12      -6.171820973992e-12       0.000000000000e+00       1.983300482096e-15       4.847421686765e-16      -9.583594891308e-17 
 1317       9.409624418372e-11       4.297120657962e-12      -6.272665186407e-12       0.000000000000e+00       1.977403882663e-15       4.879526635216e-16      -9.555231765293e-17 
 1318       9.415517829208e-11       4.286920162337e-12      -6.372410169243e-12       0.000000000000e+00       1.971528998549e-15       4.911014573493e-16      -9.526212566016e-17 
 1319       9.422174430747e-11       4.276174356850e-12      -6.471009315443e-12       0.000000000000e+00       1.965675721779e-15       4.941843647170e-16      -9.496584715969e-17 
 1320       9.429583769141e-11       4.264886741048e-12      -6.568415762013e-12       0.000000000000e+00       1.959843942949e-15       4.971971761893e-16      -9.466395937286e-17 
 1321       9.437735311276e-11       4.253060846368e-12      -6.664582389559e-12       0.000000000000e+00       1.954033551219e-15       5.001356582940e-16      -9.435694252318e-17 
 1322       9.446618444613e-11       4.240700236198e-12      -6.759461821817e-12       0.000000000000e+00       1.948244434311e-15       5.029955534771e-16      -9.404527984205e-17 
 1323       9.456222477031e-11       4.227808505948e-12      -6.853006425188e-12       0.000000000000e+00       1.942476478508e-15       5.057725800587e-16      -9.372945757455e-17 
 1324       9.466536636662e-11       4.214389283118e-12      -6.945168308272e-12       0.000000000000e+00       1.936729568648e-15       5.084624321881e-16      -9.340996498515e-17 
 1325       9.477550071736e-11       4.200446227360e-12      -7.035899321397e-12       0.000000000000e+00       1.931003588121e-15       5.110607797995e-16      -9.308729436346e-17 
 1326       9.489251850416e-11       4.185983030548e-12      -7.125151056159e-12       0.000000000000e+00       1.925298418868e-15       5.135632685674e-16      -9.276194103001e-17 
 1327       9.501630960640e-11       4.171003416845e-12      -7.212874844952e-12       0.000000000000e+00       1.919613941374e-15       5.159655198621e-16      -9.243440334193e-17 
 1328       9.514676309962e-11       4.155511142771e-12      -7.299021760499e-12       0.000000000000e+00       1.913950034667e-15       5.182631307051e-16      -9.210518269875e-17 
 1329       9.528376725390e-11       4.139509997265e-12      -7.383542615390e-12       0.000000000000e+00       1.908306576317e-15       5.204516737247e-16      -9.177478354815e-17 
 1330       9.542720953227e-11       4.123003801757e-12      -7.466387961612e-12       0.000000000000e+00       1.902683442426e-15       5.225266971113e-16      -9.144371339164e-17 
 1331       9.557696931201e-11       4.105997270698e-12      -7.547514120338e-12       0.000000000000e+00       1.897080518948e-15       5.244850338751e-16      -9.111235147957e-17 
 1332       9.573289596430e-11       4.088498603363e-12      -7.626901344702e-12       0.000000000000e+00       1.891497735770e-15       5.263287454462e-16      -9.078055330595e-17 
 1333       9.589483053062e-11       4.070516920656e-12      -7.704535855622e-12       0.000000000000e+00       1.885935032994e-15       5.280612213082e-16      -9.044804178025e-17 
 1334       9.606261297584e-11       4.052061407348e-12      -7.780403829591e-12       0.000000000000e+00       1.880392349657e-15       5.296858736701e-16      -9.011453814086e-17 
 1335       9.623608218615e-11       4.033141312204e-12      -7.854491398611e-12       0.000000000000e+00       1.874869623723e-15       5.312061375108e-16      -8.977976195197e-17 
 1336       9.641507596696e-11       4.013765948108e-12      -7.926784650145e-12       0.000000000000e+00       1.869366792084e-15       5.326254706231e-16      -8.944343110042e-17 
 1337       9.659943104085e-11       3.993944692191e-12      -7.997269627049e-12       0.000000000000e+00       1.863883790556e-15       5.339473536574e-16      -8.910526179255e-17 
 1338       9.678898304540e-11       3.973686985952e-12      -8.065932327522e-12       0.000000000000e+00       1.858420553877e-15       5.351752901666e-16      -8.876496855108e-17 
 1339       9.698356653115e-11       3.953002335382e-12      -8.132758705040e-12       0.000000000000e+00       1.852977015703e-15       5.363128066493e-16      -8.842226421193e-17 
 1340       9.718301495948e-11       3.931900311096e-12      -8.197734668302e-12       0.000000000000e+00       1.847553108608e-15       5.373634525945e-16      -8.807685992111e-17 
 1341       9.738716070055e-11       3.910390548451e-12      -8.260846081171e-12       0.000000000000e+00       1.842148764081e-15       5.383308005256e-16      -8.772846513157e-17 
 1342       9.759583503117e-11       3.888482747675e-12      -8.322078762616e-12       0.000000000000e+00       1.836763912518e-15       5.392184460441e-16      -8.737678760004e-17 
 1343       9.780886813269e-11       3.866186673990e-12      -8.381418486650e-12       0.000000000000e+00       1.831398483230e-15       5.400300078744e-16      -8.702153338392e-17 
 1344       9.802608908899e-11       3.843512157741e-12      -8.438850982276e-12       0.000000000000e+00       1.826052404431e-15       5.407691279071e-16      -8.666240683809e-17 
 1345       9.824732588428e-11       3.820469094514e-12      -8.494361933426e-12       0.000000000000e+00       1.820725603238e-15       5.414394712437e-16      -8.629911061182e-17 
 1346       9.847240540109e-11       3.797067445268e-12      -8.547936978903e-12       0.000000000000e+00       1.815418005671e-15       5.420447262404e-16      -8.593134564559e-17 
 1347       9.870115341811e-11       3.773317236458e-12      -8.599561712323e-12       0.000000000000e+00       1.810129536650e-15       5.425886045523e-16      -8.555881116798e-17 
 1348       9.893339460817e-11       3.749228560157e-12      -8.649221682055e-12       0.000000000000e+00       1.804860119989e-15       5.430748411774e-16      -8.518120469246e-17 
 1349       9.916895253606e-11       3.724811574185e-12      -8.696902391167e-12       0.000000000000e+00       1.799609678395e-15       5.435071945008e-16      -8.479822201435e-17 
 1350       9.940764965650e-11       3.700076502234e-12      -8.742589297360e-12       0.000000000000e+00       1.794378133470e-15       5.438894463387e-16      -8.440955720758e-17 
 1351       9.964930731203e-11       3.675033633990e-12      -8.786267812917e-12       0.000000000000e+00       1.789165405699e-15       5.442254019827e-16      -8.401490262161e-17 
 1352       9.989374573091e-11       3.649693325260e-12      -8.827923304639e-12       0.000000000000e+00       1.783971414459e-15       5.445188902434e-16      -8.361394887827e-17 
 1353       1.001407840250e-10       3.624065998099e-12      -8.867541093792e-12       0.000000000000e+00       1.778796078006e-15       5.447737634952e-16      -8.320638486859e-17 
 1354       1.003902401878e-10       3.598162140931e-12      -8.905106456042e-12       0.000000000000e+00       1.773639313478e-15       5.449938977198e-16      -8.279189774971e-17 
 1355       1.006419310920e-10       3.571992308677e-12      -8.940604621402e-12       0.000000000000e+00       1.768501036892e-15       5.451831925505e-16      -8.237017294168e-17 
 1356       1.008956724880e-10       3.545567122879e-12      -8.974020774171e-12       0.000000000000e+00       1.763381163141e-15       5.453455713164e-16      -8.194089412436e-17 
 1357       1.011512790011e-10       3.518897271826e-12      -9.005340052876e-12       0.000000000000e+00       1.758279605991e-15       5.454849810863e-16      -8.150374323427e-17 
 1358       1.014085641300e-10       3.491993510680e-12      -9.034547550213e-12       0.000000000000e+00       1.753196278078e-15       5.456053927130e-16      -8.105840046143e-17 
 1359       1.016673402443e-10       3.464866661596e-12      -9.061628312990e-12       0.000000000000e+00       1.748131090907e-15       5.457108008772e-16      -8.060454424623e-17 
 1360       1.019274185826e-10       3.437527613855e-12      -9.086567342067e-12       0.000000000000e+00       1.743083954848e-15       5.458052241317e-16      -8.014185127627e-17 
 1361       1.021886092506e-10       3.409987323981e-12      -9.109349592298e-12       0.000000000000e+00       1.738054779134e-15       5.458927049455e-16      -7.966999648326e-17 
 1362       1.024507212184e-10       3.382256815872e-12      -9.129959972474e-12       0.000000000000e+00       1.733043471859e-15       5.459773097478e-16      -7.918865303984e-17 
 1363       1.027135623191e-10       3.354347180924e-12      -9.148383345261e-12       0.000000000000e+00       1.728049939975e-15       5.460631289723e-16      -7.869749235642e-17 
 1364       1.029769392463e-10       3.326269578153e-12      -9.164604527145e-12       0.000000000000e+00       1.723074089289e-15       5.461542771009e-16      -7.819618407811e-17 
 1365       1.032406575519e-10       3.298035234324e-12      -9.178608288373e-12       0.000000000000e+00       1.718115824461e-15       5.462548927082e-16      -7.768439608149e-17 
 1366       1.035045216446e-10       3.269655444073e-12      -9.190379352892e-12       0.000000000000e+00       1.713175049001e-15       5.463691385055e-16      -7.716179447153e-17 
 1367       1.037683347870e-10       3.241141570035e-12      -9.199902398294e-12       0.000000000000e+00       1.708251665267e-15       5.465012013847e-16      -7.662804357842e-17 
 1368       1.040318990941e-10       3.212505042967e-12      -9.207162055755e-12       0.000000000000e+00       1.703345574462e-15       5.466552924626e-16      -7.608280595443e-17 
 1369       1.042950155312e-10       3.183757361872e-12      -9.212142909978e-12       0.000000000000e+00       1.698456676633e-15       5.468356471249e-16      -7.552574237078e-17 
 1370       1.045574839113e-10       3.154910094130e-12      -9.214829499132e-12       0.000000000000e+00       1.693584870664e-15       5.470465250702e-16      -7.495651181448e-17 
 1371       1.048191150268e-10       3.125974493901e-12      -9.215211828524e-12       0.000000000000e+00       1.688730063437e-15       5.472910097666e-16      -7.437488713744e-17 
 1372       1.050797671884e-10       3.096960352668e-12      -9.213301976053e-12       0.000000000000e+00       1.683892197407e-15       5.475673927203e-16      -7.378110335970e-17 
 1373       1.053393100713e-10       3.067877136686e-12      -9.209117663749e-12       0.000000000000e+00       1.679071223314e-15       5.478727507297e-16      -7.317551307490e-17 
 1374       1.055976126166e-10       3.038734367686e-12      -9.202676760410e-12       0.000000000000e+00       1.674267091048e-15       5.482041429418e-16      -7.255847113934e-17 
 1375       1.058545430294e-10       3.009541622973e-12      -9.193997281894e-12       0.000000000000e+00       1.669479749649e-15       5.485586108193e-16      -7.193033467620e-17 
 1376       1.061099687776e-10       2.980308535531e-12      -9.183097391412e-12       0.000000000000e+00       1.664709147305e-15       5.489331781084e-16      -7.129146307978e-17 
 1377       1.063637565910e-10       2.951044794120e-12      -9.169995399823e-12       0.000000000000e+00       1.659955231349e-15       5.493248508062e-16      -7.064221801973e-17 
 1378       1.066157724593e-10       2.921760143377e-12      -9.154709765925e-12       0.000000000000e+00       1.655217948258e-15       5.497306171285e-16      -6.998296344529e-17 
 1379       1.068658816313e-10       2.892464383919e-12      -9.137259096752e-12       0.000000000000e+00       1.650497243648e-15       5.501474474768e-16      -6.931406558955e-17 
 1380       1.071139486134e-10       2.863167372444e-12      -9.117662147863e-12       0.000000000000e+00       1.645793062277e-15       5.505722944061e-16      -6.863589297363e-17 
 1381       1.073598371683e-10       2.833879021827e-12      -9.095937823637e-12       0.000000000000e+00       1.641105348041e-15       5.510020925924e-16      -6.794881641097e-17 
 1382       1.076034103136e-10       2.804609301226e-12      -9.072105177568e-12       0.000000000000e+00       1.636434043969e-15       5.514337588001e-16      -6.725320901154e-17 
 1383       1.078445303206e-10       2.775368236182e-12      -9.046183412556e-12       0.000000000000e+00       1.631779092227e-15       5.518641918495e-16      -6.654944618606e-17 
 1384       1.080830587130e-10       2.746165908715e-12      -9.018191881200e-12       0.000000000000e+00       1.627140434108e-15       5.522902725845e-16      -6.583790565029e-17 
 1385       1.083188562653e-10       2.717012457431e-12      -8.988150086093e-12       0.000000000000e+00       1.622518010040e-15       5.527088638399e-16      -6.511896742918e-17 
 1386       1.085517830020e-10       2.687918077621e-12      -8.956077680116e-12       0.000000000000e+00       1.617911759575e-15       5.531168104090e-16      -6.439301386120e-17 
 1387       1.087816981956e-10       2.658893021357e-12      -8.921994466728e-12       0.000000000000e+00       1.613321621392e-15       5.535109390108e-16      -6.366042960250e-17 
 1388       1.090084603660e-10       2.629947597600e-12      -8.885920400263e-12       0.000000000000e+00       1.608747533293e-15       5.538880582581e-16      -6.292160163120e-17 
 1389       1.092319272787e-10       2.601092172296e-12      -8.847875586219e-12       0.000000000000e+00       1.604189432203e-15       5.542449586245e-16      -6.217691925157e-17 
 1390       1.094519559434e-10       2.572337168477e-12      -8.807880281555e-12       0.000000000000e+00       1.599647254167e-15       5.545784124120e-16      -6.142677409833e-17 
 1391       1.096684026132e-10       2.543693066366e-12      -8.765954894985e-12       0.000000000000e+00       1.595120934345e-15       5.548851737187e-16      -6.067156014082e-17 
 1392       1.098811227829e-10       2.515170403471e-12      -8.722119987265e-12       0.000000000000e+00       1.590610407018e-15       5.551619784061e-16      -5.991167368730e-17 
 1393       1.100899711877e-10       2.486779774691e-12      -8.676396271495e-12       0.000000000000e+00       1.586115605576e-15       5.554055440666e-16      -5.914751338911e-17 
 1394       1.102948018017e-10       2.458531832415e-12      -8.628804613405e-12       0.000000000000e+00       1.581636462523e-15       5.556125699912e-16      -5.837948024499e-17 
 1395       1.104954678374e-10       2.430437286623e-12      -8.579366031651e-12       0.000000000000e+00       1.577172909473e-15       5.557797371368e-16      -5.760797760525e-17 
 1396       1.106918217431e-10       2.402506904986e-12      -8.528101698112e-12       0.000000000000e+00       1.572724877149e-15       5.559037080937e-16      -5.683341117603e-17 
 1397       1.108837152028e-10       2.374751512967e-12      -8.475032938175e-12       0.000000000000e+00       1.568292295379e-15       5.559811270533e-16      -5.605618902354e-17 
 1398       1.110709991340e-10       2.347181993924e-12      -8.420181231036e-12       0.000000000000e+00       1.563875093093e-15       5.560086197753e-16      -5.527672157828e-17 
 1399       1.112535236870e-10       2.319809289207e-12      -8.363568209990e-12       0.000000000000e+00       1.559473198328e-15       5.559827935556e-16      -5.449542163929e-17 
 1400       1.114311382431e-10       2.292644398260e-12      -8.305215662723e-12       0.000000000000e+00       1.555086538217e-15       5.559002371934e-16      -5.371270437839e-17 
 1401       1.116036914137e-10       2.265698378725e-12      -8.245145531608e-12       0.000000000000e+00       1.550715038993e-15       5.557575209588e-16      -5.292898734439e-17 
 1402       1.117710310385e-10       2.238982346538e-12      -8.183379913998e-12       0.000000000000e+00       1.546358625985e-15       5.555511965607e-16      -5.214469046735e-17 
 1403       1.119330041847e-10       2.212507476031e-12      -8.119941062517e-12       0.000000000000e+00       1.542017223616e-15       5.552777971136e-16      -5.136023606279e-17 
 1404       1.120894571452e-10       2.186285000037e-12      -8.054851385355e-12       0.000000000000e+00       1.537690755402e-15       5.549338371058e-16      -5.057604883597e-17 
 1405       1.122402354378e-10       2.160326209983e-12      -7.988133446561e-12       0.000000000000e+00       1.533379143947e-15       5.545158123663e-16      -4.979255588608e-17 
 1406       1.123851838033e-10       2.134642456000e-12      -7.919809966337e-12       0.000000000000e+00       1.529082310948e-15       5.540202000328e-16      -4.901018671048e-17 
 1407       1.125241462046e-10       2.109245147013e-12      -7.849903821330e-12       0.000000000000e+00       1.524800177182e-15       5.534434585188e-16      -4.822937320897e-17 
 1408       1.126569658253e-10       2.084145750854e-12      -7.778438044925e-12       0.000000000000e+00       1.520532662517e-15       5.527820274814e-16      -4.745054968799e-17 
 1409       1.127834850683e-10       2.059355794351e-12      -7.705435827541e-12       0.000000000000e+00       1.516279685899e-15       5.520323277887e-16      -4.667415286489e-17 
 1410       1.129035455543e-10       2.034886863437e-12      -7.630920516921e-12       0.000000000000e+00       1.512041165356e-15       5.511907614873e-16      -4.590062187210e-17 
 1411       1.130170098592e-10       2.010749344424e-12      -7.554917487054e-12       0.000000000000e+00       1.507817025272e-15       5.502547320618e-16      -4.513030351058e-17 
 1412       1.131238269729e-10       1.986948633364e-12      -7.477459765544e-12       0.000000000000e+00       1.503607218296e-15       5.492257168494e-16      -4.436316692698e-17 
 1413       1.132239675160e-10       1.963488887600e-12      -7.398582465148e-12       0.000000000000e+00       1.499411703658e-15       5.481062264042e-16      -4.359908598765e-17 
 1414       1.133174020633e-10       1.940374281055e-12      -7.318320920845e-12       0.000000000000e+00       1.495230439907e-15       5.468987871239e-16      -4.283793375977e-17 
 1415       1.134041011435e-10       1.917609004247e-12      -7.236710690248e-12       0.000000000000e+00       1.491063384912e-15       5.456059412783e-16      -4.207958250982e-17 
 1416       1.134840352394e-10       1.895197264324e-12      -7.153787554000e-12       0.000000000000e+00       1.486910495859e-15       5.442302470381e-16      -4.132390370215e-17 
 1417       1.135571747878e-10       1.873143285084e-12      -7.069587516192e-12       0.000000000000e+00       1.482771729252e-15       5.427742785045e-16      -4.057076799751e-17 
 1418       1.136234901795e-10       1.851451306998e-12      -6.984146804756e-12       0.000000000000e+00       1.478647040908e-15       5.412406257376e-16      -3.982004525155e-17 
 1419       1.136829517594e-10       1.830125587241e-12      -6.897501871880e-12       0.000000000000e+00       1.474536385958e-15       5.396318947855e-16      -3.907160451336e-17 
 1420       1.137355298263e-10       1.809170399710e-12      -6.809689394412e-12       0.000000000000e+00       1.470439718843e-15       5.379507077135e-16      -3.832531402400e-17 
 1421       1.137811946329e-10       1.788590035054e-12      -6.720746274262e-12       0.000000000000e+00       1.466356993316e-15       5.361997026326e-16      -3.758104121503e-17 
 1422       1.138199163861e-10       1.768388800698e-12      -6.630709638812e-12       0.000000000000e+00       1.462288162438e-15       5.343815337288e-16      -3.683865270706e-17 
 1423       1.138516652466e-10       1.748571020866e-12      -6.539616841322e-12       0.000000000000e+00       1.458233178576e-15       5.324988712919e-16      -3.609801430822e-17 
 1424       1.138764113292e-10       1.729141036608e-12      -6.447505461330e-12       0.000000000000e+00       1.454191993405e-15       5.305544017446e-16      -3.535899101276e-17 
 1425       1.138941247024e-10       1.710103205823e-12      -6.354413305066e-12       0.000000000000e+00       1.450164557901e-15       5.285508276713e-16      -3.462144699952e-17 
 1426       1.139047753887e-10       1.691461903285e-12      -6.260378405851e-12       0.000000000000e+00       1.446150822345e-15       5.264908678472e-16      -3.388524563048e-17 
 1427       1.139083333648e-10       1.673221520669e-12      -6.165439024509e-12       0.000000000000e+00       1.442150736316e-15       5.243772572669e-16      -3.315024944930e-17 
 1428       1.139047685609e-10       1.655386466574e-12      -6.069633649767e-12       0.000000000000e+00       1.438164248695e-15       5.222127471739e-16      -3.241632017985e-17 
 1429       1.138940508614e-10       1.637961166549e-12      -5.973000998663e-12       0.000000000000e+00       1.434191307660e-15       5.200001050892e-16      -3.168331872471e-17 
 1430       1.138761501044e-10       1.620950063118e-12      -5.875580016955e-12       0.000000000000e+00       1.430231860685e-15       5.177421148404e-16      -3.095110516371e-17 
 1431       1.138510360821e-10       1.604357615804e-12      -5.777409879521e-12       0.000000000000e+00       1.426285854539e-15       5.154415765904e-16      -3.021953875249e-17 
 1432       1.138186785402e-10       1.588188301156e-12      -5.678529990769e-12       0.000000000000e+00       1.422353235284e-15       5.131013068666e-16      -2.948847792097e-17 
 1433       1.137790471786e-10       1.572446612770e-12      -5.578979985042e-12       0.000000000000e+00       1.418433948275e-15       5.107241385900e-16      -2.875778027194e-17 
 1434       1.137321116508e-10       1.557137061318e-12      -5.478799727025e-12       0.000000000000e+00       1.414527938155e-15       5.083129211036e-16      -2.802730257954e-17 
 1435       1.136778415644e-10       1.542264174572e-12      -5.378029312145e-12       0.000000000000e+00       1.410635148857e-15       5.058705202021e-16      -2.729690078782e-17 
 1436       1.136162064806e-10       1.527832497428e-12      -5.276709066987e-12       0.000000000000e+00       1.406755523602e-15       5.033998181601e-16      -2.656643000925e-17 
 1437       1.135471759145e-10       1.513846591929e-12      -5.174879549688e-12       0.000000000000e+00       1.402889004894e-15       5.009037137615e-16      -2.583574452325e-17 
 1438       1.134707193349e-10       1.500311037296e-12      -5.072581550354e-12       0.000000000000e+00       1.399035534525e-15       4.983851223286e-16      -2.510469777474e-17 
 1439       1.133868061646e-10       1.487230429945e-12      -4.969856091459e-12       0.000000000000e+00       1.395195053565e-15       4.958469757506e-16      -2.437314237264e-17 
 1440       1.132954057799e-10       1.474609383520e-12      -4.866744428250e-12       0.000000000000e+00       1.391367502368e-15       4.932922225128e-16      -2.364093008840e-17 
 1441       1.131964875111e-10       1.462452528911e-12      -4.763288049159e-12       0.000000000000e+00       1.387552820568e-15       4.907238277255e-16      -2.290791185456e-17 
 1442       1.130900206422e-10       1.450764514283e-12      -4.659528676203e-12       0.000000000000e+00       1.383750947074e-15       4.881447731531e-16      -2.217393776324e-17 
 1443       1.129759744109e-10       1.439550005100e-12      -4.555508265394e-12       0.000000000000e+00       1.379961820074e-15       4.855580572428e-16      -2.143885706471e-17 
 1444       1.128543180087e-10       1.428813684150e-12      -4.451269007140e-12       0.000000000000e+00       1.376185377031e-15       4.829666951539e-16      -2.070251816586e-17 
 1445       1.127250205807e-10       1.418560251568e-12      -4.346853326657e-12       0.000000000000e+00       1.372421554679e-15       4.803737187863e-16      -1.996476862878e-17 
 1446       1.125880512258e-10       1.408794424864e-12      -4.242303884368e-12       0.000000000000e+00       1.368670289026e-15       4.777821768098e-16      -1.922545516927e-17 
 1447       1.124433789966e-10       1.399520938947e-12      -4.137663576315e-12       0.000000000000e+00       1.364931515349e-15       4.751951346930e-16      -1.848442365538e-17 
 1448       1.122909728995e-10       1.390744546149e-12      -4.032975534562e-12       0.000000000000e+00       1.361205168196e-15       4.726156747322e-16      -1.774151910592e-17 
 1449       1.121308018944e-10       1.382470016250e-12      -3.928283127599e-12       0.000000000000e+00       1.357491181379e-15       4.700468960803e-16      -1.699658568897e-17 
 1450       1.119628348950e-10       1.374702136504e-12      -3.823629960753e-12       0.000000000000e+00       1.353789487979e-15       4.674919147758e-16      -1.624946672048e-17 
 1451       1.117870582928e-10       1.367444409922e-12      -3.719057521434e-12       0.000000000000e+00       1.350100026169e-15       4.649532977973e-16      -1.550007962036e-17 
 1452       1.116035287231e-10       1.360695135725e-12      -3.614598088116e-12       0.000000000000e+00       1.346422756772e-15       4.624313589272e-16      -1.474864161045e-17 
 1453       1.114123208309e-10       1.354451289434e-12      -3.510281750691e-12       0.000000000000e+00       1.342757645880e-15       4.599258457688e-16      -1.399544628859e-17 
 1454       1.112135097961e-10       1.348709820978e-12      -3.406138759410e-12       0.000000000000e+00       1.339104659036e-15       4.574365041586e-16      -1.324078888017e-17 
 1455       1.110071713341e-10       1.343467654641e-12      -3.302199525158e-12       0.000000000000e+00       1.335463761238e-15       4.549630781636e-16      -1.248496624092e-17 
 1456       1.107933816971e-10       1.338721689020e-12      -3.198494619719e-12       0.000000000000e+00       1.331834916931e-15       4.525053100778e-16      -1.172827685974e-17 
 1457       1.105722176751e-10       1.334468796966e-12      -3.095054776055e-12       0.000000000000e+00       1.328218090012e-15       4.500629404185e-16      -1.097102086151e-17 
 1458       1.103437565967e-10       1.330705825544e-12      -2.991910888571e-12       0.000000000000e+00       1.324613243824e-15       4.476357079238e-16      -1.021350000982e-17 
 1459       1.101080763301e-10       1.327429595979e-12      -2.889094013393e-12       0.000000000000e+00       1.321020341159e-15       4.452233495487e-16      -9.456017709845e-18 
 1460       1.098652552842e-10       1.324636903606e-12      -2.786635368635e-12       0.000000000000e+00       1.317439344254e-15       4.428256004619e-16      -8.698879011088e-18 
 1461       1.096153724097e-10       1.322324517823e-12      -2.684566334671e-12       0.000000000000e+00       1.313870214791e-15       4.404421940427e-16      -7.942390610208e-18 
 1462       1.093585071998e-10       1.320489182043e-12      -2.582918454409e-12       0.000000000000e+00       1.310312913893e-15       4.380728618779e-16      -7.186860853805e-18 
 1463       1.090947396914e-10       1.319127613641e-12      -2.481723433564e-12       0.000000000000e+00       1.306767402129e-15       4.357173337579e-16      -6.432599741221e-18 
 1464       1.088241504659e-10       1.318236503908e-12      -2.381013140924e-12       0.000000000000e+00       1.303233639506e-15       4.333753376740e-16      -5.679918927340e-18 
 1465       1.085468206503e-10       1.317812518000e-12      -2.280819608625e-12       0.000000000000e+00       1.299711585472e-15       4.310465998148e-16      -4.929131725381e-18 
 1466       1.082628319184e-10       1.317852294889e-12      -2.181175032426e-12       0.000000000000e+00       1.296201198914e-15       4.287308445631e-16      -4.180553109700e-18 
 1467       1.079722664913e-10       1.318352447314e-12      -2.082111771974e-12       0.000000000000e+00       1.292702438156e-15       4.264277944926e-16      -3.434499718586e-18 
 1468       1.076752071389e-10       1.319309561733e-12      -1.983662351080e-12       0.000000000000e+00       1.289215260957e-15       4.241371703643e-16      -2.691289857059e-18 
 1469       1.073717371804e-10       1.320720198273e-12      -1.885859457991e-12       0.000000000000e+00       1.285739624512e-15       4.218586911238e-16      -1.951243499668e-18 
 1470       1.070619404859e-10       1.322580890678e-12      -1.788735945659e-12       0.000000000000e+00       1.282275485451e-15       4.195920738974e-16      -1.214682293289e-18 
 1471       1.067459014766e-10       1.324888146266e-12      -1.692324832015e-12       0.000000000000e+00       1.278822799834e-15       4.173370339893e-16      -4.819295599216e-19 
 1472       1.064237051264e-10       1.327638445872e-12      -1.596659300240e-12       0.000000000000e+00       1.275381523156e-15       4.150932848782e-16       2.466897005109e-19 
 1473       1.060954369629e-10       1.330828243806e-12      -1.501772699036e-12       0.000000000000e+00       1.271951610338e-15       4.128605382136e-16       9.708488073656e-19 
 1474       1.057611830678e-10       1.334453967800e-12      -1.407698542897e-12       0.000000000000e+00       1.268533015733e-15       4.106385038133e-16       1.690219396482e-18 
 1475       1.054210300786e-10       1.338512018959e-12      -1.314470512385e-12       0.000000000000e+00       1.265125693121e-15       4.084268896594e-16       2.404471417382e-18 
 1476       1.050750651891e-10       1.342998771712e-12      -1.222122454396e-12       0.000000000000e+00       1.261729595708e-15       4.062254018954e-16       3.113273130476e-18 
 1477       1.047233761506e-10       1.347910573763e-12      -1.130688382435e-12       0.000000000000e+00       1.258344676127e-15       4.040337448227e-16       3.816291104262e-18 
 1478       1.043660512727e-10       1.353243746043e-12      -1.040202476887e-12       0.000000000000e+00       1.254970886433e-15       4.018516208977e-16       4.513190212529e-18 
 1479       1.040031794247e-10       1.358994582658e-12      -9.506990852896e-13       0.000000000000e+00       1.251608178106e-15       3.996787307280e-16       5.203633631557e-18 
 1480       1.036348500360e-10       1.365159350843e-12      -8.622127226023e-13       0.000000000000e+00       1.248256502047e-15       3.975147730696e-16       5.887282837323e-18 
 1481       1.032611530977e-10       1.371734290909e-12      -7.747780714805e-13       0.000000000000e+00       1.244915808578e-15       3.953594448231e-16       6.563797602701e-18 
 1482       1.028821791630e-10       1.378715616199e-12      -6.884299825461e-13       0.000000000000e+00       1.241586047440e-15       3.932124410309e-16       7.232835994664e-18 
 1483       1.024980193488e-10       1.386099513033e-12      -6.032034746596e-13       0.000000000000e+00       1.238267167791e-15       3.910734548739e-16       7.894054371486e-18 
 1484       1.021087653359e-10       1.393882140664e-12      -5.191337351913e-13       0.000000000000e+00       1.234959118209e-15       3.889421776676e-16       8.547107379946e-18 
 1485       1.017145093709e-10       1.402059631223e-12      -4.362561202936e-13       0.000000000000e+00       1.231661846687e-15       3.868182988597e-16       9.191647952529e-18 
 1486       1.013153442665e-10       1.410628089677e-12      -3.546061551723e-13       0.000000000000e+00       1.228375300630e-15       3.847015060261e-16       9.827327304625e-18 
 1487       1.009113634028e-10       1.419583593773e-12      -2.742195343584e-13       0.000000000000e+00       1.225099426859e-15       3.825914848681e-16       1.045379493174e-17 
 1488       1.005026607281e-10       1.428922193994e-12      -1.951321219798e-13       0.000000000000e+00       1.221834171607e-15       3.804879192088e-16       1.107069860668e-17 
 1489       1.000893307602e-10       1.438639913504e-12      -1.173799520331e-13       0.000000000000e+00       1.218579480518e-15       3.783904909900e-16       1.167768437679e-17 
 1490       9.967146858697e-11       1.448732748107e-12      -4.099922865480e-14       0.000000000000e+00       1.215335298645e-15       3.762988802687e-16       1.227439656111e-17 
 1491       9.924917389753e-11       1.459196082052e-12       3.397834207485e-14       0.000000000000e+00       1.212101575139e-15       3.742126675822e-16       1.286057384443e-17 
 1492       9.882256311581e-11       1.470022929310e-12       1.075396073639e-13       0.000000000000e+00       1.208878277357e-15       3.721310400009e-16       1.343633859622e-17 
 1493       9.839175738787e-11       1.481205674950e-12       1.796760498154e-13       0.000000000000e+00       1.205665376890e-15       3.700530821852e-16       1.400191038428e-17 
 1494       9.795687856403e-11       1.492736657629e-12       2.503791314505e-13       0.000000000000e+00       1.202462844886e-15       3.679778737474e-16       1.455751013788e-17 
 1495       9.751804920009e-11       1.504608169513e-12       3.196402936888e-13       0.000000000000e+00       1.199270652046e-15       3.659044892427e-16       1.510336015008e-17 
 1496       9.707539255854e-11       1.516812456196e-12       3.874509573288e-13       0.000000000000e+00       1.196088768628e-15       3.638319981614e-16       1.563968408018e-17 
 1497       9.662903260973e-11       1.529341716619e-12       4.538025225272e-13       0.000000000000e+00       1.192917164443e-15       3.617594649195e-16       1.616670695608e-17 
 1498       9.617909403314e-11       1.542188102989e-12       5.186863687800e-13       0.000000000000e+00       1.189755808852e-15       3.596859488510e-16       1.668465517666e-17 
 1499       9.572570221851e-11       1.555343720698e-12       5.820938549019e-13       0.000000000000e+00       1.186604670771e-15       3.576105041986e-16       1.719375651418e-17 
 1500       9.526898326710e-11       1.568800628243e-12       6.440163190069e-13       0.000000000000e+00       1.183463718665e-15       3.555321801057e-16       1.769424011665e-17 
 1501       9.480906399287e-11       1.582550837146e-12       7.044450784881e-13       0.000000000000e+00       1.180332920550e-15       3.534500206075e-16       1.818633651023e-17 
 1502       9.434607192369e-11       1.596586311872e-12       7.633714299984e-13       0.000000000000e+00       1.177212243988e-15       3.513630646225e-16       1.867027760162e-17 
 1503       9.388013530254e-11       1.610898969746e-12       8.207866494297e-13       0.000000000000e+00       1.174101656092e-15       3.492703459444e-16       1.914629668041e-17 
 1504       9.341138308873e-11       1.625480680880e-12       8.766819918941e-13       0.000000000000e+00       1.171001123519e-15       3.471708932329e-16       1.961462842153e-17 
 1505       9.293994495909e-11       1.640323268083e-12       9.310486917033e-13       0.000000000000e+00       1.167910612476e-15       3.450637300054e-16       2.007550888756e-17 
 1506       9.246595130917e-11       1.655418506785e-12       9.838779623490e-13       0.000000000000e+00       1.164830088710e-15       3.429478746286e-16       2.052917553119e-17 
 1507       9.198953325446e-11       1.670758124957e-12       1.035160996483e-12       0.000000000000e+00       1.161759517517e-15       3.408223403100e-16       2.097586719754e-17 
 1508       9.151082263159e-11       1.686333803030e-12       1.084888965897e-12       0.000000000000e+00       1.158698863731e-15       3.386861350888e-16       2.141582412659e-17 
 1509       9.102995199954e-11       1.702137173809e-12       1.133053021505e-12       0.000000000000e+00       1.155648091733e-15       3.365382618281e-16       2.184928795556e-17 
 1510       9.054705464083e-11       1.718159822402e-12       1.179644293318e-12       0.000000000000e+00       1.152607165443e-15       3.343777182059e-16       2.227650172127e-17 
 1511       9.006226456273e-11       1.734393286130e-12       1.224653890431e-12       0.000000000000e+00       1.149576048320e-15       3.322034967067e-16       2.269770986256e-17 
 1512       8.957571649847e-11       1.750829054451e-12       1.268072900999e-12       0.000000000000e+00       1.146554703365e-15       3.300145846126e-16       2.311315822266e-17 
 1513       8.908754590845e-11       1.767458568880e-12       1.309892392216e-12       0.000000000000e+00       1.143543093116e-15       3.278099639954e-16       2.352309405156e-17 
 1514       8.859788898142e-11       1.784273222904e-12       1.350103410300e-12       0.000000000000e+00       1.140541179648e-15       3.255886117077e-16       2.392776600842e-17 
 1515       8.810688263573e-11       1.801264361906e-12       1.388696980468e-12       0.000000000000e+00       1.137548924574e-15       3.233494993741e-16       2.432742416396e-17 
 1516       8.761466452047e-11       1.818423283082e-12       1.425664106920e-12       0.000000000000e+00       1.134566289041e-15       3.210915933830e-16       2.472232000282e-17 
 1517       8.712137301674e-11       1.835741235360e-12       1.460995772817e-12       0.000000000000e+00       1.131593233731e-15       3.188138548782e-16       2.511270642596e-17 
 1518       8.662714723882e-11       1.853209419320e-12       1.494682940260e-12       0.000000000000e+00       1.128629718862e-15       3.165152397498e-16       2.549883775304e-17 
 1519       8.613212703537e-11       1.870818987112e-12       1.526716550275e-12       0.000000000000e+00       1.125675704180e-15       3.141946986262e-16       2.588096972483e-17 
 1520       8.563645299066e-11       1.888561042378e-12       1.557087522787e-12       0.000000000000e+00       1.122731148968e-15       3.118511768650e-16       2.625935950558e-17 
 1521       8.514026642575e-11       1.906426640170e-12       1.585786756605e-12       0.000000000000e+00       1.119796012036e-15       3.094836145451e-16       2.663426568536e-17 
 1522       8.464370939972e-11       1.924406786867e-12       1.612805129399e-12       0.000000000000e+00       1.116870251725e-15       3.070909464577e-16       2.700594828255e-17 
 1523       8.414692471083e-11       1.942492440097e-12       1.638133497683e-12       0.000000000000e+00       1.113953825906e-15       3.046721020977e-16       2.737466874611e-17 
 1524       8.365005589780e-11       1.960674508657e-12       1.661762696792e-12       0.000000000000e+00       1.111046691978e-15       3.022260056557e-16       2.774068995807e-17 
 1525       8.315324724092e-11       1.978943852427e-12       1.683683540864e-12       0.000000000000e+00       1.108148806865e-15       2.997515760087e-16       2.810427623582e-17 
 1526       8.265664376334e-11       1.997291282297e-12       1.703886822820e-12       0.000000000000e+00       1.105260127019e-15       2.972477267120e-16       2.846569333458e-17 
 1527       8.216039123223e-11       2.015707560080e-12       1.722363314344e-12       0.000000000000e+00       1.102380608417e-15       2.947133659908e-16       2.882520844974e-17 
 1528       8.166463615999e-11       2.034183398435e-12       1.739103765863e-12       0.000000000000e+00       1.099510206559e-15       2.921473967312e-16       2.918309021924e-17 
 1529       8.116952580545e-11       2.052709460784e-12       1.754098906526e-12       0.000000000000e+00       1.096648876470e-15       2.895487164720e-16       2.953960872598e-17 
 1530       8.067520817511e-11       2.071276361232e-12       1.767339444189e-12       0.000000000000e+00       1.093796572697e-15       2.869162173959e-16       2.989503550020e-17 
 1531       8.018182253014e-11       2.089875049574e-12       1.778820067995e-12       0.000000000000e+00       1.090953253133e-15       2.842492502046e-16       3.024957335045e-17 
 1532       7.968947080599e-11       2.108497970503e-12       1.788551498019e-12       0.000000000000e+00       1.088118890538e-15       2.815490206091e-16       3.060314511839e-17 
 1533       7.919824592213e-11       2.127137915315e-12       1.796548550712e-12       0.000000000000e+00       1.085293461129e-15       2.788172061643e-16       3.095560291047e-17 
 1534       7.870824125216e-11       2.145787637770e-12       1.802826146923e-12       0.000000000000e+00       1.082476940761e-15       2.760554936121e-16       3.130679808497e-17 
 1535       7.821955062452e-11       2.164439854025e-12       1.807399312090e-12       0.000000000000e+00       1.079669304926e-15       2.732655788962e-16       3.165658125079e-17 
 1536       7.773226832320e-11       2.183087242578e-12       1.810283176419e-12       0.000000000000e+00       1.076870528754e-15       2.704491671777e-16       3.200480226630e-17 
 1537       7.724648908848e-11       2.201722444205e-12       1.811492975074e-12       0.000000000000e+00       1.074080587012e-15       2.676079728498e-16       3.235131023804e-17 
 1538       7.676230811764e-11       2.220338061897e-12       1.811044048356e-12       0.000000000000e+00       1.071299454103e-15       2.647437195531e-16       3.269595351961e-17 
 1539       7.627982106565e-11       2.238926660804e-12       1.808951841895e-12       0.000000000000e+00       1.068527104064e-15       2.618581401912e-16       3.303857971040e-17 
 1540       7.579912404596e-11       2.257480768169e-12       1.805231906828e-12       0.000000000000e+00       1.065763510567e-15       2.589529769454e-16       3.337903565442e-17 
 1541       7.532031363114e-11       2.275992873270e-12       1.799899899988e-12       0.000000000000e+00       1.063008646917e-15       2.560299812900e-16       3.371716743909e-17 
 1542       7.484348685364e-11       2.294455427357e-12       1.792971584089e-12       0.000000000000e+00       1.060262486053e-15       2.530909140077e-16       3.405282039404e-17 
 1543       7.436874120651e-11       2.312860843593e-12       1.784462827910e-12       0.000000000000e+00       1.057525000546e-15       2.501375452045e-16       3.438583908987e-17 
 1544       7.389617464412e-11       2.331201496991e-12       1.774389606477e-12       0.000000000000e+00       1.054796162597e-15       2.471716543251e-16       3.471606733700e-17 
 1545       7.342588558284e-11       2.349469724355e-12       1.762768001255e-12       0.000000000000e+00       1.052075944037e-15       2.441950301680e-16       3.504334818444e-17 
 1546       7.295797290182e-11       2.367657824217e-12       1.749614200325e-12       0.000000000000e+00       1.049364316331e-15       2.412094709005e-16       3.536752391857e-17 
 1547       7.249253594367e-11       2.385758056777e-12       1.734944498575e-12       0.000000000000e+00       1.046661250568e-15       2.382167840742e-16       3.568843606196e-17 
 1548       7.202967451518e-11       2.403762643843e-12       1.718775297882e-12       0.000000000000e+00       1.043966717468e-15       2.352187866403e-16       3.600592537216e-17 
 1549       7.156948888806e-11       2.421663768767e-12       1.701123107296e-12       0.000000000000e+00       1.041280687378e-15       2.322173049640e-16       3.631983184049e-17 
 1550       7.111207979963e-11       2.439453576386e-12       1.682004543229e-12       0.000000000000e+00       1.038603130273e-15       2.292141748408e-16       3.662999469083e-17 
 1551       7.065754845357e-11       2.457124172964e-12       1.661436329636e-12       0.000000000000e+00       1.035934015752e-15       2.262112415106e-16       3.693625237846e-17 
 1552       7.020599652062e-11       2.474667626123e-12       1.639435298200e-12       0.000000000000e+00       1.033273313041e-15       2.232103596737e-16       3.723844258877e-17 
 1553       6.975752613930e-11       2.492075964789e-12       1.616018388519e-12       0.000000000000e+00       1.030620990989e-15       2.202133935056e-16       3.753640223615e-17 
 1554       6.931223991663e-11       2.509341179131e-12       1.591202648292e-12       0.000000000000e+00       1.027977018071e-15       2.172222166723e-16       3.782996746272e-17 
 1555       6.887024092885e-11       2.526455220493e-12       1.565005233500e-12       0.000000000000e+00       1.025341362384e-15       2.142387123453e-16       3.811897363714e-17 
 1556       6.843163272216e-11       2.543410001342e-12       1.537443408593e-12       0.000000000000e+00       1.022713991646e-15       2.112647732170e-16       3.840325535345e-17 
 1557       6.799651931339e-11       2.560197395200e-12       1.508534546675e-12       0.000000000000e+00       1.020094873199e-15       2.083023015160e-16       3.868264642978e-17 
 1558       6.756500519076e-11       2.576809236587e-12       1.478296129689e-12       0.000000000000e+00       1.017483974005e-15       2.053532090219e-16       3.895697990725e-17 
 1559       6.713719531460e-11       2.593237320958e-12       1.446745748601e-12       0.000000000000e+00       1.014881260644e-15       2.024194170806e-16       3.922608804866e-17 
 1560       6.671319511804e-11       2.609473404643e-12       1.413901103588e-12       0.000000000000e+00       1.012286699319e-15       1.995028566198e-16       3.948980233738e-17 
 1561       6.629311050774e-11       2.625509204786e-12       1.379780004217e-12       0.000000000000e+00       1.009700255849e-15       1.966054681638e-16       3.974795347607e-17 
 1562       6.587704786464e-11       2.641336399282e-12       1.344400369637e-12       0.000000000000e+00       1.007121895672e-15       1.937292018490e-16       4.000037138553e-17 
 1563       6.546511404464e-11       2.656946626720e-12       1.307780228757e-12       0.000000000000e+00       1.004551583843e-15       1.908760174387e-16       4.024688520347e-17 
 1564       6.505741637931e-11       2.672331486317e-12       1.269937720437e-12       0.000000000000e+00       1.001989285032e-15       1.880478843386e-16       4.048732328330e-17 
 1565       6.465406267667e-11       2.687482537861e-12       1.230891093668e-12       0.000000000000e+00       9.994349635268e-16       1.852467816120e-16       4.072151319296e-17 
 1566       6.425516122185e-11       2.702391301648e-12       1.190658707761e-12       0.000000000000e+00       9.968885832285e-16       1.824746979947e-16       4.094928171367e-17 
 1567       6.386082077783e-11       2.717049258422e-12       1.149259032530e-12       0.000000000000e+00       9.943501076529e-16       1.797336319106e-16       4.117045483875e-17 
 1568       6.347115058615e-11       2.731447849314e-12       1.106710648475e-12       0.000000000000e+00       9.918194999291e-16       1.770255914863e-16       4.138485777242e-17 
 1569       6.308626036766e-11       2.745578475779e-12       1.063032246971e-12       0.000000000000e+00       9.892967227987e-16       1.743525945670e-16       4.159231492860e-17 
 1570       6.270626032321e-11       2.759432499537e-12       1.018242630451e-12       0.000000000000e+00       9.867817386154e-16       1.717166687310e-16       4.179264992967e-17 
 1571       6.233124564484e-11       2.773002244143e-12       9.723618894683e-13       0.000000000000e+00       9.842745124128e-16       1.691194434764e-16       4.198572196249e-17 
 1572       6.196124989031e-11       2.786284010023e-12       9.254149455140e-13       0.000000000000e+00       9.817750211428e-16       1.665609225944e-16       4.217153521897e-17 
 1573       6.159629117583e-11       2.799275087390e-12       8.774280415582e-13       0.000000000000e+00       9.792832445220e-16       1.640407003951e-16       4.235013047213e-17 
 1574       6.123638762621e-11       2.811972757151e-12       8.284275684066e-13       0.000000000000e+00       9.767991619699e-16       1.615583684943e-16       4.252154881201e-17 
 1575       6.088155737476e-11       2.824374290891e-12       7.784400649431e-13       0.000000000000e+00       9.743227526080e-16       1.591135158085e-16       4.268583164618e-17 
 1576       6.053181856331e-11       2.836476950864e-12       7.274922183713e-13       0.000000000000e+00       9.718539952597e-16       1.567057285511e-16       4.284302070034e-17 
 1577       6.018718934216e-11       2.848277989977e-12       6.756108644572e-13       0.000000000000e+00       9.693928684496e-16       1.543345902270e-16       4.299315801884e-17 
 1578       5.984768787003e-11       2.859774651782e-12       6.228229877706e-13       0.000000000000e+00       9.669393504023e-16       1.519996816282e-16       4.313628596532e-17 
 1579       5.951333231403e-11       2.870964170461e-12       5.691557219277e-13       0.000000000000e+00       9.644934190427e-16       1.497005808295e-16       4.327244722318e-17 
 1580       5.918414084965e-11       2.881843770811e-12       5.146363498332e-13       0.000000000000e+00       9.620550519946e-16       1.474368631833e-16       4.340168479621e-17 
 1581       5.886013166070e-11       2.892410668239e-12       4.592923039221e-13       0.000000000000e+00       9.596242265809e-16       1.452081013155e-16       4.352404200912e-17 
 1582       5.854132293930e-11       2.902662068744e-12       4.031511664021e-13       0.000000000000e+00       9.572009198222e-16       1.430138651205e-16       4.363956250811e-17 
 1583       5.822773288582e-11       2.912595168904e-12       3.462406694956e-13       0.000000000000e+00       9.547851084366e-16       1.408537217567e-16       4.374829026144e-17 
 1584       5.791937970887e-11       2.922207155867e-12       2.885886956819e-13       0.000000000000e+00       9.523767688392e-16       1.387272356419e-16       4.385026955997e-17 
 1585       5.761628162524e-11       2.931495207339e-12       2.302232779389e-13       0.000000000000e+00       9.499758771414e-16       1.366339684487e-16       4.394554501777e-17 
 1586       5.731845685989e-11       2.940456491567e-12       1.711725999859e-13       0.000000000000e+00       9.475824091500e-16       1.345734790997e-16       4.403416157261e-17 
 1587       5.702592364593e-11       2.949088167331e-12       1.114649965251e-13       0.000000000000e+00       9.451963403671e-16       1.325453237631e-16       4.411616448659e-17 
 1588       5.673870022454e-11       2.957387383931e-12       5.112895348401e-14       0.000000000000e+00       9.428176459893e-16       1.305490558476e-16       4.419159934667e-17 
 1589       5.645680484496e-11       2.965351281172e-12      -9.806891742429e-15       0.000000000000e+00       9.404463009069e-16       1.285842259986e-16       4.426051206525e-17 
 1590       5.618025576448e-11       2.972976989355e-12      -7.131375004994e-14       0.000000000000e+00       9.380822797035e-16       1.266503820927e-16       4.432294888068e-17 
 1591       5.590907124837e-11       2.980261629263e-12      -1.333626803826e-13       0.000000000000e+00       9.357255566554e-16       1.247470692337e-16       4.437895635791e-17 
 1592       5.564326956985e-11       2.987202312148e-12      -1.959245894910e-13       0.000000000000e+00       9.333761057311e-16       1.228738297475e-16       4.442858138898e-17 
 1593       5.538286901009e-11       2.993796139721e-12      -2.589702316896e-13       0.000000000000e+00       9.310339005903e-16       1.210302031778e-16       4.447187119362e-17 
 1594       5.512788785814e-11       3.000040204138e-12      -3.224702086153e-13       0.000000000000e+00       9.286989145839e-16       1.192157262812e-16       4.450887331978e-17 
 1595       5.487834441092e-11       3.005931587985e-12      -3.863949689848e-13       0.000000000000e+00       9.263711207527e-16       1.174299330231e-16       4.453963564423e-17 
 1596       5.463425697315e-11       3.011467364271e-12      -4.507148083529e-13       0.000000000000e+00       9.240504918275e-16       1.156723545721e-16       4.456420637310e-17 
 1597       5.439564385739e-11       3.016644596414e-12      -5.153998688699e-13       0.000000000000e+00       9.217370002281e-16       1.139425192965e-16       4.458263404246e-17 
 1598       5.416252338391e-11       3.021460338225e-12      -5.804201390402e-13       0.000000000000e+00       9.194306180625e-16       1.122399527589e-16       4.459496751884e-17 
 1599       5.393491388073e-11       3.025911633901e-12      -6.457454534793e-13       0.000000000000e+00       9.171313171269e-16       1.105641777116e-16       4.460125599986e-17 
 1600       5.371283368357e-11       3.029995518007e-12      -7.113454926724e-13       0.000000000000e+00       9.148390689047e-16       1.089147140924e-16       4.460154901472e-17 
 1601       5.349630113579e-11       3.033709015471e-12      -7.771897827322e-13       0.000000000000e+00       9.125538445660e-16       1.072910790198e-16       4.459589642481e-17 
 1602       5.328533458837e-11       3.037049141562e-12      -8.432476951564e-13       0.000000000000e+00       9.102756149667e-16       1.056927867880e-16       4.458434842428e-17 
 1603       5.307995239991e-11       3.040012901888e-12      -9.094884465860e-13       0.000000000000e+00       9.080043506486e-16       1.041193488627e-16       4.456695554054e-17 
 1604       5.288017293655e-11       3.042597292376e-12      -9.758810985630e-13       0.000000000000e+00       9.057400218381e-16       1.025702738765e-16       4.454376863491e-17 
 1605       5.268601457194e-11       3.044799299263e-12      -1.042394557288e-12       0.000000000000e+00       9.034825984460e-16       1.010450676238e-16       4.451483890311e-17 
 1606       5.249749568725e-11       3.046615899082e-12      -1.108997573380e-12       0.000000000000e+00       9.012320500667e-16       9.954323305669e-17       4.448021787585e-17 
 1607       5.231463467108e-11       3.048044058652e-12      -1.175658741629e-12       0.000000000000e+00       8.989883459776e-16       9.806427027996e-17       4.443995741939e-17 
 1608       5.213744991946e-11       3.049080735064e-12      -1.242346500763e-12       0.000000000000e+00       8.967514551389e-16       9.660767654666e-17       4.439410973613e-17 
 1609       5.196595983582e-11       3.049722875667e-12      -1.309029133195e-12       0.000000000000e+00       8.945213461924e-16       9.517294625340e-17       4.434272736511e-17 
 1610       5.180018283095e-11       3.049967418061e-12      -1.375674764790e-12       0.000000000000e+00       8.922979874613e-16       9.375957093573e-17       4.428586318264e-17 
 1611       5.164012545631e-11       3.049812266446e-12      -1.442253237509e-12       0.000000000000e+00       8.900813494788e-16       9.236698415374e-17       4.422357986856e-17 
 1612       5.148574668637e-11       3.049259230417e-12      -1.508741746438e-12       0.000000000000e+00       8.878714126010e-16       9.099439561082e-17       4.415597839811e-17 
 1613       5.133699331186e-11       3.048311112834e-12      -1.575119253467e-12       0.000000000000e+00       8.856681594620e-16       8.964095551930e-17       4.408316980991e-17 
 1614       5.119381177640e-11       3.046970735909e-12      -1.641364618890e-12       0.000000000000e+00       8.834715724504e-16       8.830580956638e-17       4.400526576474e-17 
 1615       5.105614817593e-11       3.045240941240e-12      -1.707456601252e-12       0.000000000000e+00       8.812816337087e-16       8.698809890690e-17       4.392237854651e-17 
 1616       5.092394825808e-11       3.043124589842e-12      -1.773373857188e-12       0.000000000000e+00       8.790983251328e-16       8.568696015620e-17       4.383462106325e-17 
 1617       5.079715742166e-11       3.040624562181e-12      -1.839094941271e-12       0.000000000000e+00       8.769216283715e-16       8.440152538292e-17       4.374210684814e-17 
 1618       5.067572071601e-11       3.037743758207e-12      -1.904598305859e-12       0.000000000000e+00       8.747515248264e-16       8.313092210181e-17       4.364495006048e-17 
 1619       5.055958284045e-11       3.034485097386e-12      -1.969862300931e-12       0.000000000000e+00       8.725879956506e-16       8.187427326659e-17       4.354326548671e-17 
 1620       5.044868814370e-11       3.030851518732e-12      -2.034865173942e-12       0.000000000000e+00       8.704310217492e-16       8.063069726274e-17       4.343716854142e-17 
 1621       5.034298062330e-11       3.026845980841e-12      -2.099585069660e-12       0.000000000000e+00       8.682805837781e-16       7.939930790034e-17       4.332677526831e-17 
 1622       5.024240392499e-11       3.022471461925e-12      -2.164000030011e-12       0.000000000000e+00       8.661366621437e-16       7.817921440687e-17       4.321220234121e-17 
 1623       5.014690134220e-11       3.017730959841e-12      -2.228087993929e-12       0.000000000000e+00       8.639992370026e-16       7.696952142006e-17       4.309356706512e-17 
 1624       5.005641581539e-11       3.012627492128e-12      -2.291826797192e-12       0.000000000000e+00       8.618682882610e-16       7.576932898067e-17       4.297098737713e-17 
 1625       4.997088993152e-11       3.007164096038e-12      -2.355194172275e-12       0.000000000000e+00       8.597437955741e-16       7.457773252536e-17       4.284458184750e-17 
 1626       4.989026592347e-11       3.001343828565e-12      -2.418167748188e-12       0.000000000000e+00       8.576257383458e-16       7.339382287948e-17       4.271446968058e-17 
 1627       4.981448566940e-11       2.995169766486e-12      -2.480725050324e-12       0.000000000000e+00       8.555140957282e-16       7.221668624992e-17       4.258077071589e-17 
 1628       4.974349069224e-11       2.988645006387e-12      -2.542843500301e-12       0.000000000000e+00       8.534088466208e-16       7.104540421787e-17       4.244360542908e-17 
 1629       4.967722215908e-11       2.981772664696e-12      -2.604500415810e-12       0.000000000000e+00       8.513099696706e-16       6.987905373173e-17       4.230309493290e-17 
 1630       4.961562088055e-11       2.974555877722e-12      -2.665673010454e-12       0.000000000000e+00       8.492174432711e-16       6.871670709985e-17       4.215936097827e-17 
 1631       4.955862731031e-11       2.966997801679e-12      -2.726338393598e-12       0.000000000000e+00       8.471312455621e-16       6.755743198341e-17       4.201252595522e-17 
 1632       4.950618154441e-11       2.959101612726e-12      -2.786473570211e-12       0.000000000000e+00       8.450513544291e-16       6.640029138920e-17       4.186271289391e-17 
 1633       4.945822332074e-11       2.950870506996e-12      -2.846055440709e-12       0.000000000000e+00       8.429777475028e-16       6.524434366247e-17       4.171004546566e-17 
 1634       4.941469201842e-11       2.942307700629e-12      -2.905060800801e-12       0.000000000000e+00       8.409104021588e-16       6.408864247975e-17       4.155464798388e-17 
 1635       4.937552665726e-11       2.933416429807e-12      -2.963466341335e-12       0.000000000000e+00       8.388492955168e-16       6.293223684164e-17       4.139664540514e-17 
 1636       4.934066589713e-11       2.924199950785e-12      -3.021248648140e-12       0.000000000000e+00       8.367944044405e-16       6.177417106568e-17       4.123616333013e-17 
 1637       4.931004803741e-11       2.914661539922e-12      -3.078384201870e-12       0.000000000000e+00       8.347457055367e-16       6.061348477912e-17       4.107332800468e-17 
 1638       4.928361101640e-11       2.904804493717e-12      -3.134849377851e-12       0.000000000000e+00       8.327031751552e-16       5.944921291178e-17       4.090826632074e-17 
 1639       4.926129241075e-11       2.894632128843e-12      -3.190620445923e-12       0.000000000000e+00       8.306667893881e-16       5.828038568887e-17       4.074110581740e-17 
 1640       4.924302943483e-11       2.884147782172e-12      -3.245673570287e-12       0.000000000000e+00       8.286365240694e-16       5.710602862379e-17       4.057197468187e-17 
 1641       4.922875894021e-11       2.873354810819e-12      -3.299984809347e-12       0.000000000000e+00       8.266123547745e-16       5.592516251095e-17       4.040100175049e-17 
 1642       4.921841741506e-11       2.862256592164e-12      -3.353530115556e-12       0.000000000000e+00       8.245942568195e-16       5.473680341863e-17       4.022831650975e-17 
 1643       4.921194098353e-11       2.850856523893e-12      -3.406285335258e-12       0.000000000000e+00       8.225822052613e-16       5.353996268175e-17       4.005404909725e-17 
 1644       4.920926540521e-11       2.839158024025e-12      -3.458226208536e-12       0.000000000000e+00       8.205761748964e-16       5.233364689474e-17       3.987833030273e-17 
 1645       4.921032607455e-11       2.827164530948e-12      -3.509328369054e-12       0.000000000000e+00       8.185761402609e-16       5.111685790431e-17       3.970129156905e-17 
 1646       4.921505802025e-11       2.814879503451e-12      -3.559567343903e-12       0.000000000000e+00       8.165820756300e-16       4.988859280233e-17       3.952306499320e-17 
 1647       4.922339590468e-11       2.802306420757e-12      -3.608918553443e-12       0.000000000000e+00       8.145939550171e-16       4.864784391860e-17       3.934378332731e-17 
 1648       4.923527402333e-11       2.789448782555e-12      -3.657357311151e-12       0.000000000000e+00       8.126117521739e-16       4.739359881370e-17       3.916357997964e-17 
 1649       4.925062630420e-11       2.776310109033e-12      -3.704858823461e-12       0.000000000000e+00       8.106354405894e-16       4.612484027181e-17       3.898258901556e-17 
 1650       4.926938630722e-11       2.762893940912e-12      -3.751398189613e-12       0.000000000000e+00       8.086649934898e-16       4.484054629351e-17       3.880094515858e-17 
 1651       4.929148493524e-11       2.749204230297e-12      -3.796953778269e-12       0.000000000000e+00       8.067003859242e-16       4.354014662226e-17       3.861874930776e-17 
 1652       4.931684354591e-11       2.735246516963e-12      -3.841517390400e-12       0.000000000000e+00       8.047416010429e-16       4.222489676239e-17       3.843596475370e-17 
 1653       4.934538077759e-11       2.721026762558e-12      -3.885084186151e-12       0.000000000000e+00       8.027886238740e-16       4.089651612262e-17       3.825252004486e-17 
 1654       4.937701483158e-11       2.706550960781e-12      -3.927649316229e-12       0.000000000000e+00       8.008414392414e-16       3.955673260042e-17       3.806834338715e-17 
 1655       4.941166347143e-11       2.691825137430e-12      -3.969207921898e-12       0.000000000000e+00       7.989000317644e-16       3.820728259496e-17       3.788336264343e-17 
 1656       4.944924402226e-11       2.676855350451e-12      -4.009755134972e-12       0.000000000000e+00       7.969643858576e-16       3.684991101994e-17       3.769750533295e-17 
 1657       4.948967337006e-11       2.661647689993e-12      -4.049286077805e-12       0.000000000000e+00       7.950344857303e-16       3.548637131657e-17       3.751069863088e-17 
 1658       4.953286796105e-11       2.646208278451e-12      -4.087795863289e-12       0.000000000000e+00       7.931103153860e-16       3.411842546643e-17       3.732286936776e-17 
 1659       4.957874380096e-11       2.630543270520e-12      -4.125279594844e-12       0.000000000000e+00       7.911918586223e-16       3.274784400441e-17       3.713394402902e-17 
 1660       4.962721645435e-11       2.614658853246e-12      -4.161732366412e-12       0.000000000000e+00       7.892790990303e-16       3.137640603158e-17       3.694384875441e-17 
 1661       4.967820104395e-11       2.598561246072e-12      -4.197149262448e-12       0.000000000000e+00       7.873720199942e-16       3.000589922814e-17       3.675250933753e-17 
 1662       4.973161224995e-11       2.582256700893e-12      -4.231525357916e-12       0.000000000000e+00       7.854706046911e-16       2.863811986631e-17       3.655985122528e-17 
 1663       4.978736430933e-11       2.565751502101e-12      -4.264855718280e-12       0.000000000000e+00       7.835748360904e-16       2.727487282322e-17       3.636579951737e-17 
 1664       4.984537101519e-11       2.549051966637e-12      -4.297135399497e-12       0.000000000000e+00       7.816846969536e-16       2.591797159386e-17       3.617027896577e-17 
 1665       4.990554571606e-11       2.532164444043e-12      -4.328359448012e-12       0.000000000000e+00       7.798001698336e-16       2.456923830392e-17       3.597321397425e-17 
 1666       4.996780131518e-11       2.515095316509e-12      -4.358522900748e-12       0.000000000000e+00       7.779212370747e-16       2.323050372279e-17       3.577452859777e-17 
 1667       5.003205026989e-11       2.497850998924e-12      -4.387620785101e-12       0.000000000000e+00       7.760478808120e-16       2.190360727637e-17       3.557414654207e-17 
 1668       5.009820459088e-11       2.480437938927e-12      -4.415648118934e-12       0.000000000000e+00       7.741800829710e-16       2.059039706005e-17       3.537199116306e-17 
 1669       5.016617584154e-11       2.462862616953e-12      -4.442599910567e-12       0.000000000000e+00       7.723178252672e-16       1.929272985160e-17       3.516798546636e-17 
 1670       5.023587513728e-11       2.445131546290e-12      -4.468471158772e-12       0.000000000000e+00       7.704610892057e-16       1.801247112404e-17       3.496205210677e-17 
 1671       5.030721314484e-11       2.427251273123e-12      -4.493256852765e-12       0.000000000000e+00       7.686098560811e-16       1.675149505861e-17       3.475411338773e-17 
 1672       5.038010008159e-11       2.409228376586e-12      -4.516951972201e-12       0.000000000000e+00       7.667641069767e-16       1.551168455762e-17       3.454409126085e-17 
 1673       5.045444571488e-11       2.391069468810e-12      -4.539551487164e-12       0.000000000000e+00       7.649238227642e-16       1.429493125740e-17       3.433190732532e-17 
 1674       5.053015936134e-11       2.372781194979e-12      -4.561050358163e-12       0.000000000000e+00       7.630889841036e-16       1.310313554119e-17       3.411748282747e-17 
 1675       5.060714988619e-11       2.354370233371e-12      -4.581443536122e-12       0.000000000000e+00       7.612595714425e-16       1.193820655203e-17       3.390073866022e-17 
 1676       5.068532570258e-11       2.335843295417e-12      -4.600725962376e-12       0.000000000000e+00       7.594355650157e-16       1.080206220571e-17       3.368159536253e-17 
 1677       5.076459477087e-11       2.317207125744e-12      -4.618892568663e-12       0.000000000000e+00       7.576169448450e-16       9.696629203637e-18       3.345997311894e-17 
 1678       5.084486459800e-11       2.298468502228e-12      -4.635938277115e-12       0.000000000000e+00       7.558036907389e-16       8.623843045769e-18       3.323579175902e-17 
 1679       5.092604223676e-11       2.279634236045e-12      -4.651858000253e-12       0.000000000000e+00       7.539957822917e-16       7.585648043509e-18       3.300897075686e-17 
 1680       5.100803428513e-11       2.260711171717e-12      -4.666646640980e-12       0.000000000000e+00       7.521931988837e-16       6.583997332618e-18       3.277942923054e-17 
 1681       5.109074688559e-11       2.241706187167e-12      -4.680299092575e-12       0.000000000000e+00       7.503959196805e-16       5.620852886123e-18       3.254708594164e-17 
 1682       5.117408572444e-11       2.222626193766e-12      -4.692810238681e-12       0.000000000000e+00       7.486039236325e-16       4.698185527222e-18       3.231185929470e-17 
 1683       5.125795603113e-11       2.203478136383e-12      -4.704174953306e-12       0.000000000000e+00       7.468171894751e-16       3.817974942193e-18       3.207366733671e-17 
 1684       5.134226257755e-11       2.184268993434e-12      -4.714388100808e-12       0.000000000000e+00       7.450356957273e-16       2.982209693303e-18       3.183242775659e-17 
 1685       5.142690967737e-11       2.165005776936e-12      -4.723444535894e-12       0.000000000000e+00       7.432594206923e-16       2.192887231712e-18       3.158805788468e-17 
 1686       5.151180118534e-11       2.145695532554e-12      -4.731339103610e-12       0.000000000000e+00       7.414883424566e-16       1.452013910387e-18       3.134047469221e-17 
 1687       5.159684049664e-11       2.126345339649e-12      -4.738066639333e-12       0.000000000000e+00       7.397224388897e-16       7.616049970026e-19       3.108959479079e-17 
 1688       5.168193054615e-11       2.106962311332e-12      -4.743621968768e-12       0.000000000000e+00       7.379616876438e-16       1.236846868538e-19       3.083533443191e-17 
 1689       5.176697380780e-11       2.087553594512e-12      -4.747999907938e-12       0.000000000000e+00       7.362060661531e-16      -4.597138842386e-19       3.057760950639e-17 
 1690       5.185187229389e-11       2.068126369947e-12      -4.751195263176e-12       0.000000000000e+00       7.344555516338e-16      -9.865486270198e-19       3.031633554387e-17 
 1691       5.193653433155e-11       2.048687532625e-12      -4.753205594240e-12       0.000000000000e+00       7.327101228211e-16      -1.455408306570e-18       3.005145885025e-17 
 1692       5.202089495772e-11       2.029242729789e-12      -4.754039529792e-12       0.000000000000e+00       7.309697651972e-16      -1.867438045316e-18       2.978305021556e-17 
 1693       5.210489569933e-11       2.009797314691e-12      -4.753708523855e-12       0.000000000000e+00       7.292344658077e-16      -2.224430454483e-18       2.951121201584e-17 
 1694       5.218847781166e-11       1.990356665536e-12      -4.752224099326e-12       0.000000000000e+00       7.275042115278e-16      -2.528187339475e-18       2.923604714957e-17 
 1695       5.227158227802e-11       1.970926185525e-12      -4.749597848094e-12       0.000000000000e+00       7.257789890624e-16      -2.780519713800e-18       2.895765903849e-17 
 1696       5.235414980932e-11       1.951511302882e-12      -4.745841431140e-12       0.000000000000e+00       7.240587849451e-16      -2.983247812999e-18       2.867615162836e-17 
 1697       5.243612084368e-11       1.932117470901e-12      -4.740966578653e-12       0.000000000000e+00       7.223435855383e-16      -3.138201108574e-18       2.839162938979e-17 
 1698       5.251743554601e-11       1.912750167974e-12      -4.734985090135e-12       0.000000000000e+00       7.206333770331e-16      -3.247218321913e-18       2.810419731895e-17 
 1699       5.259803380765e-11       1.893414897632e-12      -4.727908834512e-12       0.000000000000e+00       7.189281454484e-16      -3.312147438214e-18       2.781396093845e-17 
 1700       5.267785524594e-11       1.874117188583e-12      -4.719749750241e-12       0.000000000000e+00       7.172278766310e-16      -3.334845720420e-18       2.752102629807e-17 
 1701       5.275683920382e-11       1.854862594743e-12      -4.710519845421e-12       0.000000000000e+00       7.155325562553e-16      -3.317179723138e-18       2.722549997556e-17 
 1702       5.283492474947e-11       1.835656695277e-12      -4.700231197898e-12       0.000000000000e+00       7.138421698226e-16      -3.261025306570e-18       2.692748907745e-17 
 1703       5.291205067586e-11       1.816505094635e-12      -4.688895955379e-12       0.000000000000e+00       7.121567026612e-16      -3.168267650440e-18       2.662710123980e-17 
 1704       5.298815550038e-11       1.797413422587e-12      -4.676526335539e-12       0.000000000000e+00       7.104761399259e-16      -3.040801267918e-18       2.632444462904e-17 
 1705       5.306317746446e-11       1.778387334261e-12      -4.663134626126e-12       0.000000000000e+00       7.088004665978e-16      -2.880530019549e-18       2.601962794271e-17 
 1706       5.313705453313e-11       1.759432510178e-12      -4.648733185077e-12       0.000000000000e+00       7.071296674835e-16      -2.689367127182e-18       2.571276041026e-17 
 1707       5.320972439463e-11       1.740554656292e-12      -4.633334440622e-12       0.000000000000e+00       7.054637272158e-16      -2.469235187892e-18       2.540395179388e-17 
 1708       5.328112446006e-11       1.721759504021e-12      -4.616950891392e-12       0.000000000000e+00       7.038026302521e-16      -2.222066187912e-18       2.509331238921e-17 
 1709       5.335119186292e-11       1.703052810288e-12      -4.599595106533e-12       0.000000000000e+00       7.021463608751e-16      -1.949801516555e-18       2.478095302621e-17 
 1710       5.341986345872e-11       1.684440357557e-12      -4.581279725810e-12       0.000000000000e+00       7.004949031921e-16      -1.654391980147e-18       2.446698506991e-17 
 1711       5.348707582464e-11       1.665927953867e-12      -4.562017459717e-12       0.000000000000e+00       6.988482411346e-16      -1.337797815946e-18       2.415152042118e-17 
 1712       5.355276525905e-11       1.647521432873e-12      -4.541821089589e-12       0.000000000000e+00       6.972063584581e-16      -1.001988706076e-18       2.383467151755e-17 
 1713       5.361686778117e-11       1.629226653877e-12      -4.520703467706e-12       0.000000000000e+00       6.955692387418e-16      -6.489437914515e-19       2.351655133400e-17 
 1714       5.367931913066e-11       1.611049501869e-12      -4.498677517407e-12       0.000000000000e+00       6.939368653881e-16      -2.806516857031e-19       2.319727338373e-17 
 1715       5.374005476720e-11       1.592995887562e-12      -4.475756233194e-12       0.000000000000e+00       6.923092216225e-16       1.008895108943e-19       2.287695171894e-17 
 1716       5.379900987010e-11       1.575071747428e-12      -4.451952680844e-12       0.000000000000e+00       6.906862904935e-16       4.936721974945e-19       2.255570093166e-17 
 1717       5.385611933793e-11       1.557283043735e-12      -4.427279997517e-12       0.000000000000e+00       6.890680548714e-16       8.956792587536e-19       2.223363615450e-17 
 1718       5.391131778808e-11       1.539635764584e-12      -4.401751391865e-12       0.000000000000e+00       6.874544974492e-16       1.304884050903e-18       2.191087306145e-17 
 1719       5.396453955638e-11       1.522135923945e-12      -4.375380144141e-12       0.000000000000e+00       6.858456007411e-16       1.719250387821e-18       2.158752786866e-17 
 1720       5.401571869672e-11       1.504789561695e-12      -4.348179606307e-12       0.000000000000e+00       6.842413470831e-16       2.136732527110e-18       2.126371733527e-17 
 1721       5.406478898062e-11       1.487602743651e-12      -4.320163202145e-12       0.000000000000e+00       6.826417186321e-16       2.555275156164e-18       2.093955876414e-17 
 1722       5.411168389685e-11       1.470581561610e-12      -4.291344427364e-12       0.000000000000e+00       6.810466973661e-16       2.972813378245e-18       2.061517000268e-17 
 1723       5.415633665102e-11       1.453732133386e-12      -4.261736849708e-12       0.000000000000e+00       6.794562650832e-16       3.387272698557e-18       2.029066944361e-17 
 1724       5.419868016519e-11       1.437060602842e-12      -4.231354109068e-12       0.000000000000e+00       6.778704034020e-16       3.796569010316e-18       1.996617602578e-17 
 1725       5.423864707748e-11       1.420573139932e-12      -4.200209917589e-12       0.000000000000e+00       6.762890937606e-16       4.198608580825e-18       1.964180923493e-17 
 1726       5.427616974166e-11       1.404275940733e-12      -4.168318059778e-12       0.000000000000e+00       6.747123174170e-16       4.591288037548e-18       1.931768910450e-17 
 1727       5.431118022674e-11       1.388175227486e-12      -4.135692392615e-12       0.000000000000e+00       6.731400554481e-16       4.972494354180e-18       1.899393621639e-17 
 1728       5.434361031659e-11       1.372277248629e-12      -4.102346845661e-12       0.000000000000e+00       6.715722887500e-16       5.340104836723e-18       1.867067170180e-17 
 1729       5.437339150956e-11       1.356588278834e-12      -4.068295421165e-12       0.000000000000e+00       6.700089980370e-16       5.691987109557e-18       1.834801724195e-17 
 1730       5.440045501802e-11       1.341114619045e-12      -4.033552194177e-12       0.000000000000e+00       6.684501638420e-16       6.025999101515e-18       1.802609506892e-17 
 1731       5.442474215079e-11       1.325861836102e-12      -3.998132003835e-12       0.000000000000e+00       6.668957679836e-16       6.340503070055e-18       1.770500692177e-17 
 1732       5.444623555702e-11       1.310832474505e-12      -3.962052533413e-12       0.000000000000e+00       6.653457979838e-16       6.635912452991e-18       1.738477071876e-17 
 1733       5.446492824558e-11       1.296028325384e-12      -3.925332248073e-12       0.000000000000e+00       6.638002426872e-16       6.913158064416e-18       1.706538335139e-17 
 1734       5.448081322630e-11       1.281451185154e-12      -3.887989705417e-12       0.000000000000e+00       6.622590907960e-16       7.173175250061e-18       1.674684168039e-17 
 1735       5.449388350997e-11       1.267102855527e-12      -3.850043555622e-12       0.000000000000e+00       6.607223308701e-16       7.416903893943e-18       1.642914253574e-17 
 1736       5.450413210841e-11       1.252985143516e-12      -3.811512541578e-12       0.000000000000e+00       6.591899513267e-16       7.645288425013e-18       1.611228271655e-17 
 1737       5.451155203442e-11       1.239099861441e-12      -3.772415499024e-12       0.000000000000e+00       6.576619404398e-16       7.859277823801e-18       1.579625899101e-17 
 1738       5.451613630182e-11       1.225448826936e-12      -3.732771356683e-12       0.000000000000e+00       6.561382863403e-16       8.059825629068e-18       1.548106809640e-17 
 1739       5.451787792549e-11       1.212033862953e-12      -3.692599136401e-12       0.000000000000e+00       6.546189770156e-16       8.247889944453e-18       1.516670673893e-17 
 1740       5.451676992137e-11       1.198856797771e-12      -3.651917953282e-12       0.000000000000e+00       6.531040003091e-16       8.424433445115e-18       1.485317159380e-17 
 1741       5.451280530646e-11       1.185919465001e-12      -3.610747015826e-12       0.000000000000e+00       6.515933439205e-16       8.590423384390e-18       1.454045930507e-17 
 1742       5.450597709887e-11       1.173223703591e-12      -3.569105626064e-12       0.000000000000e+00       6.500869954049e-16       8.746831600429e-18       1.422856648563e-17 
 1743       5.449627831782e-11       1.160771357834e-12      -3.527013179696e-12       0.000000000000e+00       6.485849421731e-16       8.894634522855e-18       1.391748971714e-17 
 1744       5.448370198365e-11       1.148564277371e-12      -3.484489166225e-12       0.000000000000e+00       6.470871714908e-16       9.034813179401e-18       1.360722554999e-17 
 1745       5.446824111785e-11       1.136604317202e-12      -3.441553169096e-12       0.000000000000e+00       6.455936704788e-16       9.168353202568e-18       1.329777050324e-17 
 1746       5.444988874308e-11       1.124893337687e-12      -3.398224865833e-12       0.000000000000e+00       6.441044261127e-16       9.296244836262e-18       1.298912106456e-17 
 1747       5.442863788317e-11       1.113433204557e-12      -3.354524028173e-12       0.000000000000e+00       6.426194252222e-16       9.419482942453e-18       1.268127369018e-17 
 1748       5.440448156315e-11       1.102225788915e-12      -3.310470522205e-12       0.000000000000e+00       6.411386544914e-16       9.539067007811e-18       1.237422480484e-17 
 1749       5.437741280927e-11       1.091272967247e-12      -3.266084308504e-12       0.000000000000e+00       6.396621004582e-16       9.656001150364e-18       1.206797080173e-17 
 1750       5.434742464900e-11       1.080576621423e-12      -3.221385442271e-12       0.000000000000e+00       6.381897495141e-16       9.771294126138e-18       1.176250804243e-17 
 1751       5.431451011108e-11       1.070138638710e-12      -3.176394073467e-12       0.000000000000e+00       6.367215879040e-16       9.885959335810e-18       1.145783285690e-17 
 1752       5.427866222550e-11       1.059960911770e-12      -3.131130446950e-12       0.000000000000e+00       6.352576017260e-16       1.000101483135e-17       1.115394154334e-17 
 1753       5.423987402353e-11       1.050045338672e-12      -3.085614902610e-12       0.000000000000e+00       6.337977769310e-16       1.011748332268e-17       1.085083036824e-17 
 1754       5.419813853775e-11       1.040393822898e-12      -3.039867875511e-12       0.000000000000e+00       6.323420993223e-16       1.023639218431e-17       1.054849556624e-17 
 1755       5.415344880205e-11       1.031008273344e-12      -2.993909896020e-12       0.000000000000e+00       6.308905545559e-16       1.035877346198e-17       1.024693334012e-17 
 1756       5.410579785166e-11       1.021890604332e-12      -2.947761589951e-12       0.000000000000e+00       6.294431281396e-16       1.048566387933e-17       9.946139860747e-18 
 1757       5.405517872317e-11       1.013042735613e-12      -2.901443678695e-12       0.000000000000e+00       6.279998054332e-16       1.061810484454e-17       9.646111266999e-18 
 1758       5.400158445452e-11       1.004466592373e-12      -2.854976979361e-12       0.000000000000e+00       6.265605716478e-16       1.075714245694e-17       9.346843665729e-18 
 1759       5.394500808505e-11       9.961641052418e-13      -2.808382404912e-12       0.000000000000e+00       6.251254118462e-16       1.090382751374e-17       9.048333131705e-18 
 1760       5.388544265550e-11       9.881372102956e-13      -2.761680964297e-12       0.000000000000e+00       6.236943109418e-16       1.105921551658e-17       8.750575707559e-18 
 1761       5.382288120803e-11       9.803878490653e-13      -2.714893762596e-12       0.000000000000e+00       6.222672536992e-16       1.122436667826e-17       8.453567403730e-18 
 1762       5.375731678625e-11       9.729179685419e-13      -2.668042001147e-12       0.000000000000e+00       6.208442247332e-16       1.140034592934e-17       8.157304198410e-18 
 1763       5.368874243519e-11       9.657295211830e-13      -2.621146977693e-12       0.000000000000e+00       6.194252085090e-16       1.158822292480e-17       7.861782037497e-18 
 1764       5.361715120140e-11       9.588244649185e-13      -2.574230086506e-12       0.000000000000e+00       6.180101893419e-16       1.178907205069e-17       7.566996834531e-18 
 1765       5.354253613288e-11       9.522047631572e-13      -2.527312818537e-12       0.000000000000e+00       6.165991513967e-16       1.200397243078e-17       7.272944470650e-18 
 1766       5.346489027915e-11       9.458723847924e-13      -2.480416761541e-12       0.000000000000e+00       6.151920786880e-16       1.223400793319e-17       6.979620794530e-18 
 1767       5.338420669127e-11       9.398293042083e-13      -2.433563600221e-12       0.000000000000e+00       6.137889550793e-16       1.248026717707e-17       6.687021622333e-18 
 1768       5.330047842181e-11       9.340775012862e-13      -2.386775116362e-12       0.000000000000e+00       6.123897642833e-16       1.274384353923e-17       6.395142737655e-18 
 1769       5.321369852493e-11       9.286189614103e-13      -2.340073188966e-12       0.000000000000e+00       6.109944898614e-16       1.302583516077e-17       6.103979891468e-18 
 1770       5.312386005634e-11       9.234556754742e-13      -2.293479794393e-12       0.000000000000e+00       6.096031152234e-16       1.332734495376e-17       5.813528802074e-18 
 1771       5.303096358491e-11       9.185889326872e-13      -2.247015585642e-12       0.000000000000e+00       6.082156248332e-16       1.364917331497e-17       5.523792482817e-18 
 1772       5.293503979518e-11       9.140171925915e-13      -2.200695617095e-12       0.000000000000e+00       6.068320078377e-16       1.399089347768e-17       5.234803291568e-18 
 1773       5.283612707161e-11       9.097381954754e-13      -2.154533584728e-12       0.000000000000e+00       6.054522544674e-16       1.435176853328e-17       4.946601063322e-18 
 1774       5.273426400432e-11       9.057496679551e-13      -2.108543243828e-12       0.000000000000e+00       6.040763548329e-16       1.473105802559e-17       4.659225799181e-18 
 1775       5.262948938934e-11       9.020493229544e-13      -2.062738409081e-12       0.000000000000e+00       6.027042989249e-16       1.512801794577e-17       4.372717666584e-18 
 1776       5.252184222897e-11       8.986348596837e-13      -2.017132954653e-12       0.000000000000e+00       6.013360766137e-16       1.554190072719e-17       4.087116999534e-18 
 1777       5.241136173203e-11       8.955039636188e-13      -1.971740814274e-12       0.000000000000e+00       5.999716776491e-16       1.597195524037e-17       3.802464298821e-18 
 1778       5.229808731421e-11       8.926543064805e-13      -1.926575981316e-12       0.000000000000e+00       5.986110916604e-16       1.641742678784e-17       3.518800232252e-18 
 1779       5.218205859835e-11       8.900835462130e-13      -1.881652508879e-12       0.000000000000e+00       5.972543081559e-16       1.687755709905e-17       3.236165634876e-18 
 1780       5.206331541476e-11       8.877893269635e-13      -1.836984509871e-12       0.000000000000e+00       5.959013165227e-16       1.735158432527e-17       2.954601509210e-18 
 1781       5.194189780150e-11       8.857692790611e-13      -1.792586157092e-12       0.000000000000e+00       5.945521060269e-16       1.783874303450e-17       2.674149025467e-18 
 1782       5.181784600471e-11       8.840210189959e-13      -1.748471683315e-12       0.000000000000e+00       5.932066658126e-16       1.833826420633e-17       2.394849521781e-18 
 1783       5.169120047890e-11       8.825421493980e-13      -1.704655381369e-12       0.000000000000e+00       5.918649849024e-16       1.884937522687e-17       2.116744504433e-18 
 1784       5.156200188726e-11       8.813302590166e-13      -1.661151604219e-12       0.000000000000e+00       5.905270521971e-16       1.937129988364e-17       1.839875648080e-18 
 1785       5.143029110195e-11       8.803829226992e-13      -1.617974765053e-12       0.000000000000e+00       5.891928564750e-16       1.990325836045e-17       1.564284795981e-18 
 1786       5.129610920445e-11       8.796977013706e-13      -1.575139337360e-12       0.000000000000e+00       5.878623863923e-16       2.044446723234e-17       1.290013960219e-18 
 1787       5.115949748580e-11       8.792721420118e-13      -1.532659855011e-12       0.000000000000e+00       5.865356304823e-16       2.099413946042e-17       1.017105321934e-18 
 1788       5.102049744693e-11       8.791037776395e-13      -1.490550912348e-12       0.000000000000e+00       5.852125771558e-16       2.155148438682e-17       7.456012315459e-19 
 1789       5.087915079902e-11       8.791901272847e-13      -1.448827164259e-12       0.000000000000e+00       5.838932147004e-16       2.211570772955e-17       4.755442089806e-19 
 1790       5.073549946369e-11       8.795286959721e-13      -1.407503326264e-12       0.000000000000e+00       5.825775312805e-16       2.268601157741e-17       2.069769438982e-19 
 1791       5.058958557341e-11       8.801169746990e-13      -1.366594174597e-12       0.000000000000e+00       5.812655149370e-16       2.326159438490e-17      -6.005770408144e-20 
 1792       5.044145147176e-11       8.809524404146e-13      -1.326114546286e-12       0.000000000000e+00       5.799571535872e-16       2.384165096708e-17      -3.255167051521e-19 
 1793       5.029113971373e-11       8.820325559986e-13      -1.286079339238e-12       0.000000000000e+00       5.786524350245e-16       2.442537249454e-17      -5.893568590945e-19 
 1794       5.013869306603e-11       8.833547702411e-13      -1.246503512320e-12       0.000000000000e+00       5.773513469182e-16       2.501194648821e-17      -8.515347950502e-19 
 1795       4.998415450740e-11       8.849165178207e-13      -1.207402085441e-12       0.000000000000e+00       5.760538768134e-16       2.560055681430e-17      -1.112006971295e-18 
 1796       4.982756722891e-11       8.867152192843e-13      -1.168790139636e-12       0.000000000000e+00       5.747600121305e-16       2.619038367922e-17      -1.370729675011e-18 
 1797       4.966897463428e-11       8.887482810259e-13      -1.130682817143e-12       0.000000000000e+00       5.734697401653e-16       2.678060362444e-17      -1.627659022064e-18 
 1798       4.950842034014e-11       8.910130952657e-13      -1.093095321493e-12       0.000000000000e+00       5.721830480887e-16       2.737038952138e-17      -1.882750956773e-18 
 1799       4.934594817639e-11       8.935070400291e-13      -1.056042917586e-12       0.000000000000e+00       5.708999229462e-16       2.795891056636e-17      -2.135961251685e-18 
 1800       4.918160218647e-11       8.962274791261e-13      -1.019540931777e-12       0.000000000000e+00       5.696203516583e-16       2.854533227544e-17      -2.387245507348e-18 
 1801       4.901542662768e-11       8.991717621299e-13      -9.836047519538e-13       0.000000000000e+00       5.683443210197e-16       2.912881647936e-17      -2.636559152087e-18 
 1802       4.884746597146e-11       9.023372243563e-13      -9.482498276249e-13       0.000000000000e+00       5.670718176992e-16       2.970852131841e-17      -2.883857441775e-18 
 1803       4.867776490372e-11       9.057211868426e-13      -9.134916699976e-13       0.000000000000e+00       5.658028282398e-16       3.028360123732e-17      -3.129095459608e-18 
 1804       4.850636832516e-11       9.093209563270e-13      -8.793458520619e-13       0.000000000000e+00       5.645373390583e-16       3.085320698021e-17      -3.372228115875e-18 
 1805       4.833332135151e-11       9.131338252273e-13      -8.458280086719e-13       0.000000000000e+00       5.632753364449e-16       3.141648558542e-17      -3.613210147738e-18 
 1806       4.815866931391e-11       9.171570716200e-13      -8.129538366290e-13       0.000000000000e+00       5.620168065632e-16       3.197258038045e-17      -3.851996118998e-18 
 1807       4.798245775915e-11       9.213879592198e-13      -7.807390947631e-13       0.000000000000e+00       5.607617354501e-16       3.252063097685e-17      -4.088540419877e-18 
 1808       4.780473245003e-11       9.258237373580e-13      -7.491996040157e-13       0.000000000000e+00       5.595101090152e-16       3.305977326510e-17      -4.322797266782e-18 
 1809       4.762553936563e-11       9.304616409623e-13      -7.183512475214e-13       0.000000000000e+00       5.582619130410e-16       3.358913940954e-17      -4.554720702086e-18 
 1810       4.744492470161e-11       9.352988905354e-13      -6.882099706908e-13       0.000000000000e+00       5.570171331824e-16       3.410785784322e-17      -4.784264593899e-18 
 1811       4.726293583240e-11       9.403324293279e-13      -6.587894114154e-13       0.000000000000e+00       5.557757560029e-16       3.461529333461e-17      -5.011390198024e-18 
 1812       4.707962420556e-11       9.455581325771e-13      -6.300937695826e-13       0.000000000000e+00       5.545377720917e-16       3.511176931876e-17      -5.236088911097e-18 
 1813       4.689504247139e-11       9.509715918369e-13      -6.021248801080e-13       0.000000000000e+00       5.533031729714e-16       3.559785139264e-17      -5.458359700848e-18 
 1814       4.670924352355e-11       9.565683771735e-13      -5.748845775775e-13       0.000000000000e+00       5.520719500638e-16       3.607410777687e-17      -5.678201560662e-18 
 1815       4.652228049938e-11       9.623440371351e-13      -5.483746962430e-13       0.000000000000e+00       5.508440946895e-16       3.654110931938e-17      -5.895613509622e-18 
 1816       4.633420678028e-11       9.682940987212e-13      -5.225970700179e-13       0.000000000000e+00       5.496195980682e-16       3.699942949911e-17      -6.110594592565e-18 
 1817       4.614507599200e-11       9.744140673520e-13      -4.975535324726e-13       0.000000000000e+00       5.483984513180e-16       3.744964442967e-17      -6.323143880128e-18 
 1818       4.595494200500e-11       9.806994268381e-13      -4.732459168303e-13       0.000000000000e+00       5.471806454556e-16       3.789233286302e-17      -6.533260468800e-18 
 1819       4.576385893480e-11       9.871456393495e-13      -4.496760559621e-13       0.000000000000e+00       5.459661713959e-16       3.832807619315e-17      -6.740943480973e-18 
 1820       4.557188114232e-11       9.937481453858e-13      -4.268457823833e-13       0.000000000000e+00       5.447550199521e-16       3.875745845976e-17      -6.946192064989e-18 
 1821       4.537906323419e-11       1.000502363745e-12      -4.047569282481e-13       0.000000000000e+00       5.435471818351e-16       3.918106635193e-17      -7.149005395193e-18 
 1822       4.518546006312e-11       1.007403691493e-12      -3.834113253458e-13       0.000000000000e+00       5.423426476538e-16       3.959948921177e-17      -7.349382671981e-18 
 1823       4.499112672824e-11       1.014447503934e-12      -3.628108050961e-13       0.000000000000e+00       5.411414079145e-16       4.001331903815e-17      -7.547323121851e-18 
 1824       4.479611857541e-11       1.021629154578e-12      -3.429571985446e-13       0.000000000000e+00       5.399434530211e-16       4.042315049035e-17      -7.742825997453e-18 
 1825       4.460049119758e-11       1.028943975114e-12      -3.238523363588e-13       0.000000000000e+00       5.387487732745e-16       4.082958089173e-17      -7.935890577639e-18 
 1826       4.440430043516e-11       1.036387275373e-12      -3.054980488229e-13       0.000000000000e+00       5.375573588730e-16       4.123321023340e-17      -8.126516167514e-18 
 1827       4.420760237628e-11       1.043954343305e-12      -2.878961658340e-13       0.000000000000e+00       5.363691999115e-16       4.163464117792e-17      -8.314702098485e-18 
 1828       4.401045335722e-11       1.051640444944e-12      -2.710485168977e-13       0.000000000000e+00       5.351842863818e-16       4.203447906297e-17      -8.500447728308e-18 
 1829       4.381290996268e-11       1.059440824377e-12      -2.549569311229e-13       0.000000000000e+00       5.340026081722e-16       4.243333190500e-17      -8.683752441145e-18 
 1830       4.361502902615e-11       1.067350703717e-12      -2.396232372184e-13       0.000000000000e+00       5.328241550673e-16       4.283181040296e-17      -8.864615647610e-18 
 1831       4.341686763027e-11       1.075365283068e-12      -2.250492634877e-13       0.000000000000e+00       5.316489167479e-16       4.323052794191e-17      -9.043036784816e-18 
 1832       4.321848310711e-11       1.083479740499e-12      -2.112368378248e-13       0.000000000000e+00       5.304768827910e-16       4.363010059675e-17      -9.219015316431e-18 
 1833       4.301993303858e-11       1.091689232010e-12      -1.981877877097e-13       0.000000000000e+00       5.293080426693e-16       4.403114713587e-17      -9.392550732726e-18 
 1834       4.282127525670e-11       1.099988891502e-12      -1.859039402044e-13       0.000000000000e+00       5.281423857511e-16       4.443428902483e-17      -9.563642550623e-18 
 1835       4.262256784401e-11       1.108373830749e-12      -1.743871219477e-13       0.000000000000e+00       5.269799013003e-16       4.484015043004e-17      -9.732290313746e-18 
 1836       4.242386913385e-11       1.116839139364e-12      -1.636391591513e-13       0.000000000000e+00       5.258205784762e-16       4.524935822244e-17      -9.898493592473e-18 
 1837       4.222523771073e-11       1.125379884772e-12      -1.536618775954e-13       0.000000000000e+00       5.246644063330e-16       4.566254198117e-17      -1.006225198398e-17 
 1838       4.202673241067e-11       1.133991112175e-12      -1.444571026238e-13       0.000000000000e+00       5.235113738201e-16       4.608033399725e-17      -1.022356511231e-17 
 1839       4.182841232152e-11       1.142667844527e-12      -1.360266591399e-13       0.000000000000e+00       5.223614697816e-16       4.650336927724e-17      -1.038243262839e-17 
 1840       4.163033678333e-11       1.151405082498e-12      -1.283723716021e-13       0.000000000000e+00       5.212146829563e-16       4.693228554695e-17      -1.053885421011e-17 
 1841       4.143256538866e-11       1.160197804447e-12      -1.214960640195e-13       0.000000000000e+00       5.200710019772e-16       4.736772325507e-17      -1.069282956236e-17 
 1842       4.123515798292e-11       1.169040966391e-12      -1.153995599471e-13       0.000000000000e+00       5.189304153719e-16       4.781032557692e-17      -1.084435841709e-17 
 1843       4.103817466476e-11       1.177929501972e-12      -1.100846824818e-13       0.000000000000e+00       5.177929115620e-16       4.826073841803e-17      -1.099344053333e-17 
 1844       4.084167578632e-11       1.186858322431e-12      -1.055532542577e-13       0.000000000000e+00       5.166584788627e-16       4.871961041788e-17      -1.114007569730e-17 
 1845       4.064572195367e-11       1.195822316573e-12      -1.018070974417e-13       0.000000000000e+00       5.155271054835e-16       4.918759295359e-17      -1.128426372239e-17 
 1846       4.045037402706e-11       1.204816350740e-12      -9.884803372906e-14       0.000000000000e+00       5.143987795270e-16       4.966534014353e-17      -1.142600444926e-17 
 1847       4.025569312133e-11       1.213835268775e-12      -9.667788433917e-14       0.000000000000e+00       5.132734889895e-16       5.015350885106e-17      -1.156529774587e-17 
 1848       4.006174060620e-11       1.222873892000e-12      -9.529847001077e-14       0.000000000000e+00       5.121512217602e-16       5.065275868817e-17      -1.170214350753e-17 
 1849       3.986857810663e-11       1.231927019178e-12      -9.471161099775e-14       0.000000000000e+00       5.110319656218e-16       5.116375201916e-17      -1.183654165695e-17 
 1850       3.967626750316e-11       1.240989426486e-12      -9.491912706463e-14       0.000000000000e+00       5.099157082494e-16       5.168715396435e-17      -1.196849214431e-17 
 1851       3.948486606955e-11       1.250056125222e-12      -9.592102171565e-14       0.000000000000e+00       5.088024380848e-16       5.222343144077e-17      -1.209800342539e-17 
 1852       3.929441184294e-11       1.259123137223e-12      -9.771001919547e-14       0.000000000000e+00       5.076921469642e-16       5.277224853995e-17      -1.222511796928e-17 
 1853       3.910493813870e-11       1.268186725518e-12      -1.002769842885e-13       0.000000000000e+00       5.065848275108e-16       5.333306637727e-17      -1.234988695245e-17 
 1854       3.891647840277e-11       1.277243137123e-12      -1.036127340968e-13       0.000000000000e+00       5.054804722625e-16       5.390534361758e-17      -1.247236179930e-17 
 1855       3.872906621190e-11       1.286288603019e-12      -1.077080379720e-13       0.000000000000e+00       5.043790736721e-16       5.448853647189e-17      -1.259259418249e-17 
 1856       3.854273527374e-11       1.295319338132e-12      -1.125536174472e-13       0.000000000000e+00       5.032806241067e-16       5.508209869399e-17      -1.271063602331e-17 
 1857       3.835751942708e-11       1.304331541311e-12      -1.181401461692e-13       0.000000000000e+00       5.021851158481e-16       5.568548157707e-17      -1.282653949201e-17 
 1858       3.817345264196e-11       1.313321395306e-12      -1.244582498304e-13       0.000000000000e+00       5.010925410923e-16       5.629813395039e-17      -1.294035700813e-17 
 1859       3.799056901987e-11       1.322285066748e-12      -1.314985061007e-13       0.000000000000e+00       5.000028919494e-16       5.691950217590e-17      -1.305214124090e-17 
 1860       3.780890279394e-11       1.331218706123e-12      -1.392514445597e-13       0.000000000000e+00       4.989161604436e-16       5.754903014492e-17      -1.316194510953e-17 
 1861       3.762848832906e-11       1.340118447759e-12      -1.477075466285e-13       0.000000000000e+00       4.978323385129e-16       5.818615927473e-17      -1.326982178358e-17 
 1862       3.744936012207e-11       1.348980409794e-12      -1.568572455019e-13       0.000000000000e+00       4.967514180091e-16       5.883032850524e-17      -1.337582468333e-17 
 1863       3.727155280195e-11       1.357800694162e-12      -1.666909260802e-13       0.000000000000e+00       4.956733906973e-16       5.948097429564e-17      -1.348000748008e-17 
 1864       3.709510112996e-11       1.366575386571e-12      -1.771989249013e-13       0.000000000000e+00       4.945982482563e-16       6.013753062102e-17      -1.358242409652e-17 
 1865       3.692003999983e-11       1.375300556476e-12      -1.883715300728e-13       0.000000000000e+00       4.935259822781e-16       6.079942896903e-17      -1.368312870711e-17 
 1866       3.674640443792e-11       1.383972257064e-12      -2.001989812037e-13       0.000000000000e+00       4.924565842679e-16       6.146609833649e-17      -1.378217573837e-17 
 1867       3.657422960340e-11       1.392586525229e-12      -2.126714693369e-13       0.000000000000e+00       4.913900456437e-16       6.213696522609e-17      -1.387961986924e-17 
 1868       3.640355078837e-11       1.401139381551e-12      -2.257791368806e-13       0.000000000000e+00       4.903263577365e-16       6.281145364296e-17      -1.397551603146e-17 
 1869       3.623440341813e-11       1.409626830275e-12      -2.395120775408e-13       0.000000000000e+00       4.892655117901e-16       6.348898509136e-17      -1.406991940989e-17 
 1870       3.606682305124e-11       1.418044859289e-12      -2.538603362530e-13       0.000000000000e+00       4.882074989605e-16       6.416897857133e-17      -1.416288544286e-17 
 1871       3.590084537976e-11       1.426389440102e-12      -2.688139091144e-13       0.000000000000e+00       4.871523103165e-16       6.485085057529e-17      -1.425446982252e-17 
 1872       3.573650622939e-11       1.434656527824e-12      -2.843627433158e-13       0.000000000000e+00       4.860999368391e-16       6.553401508469e-17      -1.434472849519e-17 
 1873       3.557384155965e-11       1.442842061143e-12      -3.004967370735e-13       0.000000000000e+00       4.850503694211e-16       6.621788356669e-17      -1.443371766170e-17 
 1874       3.541288746405e-11       1.450941962305e-12      -3.172057395614e-13       0.000000000000e+00       4.840035988677e-16       6.690186497076e-17      -1.452149377772e-17 
 1875       3.525368017025e-11       1.458952137091e-12      -3.344795508433e-13       0.000000000000e+00       4.829596158957e-16       6.758536572534e-17      -1.460811355416e-17 
 1876       3.509625604023e-11       1.466868474796e-12      -3.523079218043e-13       0.000000000000e+00       4.819184111336e-16       6.826778973448e-17      -1.469363395746e-17 
 1877       3.494065157048e-11       1.474686848209e-12      -3.706805540833e-13       0.000000000000e+00       4.808799751216e-16       6.894853837448e-17      -1.477811220997e-17 
 1878       3.478690339213e-11       1.482403113587e-12      -3.895871000047e-13       0.000000000000e+00       4.798442983111e-16       6.962701049052e-17      -1.486160579029e-17 
 1879       3.463504827117e-11       1.490013110639e-12      -4.090171625105e-13       0.000000000000e+00       4.788113710649e-16       7.030260239333e-17      -1.494417243359e-17 
 1880       3.448512310858e-11       1.497512662503e-12      -4.289602950924e-13       0.000000000000e+00       4.777811836569e-16       7.097470785581e-17      -1.502587013201e-17 
 1881       3.433716494050e-11       1.504897575720e-12      -4.494060017239e-13       0.000000000000e+00       4.767537262719e-16       7.164271810967e-17      -1.510675713497e-17 
 1882       3.419121093843e-11       1.512163640219e-12      -4.703437367917e-13       0.000000000000e+00       4.757289890057e-16       7.230602184208e-17      -1.518689194950e-17 
 1883       3.404729840937e-11       1.519306629291e-12      -4.917629050285e-13       0.000000000000e+00       4.747069618644e-16       7.296400519232e-17      -1.526633334065e-17 
 1884       3.390546479600e-11       1.526322299571e-12      -5.136528614444e-13       0.000000000000e+00       4.736876347651e-16       7.361605174838e-17      -1.534514033176e-17 
 1885       3.376574767686e-11       1.533206391012e-12      -5.360029112593e-13       0.000000000000e+00       4.726709975350e-16       7.426154254367e-17      -1.542337220487e-17 
 1886       3.362818476649e-11       1.539954626868e-12      -5.588023098346e-13       0.000000000000e+00       4.716570399116e-16       7.489985605360e-17      -1.550108850104e-17 
 1887       3.349281391563e-11       1.546562713668e-12      -5.820402626054e-13       0.000000000000e+00       4.706457515427e-16       7.553036819225e-17      -1.557834902069e-17 
 1888       3.335967311137e-11       1.553026341200e-12      -6.057059250123e-13       0.000000000000e+00       4.696371219856e-16       7.615245230902e-17      -1.565521382394e-17 
 1889       3.322880047735e-11       1.559341182485e-12      -6.297884024337e-13       0.000000000000e+00       4.686311407080e-16       7.676547918524e-17      -1.573174323101e-17 
 1890       3.310023427386e-11       1.565502893756e-12      -6.542767501177e-13       0.000000000000e+00       4.676277970868e-16       7.736881703084e-17      -1.580799782250e-17 
 1891       3.297400608460e-11       1.571507666545e-12      -6.791596398694e-13       0.000000000000e+00       4.666270811526e-16       7.796199026677e-17      -1.588401455770e-17 
 1892       3.285012031860e-11       1.577353888650e-12      -7.044243574313e-13       0.000000000000e+00       4.656289858280e-16       7.854515722248e-17      -1.595973492668e-17 
 1893       3.272857454996e-11       1.583040495979e-12      -7.300577972079e-13       0.000000000000e+00       4.646335047060e-16       7.911863612879e-17      -1.603507624284e-17 
 1894       3.260936631689e-11       1.588566421607e-12      -7.560467947270e-13       0.000000000000e+00       4.636406313077e-16       7.968274666963e-17      -1.610995547403e-17 
 1895       3.249249312164e-11       1.593930595772e-12      -7.823781265603e-13       0.000000000000e+00       4.626503590820e-16       8.023780998405e-17      -1.618428924214e-17 
 1896       3.237795243043e-11       1.599131945876e-12      -8.090385102442e-13       0.000000000000e+00       4.616626814056e-16       8.078414866816e-17      -1.625799382259e-17 
 1897       3.226574167344e-11       1.604169396475e-12      -8.360146042009e-13       0.000000000000e+00       4.606775915830e-16       8.132208677710e-17      -1.633098514392e-17 
 1898       3.215585824468e-11       1.609041869284e-12      -8.632930076589e-13       0.000000000000e+00       4.596950828460e-16       8.185194982703e-17      -1.640317878733e-17 
 1899       3.204829950199e-11       1.613748283168e-12      -8.908602605738e-13       0.000000000000e+00       4.587151483541e-16       8.237406479706e-17      -1.647448998619e-17 
 1900       3.194306276695e-11       1.618287554143e-12      -9.187028435494e-13       0.000000000000e+00       4.577377811938e-16       8.288876013128e-17      -1.654483362562e-17 
 1901       3.184014532483e-11       1.622658595369e-12      -9.468071777586e-13       0.000000000000e+00       4.567629743790e-16       8.339636574063e-17      -1.661412424205e-17 
 1902       3.173954442454e-11       1.626860317150e-12      -9.751596248636e-13       0.000000000000e+00       4.557907208506e-16       8.389721300496e-17      -1.668227602271e-17 
 1903       3.164125727855e-11       1.630891626931e-12      -1.003746486937e-12       0.000000000000e+00       4.548210134763e-16       8.439163477495e-17      -1.674920280523e-17 
 1904       3.154528106284e-11       1.634751429294e-12      -1.032554006384e-12       0.000000000000e+00       4.538538450508e-16       8.487996537410e-17      -1.681481807715e-17 
 1905       3.145161291686e-11       1.638438625955e-12      -1.061568365861e-12       0.000000000000e+00       4.528892082955e-16       8.536254060066e-17      -1.687903497551e-17 
 1906       3.136024994342e-11       1.641952115760e-12      -1.090775688197e-12       0.000000000000e+00       4.519270958583e-16       8.583969772963e-17      -1.694176628633e-17 
 1907       3.127118920871e-11       1.645290794686e-12      -1.120162036315e-12       0.000000000000e+00       4.509675003135e-16       8.631177551475e-17      -1.700292444421e-17 
 1908       3.118442774215e-11       1.648453555832e-12      -1.149713413154e-12       0.000000000000e+00       4.500104141618e-16       8.677911419040e-17      -1.706242153187e-17 
 1909       3.109996253641e-11       1.651439289422e-12      -1.179415761587e-12       0.000000000000e+00       4.490558298303e-16       8.724205547361e-17      -1.712016927965e-17 
 1910       3.101779054730e-11       1.654246882799e-12      -1.209254964343e-12       0.000000000000e+00       4.481037396719e-16       8.770094256604e-17      -1.717607906512e-17 
 1911       3.093790869373e-11       1.656875220419e-12      -1.239216843931e-12       0.000000000000e+00       4.471541359657e-16       8.815612015591e-17      -1.723006191259e-17 
 1912       3.086031385765e-11       1.659323183855e-12      -1.269287162554e-12       0.000000000000e+00       4.462070109166e-16       8.860793442000e-17      -1.728202849265e-17 
 1913       3.078500288399e-11       1.661589651790e-12      -1.299451622036e-12       0.000000000000e+00       4.452623566552e-16       8.905673302559e-17      -1.733188912174e-17 
 1914       3.071197258060e-11       1.663673500011e-12      -1.329695863741e-12       0.000000000000e+00       4.443201652377e-16       8.950286513246e-17      -1.737955376168e-17 
 1915       3.064121971819e-11       1.665573601414e-12      -1.360005468493e-12       0.000000000000e+00       4.433804286461e-16       8.994668139482e-17      -1.742493201920e-17 
 1916       3.057274103027e-11       1.667288825992e-12      -1.390365956496e-12       0.000000000000e+00       4.424431387873e-16       9.038853396329e-17      -1.746793314554e-17 
 1917       3.050653321309e-11       1.668818040838e-12      -1.420762787257e-12       0.000000000000e+00       4.415082874939e-16       9.082877648690e-17      -1.750846603593e-17 
 1918       3.044259292560e-11       1.670160110142e-12      -1.451181359507e-12       0.000000000000e+00       4.405758665234e-16       9.126776411501e-17      -1.754643922918e-17 
 1919       3.038091678935e-11       1.671313895184e-12      -1.481607011119e-12       0.000000000000e+00       4.396458675583e-16       9.170585349930e-17      -1.758176090721e-17 
 1920       3.032150138848e-11       1.672278254334e-12      -1.512025019031e-12       0.000000000000e+00       4.387182822063e-16       9.214340279573e-17      -1.761433889460e-17 
 1921       3.026434326961e-11       1.673052043049e-12      -1.542420599168e-12       0.000000000000e+00       4.377931019996e-16       9.258077166653e-17      -1.764408065813e-17 
 1922       3.020943894184e-11       1.673634113867e-12      -1.572778906358e-12       0.000000000000e+00       4.368703183951e-16       9.301832128213e-17      -1.767089330632e-17 
 1923       3.015678487662e-11       1.674023316411e-12      -1.603085034259e-12       0.000000000000e+00       4.359499227745e-16       9.345641432316e-17      -1.769468358901e-17 
 1924       3.010637750776e-11       1.674218497375e-12      -1.633324015275e-12       0.000000000000e+00       4.350319064435e-16       9.389541498239e-17      -1.771535789687e-17 
 1925       3.005821323131e-11       1.674218500534e-12      -1.663480820480e-12       0.000000000000e+00       4.341162606326e-16       9.433568896673e-17      -1.773282226093e-17 
 1926       3.001228840556e-11       1.674022166729e-12      -1.693540359537e-12       0.000000000000e+00       4.332029764961e-16       9.477760349915e-17      -1.774698235221e-17 
 1927       2.996859935094e-11       1.673628333873e-12      -1.723487480619e-12       0.000000000000e+00       4.322920451126e-16       9.522152732071e-17      -1.775774348115e-17 
 1928       2.992714234995e-11       1.673035836942e-12      -1.753306970330e-12       0.000000000000e+00       4.313834574845e-16       9.566783069246e-17      -1.776501059724e-17 
 1929       2.988791364716e-11       1.672243507975e-12      -1.782983553626e-12       0.000000000000e+00       4.304772045381e-16       9.611688539747e-17      -1.776868828856e-17 
 1930       2.985090944909e-11       1.671250176071e-12      -1.812501893738e-12       0.000000000000e+00       4.295732771236e-16       9.656906474275e-17      -1.776868078127e-17 
 1931       2.981612144226e-11       1.670055157758e-12      -1.841847686639e-12       0.000000000000e+00       4.286716666475e-16       9.702459346220e-17      -1.776492048052e-17 
 1932       2.978352331020e-11       1.668659732164e-12      -1.871010953698e-12       0.000000000000e+00       4.277723669777e-16       9.748309617778e-17      -1.775745383042e-17 
 1933       2.975308411415e-11       1.667065677024e-12      -1.899982773827e-12       0.000000000000e+00       4.268753725530e-16       9.794404551994e-17      -1.774635610389e-17 
 1934       2.972477276546e-11       1.665274779329e-12      -1.928754191152e-12       0.000000000000e+00       4.259806777511e-16       9.840691191307e-17      -1.773170292089e-17 
 1935       2.969855802540e-11       1.663288835343e-12      -1.957316214969e-12       0.000000000000e+00       4.250882768887e-16       9.887116357268e-17      -1.771357024893e-17 
 1936       2.967440850497e-11       1.661109650614e-12      -1.985659819696e-12       0.000000000000e+00       4.241981642211e-16       9.933626650253e-17      -1.769203440347e-17 
 1937       2.965229266467e-11       1.658739039988e-12      -2.013775944837e-12       0.000000000000e+00       4.233103339425e-16       9.980168449178e-17      -1.766717204844e-17 
 1938       2.963217881433e-11       1.656178827620e-12      -2.041655494930e-12       0.000000000000e+00       4.224247801857e-16       1.002668791121e-16      -1.763906019666e-17 
 1939       2.961403511286e-11       1.653430846989e-12      -2.069289339508e-12       0.000000000000e+00       4.215414970219e-16       1.007313097148e-16      -1.760777621032e-17 
 1940       2.959782956811e-11       1.650496940908e-12      -2.096668313054e-12       0.000000000000e+00       4.206604784607e-16       1.011944334280e-16      -1.757339780147e-17 
 1941       2.958353003660e-11       1.647378961541e-12      -2.123783214954e-12       0.000000000000e+00       4.197817184503e-16       1.016557051538e-16      -1.753600303242e-17 
 1942       2.957110422338e-11       1.644078770411e-12      -2.150624809458e-12       0.000000000000e+00       4.189052108766e-16       1.021145775654e-16      -1.749567031629e-17 
 1943       2.956051968177e-11       1.640598238416e-12      -2.177183825633e-12       0.000000000000e+00       4.180309495642e-16       1.025705011041e-16      -1.745247841739e-17 
 1944       2.955174381320e-11       1.636939245840e-12      -2.203450957320e-12       0.000000000000e+00       4.171589282751e-16       1.030229239768e-16      -1.740650645173e-17 
 1945       2.954474386696e-11       1.633103682367e-12      -2.229416863088e-12       0.000000000000e+00       4.162891407097e-16       1.034712921525e-16      -1.735783388750e-17 
 1946       2.953948694006e-11       1.629093447093e-12      -2.255072166194e-12       0.000000000000e+00       4.154215805060e-16       1.039150493603e-16      -1.730654054547e-17 
 1947       2.953593997698e-11       1.624910448540e-12      -2.280407454535e-12       0.000000000000e+00       4.145562412398e-16       1.043536370858e-16      -1.725270659953e-17 
 1948       2.953406976946e-11       1.620556604666e-12      -2.305413280606e-12       0.000000000000e+00       4.136931164243e-16       1.047864945685e-16      -1.719641257709e-17 
 1949       2.953384295634e-11       1.616033842883e-12      -2.330080161457e-12       0.000000000000e+00       4.128321995105e-16       1.052130587991e-16      -1.713773935958e-17 
 1950       2.953522602332e-11       1.611344100062e-12      -2.354398578646e-12       0.000000000000e+00       4.119734838867e-16       1.056327645164e-16      -1.707676818290e-17 
 1951       2.953818530277e-11       1.606489322554e-12      -2.378358978198e-12       0.000000000000e+00       4.111169628784e-16       1.060450442047e-16      -1.701358063791e-17 
 1952       2.954268697353e-11       1.601471466197e-12      -2.401951770559e-12       0.000000000000e+00       4.102626297486e-16       1.064493280904e-16      -1.694825867084e-17 
 1953       2.954869706070e-11       1.596292496331e-12      -2.425167330555e-12       0.000000000000e+00       4.094104776971e-16       1.068450441400e-16      -1.688088458380e-17 
 1954       2.955618143542e-11       1.590954387811e-12      -2.447995997343e-12       0.000000000000e+00       4.085604998609e-16       1.072316180563e-16      -1.681154103525e-17 
 1955       2.956510581472e-11       1.585459125019e-12      -2.470428074372e-12       0.000000000000e+00       4.077126893140e-16       1.076084732764e-16      -1.674031104040e-17 
 1956       2.957543576126e-11       1.579808701877e-12      -2.492453829337e-12       0.000000000000e+00       4.068670390670e-16       1.079750309681e-16      -1.666727797177e-17 
 1957       2.958713668314e-11       1.574005121861e-12      -2.514063494134e-12       0.000000000000e+00       4.060235420673e-16       1.083307100276e-16      -1.659252555955e-17 
 1958       2.960017383373e-11       1.568050398012e-12      -2.535247264817e-12       0.000000000000e+00       4.051821911992e-16       1.086749270762e-16      -1.651613789215e-17 
 1959       2.961451231143e-11       1.561946552947e-12      -2.555995301556e-12       0.000000000000e+00       4.043429792830e-16       1.090070964578e-16      -1.643819941663e-17 
 1960       2.963011705947e-11       1.555695618878e-12      -2.576297728588e-12       0.000000000000e+00       4.035058990759e-16       1.093266302359e-16      -1.635879493913e-17 
 1961       2.964695286572e-11       1.549299637620e-12      -2.596144634179e-12       0.000000000000e+00       4.026709432711e-16       1.096329381907e-16      -1.627800962541e-17 
 1962       2.966498436250e-11       1.542760660603e-12      -2.615526070576e-12       0.000000000000e+00       4.018381044983e-16       1.099254278162e-16      -1.619592900125e-17 
 1963       2.968417602633e-11       1.536080748889e-12      -2.634432053964e-12       0.000000000000e+00       4.010073753232e-16       1.102035043174e-16      -1.611263895292e-17 
 1964       2.970449217778e-11       1.529261973180e-12      -2.652852564422e-12       0.000000000000e+00       4.001787482474e-16       1.104665706077e-16      -1.602822572768e-17 
 1965       2.972589698122e-11       1.522306413834e-12      -2.670777545881e-12       0.000000000000e+00       3.993522157086e-16       1.107140273054e-16      -1.594277593422e-17 
 1966       2.974835444466e-11       1.515216160879e-12      -2.688196906077e-12       0.000000000000e+00       3.985277700804e-16       1.109452727314e-16      -1.585637654313e-17 
 1967       2.977182841951e-11       1.507993314020e-12      -2.705100516508e-12       0.000000000000e+00       3.977054036720e-16       1.111597029064e-16      -1.576911488733e-17 
 1968       2.979628260039e-11       1.500639982658e-12      -2.721478212391e-12       0.000000000000e+00       3.968851087281e-16       1.113567115474e-16      -1.568107866261e-17 
 1969       2.982168052494e-11       1.493158285900e-12      -2.737319792617e-12       0.000000000000e+00       3.960668774293e-16       1.115356900654e-16      -1.559235592802e-17 
 1970       2.984798557360e-11       1.485550352570e-12      -2.752615019708e-12       0.000000000000e+00       3.952507018912e-16       1.116960275625e-16      -1.550303510636e-17 
 1971       2.987516096304e-11       1.477818487316e-12      -2.767355281619e-12       0.000000000000e+00       3.944365747013e-16       1.118373036337e-16      -1.541318319315e-17 
 1972       2.990316972673e-11       1.469965670229e-12      -2.781538590717e-12       0.000000000000e+00       3.936244905305e-16       1.119598683440e-16      -1.532278020569e-17 
 1973       2.993197473383e-11       1.461995060959e-12      -2.795164621840e-12       0.000000000000e+00       3.928144445331e-16       1.120642665526e-16      -1.523178424813e-17 
 1974       2.996153869533e-11       1.453909832976e-12      -2.808233053820e-12       0.000000000000e+00       3.920064318117e-16       1.121510455017e-16      -1.514015325860e-17 
 1975       2.999182416386e-11       1.445713173591e-12      -2.820743569495e-12       0.000000000000e+00       3.912004474165e-16       1.122207548201e-16      -1.504784500901e-17 
 1976       3.002279353346e-11       1.437408283974e-12      -2.832695855715e-12       0.000000000000e+00       3.903964863460e-16       1.122739465261e-16      -1.495481710481e-17 
 1977       3.005440903942e-11       1.428998379168e-12      -2.844089603350e-12       0.000000000000e+00       3.895945435466e-16       1.123111750304e-16      -1.486102698480e-17 
 1978       3.008663275804e-11       1.420486688111e-12      -2.854924507296e-12       0.000000000000e+00       3.887946139121e-16       1.123329971393e-16      -1.476643192093e-17 
 1979       3.011942660644e-11       1.411876453655e-12      -2.865200266483e-12       0.000000000000e+00       3.879966922844e-16       1.123399720581e-16      -1.467098901806e-17 
 1980       3.015275234234e-11       1.403170932578e-12      -2.874916583885e-12       0.000000000000e+00       3.872007734529e-16       1.123326613936e-16      -1.457465521379e-17 
 1981       3.018657156391e-11       1.394373395606e-12      -2.884073166522e-12       0.000000000000e+00       3.864068521544e-16       1.123116291577e-16      -1.447738727823e-17 
 1982       3.022084570948e-11       1.385487127433e-12      -2.892669725472e-12       0.000000000000e+00       3.856149230734e-16       1.122774417703e-16      -1.437914181378e-17 
 1983       3.025553605742e-11       1.376515426734e-12      -2.900705975876e-12       0.000000000000e+00       3.848249808416e-16       1.122306680624e-16      -1.427987525494e-17 
 1984       3.029060372589e-11       1.367461606185e-12      -2.908181636945e-12       0.000000000000e+00       3.840370200380e-16       1.121718792791e-16      -1.417954386809e-17 
 1985       3.032600967265e-11       1.358328992483e-12      -2.915096431970e-12       0.000000000000e+00       3.832510351890e-16       1.121016490829e-16      -1.407810375131e-17 
 1986       3.036171469485e-11       1.349120926359e-12      -2.921450088326e-12       0.000000000000e+00       3.824670207678e-16       1.120205535565e-16      -1.397551083411e-17 
 1987       3.039767942882e-11       1.339840762602e-12      -2.927242337481e-12       0.000000000000e+00       3.816849711949e-16       1.119291712064e-16      -1.387172087729e-17 
 1988       3.043386434990e-11       1.330491870072e-12      -2.932472915006e-12       0.000000000000e+00       3.809048808377e-16       1.118280829654e-16      -1.376668947269e-17 
 1989       3.047022977219e-11       1.321077631720e-12      -2.937141560576e-12       0.000000000000e+00       3.801267440104e-16       1.117178721959e-16      -1.366037204298e-17 
 1990       3.050673584839e-11       1.311601444605e-12      -2.941248017982e-12       0.000000000000e+00       3.793505549741e-16       1.115991246932e-16      -1.355272384147e-17 
 1991       3.054334256957e-11       1.302066719915e-12      -2.944792035139e-12       0.000000000000e+00       3.785763079367e-16       1.114724286883e-16      -1.344369995189e-17 
 1992       3.058000976497e-11       1.292476882979e-12      -2.947773364089e-12       0.000000000000e+00       3.778039970524e-16       1.113383748514e-16      -1.333325528819e-17 
 1993       3.061669710179e-11       1.282835373291e-12      -2.950191761013e-12       0.000000000000e+00       3.770336164222e-16       1.111975562944e-16      -1.322134459433e-17 
 1994       3.065336408501e-11       1.273145644523e-12      -2.952046986236e-12       0.000000000000e+00       3.762651600936e-16       1.110505685745e-16      -1.310792244404e-17 
 1995       3.068997005718e-11       1.263411164547e-12      -2.953338804232e-12       0.000000000000e+00       3.754986220604e-16       1.108980096969e-16      -1.299294324065e-17 
 1996       3.072647419817e-11       1.253635415452e-12      -2.954066983639e-12       0.000000000000e+00       3.747339962627e-16       1.107404801184e-16      -1.287636121689e-17 
 1997       3.076283552505e-11       1.243821893557e-12      -2.954231297256e-12       0.000000000000e+00       3.739712765868e-16       1.105785827500e-16      -1.275813043464e-17 
 1998       3.079901289182e-11       1.233974109436e-12      -2.953831522060e-12       0.000000000000e+00       3.732104568652e-16       1.104129229601e-16      -1.263820478472e-17 
 1999       3.083496498922e-11       1.224095587932e-12      -2.952867439205e-12       0.000000000000e+00       3.724515308764e-16       1.102441085778e-16      -1.251653798674e-17 
 2000       3.087065034456e-11       1.214189868176e-12      -2.951338834038e-12       0.000000000000e+00       3.716944923449e-16       1.100727498959e-16      -1.239308358883e-17 
 2001       3.090602732147e-11       1.204260503605e-12      -2.949245496096e-12       0.000000000000e+00       3.709393349410e-16       1.098994596739e-16      -1.226779496746e-17 
 2002       3.094105411972e-11       1.194311061977e-12      -2.946587219125e-12       0.000000000000e+00       3.701860522810e-16       1.097248531410e-16      -1.214062532721e-17 
 2003       3.097568877502e-11       1.184345125395e-12      -2.943363801076e-12       0.000000000000e+00       3.694346379268e-16       1.095495479996e-16      -1.201152770061e-17 
 2004       3.100988915881e-11       1.174366290318e-12      -2.939575044121e-12       0.000000000000e+00       3.686850853859e-16       1.093741644280e-16      -1.188045494786e-17 
 2005       3.104361297806e-11       1.164378167585e-12      -2.935220754657e-12       0.000000000000e+00       3.679373881114e-16       1.091993250834e-16      -1.174735975667e-17 
 2006       3.107681777504e-11       1.154384382428e-12      -2.930300743310e-12       0.000000000000e+00       3.671915395020e-16       1.090256551057e-16      -1.161219464205e-17 
 2007       3.110946092717e-11       1.144388574493e-12      -2.924814824951e-12       0.000000000000e+00       3.664475329015e-16       1.088537821198e-16      -1.147491194609e-17 
 2008       3.114149964678e-11       1.134394397857e-12      -2.918762818693e-12       0.000000000000e+00       3.657053615993e-16       1.086843362389e-16      -1.133546383772e-17 
 2009       3.117289098090e-11       1.124405521046e-12      -2.912144547906e-12       0.000000000000e+00       3.649650188300e-16       1.085179500678e-16      -1.119380231257e-17 
 2010       3.120359181107e-11       1.114425627051e-12      -2.904959840221e-12       0.000000000000e+00       3.642264977731e-16       1.083552587061e-16      -1.104987919270e-17 
 2011       3.123356258476e-11       1.104458216366e-12      -2.897209728567e-12       0.000000000000e+00       3.634897920609e-16       1.081967344060e-16      -1.090367135575e-17 
 2012       3.126277853960e-11       1.094506014475e-12      -2.888900063817e-12       0.000000000000e+00       3.627548973038e-16       1.080421892255e-16      -1.075525662342e-17 
 2013       3.129121856046e-11       1.084571560086e-12      -2.880037928449e-12       0.000000000000e+00       3.620218095759e-16       1.078912687621e-16      -1.060473842487e-17 
 2014       3.131886145509e-11       1.074657401736e-12      -2.870630437949e-12       0.000000000000e+00       3.612905249081e-16       1.077436171665e-16      -1.045222061817e-17 
 2015       3.134568595409e-11       1.064766097801e-12      -2.860684740856e-12       0.000000000000e+00       3.605610392882e-16       1.075988771412e-16      -1.029780749074e-17 
 2016       3.137167071079e-11       1.054900216512e-12      -2.850208018801e-12       0.000000000000e+00       3.598333486608e-16       1.074566899388e-16      -1.014160375995e-17 
 2017       3.139679430115e-11       1.045062335962e-12      -2.839207486551e-12       0.000000000000e+00       3.591074489274e-16       1.073166953596e-16      -9.983714573668e-18 
 2018       3.142103522368e-11       1.035255044121e-12      -2.827690392055e-12       0.000000000000e+00       3.583833359459e-16       1.071785317505e-16      -9.824245510742e-18 
 2019       3.144437189934e-11       1.025480938851e-12      -2.815664016484e-12       0.000000000000e+00       3.576610055310e-16       1.070418360025e-16      -9.663302581592e-18 
 2020       3.146678267148e-11       1.015742627910e-12      -2.803135674273e-12       0.000000000000e+00       3.569404534539e-16       1.069062435497e-16      -9.500992228726e-18 
 2021       3.148824580568e-11       1.006042728971e-12      -2.790112713168e-12       0.000000000000e+00       3.562216754423e-16       1.067713883665e-16      -9.337421327284e-18 
 2022       3.150873948972e-11       9.963838696343e-13      -2.776602514266e-12       0.000000000000e+00       3.555046671803e-16       1.066369029669e-16      -9.172697185580e-18 
 2023       3.152824183345e-11       9.867686874334e-13      -2.762612492057e-12       0.000000000000e+00       3.547894243082e-16       1.065024184015e-16      -9.006927545634e-18 
 2024       3.154673086873e-11       9.771998298528e-13      -2.748150094471e-12       0.000000000000e+00       3.540759424228e-16       1.063675642569e-16      -8.840220583722e-18 
 2025       3.156418454928e-11       9.676799543379e-13      -2.733222802915e-12       0.000000000000e+00       3.533642170770e-16       1.062319686527e-16      -8.672684910904e-18 
 2026       3.158058075067e-11       9.582117283072e-13      -2.717838132324e-12       0.000000000000e+00       3.526542437798e-16       1.060952582407e-16      -8.504429573571e-18 
 2027       3.159589727014e-11       9.487978291645e-13      -2.702003631196e-12       0.000000000000e+00       3.519460179964e-16       1.059570582024e-16      -8.335564053984e-18 
 2028       3.161011182657e-11       9.394409443108e-13      -2.685726881639e-12       0.000000000000e+00       3.512395351478e-16       1.058169922477e-16      -8.166198270808e-18 
 2029       3.162320206038e-11       9.301437711568e-13      -2.669015499414e-12       0.000000000000e+00       3.505347906110e-16       1.056746826125e-16      -7.996442579656e-18 
 2030       3.163514553339e-11       9.209090171344e-13      -2.651877133976e-12       0.000000000000e+00       3.498317797191e-16       1.055297500575e-16      -7.826407773628e-18 
 2031       3.164591972878e-11       9.117393997091e-13      -2.634319468521e-12       0.000000000000e+00       3.491304977606e-16       1.053818138661e-16      -7.656205083848e-18 
 2032       3.165550205098e-11       9.026376463920e-13      -2.616350220023e-12       0.000000000000e+00       3.484309399801e-16       1.052304918424e-16      -7.485946180007e-18 
 2033       3.166386982555e-11       8.936064947519e-13      -2.597977139282e-12       0.000000000000e+00       3.477331015777e-16       1.050754003097e-16      -7.315743170896e-18 
 2034       3.167100029915e-11       8.846486924271e-13      -2.579208010964e-12       0.000000000000e+00       3.470369777091e-16       1.049161541086e-16      -7.145708604953e-18 
 2035       3.167687063938e-11       8.757669971380e-13      -2.560050653645e-12       0.000000000000e+00       3.463425634855e-16       1.047523665952e-16      -6.975955470798e-18 
 2036       3.168145793472e-11       8.669641766987e-13      -2.540512919857e-12       0.000000000000e+00       3.456498539737e-16       1.045836496391e-16      -6.806597197772e-18 
 2037       3.168473919443e-11       8.582430090292e-13      -2.520602696123e-12       0.000000000000e+00       3.449588441956e-16       1.044096136218e-16      -6.637747656478e-18 
 2038       3.168669134848e-11       8.496062821675e-13      -2.500327903010e-12       0.000000000000e+00       3.442695291288e-16       1.042298674349e-16      -6.469521159319e-18 
 2039       3.168729124742e-11       8.410567942817e-13      -2.479696495162e-12       0.000000000000e+00       3.435819037060e-16       1.040440184782e-16      -6.302032461040e-18 
 2040       3.168651566230e-11       8.325973536819e-13      -2.458716461352e-12       0.000000000000e+00       3.428959628150e-16       1.038516726579e-16      -6.135396759263e-18 
 2041       3.168434128460e-11       8.242307788325e-13      -2.437395824519e-12       0.000000000000e+00       3.422117012989e-16       1.036524343847e-16      -5.969729695030e-18 
 2042       3.168074472610e-11       8.159598983640e-13      -2.415742641813e-12       0.000000000000e+00       3.415291139556e-16       1.034459065721e-16      -5.805147353340e-18 
 2043       3.167570251882e-11       8.077875510854e-13      -2.393765004636e-12       0.000000000000e+00       3.408481955383e-16       1.032316906346e-16      -5.641766263692e-18 
 2044       3.166919111491e-11       7.997165859959e-13      -2.371471038690e-12       0.000000000000e+00       3.401689407549e-16       1.030093864860e-16      -5.479703400619e-18 
 2045       3.166118688654e-11       7.917498622972e-13      -2.348868904014e-12       0.000000000000e+00       3.394913442684e-16       1.027785925371e-16      -5.319076184230e-18 
 2046       3.165166612586e-11       7.838902494056e-13      -2.325966795031e-12       0.000000000000e+00       3.388154006962e-16       1.025389056947e-16      -5.160002480751e-18 
 2047       3.164060504485e-11       7.761406269638e-13      -2.302772940590e-12       0.000000000000e+00       3.381411046108e-16       1.022899213588e-16      -5.002600603062e-18 
 2048       3.162797977526e-11       7.685038848532e-13      -2.279295604006e-12       0.000000000000e+00       3.374684505391e-16       1.020312334218e-16      -4.846989311236e-18 
 2049       3.161376636852e-11       7.609829232060e-13      -2.255543083108e-12       0.000000000000e+00       3.367974329627e-16       1.017624342657e-16      -4.693287813081e-18 
 2050       3.159794079560e-11       7.535806524170e-13      -2.231523710278e-12       0.000000000000e+00       3.361280463178e-16       1.014831147612e-16      -4.541615764677e-18 
 2051       3.158048365502e-11       7.462996041584e-13      -2.207246003483e-12       0.000000000000e+00       3.354602853083e-16       1.011929721474e-16      -4.392065522801e-18 
 2052       3.156139433346e-11       7.391407613645e-13      -2.182719120450e-12       0.000000000000e+00       3.347941458490e-16       1.008921345174e-16      -4.244618684656e-18 
 2053       3.154067694599e-11       7.321047199212e-13      -2.157952407817e-12       0.000000000000e+00       3.341296241291e-16       1.005808386454e-16      -4.099228953587e-18 
 2054       3.151833563725e-11       7.251920769056e-13      -2.132955250489e-12       0.000000000000e+00       3.334667162994e-16       1.002593223152e-16      -3.955849832864e-18 
 2055       3.149437458150e-11       7.184034305878e-13      -2.107737071683e-12       0.000000000000e+00       3.328054184723e-16       9.992782432256e-17      -3.814434625433e-18 
 2056       3.146879798265e-11       7.117393804317e-13      -2.082307332976e-12       0.000000000000e+00       3.321457267216e-16       9.958658447542e-17      -3.674936433667e-18 
 2057       3.144161007432e-11       7.052005270954e-13      -2.056675534353e-12       0.000000000000e+00       3.314876370826e-16       9.923584359589e-17      -3.537308159105e-18 
 2058       3.141281511987e-11       6.987874724329e-13      -2.030851214255e-12       0.000000000000e+00       3.308311455520e-16       9.887584352120e-17      -3.401502502209e-18 
 2059       3.138241741243e-11       6.925008194948e-13      -2.004843949623e-12       0.000000000000e+00       3.301762480876e-16       9.850682710503e-17      -3.267471962110e-18 
 2060       3.135042127497e-11       6.863411725289e-13      -1.978663355951e-12       0.000000000000e+00       3.295229406087e-16       9.812903821877e-17      -3.135168836352e-18 
 2061       3.131683106031e-11       6.803091369820e-13      -1.952319087325e-12       0.000000000000e+00       3.288712189955e-16       9.774272175281e-17      -3.004545220646e-18 
 2062       3.128165115119e-11       6.744053195001e-13      -1.925820836479e-12       0.000000000000e+00       3.282210790897e-16       9.734812361776e-17      -2.875553008613e-18 
 2063       3.124488596028e-11       6.686303279296e-13      -1.899178334836e-12       0.000000000000e+00       3.275725166938e-16       9.694549074573e-17      -2.748143891538e-18 
 2064       3.120653993026e-11       6.629847713186e-13      -1.872401352558e-12       0.000000000000e+00       3.269255275713e-16       9.653507109161e-17      -2.622269358112e-18 
 2065       3.116661753382e-11       6.574692599174e-13      -1.845499698593e-12       0.000000000000e+00       3.262801074467e-16       9.611711363433e-17      -2.497880694182e-18 
 2066       3.112512327373e-11       6.520844051798e-13      -1.818483220722e-12       0.000000000000e+00       3.256362520056e-16       9.569186837811e-17      -2.374928982504e-18 
 2067       3.108206168288e-11       6.468308197639e-13      -1.791361805606e-12       0.000000000000e+00       3.249939568942e-16       9.525958635373e-17      -2.253365102484e-18 
 2068       3.103743732431e-11       6.417091175333e-13      -1.764145378834e-12       0.000000000000e+00       3.243532177194e-16       9.482051961979e-17      -2.133139729931e-18 
 2069       3.099125479124e-11       6.367199135576e-13      -1.736843904970e-12       0.000000000000e+00       3.237140300491e-16       9.437492126399e-17      -2.014203336801e-18 
 2070       3.094351870716e-11       6.318638241139e-13      -1.709467387598e-12       0.000000000000e+00       3.230763894117e-16       9.392304540438e-17      -1.896506190952e-18 
 2071       3.089423372580e-11       6.271414666877e-13      -1.682025869374e-12       0.000000000000e+00       3.224402912962e-16       9.346514719064e-17      -1.779998355883e-18 
 2072       3.084340453125e-11       6.225534599733e-13      -1.654529432070e-12       0.000000000000e+00       3.218057311521e-16       9.300148280530e-17      -1.664629690492e-18 
 2073       3.079103583792e-11       6.181004238756e-13      -1.626988196620e-12       0.000000000000e+00       3.211727043896e-16       9.253230946507e-17      -1.550349848815e-18 
 2074       3.073713239066e-11       6.137829795105e-13      -1.599412323172e-12       0.000000000000e+00       3.205412063790e-16       9.205788542205e-17      -1.437108279780e-18 
 2075       3.068169896474e-11       6.096017492062e-13      -1.571812011130e-12       0.000000000000e+00       3.199112324513e-16       9.157846996503e-17      -1.324854226955e-18 
 2076       3.062474036593e-11       6.055573565037e-13      -1.544197499205e-12       0.000000000000e+00       3.192827778975e-16       9.109432342072e-17      -1.213536728291e-18 
 2077       3.056626143051e-11       6.016504261585e-13      -1.516579065461e-12       0.000000000000e+00       3.186558379692e-16       9.060570715505e-17      -1.103104615878e-18 
 2078       3.050626702534e-11       5.978815841409e-13      -1.488967027360e-12       0.000000000000e+00       3.180304078778e-16       9.011288357439e-17      -9.935065156848e-19 
 2079       3.044476204789e-11       5.942514576375e-13      -1.461371741814e-12       0.000000000000e+00       3.174064827951e-16       8.961611612687e-17      -8.846908473150e-19 
 2080       3.038175142628e-11       5.907606750515e-13      -1.433803605229e-12       0.000000000000e+00       3.167840578528e-16       8.911566930361e-17      -7.766058237495e-19 
 2081       3.031724011932e-11       5.874098660046e-13      -1.406273053553e-12       0.000000000000e+00       3.161631281430e-16       8.861180863996e-17      -6.691994510970e-19 
 2082       3.025123311656e-11       5.841996613372e-13      -1.378790562323e-12       0.000000000000e+00       3.155436887172e-16       8.810480071684e-17      -5.624195283417e-19 
 2083       3.018373543831e-11       5.811306931095e-13      -1.351366646711e-12       0.000000000000e+00       3.149257345872e-16       8.759491316191e-17      -4.562136470919e-19 
 2084       3.011475213571e-11       5.782035946030e-13      -1.324011861577e-12       0.000000000000e+00       3.143092607244e-16       8.708241465091e-17      -3.505291913276e-19 
 2085       3.004428829076e-11       5.754190003208e-13      -1.296736801507e-12       0.000000000000e+00       3.136942620603e-16       8.656757490889e-17      -2.453133371487e-19 
 2086       2.997234901634e-11       5.727775459889e-13      -1.269552100868e-12       0.000000000000e+00       3.130807334857e-16       8.605066471148e-17      -1.405130525237e-19 
 2087       2.989893945630e-11       5.702798685573e-13      -1.242468433853e-12       0.000000000000e+00       3.124686698515e-16       8.553195588613e-17      -3.607509703725e-20 
 2088       2.982406478545e-11       5.679266062007e-13      -1.215496514526e-12       0.000000000000e+00       3.118580659679e-16       8.501172131343e-17       6.805397836147e-20 
 2089       2.974773020962e-11       5.657183983195e-13      -1.188647096873e-12       0.000000000000e+00       3.112489166047e-16       8.449023492832e-17       1.719278316105e-19 
 2090       2.966994096574e-11       5.636558855410e-13      -1.161930974846e-12       0.000000000000e+00       3.106412164912e-16       8.396777172140e-17       2.756003297870e-19 
 2091       2.959070523352e-11       5.617393767364e-13      -1.135358175170e-12       0.000000000000e+00       3.100349606757e-16       8.344456656964e-17       3.791122537747e-19 
 2092       2.951004289307e-11       5.599678475223e-13      -1.108935529491e-12       0.000000000000e+00       3.094301456062e-16       8.292069041118e-17       4.824513100268e-19 
 2093       2.942797682869e-11       5.583399347503e-13      -1.082669085323e-12       0.000000000000e+00       3.088267680570e-16       8.239617320626e-17       5.855918393691e-19 
 2094       2.934453002289e-11       5.568542688461e-13      -1.056564911779e-12       0.000000000000e+00       3.082248247699e-16       8.187104502913e-17       6.885080870564e-19 
 2095       2.925972555646e-11       5.555094738013e-13      -1.030629099589e-12       0.000000000000e+00       3.076243124543e-16       8.134533606819e-17       7.911742026594e-19 
 2096       2.917358660863e-11       5.543041671650e-13      -1.004867761129e-12       0.000000000000e+00       3.070252277869e-16       8.081907662614e-17       8.935642399517e-19 
 2097       2.908613645718e-11       5.532369600361e-13      -9.792870304436e-13       0.000000000000e+00       3.064275674118e-16       8.029229712011e-17       9.956521567971e-19 
 2098       2.899739847853e-11       5.523064570548e-13      -9.538930632748e-13       0.000000000000e+00       3.058313279404e-16       7.976502808176e-17       1.097411815037e-18 
 2099       2.890739614791e-11       5.515112563947e-13      -9.286920370838e-13       0.000000000000e+00       3.052365059515e-16       7.923730015747e-17       1.198816980375e-18 
 2100       2.881615303948e-11       5.508499497542e-13      -9.036901510774e-13       0.000000000000e+00       3.046430979909e-16       7.870914410844e-17       1.299841322270e-18 
 2101       2.872369282638e-11       5.503211223490e-13      -8.788936262329e-13       0.000000000000e+00       3.040511005719e-16       7.818059081084e-17       1.400458413817e-18 
 2102       2.863003928095e-11       5.499233529031e-13      -8.543087053234e-13       0.000000000000e+00       3.034605101747e-16       7.765167125593e-17       1.500641731636e-18 
 2103       2.853521627478e-11       5.496552136416e-13      -8.299416529428e-13       0.000000000000e+00       3.028713232465e-16       7.712241655021e-17       1.600364655762e-18 
 2104       2.843924777886e-11       5.495152702816e-13      -8.057987555310e-13       0.000000000000e+00       3.022835362019e-16       7.659285791552e-17       1.699600469527e-18 
 2105       2.834215786369e-11       5.495020820249e-13      -7.818863213987e-13       0.000000000000e+00       3.016971454220e-16       7.606302668924e-17       1.798322359454e-18 
 2106       2.824397069943e-11       5.496142015489e-13      -7.582106807531e-13       0.000000000000e+00       3.011121472553e-16       7.553295432437e-17       1.896503415136e-18 
 2107       2.814471055596e-11       5.498501749996e-13      -7.347781857224e-13       0.000000000000e+00       3.005285380168e-16       7.500267238967e-17       1.994116629129e-18 
 2108       2.804440180308e-11       5.502085419822e-13      -7.115952103815e-13       0.000000000000e+00       2.999463139886e-16       7.447221256982e-17       2.091134896838e-18 
 2109       2.794306891057e-11       5.506878355539e-13      -6.886681507766e-13       0.000000000000e+00       2.993654714196e-16       7.394160666553e-17       2.187531016404e-18 
 2110       2.784073644834e-11       5.512865822152e-13      -6.660034249505e-13       0.000000000000e+00       2.987860065251e-16       7.341088659370e-17       2.283277688587e-18 
 2111       2.773742908653e-11       5.520033019022e-13      -6.436074729680e-13       0.000000000000e+00       2.982079154875e-16       7.288008438753e-17       2.378347516661e-18 
 2112       2.763317159566e-11       5.528365079777e-13      -6.214867569407e-13       0.000000000000e+00       2.976311944557e-16       7.234923219666e-17       2.472713006293e-18 
 2113       2.752798884673e-11       5.537847072239e-13      -5.996477610520e-13       0.000000000000e+00       2.970558395451e-16       7.181836228732e-17       2.566346565438e-18 
 2114       2.742190581136e-11       5.548463998336e-13      -5.780969915827e-13       0.000000000000e+00       2.964818468378e-16       7.128750704244e-17       2.659220504218e-18 
 2115       2.731494756187e-11       5.560200794024e-13      -5.568409769357e-13       0.000000000000e+00       2.959092123822e-16       7.075669896181e-17       2.751307034815e-18 
 2116       2.720713927146e-11       5.573042329204e-13      -5.358862676613e-13       0.000000000000e+00       2.953379321934e-16       7.022597066220e-17       2.842578271357e-18 
 2117       2.709850621430e-11       5.586973407639e-13      -5.152394364822e-13       0.000000000000e+00       2.947680022526e-16       6.969535487749e-17       2.933006229802e-18 
 2118       2.698907376562e-11       5.601978766876e-13      -4.949070783188e-13       0.000000000000e+00       2.941994185077e-16       6.916488445882e-17       3.022562827831e-18 
 2119       2.687886740189e-11       5.618043078161e-13      -4.748958103142e-13       0.000000000000e+00       2.936321768726e-16       6.863459237473e-17       3.111219884727e-18 
 2120       2.676791270092e-11       5.635150946359e-13      -4.552122718592e-13       0.000000000000e+00       2.930662732277e-16       6.810451171125e-17       3.198949121271e-18 
 2121       2.665623534197e-11       5.653286909873e-13      -4.358631246177e-13       0.000000000000e+00       2.925017034194e-16       6.757467567210e-17       3.285722159622e-18 
 2122       2.654386110587e-11       5.672435440560e-13      -4.168550525516e-13       0.000000000000e+00       2.919384632602e-16       6.704511757876e-17       3.371510523207e-18 
 2123       2.643081587515e-11       5.692580943652e-13      -3.981947619461e-13       0.000000000000e+00       2.913765485291e-16       6.651587087066e-17       3.456285636610e-18 
 2124       2.631712563416e-11       5.713707757671e-13      -3.798889814346e-13       0.000000000000e+00       2.908159549708e-16       6.598696910527e-17       3.540018825456e-18 
 2125       2.620281646922e-11       5.735800154354e-13      -3.619444620239e-13       0.000000000000e+00       2.902566782961e-16       6.545844595829e-17       3.622681316298e-18 
 2126       2.608791456866e-11       5.758842338564e-13      -3.443679771194e-13       0.000000000000e+00       2.896987141818e-16       6.493033522370e-17       3.704244236507e-18 
 2127       2.597244622304e-11       5.782818448210e-13      -3.271663225503e-13       0.000000000000e+00       2.891420582706e-16       6.440267081399e-17       3.784678614157e-18 
 2128       2.585643782519e-11       5.807712554171e-13      -3.103463165943e-13       0.000000000000e+00       2.885867061710e-16       6.387548676021e-17       3.863955377913e-18 
 2129       2.573991587041e-11       5.833508660208e-13      -2.939148000031e-13       0.000000000000e+00       2.880326534575e-16       6.334881721218e-17       3.942045356916e-18 
 2130       2.562290695650e-11       5.860190702883e-13      -2.778786360277e-13       0.000000000000e+00       2.874798956701e-16       6.282269643857e-17       4.018919280673e-18 
 2131       2.550543759206e-11       5.887741533484e-13      -2.622435594045e-13       0.000000000000e+00       2.869284285836e-16       6.229717762045e-17       4.094555563217e-18 
 2132       2.538753361945e-11       5.916139856306e-13      -2.470107146241e-13       0.000000000000e+00       2.863782490158e-16       6.177238937275e-17       4.168963714259e-18 
 2133       2.526922078808e-11       5.945363269173e-13      -2.321800939331e-13       0.000000000000e+00       2.858293540246e-16       6.124847961132e-17       4.242161088630e-18 
 2134       2.515052494605e-11       5.975389279416e-13      -2.177516862083e-13       0.000000000000e+00       2.852817406395e-16       6.072559679545e-17       4.314165116700e-18 
 2135       2.503147204031e-11       6.006195303767e-13      -2.037254769516e-13       0.000000000000e+00       2.847354058616e-16       6.020388992846e-17       4.384993304468e-18 
 2136       2.491208811671e-11       6.037758668250e-13      -1.901014482845e-13       0.000000000000e+00       2.841903466635e-16       5.968350855834e-17       4.454663233661e-18 
 2137       2.479239932018e-11       6.070056608072e-13      -1.768795789427e-13       0.000000000000e+00       2.836465599894e-16       5.916460277843e-17       4.523192561822e-18 
 2138       2.467243189480e-11       6.103066267514e-13      -1.640598442713e-13       0.000000000000e+00       2.831040427550e-16       5.864732322796e-17       4.590599022403e-18 
 2139       2.455221218394e-11       6.136764699824e-13      -1.516422162188e-13       0.000000000000e+00       2.825627918472e-16       5.813182109276e-17       4.656900424859e-18 
 2140       2.443176663038e-11       6.171128867105e-13      -1.396266633326e-13       0.000000000000e+00       2.820228041247e-16       5.761824810587e-17       4.722114654740e-18 
 2141       2.431112177640e-11       6.206135640213e-13      -1.280131507531e-13       0.000000000000e+00       2.814840764171e-16       5.710675654814e-17       4.786259673785e-18 
 2142       2.419030426392e-11       6.241761798642e-13      -1.168016402087e-13       0.000000000000e+00       2.809466055257e-16       5.659749924890e-17       4.849353520013e-18 
 2143       2.406934083461e-11       6.277984030418e-13      -1.059920900106e-13       0.000000000000e+00       2.804103882227e-16       5.609062958657e-17       4.911414307816e-18 
 2144       2.394825833001e-11       6.314778931991e-13      -9.558445504716e-14       0.000000000000e+00       2.798754212519e-16       5.558630148931e-17       4.972460228053e-18 
 2145       2.382708369162e-11       6.352123008127e-13      -8.557868677899e-14       0.000000000000e+00       2.793417013278e-16       5.508466943563e-17       5.032509548142e-18 
 2146       2.370584396107e-11       6.389992671797e-13      -7.597473323348e-14       0.000000000000e+00       2.788092251366e-16       5.458588845501e-17       5.091580612151e-18 
 2147       2.358456628019e-11       6.428364244071e-13      -6.677253899956e-14       0.000000000000e+00       2.782779893352e-16       5.409011412858e-17       5.149691840893e-18 
 2148       2.346327789112e-11       6.467213954009e-13      -5.797204522243e-14       0.000000000000e+00       2.777479905517e-16       5.359750258972e-17       5.206861732020e-18 
 2149       2.334200613647e-11       6.506517938552e-13      -4.957318959823e-14       0.000000000000e+00       2.772192253851e-16       5.310821052466e-17       5.263108860111e-18 
 2150       2.322077845941e-11       6.546252242412e-13      -4.157590636881e-14       0.000000000000e+00       2.766916904057e-16       5.262239517318e-17       5.318451876769e-18 
 2151       2.309962240378e-11       6.586392817967e-13      -3.398012631641e-14       0.000000000000e+00       2.761653821542e-16       5.214021432918e-17       5.372909510710e-18 
 2152       2.297856561422e-11       6.626915525150e-13      -2.678577675841e-14       0.000000000000e+00       2.756402971427e-16       5.166182634135e-17       5.426500567862e-18 
 2153       2.285763583628e-11       6.667796131340e-13      -1.999278154201e-14       0.000000000000e+00       2.751164318538e-16       5.118739011378e-17       5.479243931448e-18 
 2154       2.273686091653e-11       6.709010311257e-13      -1.360106103896e-14       0.000000000000e+00       2.745937827412e-16       5.071706510660e-17       5.531158562089e-18 
 2155       2.261626880269e-11       6.750533646849e-13      -7.610532140310e-15       0.000000000000e+00       2.740723462290e-16       5.025101133661e-17       5.582263497891e-18 
 2156       2.249588754374e-11       6.792341627187e-13      -2.021108251073e-15       0.000000000000e+00       2.735521187124e-16       4.978938937791e-17       5.632577854536e-18 
 2157       2.237574529004e-11       6.834409648354e-13       3.167300715021e-15       0.000000000000e+00       2.730330965571e-16       4.933236036252e-17       5.682120825380e-18 
 2158       2.225587029343e-11       6.876713013338e-13       7.954788340821e-15       0.000000000000e+00       2.725152760994e-16       4.888008598104e-17       5.730911681543e-18 
 2159       2.213629090737e-11       6.919226931923e-13       1.234145171104e-14       0.000000000000e+00       2.719986536462e-16       4.843272848324e-17       5.778969772001e-18 
 2160       2.201703558703e-11       6.961926520582e-13       1.632739141752e-14       0.000000000000e+00       2.714832254752e-16       4.799045067874e-17       5.826314523680e-18 
 2161       2.189813288943e-11       7.004786802366e-13       1.991271156454e-14       0.000000000000e+00       2.709689878342e-16       4.755341593759e-17       5.872965441548e-18 
 2162       2.177961147355e-11       7.047782706796e-13       2.309751977410e-14       0.000000000000e+00       2.704559369419e-16       4.712178819095e-17       5.918942108708e-18 
 2163       2.166150010044e-11       7.090889069756e-13       2.588192719117e-14       0.000000000000e+00       2.699440689871e-16       4.669573193168e-17       5.964264186491e-18 
 2164       2.154382763332e-11       7.134080633384e-13       2.826604848900e-14       0.000000000000e+00       2.694333801291e-16       4.627541221500e-17       6.008951414548e-18 
 2165       2.142662303775e-11       7.177332045963e-13       3.025000187442e-14       0.000000000000e+00       2.689238664978e-16       4.586099465909e-17       6.053023610943e-18 
 2166       2.130991538169e-11       7.220617861812e-13       3.183390909306e-14       0.000000000000e+00       2.684155241929e-16       4.545264544576e-17       6.096500672247e-18 
 2167       2.119373383564e-11       7.263912541178e-13       3.301789543472e-14       0.000000000000e+00       2.679083492848e-16       4.505053132105e-17       6.139402573629e-18 
 2168       2.107810767274e-11       7.307190450129e-13       3.380208973858e-14       0.000000000000e+00       2.674023378140e-16       4.465481959588e-17       6.181749368948e-18 
 2169       2.096306626893e-11       7.350425860444e-13       3.418662439850e-14       0.000000000000e+00       2.668974857910e-16       4.426567814667e-17       6.223561190848e-18 
 2170       2.084863910302e-11       7.393592949503e-13       3.417163536836e-14       0.000000000000e+00       2.663937891968e-16       4.388327541597e-17       6.264858250850e-18 
 2171       2.073485314865e-11       7.436667257443e-13       3.375806389222e-14       0.000000000000e+00       2.658912442972e-16       4.350770857940e-17       6.305657207122e-18 
 2172       2.062172503076e-11       7.479630069566e-13       3.295006759327e-14       0.000000000000e+00       2.653898485907e-16       4.313878751570e-17       6.345960240827e-18 
 2173       2.050926881646e-11       7.522464063265e-13       3.175262565335e-14       0.000000000000e+00       2.648895998669e-16       4.277624938125e-17       6.385765906307e-18 
 2174       2.039749861845e-11       7.565151853370e-13       3.017073858982e-14       0.000000000000e+00       2.643904958929e-16       4.241983031031e-17       6.425072756708e-18 
 2175       2.028642859507e-11       7.607675992085e-13       2.820942828122e-14       0.000000000000e+00       2.638925344121e-16       4.206926541384e-17       6.463879343987e-18 
 2176       2.017607295037e-11       7.650018968905e-13       2.587373799301e-14       0.000000000000e+00       2.633957131453e-16       4.172428877827e-17       6.502184218911e-18 
 2177       2.006644593413e-11       7.692163210556e-13       2.316873240316e-14       0.000000000000e+00       2.629000297898e-16       4.138463346433e-17       6.539985931055e-18 
 2178       1.995756184192e-11       7.734091080915e-13       2.009949762794e-14       0.000000000000e+00       2.624054820199e-16       4.105003150584e-17       6.577283028806e-18 
 2179       1.984943501515e-11       7.775784880944e-13       1.667114124753e-14       0.000000000000e+00       2.619120674867e-16       4.072021390853e-17       6.614074059358e-18 
 2180       1.974207984112e-11       7.817226848617e-13       1.288879233174e-14       0.000000000000e+00       2.614197838178e-16       4.039491064881e-17       6.650357568720e-18 
 2181       1.963551075310e-11       7.858399158846e-13       8.757601465710e-15       0.000000000000e+00       2.609286286179e-16       4.007385067261e-17       6.686132101708e-18 
 2182       1.952974223030e-11       7.899283923414e-13       4.282740775543e-15       0.000000000000e+00       2.604385994681e-16       3.975676189417e-17       6.721396201950e-18 
 2183       1.942478879802e-11       7.939863190900e-13      -5.305960459574e-16       0.000000000000e+00       2.599496939262e-16       3.944337119483e-17       6.756148411886e-18 
 2184       1.932066502762e-11       7.980118946610e-13      -5.677193713626e-15       0.000000000000e+00       2.594619095266e-16       3.913340442184e-17       6.790387272767e-18 
 2185       1.921738553661e-11       8.020033112504e-13      -1.115181532425e-14       0.000000000000e+00       2.589752437805e-16       3.882658638717e-17       6.824111324657e-18 
 2186       1.911496498868e-11       8.059587547126e-13      -1.694920233086e-14       0.000000000000e+00       2.584896941754e-16       3.852264086632e-17       6.857319106430e-18 
 2187       1.901341809379e-11       8.098764045530e-13      -2.306407451709e-14       0.000000000000e+00       2.580052581754e-16       3.822129059709e-17       6.890009155774e-18 
 2188       1.891275960815e-11       8.137544339213e-13      -2.949112997144e-14       0.000000000000e+00       2.575219332210e-16       3.792225727843e-17       6.922180009189e-18 
 2189       1.881300433435e-11       8.175910096039e-13      -3.622504506164e-14       0.000000000000e+00       2.570397167294e-16       3.762526156919e-17       6.953830201990e-18 
 2190       1.871416712133e-11       8.213842920169e-13      -4.326047440892e-14       0.000000000000e+00       2.565586060939e-16       3.733002308697e-17       6.984958268301e-18 
 2191       1.861626286450e-11       8.251324351992e-13      -5.059205086234e-14       0.000000000000e+00       2.560785986843e-16       3.703626040690e-17       7.015562741064e-18 
 2192       1.851930650575e-11       8.288335868051e-13      -5.821438547312e-14       0.000000000000e+00       2.555996918468e-16       3.674369106045e-17       7.045642152032e-18 
 2193       1.842331303349e-11       8.324858880972e-13      -6.612206746895e-14       0.000000000000e+00       2.551218829040e-16       3.645203153422e-17       7.075195031773e-18 
 2194       1.832829748275e-11       8.360874739393e-13      -7.430966422827e-14       0.000000000000e+00       2.546451691545e-16       3.616099726875e-17       7.104219909669e-18 
 2195       1.823427493518e-11       8.396364727893e-13      -8.277172125464e-14       0.000000000000e+00       2.541695478735e-16       3.587030265735e-17       7.132715313918e-18 
 2196       1.814126051912e-11       8.431310066920e-13      -9.150276215100e-14       0.000000000000e+00       2.536950163120e-16       3.557966104485e-17       7.160679771530e-18 
 2197       1.804926940966e-11       8.465691912718e-13      -1.004972885940e-13       0.000000000000e+00       2.532215716975e-16       3.528878472645e-17       7.188111808334e-18 
 2198       1.795831682866e-11       8.499491357260e-13      -1.097497803084e-13       0.000000000000e+00       2.527492112336e-16       3.499738494650e-17       7.215009948972e-18 
 2199       1.786841804482e-11       8.532689428171e-13      -1.192546950412e-13       0.000000000000e+00       2.522779320999e-16       3.470517189730e-17       7.241372716901e-18 
 2200       1.777958837375e-11       8.565267088663e-13      -1.290064685361e-13       0.000000000000e+00       2.518077314522e-16       3.441185471792e-17       7.267198634397e-18 
 2201       1.769184317798e-11       8.597205237456e-13      -1.389995145079e-13       0.000000000000e+00       2.513386064222e-16       3.411714149299e-17       7.292486222549e-18 
 2202       1.760519786701e-11       8.628484708713e-13      -1.492282246165e-13       0.000000000000e+00       2.508705541178e-16       3.382073925151e-17       7.317234001264e-18 
 2203       1.751966789742e-11       8.659086271966e-13      -1.596869684414e-13       0.000000000000e+00       2.504035716227e-16       3.352235396565e-17       7.341440489267e-18 
 2204       1.743526877284e-11       8.688990632045e-13      -1.703700934562e-13       0.000000000000e+00       2.499376559966e-16       3.322169054954e-17       7.365104204099e-18 
 2205       1.735201604406e-11       8.718178429006e-13      -1.812719250027e-13       0.000000000000e+00       2.494728042752e-16       3.291845285810e-17       7.388223662118e-18 
 2206       1.726992530903e-11       8.746630238059e-13      -1.923867662651e-13       0.000000000000e+00       2.490090134700e-16       3.261234368583e-17       7.410797378500e-18 
 2207       1.718901221297e-11       8.774326569499e-13      -2.037088982446e-13       0.000000000000e+00       2.485462805684e-16       3.230306476561e-17       7.432823867239e-18 
 2208       1.710929244835e-11       8.801247868632e-13      -2.152325797334e-13       0.000000000000e+00       2.480846025334e-16       3.199031676748e-17       7.454301641147e-18 
 2209       1.703078175502e-11       8.827374515707e-13      -2.269520472895e-13       0.000000000000e+00       2.476239763041e-16       3.167379929750e-17       7.475229211856e-18 
 2210       1.695349592017e-11       8.852686825839e-13      -2.388615152103e-13       0.000000000000e+00       2.471643987951e-16       3.135321089652e-17       7.495605089815e-18 
 2211       1.687744763009e-11       8.877167757083e-13      -2.509550982584e-13       0.000000000000e+00       2.467058670356e-16       3.102833816334e-17       7.515427433934e-18 
 2212       1.680263700226e-11       8.900811054377e-13      -2.632265793277e-13       0.000000000000e+00       2.462483785860e-16       3.069932377172e-17       7.534692997980e-18 
 2213       1.672906099065e-11       8.923613159375e-13      -2.756696401875e-13       0.000000000000e+00       2.457919311241e-16       3.036640022556e-17       7.553398177201e-18 
 2214       1.665671652835e-11       8.945570507203e-13      -2.882779385644e-13       0.000000000000e+00       2.453365223061e-16       3.002980089673e-17       7.571539358051e-18 
 2215       1.658560052755e-11       8.966679526449e-13      -3.010451081149e-13       0.000000000000e+00       2.448821497669e-16       2.968976002598e-17       7.589112918176e-18 
 2216       1.651570987952e-11       8.986936639162e-13      -3.139647583974e-13       0.000000000000e+00       2.444288111201e-16       2.934651272398e-17       7.606115226406e-18 
 2217       1.644704145456e-11       9.006338260845e-13      -3.270304748453e-13       0.000000000000e+00       2.439765039575e-16       2.900029497227e-17       7.622542642749e-18 
 2218       1.637959210200e-11       9.024880800452e-13      -3.402358187386e-13       0.000000000000e+00       2.435252258496e-16       2.865134362431e-17       7.638391518381e-18 
 2219       1.631335865016e-11       9.042560660380e-13      -3.535743271772e-13       0.000000000000e+00       2.430749743455e-16       2.829989640638e-17       7.653658195639e-18 
 2220       1.624833790631e-11       9.059374236465e-13      -3.670395130524e-13       0.000000000000e+00       2.426257469725e-16       2.794619191866e-17       7.668339008009e-18 
 2221       1.618452665666e-11       9.075317917981e-13      -3.806248650202e-13       0.000000000000e+00       2.421775412364e-16       2.759046963617e-17       7.682430280124e-18 
 2222       1.612192166634e-11       9.090388087627e-13      -3.943238474730e-13       0.000000000000e+00       2.417303546215e-16       2.723296990975e-17       7.695928327750e-18 
 2223       1.606051967935e-11       9.104581121531e-13      -4.081299005125e-13       0.000000000000e+00       2.412841845903e-16       2.687393396710e-17       7.708829457781e-18 
 2224       1.600031741854e-11       9.117893389239e-13      -4.220364399218e-13       0.000000000000e+00       2.408390285836e-16       2.651360391373e-17       7.721129968228e-18 
 2225       1.594131158558e-11       9.130321253712e-13      -4.360368571382e-13       0.000000000000e+00       2.403948840208e-16       2.615222273395e-17       7.732826148214e-18 
 2226       1.588349886095e-11       9.141861071320e-13      -4.501245192250e-13       0.000000000000e+00       2.399517482991e-16       2.579003429187e-17       7.743914277963e-18 
 2227       1.582687590390e-11       9.152509191839e-13      -4.642927688447e-13       0.000000000000e+00       2.395096187943e-16       2.542728333240e-17       7.754390628793e-18 
 2228       1.577143935242e-11       9.162261958446e-13      -4.785349242308e-13       0.000000000000e+00       2.390684928603e-16       2.506421548222e-17       7.764251463105e-18 
 2229       1.571718582321e-11       9.171115707711e-13      -4.928442791605e-13       0.000000000000e+00       2.386283678290e-16       2.470107725078e-17       7.773493034381e-18 
 2230       1.566411191167e-11       9.179066769594e-13      -5.072141029269e-13       0.000000000000e+00       2.381892410108e-16       2.433811603130e-17       7.782111587167e-18 
 2231       1.561221419184e-11       9.186111467442e-13      -5.216376403117e-13       0.000000000000e+00       2.377511096938e-16       2.397558010173e-17       7.790103357074e-18 
 2232       1.556148921642e-11       9.192246117981e-13      -5.361081115577e-13       0.000000000000e+00       2.373139711444e-16       2.361371862576e-17       7.797464570761e-18 
 2233       1.551193351669e-11       9.197467031311e-13      -5.506187123406e-13       0.000000000000e+00       2.368778226072e-16       2.325278165383e-17       7.804191445933e-18 
 2234       1.546354360252e-11       9.201770510904e-13      -5.651626137420e-13       0.000000000000e+00       2.364426613045e-16       2.289302012406e-17       7.810280191330e-18 
 2235       1.541631596235e-11       9.205152853596e-13      -5.797329622219e-13       0.000000000000e+00       2.360084844368e-16       2.253468586331e-17       7.815727006717e-18 
 2236       1.537024706310e-11       9.207610349584e-13      -5.943228795905e-13       0.000000000000e+00       2.355752891826e-16       2.217803158812e-17       7.820528082880e-18 
 2237       1.532533335022e-11       9.209139282421e-13      -6.089254629811e-13       0.000000000000e+00       2.351430726980e-16       2.182331090572e-17       7.824679601615e-18 
 2238       1.528157124763e-11       9.209735929008e-13      -6.235337848225e-13       0.000000000000e+00       2.347118321175e-16       2.147077831503e-17       7.828177735719e-18 
 2239       1.523895715766e-11       9.209396559593e-13      -6.381408928113e-13       0.000000000000e+00       2.342815645531e-16       2.112068920761e-17       7.831018648984e-18 
 2240       1.519748746109e-11       9.208117437765e-13      -6.527398098843e-13       0.000000000000e+00       2.338522670947e-16       2.077329986869e-17       7.833198496186e-18 
 2241       1.515715851706e-11       9.205894820446e-13      -6.673235341909e-13       0.000000000000e+00       2.334239368101e-16       2.042886747815e-17       7.834713423080e-18 
 2242       1.511796666309e-11       9.202724957892e-13      -6.818850390657e-13       0.000000000000e+00       2.329965707449e-16       2.008765011150e-17       7.835559566387e-18 
 2243       1.507990821501e-11       9.198604093681e-13      -6.964172730007e-13       0.000000000000e+00       2.325701659224e-16       1.974990674088e-17       7.835733053791e-18 
 2244       1.504297946696e-11       9.193528464714e-13      -7.109131596180e-13       0.000000000000e+00       2.321447193435e-16       1.941589723604e-17       7.835230003928e-18 
 2245       1.500717669138e-11       9.187494301206e-13      -7.253655976418e-13       0.000000000000e+00       2.317202279870e-16       1.908588236533e-17       7.834046526375e-18 
 2246       1.497249613892e-11       9.180497826683e-13      -7.397674608711e-13       0.000000000000e+00       2.312966888093e-16       1.876012379671e-17       7.832178721647e-18 
 2247       1.493893403847e-11       9.172535257979e-13      -7.541115981523e-13       0.000000000000e+00       2.308740987442e-16       1.843888409870e-17       7.829622681187e-18 
 2248       1.490648659714e-11       9.163602805224e-13      -7.683908333512e-13       0.000000000000e+00       2.304524547035e-16       1.812242674143e-17       7.826374487354e-18 
 2249       1.487515000016e-11       9.153696671848e-13      -7.825979653256e-13       0.000000000000e+00       2.300317535763e-16       1.781101609756e-17       7.822430213420e-18 
 2250       1.484492041093e-11       9.142813054571e-13      -7.967257678977e-13       0.000000000000e+00       2.296119922293e-16       1.750491744332e-17       7.817785923557e-18 
 2251       1.481579210735e-11       9.130950395970e-13      -8.107675471899e-13       0.000000000000e+00       2.291931676926e-16       1.720435637959e-17       7.812433014882e-18 
 2252       1.478775187780e-11       9.118116158213e-13      -8.247188176470e-13       0.000000000000e+00       2.287752777186e-16       1.690939680475e-17       7.806344210485e-18 
 2253       1.476078458863e-11       9.104320093372e-13      -8.385756368597e-13       0.000000000000e+00       2.283583202268e-16       1.662006215017e-17       7.799487475283e-18 
 2254       1.473487504447e-11       9.089571994897e-13      -8.523340491761e-13       0.000000000000e+00       2.279422931180e-16       1.633637588808e-17       7.791830665586e-18 
 2255       1.471000798806e-11       9.073881697668e-13      -8.659900856876e-13       0.000000000000e+00       2.275271942743e-16       1.605836153157e-17       7.783341528969e-18 
 2256       1.468616810027e-11       9.057259078039e-13      -8.795397642148e-13       0.000000000000e+00       2.271130215593e-16       1.578604263465e-17       7.773987704164e-18 
 2257       1.466333999994e-11       9.039714053888e-13      -8.929790892925e-13       0.000000000000e+00       2.266997728178e-16       1.551944279225e-17       7.763736720933e-18 
 2258       1.464150824388e-11       9.021256584665e-13      -9.063040521560e-13       0.000000000000e+00       2.262874458759e-16       1.525858564029e-17       7.752555999955e-18 
 2259       1.462065732677e-11       9.001896671445e-13      -9.195106307260e-13       0.000000000000e+00       2.258760385410e-16       1.500349485565e-17       7.740412852703e-18 
 2260       1.460077168109e-11       8.981644356967e-13      -9.325947895950e-13       0.000000000000e+00       2.254655486017e-16       1.475419415627e-17       7.727274481328e-18 
 2261       1.458183567703e-11       8.960509725690e-13      -9.455524800121e-13       0.000000000000e+00       2.250559738278e-16       1.451070730110e-17       7.713107978543e-18 
 2262       1.456383362245e-11       8.938502903840e-13      -9.583796398693e-13       0.000000000000e+00       2.246473119702e-16       1.427305809022e-17       7.697880327497e-18 
 2263       1.454674976280e-11       8.915634059456e-13      -9.710721936866e-13       0.000000000000e+00       2.242395607613e-16       1.404127036478e-17       7.681558401664e-18 
 2264       1.453056828104e-11       8.891913402441e-13      -9.836260525981e-13       0.000000000000e+00       2.238327179141e-16       1.381536800708e-17       7.664108964719e-18 
 2265       1.451527329756e-11       8.867351184606e-13      -9.960371143372e-13       0.000000000000e+00       2.234267811231e-16       1.359537494061e-17       7.645498670424e-18 
 2266       1.450084887014e-11       8.841957699726e-13      -1.008301263222e-12       0.000000000000e+00       2.230217480639e-16       1.338131513003e-17       7.625694062505e-18 
 2267       1.448727899383e-11       8.815743283581e-13      -1.020414370142e-12       0.000000000000e+00       2.226176163928e-16       1.317321258123e-17       7.604661574537e-18 
 2268       1.447454760094e-11       8.788718314006e-13      -1.032372292543e-12       0.000000000000e+00       2.222143837475e-16       1.297109134139e-17       7.582367529823e-18 
 2269       1.446263856092e-11       8.760893210944e-13      -1.044170874412e-12       0.000000000000e+00       2.218120477464e-16       1.277497549893e-17       7.558778141277e-18 
 2270       1.445153568030e-11       8.732278436489e-13      -1.055805946263e-12       0.000000000000e+00       2.214106059893e-16       1.258488918361e-17       7.533859511304e-18 
 2271       1.444122270263e-11       8.702884494936e-13      -1.067273325126e-12       0.000000000000e+00       2.210100560564e-16       1.240085656652e-17       7.507577631682e-18 
 2272       1.443168330839e-11       8.672721932830e-13      -1.078568814525e-12       0.000000000000e+00       2.206103955092e-16       1.222290186015e-17       7.479898383445e-18 
 2273       1.442290111495e-11       8.641801339014e-13      -1.089688204473e-12       0.000000000000e+00       2.202116218900e-16       1.205104931835e-17       7.450787536761e-18 
 2274       1.441485967645e-11       8.610133344677e-13      -1.100627271451e-12       0.000000000000e+00       2.198137327220e-16       1.188532323645e-17       7.420210750818e-18 
 2275       1.440754248378e-11       8.577728623403e-13      -1.111381778395e-12       0.000000000000e+00       2.194167255093e-16       1.172574795119e-17       7.388133573700e-18 
 2276       1.440093296448e-11       8.544597891220e-13      -1.121947474682e-12       0.000000000000e+00       2.190205977365e-16       1.157234784084e-17       7.354521442274e-18 
 2277       1.439501448267e-11       8.510751906646e-13      -1.132320096119e-12       0.000000000000e+00       2.186253468695e-16       1.142514732517e-17       7.319339682065e-18 
 2278       1.438977033896e-11       8.476201470739e-13      -1.142495364920e-12       0.000000000000e+00       2.182309703546e-16       1.128417086550e-17       7.282553507146e-18 
 2279       1.438518377045e-11       8.440957427145e-13      -1.152468989703e-12       0.000000000000e+00       2.178374656189e-16       1.114944296473e-17       7.244128020010e-18 
 2280       1.438123795056e-11       8.405030662148e-13      -1.162236665464e-12       0.000000000000e+00       2.174448300704e-16       1.102098816735e-17       7.204028211458e-18 
 2281       1.437791598903e-11       8.368432104716e-13      -1.171794073573e-12       0.000000000000e+00       2.170530610975e-16       1.089883105951e-17       7.162218960479e-18 
 2282       1.437520093182e-11       8.331172726548e-13      -1.181136881752e-12       0.000000000000e+00       2.166621560696e-16       1.078299626902e-17       7.118665034128e-18 
 2283       1.437307576106e-11       8.293263542129e-13      -1.190260744064e-12       0.000000000000e+00       2.162721123365e-16       1.067350846537e-17       7.073331087414e-18 
 2284       1.437152339493e-11       8.254715608770e-13      -1.199161300898e-12       0.000000000000e+00       2.158829272287e-16       1.057039235977e-17       7.026181663174e-18 
 2285       1.437052668765e-11       8.215540026662e-13      -1.207834178957e-12       0.000000000000e+00       2.154945980573e-16       1.047367270521e-17       6.977181191960e-18 
 2286       1.437006842936e-11       8.175747938923e-13      -1.216274991238e-12       0.000000000000e+00       2.151071221140e-16       1.038337429643e-17       6.926293991918e-18 
 2287       1.437013134608e-11       8.135350531646e-13      -1.224479337022e-12       0.000000000000e+00       2.147204966708e-16       1.029952196999e-17       6.873484268670e-18 
 2288       1.437069809962e-11       8.094359033945e-13      -1.232442801859e-12       0.000000000000e+00       2.143347189805e-16       1.022214060431e-17       6.818716115195e-18 
 2289       1.437175128752e-11       8.052784718009e-13      -1.240160957555e-12       0.000000000000e+00       2.139497862764e-16       1.015125511965e-17       6.761953511710e-18 
 2290       1.437327344297e-11       8.010638899146e-13      -1.247629362151e-12       0.000000000000e+00       2.135656957720e-16       1.008689047817e-17       6.703160325554e-18 
 2291       1.437524722335e-11       7.967933593317e-13      -1.254844325629e-12       0.000000000000e+00       2.131824448445e-16       1.002903132359e-17       6.642321984225e-18 
 2292       1.437765597739e-11       7.924683494228e-13      -1.261805212375e-12       0.000000000000e+00       2.128000315850e-16       9.977500618155e-18       6.579510646109e-18 
 2293       1.438048318147e-11       7.880904008974e-13      -1.268512153397e-12       0.000000000000e+00       2.124184542518e-16       9.932080230150e-18       6.514820445984e-18 
 2294       1.438371225131e-11       7.836610601756e-13      -1.274965281951e-12       0.000000000000e+00       2.120377110871e-16       9.892551222969e-18       6.448345860056e-18 
 2295       1.438732654189e-11       7.791818793949e-13      -1.281164733548e-12       0.000000000000e+00       2.116578003176e-16       9.858693854225e-18       6.380181706328e-18 
 2296       1.439130934738e-11       7.746544164166e-13      -1.287110645953e-12       0.000000000000e+00       2.112787201538e-16       9.830287574857e-18       6.310423144988e-18 
 2297       1.439564390107e-11       7.700802348318e-13      -1.292803159191e-12       0.000000000000e+00       2.109004687907e-16       9.807111028231e-18       6.239165678774e-18 
 2298       1.440031337529e-11       7.654609039681e-13      -1.298242415549e-12       0.000000000000e+00       2.105230444071e-16       9.788942049252e-18       6.166505153361e-18 
 2299       1.440530088140e-11       7.607979988958e-13      -1.303428559578e-12       0.000000000000e+00       2.101464451660e-16       9.775557663471e-18       6.092537757729e-18 
 2300       1.441058946964e-11       7.560931004340e-13      -1.308361738098e-12       0.000000000000e+00       2.097706692147e-16       9.766734086188e-18       6.017360024547e-18 
 2301       1.441616212912e-11       7.513477951576e-13      -1.313042100201e-12       0.000000000000e+00       2.093957146842e-16       9.762246721562e-18       5.941068830545e-18 
 2302       1.442200178774e-11       7.465636754026e-13      -1.317469797252e-12       0.000000000000e+00       2.090215796896e-16       9.761870161716e-18       5.863761396891e-18 
 2303       1.442809131212e-11       7.417423392736e-13      -1.321644982895e-12       0.000000000000e+00       2.086482623303e-16       9.765378185847e-18       5.785535289571e-18 
 2304       1.443441350752e-11       7.368853906493e-13      -1.325567813054e-12       0.000000000000e+00       2.082757606892e-16       9.772543759327e-18       5.706488419762e-18 
 2305       1.444095111781e-11       7.319944391890e-13      -1.329238445937e-12       0.000000000000e+00       2.079040728337e-16       9.783139032816e-18       5.626719044212e-18 
 2306       1.444768682534e-11       7.270711003394e-13      -1.332657042038e-12       0.000000000000e+00       2.075331968147e-16       9.796935341364e-18       5.546325765612e-18 
 2307       1.445460325095e-11       7.221169953402e-13      -1.335823764142e-12       0.000000000000e+00       2.071631306671e-16       9.813703203522e-18       5.465407532978e-18 
 2308       1.446168295384e-11       7.171337512312e-13      -1.338738777327e-12       0.000000000000e+00       2.067938724100e-16       9.833212320445e-18       5.384063642026e-18 
 2309       1.446890843154e-11       7.121230008579e-13      -1.341402248967e-12       0.000000000000e+00       2.064254200460e-16       9.855231575001e-18       5.302393735546e-18 
 2310       1.447626211981e-11       7.070863828786e-13      -1.343814348736e-12       0.000000000000e+00       2.060577715619e-16       9.879529030876e-18       5.220497803782e-18 
 2311       1.448372639260e-11       7.020255417700e-13      -1.345975248610e-12       0.000000000000e+00       2.056909249279e-16       9.905871931685e-18       5.138476184808e-18 
 2312       1.449128356200e-11       6.969421278341e-13      -1.347885122869e-12       0.000000000000e+00       2.053248780984e-16       9.934026700073e-18       5.056429564903e-18 
 2313       1.449891587810e-11       6.918377972042e-13      -1.349544148105e-12       0.000000000000e+00       2.049596290114e-16       9.963758936825e-18       4.974458978930e-18 
 2314       1.450660552901e-11       6.867142118515e-13      -1.350952503218e-12       0.000000000000e+00       2.045951755888e-16       9.994833419975e-18       4.892665810710e-18 
 2315       1.451433464073e-11       6.815730395911e-13      -1.352110369427e-12       0.000000000000e+00       2.042315157361e-16       1.002701410391e-17       4.811151793404e-18 
 2316       1.452208527712e-11       6.764159540888e-13      -1.353017930266e-12       0.000000000000e+00       2.038686473426e-16       1.006006411847e-17       4.730019009881e-18 
 2317       1.452983943981e-11       6.712446348669e-13      -1.353675371591e-12       0.000000000000e+00       2.035065682813e-16       1.009374576807e-17       4.649369893105e-18 
 2318       1.453757906814e-11       6.660607673109e-13      -1.354082881582e-12       0.000000000000e+00       2.031452764088e-16       1.012782053079e-17       4.569307226503e-18 
 2319       1.454528603909e-11       6.608660426760e-13      -1.354240650747e-12       0.000000000000e+00       2.027847695656e-16       1.016204905751e-17       4.489934144346e-18 
 2320       1.455294216724e-11       6.556621580928e-13      -1.354148871923e-12       0.000000000000e+00       2.024250455755e-16       1.019619117098e-17       4.411354132126e-18 
 2321       1.456052920465e-11       6.504508165744e-13      -1.353807740284e-12       0.000000000000e+00       2.020661022461e-16       1.023000586494e-17       4.333671026930e-18 
 2322       1.456802884084e-11       6.452337270220e-13      -1.353217453337e-12       0.000000000000e+00       2.017079373688e-16       1.026325130325e-17       4.256989017820e-18 
 2323       1.457542270269e-11       6.400126042319e-13      -1.352378210930e-12       0.000000000000e+00       2.013505487181e-16       1.029568481895e-17       4.181412646207e-18 
 2324       1.458269235441e-11       6.347891689015e-13      -1.351290215254e-12       0.000000000000e+00       2.009939340525e-16       1.032706291343e-17       4.107046806229e-18 
 2325       1.458981929743e-11       6.295651476356e-13      -1.349953670847e-12       0.000000000000e+00       2.006380911137e-16       1.035714125547e-17       4.033996745128e-18 
 2326       1.459678497037e-11       6.243422729528e-13      -1.348368784594e-12       0.000000000000e+00       2.002830176271e-16       1.038567468039e-17       3.962368063626e-18 
 2327       1.460357074893e-11       6.191222832920e-13      -1.346535765735e-12       0.000000000000e+00       1.999287113016e-16       1.041241718915e-17       3.892266716301e-18 
 2328       1.461015794588e-11       6.139069230184e-13      -1.344454825862e-12       0.000000000000e+00       1.995751698295e-16       1.043712194745e-17       3.823799011965e-18 
 2329       1.461652781094e-11       6.086979424303e-13      -1.342126178929e-12       0.000000000000e+00       1.992223908865e-16       1.045954128484e-17       3.757071614043e-18 
 2330       1.462266153074e-11       6.034970977651e-13      -1.339550041249e-12       0.000000000000e+00       1.988703721318e-16       1.047942669380e-17       3.692191540942e-18 
 2331       1.462854196090e-11       5.983060500329e-13      -1.336727150122e-12       0.000000000000e+00       1.985191113770e-16       1.049659360937e-17       3.629238884424e-18 
 2332       1.463415883429e-11       5.931260608118e-13      -1.333660323263e-12       0.000000000000e+00       1.981686070941e-16       1.051111619422e-17       3.568184776670e-18 
 2333       1.463950358535e-11       5.879582945546e-13      -1.330352909170e-12       0.000000000000e+00       1.978188579109e-16       1.052313377521e-17       3.508972908719e-18 
 2334       1.464456762087e-11       5.828039195920e-13      -1.326808269416e-12       0.000000000000e+00       1.974698624417e-16       1.053278617453e-17       3.451546765470e-18 
 2335       1.464934231997e-11       5.776641081373e-13      -1.323029778654e-12       0.000000000000e+00       1.971216192880e-16       1.054021371026e-17       3.395849625453e-18 
 2336       1.465381903408e-11       5.725400362896e-13      -1.319020824638e-12       0.000000000000e+00       1.967741270376e-16       1.054555719690e-17       3.341824560607e-18 
 2337       1.465798908688e-11       5.674328840387e-13      -1.314784808233e-12       0.000000000000e+00       1.964273842656e-16       1.054895794591e-17       3.289414436054e-18 
 2338       1.466184377431e-11       5.623438352687e-13      -1.310325143433e-12       0.000000000000e+00       1.960813895334e-16       1.055055776623e-17       3.238561909872e-18 
 2339       1.466537436452e-11       5.572740777625e-13      -1.305645257374e-12       0.000000000000e+00       1.957361413893e-16       1.055049896484e-17       3.189209432870e-18 
 2340       1.466857209783e-11       5.522248032054e-13      -1.300748590351e-12       0.000000000000e+00       1.953916383685e-16       1.054892434727e-17       3.141299248363e-18 
 2341       1.467142818672e-11       5.471972071897e-13      -1.295638595826e-12       0.000000000000e+00       1.950478789926e-16       1.054597721819e-17       3.094773391947e-18 
 2342       1.467393381580e-11       5.421924892185e-13      -1.290318740452e-12       0.000000000000e+00       1.947048617700e-16       1.054180138187e-17       3.049573691270e-18 
 2343       1.467608014178e-11       5.372118527100e-13      -1.284792504079e-12       0.000000000000e+00       1.943625851958e-16       1.053654114277e-17       3.005641765811e-18 
 2344       1.467785829343e-11       5.322565050016e-13      -1.279063379773e-12       0.000000000000e+00       1.940210477517e-16       1.053034130608e-17       2.962919026652e-18 
 2345       1.467925937155e-11       5.273276573535e-13      -1.273134873830e-12       0.000000000000e+00       1.936802479061e-16       1.052334717822e-17       2.921346676253e-18 
 2346       1.468027444897e-11       5.224265249537e-13      -1.267010505791e-12       0.000000000000e+00       1.933401841138e-16       1.051570456741e-17       2.880865708225e-18 
 2347       1.468089457048e-11       5.175543269214e-13      -1.260693808454e-12       0.000000000000e+00       1.930008548165e-16       1.050755978418e-17       2.841416907109e-18 
 2348       1.468111075283e-11       5.127122863113e-13      -1.254188327893e-12       0.000000000000e+00       1.926622584422e-16       1.049905964194e-17       2.802940848143e-18 
 2349       1.468091398470e-11       5.079016301178e-13      -1.247497623466e-12       0.000000000000e+00       1.923243934056e-16       1.049035145748e-17       2.765377897044e-18 
 2350       1.468029522666e-11       5.031235892792e-13      -1.240625267838e-12       0.000000000000e+00       1.919872581079e-16       1.048158305154e-17       2.728668209777e-18 
 2351       1.467924541112e-11       4.983793986812e-13      -1.233574846988e-12       0.000000000000e+00       1.916508509368e-16       1.047290274933e-17       2.692751732333e-18 
 2352       1.467775544236e-11       4.936702971620e-13      -1.226349960227e-12       0.000000000000e+00       1.913151702665e-16       1.046445938106e-17       2.657568200501e-18 
 2353       1.467581619644e-11       4.889975275155e-13      -1.218954220213e-12       0.000000000000e+00       1.909802144577e-16       1.045640228249e-17       2.623057139644e-18 
 2354       1.467341852123e-11       4.843623364959e-13      -1.211391252964e-12       0.000000000000e+00       1.906459818576e-16       1.044888129546e-17       2.589157864473e-18 
 2355       1.467055323630e-11       4.797659748215e-13      -1.203664697874e-12       0.000000000000e+00       1.903124707999e-16       1.044204676843e-17       2.555809478820e-18 
 2356       1.466721113298e-11       4.752096971792e-13      -1.195778207727e-12       0.000000000000e+00       1.899796796044e-16       1.043604955703e-17       2.522950875415e-18 
 2357       1.466338297428e-11       4.706947622283e-13      -1.187735448710e-12       0.000000000000e+00       1.896476065778e-16       1.043104102456e-17       2.490520735660e-18 
 2358       1.465905949486e-11       4.662224326047e-13      -1.179540100430e-12       0.000000000000e+00       1.893162500128e-16       1.042717304257e-17       2.458457529402e-18 
 2359       1.465423140102e-11       4.617939749248e-13      -1.171195855929e-12       0.000000000000e+00       1.889856081886e-16       1.042459799136e-17       2.426699514707e-18 
 2360       1.464888937066e-11       4.574106597900e-13      -1.162706421693e-12       0.000000000000e+00       1.886556793709e-16       1.042346876054e-17       2.395184737636e-18 
 2361       1.464302405327e-11       4.530737617906e-13      -1.154075517675e-12       0.000000000000e+00       1.883264618116e-16       1.042393874958e-17       2.363851032021e-18 
 2362       1.463662606985e-11       4.487845595099e-13      -1.145306877302e-12       0.000000000000e+00       1.879979537489e-16       1.042616186828e-17       2.332636019234e-18 
 2363       1.462968601296e-11       4.445443355281e-13      -1.136404247495e-12       0.000000000000e+00       1.876701534073e-16       1.043029253741e-17       2.301477107969e-18 
 2364       1.462219444662e-11       4.403543764268e-13      -1.127371388681e-12       0.000000000000e+00       1.873430589977e-16       1.043648568916e-17       2.270311494009e-18 
 2365       1.461414190630e-11       4.362159727930e-13      -1.118212074806e-12       0.000000000000e+00       1.870166687172e-16       1.044489676770e-17       2.239076160005e-18 
 2366       1.460551889893e-11       4.321304192230e-13      -1.108930093354e-12       0.000000000000e+00       1.866909807491e-16       1.045568172975e-17       2.207707875250e-18 
 2367       1.459631590282e-11       4.280990143265e-13      -1.099529245357e-12       0.000000000000e+00       1.863659932631e-16       1.046899704507e-17       2.176143195452e-18 
 2368       1.458652336765e-11       4.241230607311e-13      -1.090013345413e-12       0.000000000000e+00       1.860417044149e-16       1.048499969703e-17       2.144318462508e-18 
 2369       1.457613171445e-11       4.202038650860e-13      -1.080386221698e-12       0.000000000000e+00       1.857181123465e-16       1.050384718315e-17       2.112169804283e-18 
 2370       1.456513133555e-11       4.163427380662e-13      -1.070651715983e-12       0.000000000000e+00       1.853952151862e-16       1.052569751558e-17       2.079633134376e-18 
 2371       1.455351459912e-11       4.125408121223e-13      -1.060813714612e-12       0.000000000000e+00       1.850730110935e-16       1.055067058223e-17       2.046656416512e-18 
 2372       1.454128187619e-11       4.087984934911e-13      -1.050876241627e-12       0.000000000000e+00       1.847514983962e-16       1.057873196800e-17       2.013236540895e-18 
 2373       1.452843555077e-11       4.051160068092e-13      -1.040843366246e-12       0.000000000000e+00       1.844306754543e-16       1.060980841718e-17       1.979382675116e-18 
 2374       1.451497801871e-11       4.014935770602e-13      -1.030719171969e-12       0.000000000000e+00       1.841105406146e-16       1.064382640745e-17       1.945104020266e-18 
 2375       1.450091168772e-11       3.979314295753e-13      -1.020507756590e-12       0.000000000000e+00       1.837910922113e-16       1.068071214966e-17       1.910409810962e-18 
 2376       1.448623897736e-11       3.944297900330e-13      -1.010213232214e-12       0.000000000000e+00       1.834723285653e-16       1.072039158748e-17       1.875309315395e-18 
 2377       1.447096231909e-11       3.909888844598e-13      -9.998397252706e-13       0.000000000000e+00       1.831542479846e-16       1.076279039717e-17       1.839811835354e-18 
 2378       1.445508415623e-11       3.876089392301e-13      -9.893913765299e-13       0.000000000000e+00       1.828368487641e-16       1.080783398723e-17       1.803926706274e-18 
 2379       1.443860694405e-11       3.842901810667e-13      -9.788723411186e-13       0.000000000000e+00       1.825201291858e-16       1.085544749817e-17       1.767663297261e-18 
 2380       1.442153314969e-11       3.810328370407e-13      -9.682867885341e-13       0.000000000000e+00       1.822040875184e-16       1.090555580219e-17       1.731031011136e-18 
 2381       1.440386525228e-11       3.778371345718e-13      -9.576389026602e-13       0.000000000000e+00       1.818887220177e-16       1.095808350291e-17       1.694039284469e-18 
 2382       1.438560574286e-11       3.747033014288e-13      -9.469328817821e-13       0.000000000000e+00       1.815740309262e-16       1.101295493505e-17       1.656697587613e-18 
 2383       1.436675712443e-11       3.716315657293e-13      -9.361729386020e-13       0.000000000000e+00       1.812600124735e-16       1.107009416418e-17       1.619015424744e-18 
 2384       1.434732191200e-11       3.686221559406e-13      -9.253633002537e-13       0.000000000000e+00       1.809466648760e-16       1.112942498643e-17       1.581002333892e-18 
 2385       1.432730263252e-11       3.656753008791e-13      -9.145082083186e-13       0.000000000000e+00       1.806339863367e-16       1.119087092817e-17       1.542667886982e-18 
 2386       1.430670182500e-11       3.627912297113e-13      -9.036119188402e-13       0.000000000000e+00       1.803219750457e-16       1.125435524574e-17       1.504021689868e-18 
 2387       1.428552204041e-11       3.599701719535e-13      -8.926787023398e-13       0.000000000000e+00       1.800106291799e-16       1.131980092518e-17       1.465073382369e-18 
 2388       1.426376584180e-11       3.572123574721e-13      -8.817128438315e-13       0.000000000000e+00       1.796999469028e-16       1.138713068193e-17       1.425832638307e-18 
 2389       1.424143580423e-11       3.545180164840e-13      -8.707186428376e-13       0.000000000000e+00       1.793899263649e-16       1.145626696053e-17       1.386309165538e-18 
 2390       1.421853451484e-11       3.518873795568e-13      -8.597004134035e-13       0.000000000000e+00       1.790805657033e-16       1.152713193433e-17       1.346512705996e-18 
 2391       1.419506457283e-11       3.493206776087e-13      -8.486624841132e-13       0.000000000000e+00       1.787718630419e-16       1.159964750523e-17       1.306453035723e-18 
 2392       1.417102858948e-11       3.468181419090e-13      -8.376091981045e-13       0.000000000000e+00       1.784638164913e-16       1.167373530339e-17       1.266139964906e-18 
 2393       1.414642918819e-11       3.443800040786e-13      -8.265449130841e-13       0.000000000000e+00       1.781564241488e-16       1.174931668691e-17       1.225583337916e-18 
 2394       1.412126900446e-11       3.420064960893e-13      -8.154740013430e-13       0.000000000000e+00       1.778496840984e-16       1.182631274155e-17       1.184793033341e-18 
 2395       1.409555068591e-11       3.396978502650e-13      -8.044008497713e-13       0.000000000000e+00       1.775435944109e-16       1.190464428049e-17       1.143778964024e-18 
 2396       1.406927689232e-11       3.374542992814e-13      -7.933298598741e-13       0.000000000000e+00       1.772381531435e-16       1.198423184397e-17       1.102551077099e-18 
 2397       1.404245029562e-11       3.352760761663e-13      -7.822654477862e-13       0.000000000000e+00       1.769333583403e-16       1.206499569907e-17       1.061119354027e-18 
 2398       1.401507357989e-11       3.331634143000e-13      -7.712120442874e-13       0.000000000000e+00       1.766292080319e-16       1.214685583937e-17       1.019493810630e-18 
 2399       1.398714944141e-11       3.311165474149e-13      -7.601740948177e-13       0.000000000000e+00       1.763257002354e-16       1.222973198469e-17       9.776844971313e-19 
 2400       1.395868058865e-11       3.291357095968e-13      -7.491560594930e-13       0.000000000000e+00       1.760228329546e-16       1.231354358080e-17       9.357014981874e-19 
 2401       1.392966974230e-11       3.272211352840e-13      -7.381624131196e-13       0.000000000000e+00       1.757206041800e-16       1.239820979913e-17       8.935549329275e-19 
 2402       1.390011963526e-11       3.253730592683e-13      -7.271976452097e-13       0.000000000000e+00       1.754190118885e-16       1.248364953647e-17       8.512549549876e-19 
 2403       1.387003301267e-11       3.235917166947e-13      -7.162662599970e-13       0.000000000000e+00       1.751180540435e-16       1.256978141470e-17       8.088117525475e-19 
 2404       1.383941263192e-11       3.218773430620e-13      -7.053727764513e-13       0.000000000000e+00       1.748177285950e-16       1.265652378050e-17       7.662355483664e-19 
 2405       1.380826126268e-11       3.202301742228e-13      -6.945217282941e-13       0.000000000000e+00       1.745180334795e-16       1.274379470506e-17       7.235365998197e-19 
 2406       1.377658168687e-11       3.186504463838e-13      -6.837176640139e-13       0.000000000000e+00       1.742189666200e-16       1.283151198378e-17       6.807251989346e-19 
 2407       1.374437669874e-11       3.171383961059e-13      -6.729651468809e-13       0.000000000000e+00       1.739205259260e-16       1.291959313599e-17       6.378116724265e-19 
 2408       1.371164910481e-11       3.156942603045e-13      -6.622687549630e-13       0.000000000000e+00       1.736227092933e-16       1.300795540469e-17       5.948063817348e-19 
 2409       1.367840172393e-11       3.143182762500e-13      -6.516330811404e-13       0.000000000000e+00       1.733255146043e-16       1.309651575620e-17       5.517197230598e-19 
 2410       1.364463738731e-11       3.130106815673e-13      -6.410627331208e-13       0.000000000000e+00       1.730289397277e-16       1.318519087996e-17       5.085621273978e-19 
 2411       1.361036006266e-11       3.117715647623e-13      -6.305619590266e-13       0.000000000000e+00       1.727329826690e-16       1.327392589649e-17       4.653424261858e-19 
 2412       1.357557823429e-11       3.106004158064e-13      -6.201335216381e-13       0.000000000000e+00       1.724376420221e-16       1.336278067269e-17       4.220629373133e-19 
 2413       1.354030154357e-11       3.094965728228e-13      -6.097798173437e-13       0.000000000000e+00       1.721429165200e-16       1.345184403019e-17       3.787243493402e-19 
 2414       1.350453966669e-11       3.084593713103e-13      -5.995032499554e-13       0.000000000000e+00       1.718488048854e-16       1.354120508494e-17       3.353273531817e-19 
 2415       1.346830231470e-11       3.074881441406e-13      -5.893062307157e-13       0.000000000000e+00       1.715553058301e-16       1.363095324747e-17       2.918726421103e-19 
 2416       1.343159923348e-11       3.065822215552e-13      -5.791911783057e-13       0.000000000000e+00       1.712624180553e-16       1.372117822320e-17       2.483609117586e-19 
 2417       1.339444020386e-11       3.057409311626e-13      -5.691605188523e-13       0.000000000000e+00       1.709701402515e-16       1.381197001280e-17       2.047928601216e-19 
 2418       1.335683504161e-11       3.049635979355e-13      -5.592166859359e-13       0.000000000000e+00       1.706784710986e-16       1.390341891243e-17       1.611691875592e-19 
 2419       1.331879359748e-11       3.042495442080e-13      -5.493621205976e-13       0.000000000000e+00       1.703874092655e-16       1.399561551407e-17       1.174905967983e-19 
 2420       1.328032575726e-11       3.035980896725e-13      -5.395992713467e-13       0.000000000000e+00       1.700969534107e-16       1.408865070584e-17       7.375779293573e-20 
 2421       1.324144144178e-11       3.030085513770e-13      -5.299305941688e-13       0.000000000000e+00       1.698071021818e-16       1.418261567228e-17       2.997148344010e-20 
 2422       1.320215060698e-11       3.024802437222e-13      -5.203585525323e-13       0.000000000000e+00       1.695178542155e-16       1.427760189467e-17      -1.386762184538e-20 
 2423       1.316246324395e-11       3.020124784585e-13      -5.108856173969e-13       0.000000000000e+00       1.692292081380e-16       1.437370115132e-17      -5.775881070066e-20 
 2424       1.312238937892e-11       3.016045646834e-13      -5.015142672204e-13       0.000000000000e+00       1.689411625646e-16       1.447100551789e-17      -1.017013685264e-19 
 2425       1.308193907336e-11       3.012558088385e-13      -4.922469879664e-13       0.000000000000e+00       1.686537160995e-16       1.456960736771e-17      -1.456945783415e-19 
 2426       1.304112242396e-11       3.009655147065e-13      -4.830862731119e-13       0.000000000000e+00       1.683668673367e-16       1.466959937202e-17      -1.897377207809e-19 
 2427       1.299994956271e-11       3.007329834085e-13      -4.740346236547e-13       0.000000000000e+00       1.680806148588e-16       1.477107450036e-17      -2.338300740929e-19 
 2428       1.295843065691e-11       3.005575134011e-13      -4.650945481209e-13       0.000000000000e+00       1.677949572378e-16       1.487412602082e-17      -2.779709141369e-19 
 2429       1.291657590924e-11       3.004384004735e-13      -4.562685625723e-13       0.000000000000e+00       1.675098930349e-16       1.497884750035e-17      -3.221595143809e-19 
 2430       1.287439555773e-11       3.003749377447e-13      -4.475591906142e-13       0.000000000000e+00       1.672254208002e-16       1.508533280508e-17      -3.663951458993e-19 
 2431       1.283189987589e-11       3.003664156604e-13      -4.389689634025e-13       0.000000000000e+00       1.669415390733e-16       1.519367610063e-17      -4.106770773700e-19 
 2432       1.278909917266e-11       3.004121219906e-13      -4.305004196516e-13       0.000000000000e+00       1.666582463825e-16       1.530397185238e-17      -4.550045750726e-19 
 2433       1.274600379251e-11       3.005113418261e-13      -4.221561056415e-13       0.000000000000e+00       1.663755412453e-16       1.541631482581e-17      -4.993769028858e-19 
 2434       1.270262411544e-11       3.006633575762e-13      -4.139385752254e-13       0.000000000000e+00       1.660934221684e-16       1.553080008680e-17      -5.437933222845e-19 
 2435       1.265897055702e-11       3.008674489656e-13      -4.058503898376e-13       0.000000000000e+00       1.658118876475e-16       1.564752300192e-17      -5.882530923380e-19 
 2436       1.261505356845e-11       3.011228930314e-13      -3.978941185004e-13       0.000000000000e+00       1.655309361674e-16       1.576657923874e-17      -6.327554697075e-19 
 2437       1.257088363659e-11       3.014289641206e-13      -3.900723378319e-13       0.000000000000e+00       1.652505662017e-16       1.588806476614e-17      -6.772997086433e-19 
 2438       1.252647128397e-11       3.017849338867e-13      -3.823876320534e-13       0.000000000000e+00       1.649707762132e-16       1.601207585461e-17      -7.218850609828e-19 
 2439       1.248182706885e-11       3.021900712873e-13      -3.748425929972e-13       0.000000000000e+00       1.646915646537e-16       1.613870907656e-17      -7.665107761478e-19 
 2440       1.243696158527e-11       3.026436425811e-13      -3.674398201137e-13       0.000000000000e+00       1.644129299641e-16       1.626806130662e-17      -8.111761011423e-19 
 2441       1.239188546305e-11       3.031449113249e-13      -3.601819204788e-13       0.000000000000e+00       1.641348705739e-16       1.640022972196e-17      -8.558802805501e-19 
 2442       1.234660936786e-11       3.036931383710e-13      -3.530715088021e-13       0.000000000000e+00       1.638573849021e-16       1.653531180255e-17      -9.006225565320e-19 
 2443       1.230114400125e-11       3.042875818639e-13      -3.461112074335e-13       0.000000000000e+00       1.635804713561e-16       1.667340533152e-17      -9.454021688240e-19 
 2444       1.225550010066e-11       3.049274972378e-13      -3.393036463714e-13       0.000000000000e+00       1.633041283326e-16       1.681460839543e-17      -9.902183547343e-19 
 2445       1.220968843949e-11       3.056121372138e-13      -3.326514632698e-13       0.000000000000e+00       1.630283542172e-16       1.695901938460e-17      -1.035070349141e-18 
 2446       1.216371982714e-11       3.063407517966e-13      -3.261573034460e-13       0.000000000000e+00       1.627531473842e-16       1.710673699340e-17      -1.079957384491e-18 
 2447       1.211760510901e-11       3.071125882720e-13      -3.198238198879e-13       0.000000000000e+00       1.624785061970e-16       1.725786022052e-17      -1.124878690795e-18 
 2448       1.207135516657e-11       3.079268912039e-13      -3.136536732616e-13       0.000000000000e+00       1.622044290077e-16       1.741248836936e-17      -1.169833495627e-18 
 2449       1.202498091739e-11       3.087829024315e-13      -3.076495319190e-13       0.000000000000e+00       1.619309141575e-16       1.757072104824e-17      -1.214821024121e-18 
 2450       1.197849331516e-11       3.096798610664e-13      -3.018140719052e-13       0.000000000000e+00       1.616579599762e-16       1.773265817080e-17      -1.259840498970e-18 
 2451       1.193190314723e-11       3.106169613835e-13      -2.961494779994e-13       0.000000000000e+00       1.613855649158e-16       1.789835077089e-17      -1.304885203689e-18 
 2452       1.188522042577e-11       3.115932262257e-13      -2.906559435658e-13       0.000000000000e+00       1.611137279510e-16       1.806765312597e-17      -1.349924633661e-18 
 2453       1.183845499301e-11       3.126076328373e-13      -2.853331617559e-13       0.000000000000e+00       1.608424481807e-16       1.824036975094e-17      -1.394922238457e-18 
 2454       1.179161672351e-11       3.136591548976e-13      -2.801808236588e-13       0.000000000000e+00       1.605717246955e-16       1.841630450261e-17      -1.439841348767e-18 
 2455       1.174471552417e-11       3.147467625177e-13      -2.751986182986e-13       0.000000000000e+00       1.603015565771e-16       1.859526057894e-17      -1.484645176279e-18 
 2456       1.169776133426e-11       3.158694222359e-13      -2.703862326321e-13       0.000000000000e+00       1.600319428987e-16       1.877704051846e-17      -1.529296813556e-18 
 2457       1.165076412546e-11       3.170260970149e-13      -2.657433515462e-13       0.000000000000e+00       1.597628827251e-16       1.896144619952e-17      -1.573759233918e-18 
 2458       1.160373390189e-11       3.182157462377e-13      -2.612696578554e-13       0.000000000000e+00       1.594943751121e-16       1.914827883963e-17      -1.617995291318e-18 
 2459       1.155668070015e-11       3.194373257036e-13      -2.569648322996e-13       0.000000000000e+00       1.592264191072e-16       1.933733899481e-17      -1.661967720224e-18 
 2460       1.150961458934e-11       3.206897876251e-13      -2.528285535411e-13       0.000000000000e+00       1.589590137489e-16       1.952842655890e-17      -1.705639135496e-18 
 2461       1.146254567110e-11       3.219720806236e-13      -2.488604981627e-13       0.000000000000e+00       1.586921580673e-16       1.972134076283e-17      -1.748972032265e-18 
 2462       1.141548407964e-11       3.232831497263e-13      -2.450603406651e-13       0.000000000000e+00       1.584258510837e-16       1.991588017405e-17      -1.791928785814e-18 
 2463       1.136843998180e-11       3.246219363618e-13      -2.414277534640e-13       0.000000000000e+00       1.581600918107e-16       2.011184269574e-17      -1.834471651455e-18 
 2464       1.132142357701e-11       3.259873783570e-13      -2.379624068882e-13       0.000000000000e+00       1.578948792523e-16       2.030902556621e-17      -1.876562764410e-18 
 2465       1.127444509743e-11       3.273784099329e-13      -2.346639691769e-13       0.000000000000e+00       1.576302124038e-16       2.050722535819e-17      -1.918164139686e-18 
 2466       1.122751480788e-11       3.287939617015e-13      -2.315321064771e-13       0.000000000000e+00       1.573660902515e-16       2.070623797817e-17      -1.959237671960e-18 
 2467       1.118064300594e-11       3.302329606614e-13      -2.285664828413e-13       0.000000000000e+00       1.571025117733e-16       2.090585866569e-17      -1.999745135453e-18 
 2468       1.113384002195e-11       3.316943301945e-13      -2.257667602250e-13       0.000000000000e+00       1.568394759382e-16       2.110588199269e-17      -2.039648183813e-18 
 2469       1.108711621905e-11       3.331769900622e-13      -2.231325984843e-13       0.000000000000e+00       1.565769817065e-16       2.130610186286e-17      -2.078908349989e-18 
 2470       1.104048199323e-11       3.346798564018e-13      -2.206636553732e-13       0.000000000000e+00       1.563150280296e-16       2.150631151088e-17      -2.117487046115e-18 
 2471       1.099394777334e-11       3.362018417225e-13      -2.183595865413e-13       0.000000000000e+00       1.560536138503e-16       2.170630350183e-17      -2.155345563389e-18 
 2472       1.094752402114e-11       3.377418549021e-13      -2.162200455315e-13       0.000000000000e+00       1.557927381026e-16       2.190586973045e-17      -2.192445071946e-18 
 2473       1.090122123131e-11       3.392988011829e-13      -2.142446837771e-13       0.000000000000e+00       1.555323997115e-16       2.210480142052e-17      -2.228746620744e-18 
 2474       1.085504993152e-11       3.408715821682e-13      -2.124331505997e-13       0.000000000000e+00       1.552725975933e-16       2.230288912411e-17      -2.264211137441e-18 
 2475       1.080902068241e-11       3.424590958185e-13      -2.107850932067e-13       0.000000000000e+00       1.550133306556e-16       2.249992272099e-17      -2.298799428270e-18 
 2476       1.076314407768e-11       3.440602364480e-13      -2.093001566885e-13       0.000000000000e+00       1.547545977970e-16       2.269569141786e-17      -2.332472177925e-18 
 2477       1.071743074409e-11       3.456738947207e-13      -2.079779840166e-13       0.000000000000e+00       1.544963979074e-16       2.288998374776e-17      -2.365189949434e-18 
 2478       1.067189134149e-11       3.472989576465e-13      -2.068182160404e-13       0.000000000000e+00       1.542387298676e-16       2.308258756932e-17      -2.396913184042e-18 
 2479       1.062653656288e-11       3.489343085780e-13      -2.058204914856e-13       0.000000000000e+00       1.539815925499e-16       2.327329006613e-17      -2.427602201087e-18 
 2480       1.058137713441e-11       3.505788272064e-13      -2.049844469508e-13       0.000000000000e+00       1.537249848173e-16       2.346187774604e-17      -2.457217197882e-18 
 2481       1.053642381543e-11       3.522313895578e-13      -2.043097169059e-13       0.000000000000e+00       1.534689055242e-16       2.364813644051e-17      -2.485718249593e-18 
 2482       1.049168739854e-11       3.538908679898e-13      -2.037959336889e-13       0.000000000000e+00       1.532133535161e-16       2.383185130390e-17      -2.513065309115e-18 
 2483       1.044717870957e-11       3.555561311873e-13      -2.034427275041e-13       0.000000000000e+00       1.529583276295e-16       2.401280681278e-17      -2.539218206956e-18 
 2484       1.040290860769e-11       3.572260441593e-13      -2.032497264190e-13       0.000000000000e+00       1.527038266919e-16       2.419078676532e-17      -2.564136651113e-18 
 2485       1.035888798535e-11       3.588994682350e-13      -2.032165563624e-13       0.000000000000e+00       1.524498495219e-16       2.436557428055e-17      -2.587780226953e-18 
 2486       1.031512776841e-11       3.605752610598e-13      -2.033428411213e-13       0.000000000000e+00       1.521963949294e-16       2.453695179770e-17      -2.610108397090e-18 
 2487       1.027163891609e-11       3.622522765921e-13      -2.036282023391e-13       0.000000000000e+00       1.519434617151e-16       2.470470107554e-17      -2.631080501263e-18 
 2488       1.022843242107e-11       3.639293650991e-13      -2.040722595128e-13       0.000000000000e+00       1.516910486706e-16       2.486860319167e-17      -2.650655756220e-18 
 2489       1.018551930947e-11       3.656053731537e-13      -2.046746299904e-13       0.000000000000e+00       1.514391545789e-16       2.502843854189e-17      -2.668793255592e-18 
 2490       1.014291064090e-11       3.672791436299e-13      -2.054349289687e-13       0.000000000000e+00       1.511877782138e-16       2.518398683946e-17      -2.685451969776e-18 
 2491       1.010061637178e-11       3.689495836034e-13      -2.063524469350e-13       0.000000000000e+00       1.509369183347e-16       2.533507953052e-17      -2.700605438438e-18 
 2492       1.005864193782e-11       3.706158684930e-13      -2.074251799265e-13       0.000000000000e+00       1.506865736709e-16       2.548175737809e-17      -2.714285942650e-18 
 2493       1.001699165147e-11       3.722772391113e-13      -2.086507935655e-13       0.000000000000e+00       1.504367429370e-16       2.562411380301e-17      -2.726540592168e-18 
 2494       9.975669836902e-12       3.739329338681e-13      -2.100269450892e-13       0.000000000000e+00       1.501874248388e-16       2.576224255234e-17      -2.737416656540e-18 
 2495       9.934680829973e-12       3.755821887677e-13      -2.115512833405e-13       0.000000000000e+00       1.499386180727e-16       2.589623769972e-17      -2.746961565275e-18 
 2496       9.894028978259e-12       3.772242374070e-13      -2.132214487598e-13       0.000000000000e+00       1.496903213259e-16       2.602619364567e-17      -2.755222908004e-18 
 2497       9.853718641058e-12       3.788583109724e-13      -2.150350733758e-13       0.000000000000e+00       1.494425332767e-16       2.615220511795e-17      -2.762248434640e-18 
 2498       9.813754189406e-12       3.804836382381e-13      -2.169897807972e-13       0.000000000000e+00       1.491952525941e-16       2.627436717190e-17      -2.768086055547e-18 
 2499       9.774140006081e-12       3.820994455632e-13      -2.190831862036e-13       0.000000000000e+00       1.489484779377e-16       2.639277519076e-17      -2.772783841698e-18 
 2500       9.734880485622e-12       3.837049568896e-13      -2.213128963372e-13       0.000000000000e+00       1.487022079581e-16       2.650752488601e-17      -2.776390024841e-18 
 2501       9.695980034333e-12       3.852993937394e-13      -2.236765094940e-13       0.000000000000e+00       1.484564412967e-16       2.661871229771e-17      -2.778952997661e-18 
 2502       9.657443070298e-12       3.868819752127e-13      -2.261716155148e-13       0.000000000000e+00       1.482111765857e-16       2.672643379486e-17      -2.780521313942e-18 
 2503       9.619274023393e-12       3.884519179851e-13      -2.287957957768e-13       0.000000000000e+00       1.479664124478e-16       2.683078607568e-17      -2.781143688732e-18 
 2504       9.581477335291e-12       3.900084363053e-13      -2.315466231848e-13       0.000000000000e+00       1.477221474967e-16       2.693186616799e-17      -2.780868998507e-18 
 2505       9.544057459479e-12       3.915507419927e-13      -2.344216621625e-13       0.000000000000e+00       1.474783803369e-16       2.702977142953e-17      -2.779746281328e-18 
 2506       9.507018861267e-12       3.930780444350e-13      -2.374184686438e-13       0.000000000000e+00       1.472351095633e-16       2.712459954831e-17      -2.777824737013e-18 
 2507       9.470366017797e-12       3.945895505860e-13      -2.405345900642e-13       0.000000000000e+00       1.469923337619e-16       2.721644854293e-17      -2.775153727294e-18 
 2508       9.434103418058e-12       3.960844649627e-13      -2.437675653518e-13       0.000000000000e+00       1.467500515091e-16       2.730541676291e-17      -2.771782775980e-18 
 2509       9.398235562892e-12       3.975619896435e-13      -2.471149249190e-13       0.000000000000e+00       1.465082613722e-16       2.739160288905e-17      -2.767761569123e-18 
 2510       9.362766965011e-12       3.990213242656e-13      -2.505741906533e-13       0.000000000000e+00       1.462669619090e-16       2.747510593376e-17      -2.763139955181e-18 
 2511       9.327702149000e-12       4.004616660222e-13      -2.541428759091e-13       0.000000000000e+00       1.460261516682e-16       2.755602524136e-17      -2.757967945177e-18 
 2512       9.293045651336e-12       4.018822096607e-13      -2.578184854988e-13       0.000000000000e+00       1.457858291890e-16       2.763446048849e-17      -2.752295712867e-18 
 2513       9.258802020393e-12       4.032821474800e-13      -2.615985156840e-13       0.000000000000e+00       1.455459930013e-16       2.771051168436e-17      -2.746173594900e-18 
 2514       9.224975816458e-12       4.046606693282e-13      -2.654804541668e-13       0.000000000000e+00       1.453066416256e-16       2.778427917114e-17      -2.739652090983e-18 
 2515       9.191571611737e-12       4.060169626000e-13      -2.694617800812e-13       0.000000000000e+00       1.450677735730e-16       2.785586362430e-17      -2.732781864041e-18 
 2516       9.158593990369e-12       4.073502122346e-13      -2.735399639845e-13       0.000000000000e+00       1.448293873454e-16       2.792536605292e-17      -2.725613740386e-18 
 2517       9.126047548436e-12       4.086596007132e-13      -2.777124678483e-13       0.000000000000e+00       1.445914814351e-16       2.799288780002e-17      -2.718198709871e-18 
 2518       9.093936893974e-12       4.099443080564e-13      -2.819767450501e-13       0.000000000000e+00       1.443540543250e-16       2.805853054292e-17      -2.710587926064e-18 
 2519       9.062266646986e-12       4.112035118221e-13      -2.863302403642e-13       0.000000000000e+00       1.441171044888e-16       2.812239629359e-17      -2.702832706401e-18 
 2520       9.031041439447e-12       4.124363871029e-13      -2.907703899536e-13       0.000000000000e+00       1.438806303905e-16       2.818458739893e-17      -2.694984532355e-18 
 2521       9.000265915324e-12       4.136421065239e-13      -2.952946213606e-13       0.000000000000e+00       1.436446304848e-16       2.824520654115e-17      -2.687095049599e-18 
 2522       8.969944730577e-12       4.148198402400e-13      -2.999003534987e-13       0.000000000000e+00       1.434091032171e-16       2.830435673810e-17      -2.679216068164e-18 
 2523       8.940082553178e-12       4.159687559339e-13      -3.045849966435e-13       0.000000000000e+00       1.431740470229e-16       2.836214134361e-17      -2.671399562611e-18 
 2524       8.910684063119e-12       4.170880188132e-13      -3.093459524242e-13       0.000000000000e+00       1.429394603287e-16       2.841866404780e-17      -2.663697672183e-18 
 2525       8.881753952421e-12       4.181767916087e-13      -3.141806138147e-13       0.000000000000e+00       1.427053415513e-16       2.847402887744e-17      -2.656162700978e-18 
 2526       8.853296925147e-12       4.192342345712e-13      -3.190863651253e-13       0.000000000000e+00       1.424716890979e-16       2.852834019628e-17      -2.648847118106e-18 
 2527       8.825317697414e-12       4.202595054697e-13      -3.240605819935e-13       0.000000000000e+00       1.422385013664e-16       2.858170270538e-17      -2.641803557855e-18 
 2528       8.797820997401e-12       4.212517595888e-13      -3.291006313755e-13       0.000000000000e+00       1.420057767450e-16       2.863422144346e-17      -2.635084819853e-18 
 2529       8.770811565364e-12       4.222101497263e-13      -3.342038715376e-13       0.000000000000e+00       1.417735136126e-16       2.868600178722e-17      -2.628743869229e-18 
 2530       8.744294153641e-12       4.231338261908e-13      -3.393676520475e-13       0.000000000000e+00       1.415417103384e-16       2.873714945169e-17      -2.622833836782e-18 
 2531       8.718272276722e-12       4.240220567066e-13      -3.445893139651e-13       0.000000000000e+00       1.413103654242e-16       2.878775342245e-17      -2.617397785654e-18 
 2532       8.692744453503e-12       4.248745868911e-13      -3.498661904347e-13       0.000000000000e+00       1.410794779326e-16       2.883783464378e-17      -2.612437946359e-18 
 2533       8.667707943314e-12       4.256912818581e-13      -3.551956060790e-13       0.000000000000e+00       1.408490470612e-16       2.888739703434e-17      -2.607946304093e-18 
 2534       8.643159993874e-12       4.264720065000e-13      -3.605748767910e-13       0.000000000000e+00       1.406190720008e-16       2.893644452830e-17      -2.603914816027e-18 
 2535       8.619097841281e-12       4.272166254872e-13      -3.660013097253e-13       0.000000000000e+00       1.403895519351e-16       2.898498107538e-17      -2.600335411276e-18 
 2536       8.595518710001e-12       4.279250032683e-13      -3.714722032895e-13       0.000000000000e+00       1.401604860412e-16       2.903301064085e-17      -2.597199990872e-18 
 2537       8.572419812853e-12       4.285970040698e-13      -3.769848471351e-13       0.000000000000e+00       1.399318734891e-16       2.908053720558e-17      -2.594500427737e-18 
 2538       8.549798350998e-12       4.292324918961e-13      -3.825365221495e-13       0.000000000000e+00       1.397037134420e-16       2.912756476600e-17      -2.592228566651e-18 
 2539       8.527651513927e-12       4.298313305291e-13      -3.881245004465e-13       0.000000000000e+00       1.394760050560e-16       2.917409733417e-17      -2.590376224226e-18 
 2540       8.505976479445e-12       4.303933835282e-13      -3.937460453583e-13       0.000000000000e+00       1.392487474805e-16       2.922013893776e-17      -2.588935188876e-18 
 2541       8.484770413665e-12       4.309185142303e-13      -3.993984114263e-13       0.000000000000e+00       1.390219398577e-16       2.926569362008e-17      -2.587897220789e-18 
 2542       8.464030470989e-12       4.314065857493e-13      -4.050788443926e-13       0.000000000000e+00       1.387955813230e-16       2.931076544012e-17      -2.587254051899e-18 
 2543       8.443753794099e-12       4.318574609762e-13      -4.107845811914e-13       0.000000000000e+00       1.385696710049e-16       2.935535847252e-17      -2.586997385858e-18 
 2544       8.423937513946e-12       4.322710025789e-13      -4.165128499402e-13       0.000000000000e+00       1.383442080248e-16       2.939947680760e-17      -2.587118898004e-18 
 2545       8.404578749733e-12       4.326470730021e-13      -4.222608699310e-13       0.000000000000e+00       1.381191914972e-16       2.944312455143e-17      -2.587610235336e-18 
 2546       8.385674608906e-12       4.329855344670e-13      -4.280258516216e-13       0.000000000000e+00       1.378946205294e-16       2.948630582576e-17      -2.588463016486e-18 
 2547       8.367222187140e-12       4.332862489712e-13      -4.338049966274e-13       0.000000000000e+00       1.376704942222e-16       2.952902476809e-17      -2.589668831686e-18 
 2548       8.349218568328e-12       4.335490782886e-13      -4.395954977117e-13       0.000000000000e+00       1.374468116688e-16       2.957128553168e-17      -2.591219242745e-18 
 2549       8.331660824566e-12       4.337738839694e-13      -4.453945387781e-13       0.000000000000e+00       1.372235719559e-16       2.961309228557e-17      -2.593105783014e-18 
 2550       8.314546016145e-12       4.339605273394e-13      -4.511992948611e-13       0.000000000000e+00       1.370007741628e-16       2.965444921456e-17      -2.595319957365e-18 
 2551       8.297871191534e-12       4.341088695007e-13      -4.570069321176e-13       0.000000000000e+00       1.367784173620e-16       2.969536051930e-17      -2.597853242157e-18 
 2552       8.281633387368e-12       4.342187713308e-13      -4.628146078182e-13       0.000000000000e+00       1.365565006189e-16       2.973583041621e-17      -2.600697085207e-18 
 2553       8.265829628439e-12       4.342900934827e-13      -4.686194703384e-13       0.000000000000e+00       1.363350229917e-16       2.977586313757e-17      -2.603842905768e-18 
 2554       8.250456927681e-12       4.343226963849e-13      -4.744186591501e-13       0.000000000000e+00       1.361139835319e-16       2.981546293153e-17      -2.607282094491e-18 
 2555       8.235512286157e-12       4.343164402410e-13      -4.802093048129e-13       0.000000000000e+00       1.358933812836e-16       2.985463406209e-17      -2.611006013406e-18 
 2556       8.220992693048e-12       4.342711850299e-13      -4.859885289651e-13       0.000000000000e+00       1.356732152839e-16       2.989338080913e-17      -2.615005995885e-18 
 2557       8.206895125640e-12       4.341867905052e-13      -4.917534443153e-13       0.000000000000e+00       1.354534845630e-16       2.993170746845e-17      -2.619273346619e-18 
 2558       8.193216549312e-12       4.340631161953e-13      -4.975011546336e-13       0.000000000000e+00       1.352341881438e-16       2.996961835175e-17      -2.623799341588e-18 
 2559       8.179953917522e-12       4.339000214034e-13      -5.032287547427e-13       0.000000000000e+00       1.350153250423e-16       3.000711778670e-17      -2.628575228031e-18 
 2560       8.167104171796e-12       4.336973652069e-13      -5.089333305098e-13       0.000000000000e+00       1.347968942671e-16       3.004421011688e-17      -2.633592224421e-18 
 2561       8.154664241716e-12       4.334550064578e-13      -5.146119588370e-13       0.000000000000e+00       1.345788948200e-16       3.008089970186e-17      -2.638841520431e-18 
 2562       8.142631044906e-12       4.331728037820e-13      -5.202617076536e-13       0.000000000000e+00       1.343613256955e-16       3.011719091719e-17      -2.644314276910e-18 
 2563       8.131001487020e-12       4.328506155797e-13      -5.258796359065e-13       0.000000000000e+00       1.341441858810e-16       3.015308815443e-17      -2.650001625854e-18 
 2564       8.119772461731e-12       4.324883000247e-13      -5.314627935521e-13       0.000000000000e+00       1.339274743568e-16       3.018859582115e-17      -2.655894670375e-18 
 2565       8.108940850716e-12       4.320857150647e-13      -5.370082215473e-13       0.000000000000e+00       1.337111900960e-16       3.022371834094e-17      -2.661984484674e-18 
 2566       8.098503523645e-12       4.316427184209e-13      -5.425129518410e-13       0.000000000000e+00       1.334953320646e-16       3.025846015347e-17      -2.668262114013e-18 
 2567       8.088457338170e-12       4.311591675880e-13      -5.479740073652e-13       0.000000000000e+00       1.332798992213e-16       3.029282571445e-17      -2.674718574686e-18 
 2568       8.078799139910e-12       4.306349198337e-13      -5.533884020264e-13       0.000000000000e+00       1.330648905178e-16       3.032681949568e-17      -2.681344853988e-18 
 2569       8.069525762438e-12       4.300698321991e-13      -5.587531406970e-13       0.000000000000e+00       1.328503048986e-16       3.036044598506e-17      -2.688131910192e-18 
 2570       8.060634027273e-12       4.294637614983e-13      -5.640652192064e-13       0.000000000000e+00       1.326361413009e-16       3.039370968662e-17      -2.695070672515e-18 
 2571       8.052120114823e-12       4.288166613306e-13      -5.693218814522e-13       0.000000000000e+00       1.324223987165e-16       3.042659850590e-17      -2.702146146255e-18 
 2572       8.043977673338e-12       4.281288737238e-13      -5.745213923504e-13       0.000000000000e+00       1.322090763778e-16       3.045903380277e-17      -2.709319691566e-18 
 2573       8.036199699167e-12       4.274008391515e-13      -5.796622692705e-13       0.000000000000e+00       1.319961735727e-16       3.049092005419e-17      -2.716546643695e-18 
 2574       8.028779164790e-12       4.266329996737e-13      -5.847430253110e-13       0.000000000000e+00       1.317836895831e-16       3.052216144268e-17      -2.723782198515e-18 
 2575       8.021709018795e-12       4.258257989378e-13      -5.897621692956e-13       0.000000000000e+00       1.315716236848e-16       3.055266185605e-17      -2.730981412389e-18 
 2576       8.014982185857e-12       4.249796821808e-13      -5.947182057690e-13       0.000000000000e+00       1.313599751475e-16       3.058232488712e-17      -2.738099202037e-18 
 2577       8.008591566714e-12       4.240950962302e-13      -5.996096349932e-13       0.000000000000e+00       1.311487432348e-16       3.061105383339e-17      -2.745090344400e-18 
 2578       8.002530038140e-12       4.231724895062e-13      -6.044349529432e-13       0.000000000000e+00       1.309379272043e-16       3.063875169681e-17      -2.751909476503e-18 
 2579       7.996790452922e-12       4.222123120229e-13      -6.091926513030e-13       0.000000000000e+00       1.307275263073e-16       3.066532118347e-17      -2.758511095320e-18 
 2580       7.991365639840e-12       4.212150153903e-13      -6.138812174616e-13       0.000000000000e+00       1.305175397892e-16       3.069066470332e-17      -2.764849557639e-18 
 2581       7.986248403637e-12       4.201810528154e-13      -6.184991345089e-13       0.000000000000e+00       1.303079668892e-16       3.071468436988e-17      -2.770879079926e-18 
 2582       7.981431525000e-12       4.191108791046e-13      -6.230448812319e-13       0.000000000000e+00       1.300988068404e-16       3.073728199994e-17      -2.776553738191e-18 
 2583       7.976907760535e-12       4.180049506642e-13      -6.275169321104e-13       0.000000000000e+00       1.298900588695e-16       3.075835911332e-17      -2.781827467849e-18 
 2584       7.972669842740e-12       4.168637255032e-13      -6.319137573129e-13       0.000000000000e+00       1.296817221975e-16       3.077781693253e-17      -2.786654063589e-18 
 2585       7.968710479986e-12       4.156876632339e-13      -6.362338226930e-13       0.000000000000e+00       1.294737960389e-16       3.079555638254e-17      -2.790987179233e-18 
 2586       7.965022356490e-12       4.144772250742e-13      -6.404755897849e-13       0.000000000000e+00       1.292662796021e-16       3.081147809044e-17      -2.794780327607e-18 
 2587       7.961598132293e-12       4.132328738489e-13      -6.446375157997e-13       0.000000000000e+00       1.290591720896e-16       3.082548238519e-17      -2.797986880401e-18 
 2588       7.958430443232e-12       4.119550739914e-13      -6.487180536210e-13       0.000000000000e+00       1.288524726974e-16       3.083746929734e-17      -2.800560068032e-18 
 2589       7.955511900922e-12       4.106442915451e-13      -6.527156518014e-13       0.000000000000e+00       1.286461806154e-16       3.084733855872e-17      -2.802452979515e-18 
 2590       7.952835092728e-12       4.093009941655e-13      -6.566287545579e-13       0.000000000000e+00       1.284402950274e-16       3.085498960215e-17      -2.803618562320e-18 
 2591       7.950392581744e-12       4.079256511212e-13      -6.604558017682e-13       0.000000000000e+00       1.282348151109e-16       3.086032156120e-17      -2.804009622244e-18 
 2592       7.948176906766e-12       4.065187332959e-13      -6.641952289667e-13       0.000000000000e+00       1.280297400373e-16       3.086323326986e-17      -2.803578823266e-18 
 2593       7.946180582269e-12       4.050807131900e-13      -6.678454673402e-13       0.000000000000e+00       1.278250689718e-16       3.086362326227e-17      -2.802278687422e-18 
 2594       7.944396098386e-12       4.036120649221e-13      -6.714049437241e-13       0.000000000000e+00       1.276208010732e-16       3.086138977244e-17      -2.800061594662e-18 
 2595       7.942815920881e-12       4.021132642305e-13      -6.748720805983e-13       0.000000000000e+00       1.274169354943e-16       3.085643073396e-17      -2.796879782716e-18 
 2596       7.941432491125e-12       4.005847884751e-13      -6.782452960830e-13       0.000000000000e+00       1.272134713814e-16       3.084864377971e-17      -2.792685346963e-18 
 2597       7.940238226075e-12       3.990271166387e-13      -6.815230039351e-13       0.000000000000e+00       1.270104078749e-16       3.083792624158e-17      -2.787430240287e-18 
 2598       7.939225518247e-12       3.974407293291e-13      -6.847036135436e-13       0.000000000000e+00       1.268077441087e-16       3.082417515020e-17      -2.781066272950e-18 
 2599       7.938386735695e-12       3.958261087799e-13      -6.877855299260e-13       0.000000000000e+00       1.266054792105e-16       3.080728723462e-17      -2.773545112450e-18 
 2600       7.937714221982e-12       3.941837388529e-13      -6.907671537241e-13       0.000000000000e+00       1.264036123017e-16       3.078715892205e-17      -2.764818283392e-18 
 2601       7.937200296165e-12       3.925141050393e-13      -6.936468812001e-13       0.000000000000e+00       1.262021424976e-16       3.076368633758e-17      -2.754837167345e-18 
 2602       7.936837252762e-12       3.908176944614e-13      -6.964231042322e-13       0.000000000000e+00       1.260010689070e-16       3.073676530388e-17      -2.743553002712e-18 
 2603       7.936617361732e-12       3.890949958742e-13      -6.990942103110e-13       0.000000000000e+00       1.258003906326e-16       3.070629134091e-17      -2.730916884593e-18 
 2604       7.936532868454e-12       3.873464996672e-13      -7.016585825352e-13       0.000000000000e+00       1.256001067707e-16       3.067215966565e-17      -2.716879764647e-18 
 2605       7.936575993697e-12       3.855726978655e-13      -7.041145996077e-13       0.000000000000e+00       1.254002164113e-16       3.063426519181e-17      -2.701392450962e-18 
 2606       7.936738933602e-12       3.837740841320e-13      -7.064606358314e-13       0.000000000000e+00       1.252007186381e-16       3.059250252955e-17      -2.684405607912e-18 
 2607       7.937013859653e-12       3.819511537686e-13      -7.086950611056e-13       0.000000000000e+00       1.250016125285e-16       3.054676598518e-17      -2.665869756030e-18 
 2608       7.937392918657e-12       3.801044037181e-13      -7.108162409212e-13       0.000000000000e+00       1.248028971536e-16       3.049694956088e-17      -2.645735271866e-18 
 2609       7.937868232720e-12       3.782343325655e-13      -7.128225363574e-13       0.000000000000e+00       1.246045715782e-16       3.044294695442e-17      -2.623952387852e-18 
 2610       7.938431899219e-12       3.763414405400e-13      -7.147123040774e-13       0.000000000000e+00       1.244066348606e-16       3.038465155889e-17      -2.600471192170e-18 
 2611       7.939076220056e-12       3.744262557617e-13      -7.164842256719e-13       0.000000000000e+00       1.242090860479e-16       3.032200129339e-17      -2.575263179729e-18 
 2612       7.939794390855e-12       3.724894131411e-13      -7.181382977171e-13       0.000000000000e+00       1.240119241599e-16       3.025511337045e-17      -2.548386037443e-18 
 2613       7.940579815581e-12       3.705315759252e-13      -7.196748472613e-13       0.000000000000e+00       1.238151482051e-16       3.018415028391e-17      -2.519919222024e-18 
 2614       7.941425877599e-12       3.685534094949e-13      -7.210942029837e-13       0.000000000000e+00       1.236187571854e-16       3.010927504704e-17      -2.489942442116e-18 
 2615       7.942325939652e-12       3.665555813665e-13      -7.223966951956e-13       0.000000000000e+00       1.234227500964e-16       3.003065119303e-17      -2.458535658531e-18 
 2616       7.943273343841e-12       3.645387611942e-13      -7.235826558426e-13       0.000000000000e+00       1.232271259271e-16       2.994844277550e-17      -2.425779084496e-18 
 2617       7.944261411608e-12       3.625036207717e-13      -7.246524185061e-13       0.000000000000e+00       1.230318836600e-16       2.986281436904e-17      -2.391753185897e-18 
 2618       7.945283443715e-12       3.604508340348e-13      -7.256063184052e-13       0.000000000000e+00       1.228370222711e-16       2.977393106966e-17      -2.356538681523e-18 
 2619       7.946332720224e-12       3.583810770630e-13      -7.264446923984e-13       0.000000000000e+00       1.226425407299e-16       2.968195849533e-17      -2.320216543307e-18 
 2620       7.947402500474e-12       3.562950280820e-13      -7.271678789853e-13       0.000000000000e+00       1.224484379995e-16       2.958706278646e-17      -2.282867996573e-18 
 2621       7.948486023068e-12       3.541933674654e-13      -7.277762183087e-13       0.000000000000e+00       1.222547130365e-16       2.948941060643e-17      -2.244574520277e-18 
 2622       7.949576505846e-12       3.520767777370e-13      -7.282700521558e-13       0.000000000000e+00       1.220613647907e-16       2.938916914207e-17      -2.205417847251e-18 
 2623       7.950667145870e-12       3.499459435727e-13      -7.286497239603e-13       0.000000000000e+00       1.218683922056e-16       2.928650610418e-17      -2.165479964450e-18 
 2624       7.951751119403e-12       3.478015518028e-13      -7.289155788042e-13       0.000000000000e+00       1.216757942182e-16       2.918158972801e-17      -2.124843113191e-18 
 2625       7.952821581887e-12       3.456442914139e-13      -7.290679634196e-13       0.000000000000e+00       1.214835697589e-16       2.907458877379e-17      -2.083589789400e-18 
 2626       7.953871667928e-12       3.434748535509e-13      -7.291072261901e-13       0.000000000000e+00       1.212917177514e-16       2.896567252724e-17      -2.041802743854e-18 
 2627       7.954894491269e-12       3.412939315194e-13      -7.290337171529e-13       0.000000000000e+00       1.211002371131e-16       2.885501080004e-17      -1.999564982425e-18 
 2628       7.955883144777e-12       3.391022207874e-13      -7.288477880005e-13       0.000000000000e+00       1.209091267547e-16       2.874277393034e-17      -1.956959766324e-18 
 2629       7.956830700419e-12       3.369004189875e-13      -7.285497920824e-13       0.000000000000e+00       1.207183855802e-16       2.862913278331e-17      -1.914070612345e-18 
 2630       7.957730209246e-12       3.346892259192e-13      -7.281400844069e-13       0.000000000000e+00       1.205280124872e-16       2.851425875158e-17      -1.870981293108e-18 
 2631       7.958574701367e-12       3.324693435505e-13      -7.276190216428e-13       0.000000000000e+00       1.203380063667e-16       2.839832375578e-17      -1.827775837302e-18 
 2632       7.959357185936e-12       3.302414760205e-13      -7.269869621213e-13       0.000000000000e+00       1.201483661030e-16       2.828150024504e-17      -1.784538529931e-18 
 2633       7.960070651127e-12       3.280063296409e-13      -7.262442658376e-13       0.000000000000e+00       1.199590905739e-16       2.816396119749e-17      -1.741353912556e-18 
 2634       7.960708064118e-12       3.257646128988e-13      -7.253912944527e-13       0.000000000000e+00       1.197701786505e-16       2.804588012075e-17      -1.698306783537e-18 
 2635       7.961262371068e-12       3.235170364580e-13      -7.244284112952e-13       0.000000000000e+00       1.195816291973e-16       2.792743105246e-17      -1.655482198282e-18 
 2636       7.961726497098e-12       3.212643131615e-13      -7.233559813632e-13       0.000000000000e+00       1.193934410723e-16       2.780878856078e-17      -1.612965469484e-18 
 2637       7.962093346274e-12       3.190071580337e-13      -7.221743713257e-13       0.000000000000e+00       1.192056131266e-16       2.769012774487e-17      -1.570842167370e-18 
 2638       7.962355801583e-12       3.167462882821e-13      -7.208839495247e-13       0.000000000000e+00       1.190181442049e-16       2.757162423540e-17      -1.529198119942e-18 
 2639       7.962506724915e-12       3.144824232995e-13      -7.194850859769e-13       0.000000000000e+00       1.188310331452e-16       2.745345419509e-17      -1.488119413221e-18 
 2640       7.962538957044e-12       3.122162846662e-13      -7.179781523753e-13       0.000000000000e+00       1.186442787788e-16       2.733579431916e-17      -1.447692391492e-18 
 2641       7.962445317607e-12       3.099485961521e-13      -7.163635220909e-13       0.000000000000e+00       1.184578799302e-16       2.721882183587e-17      -1.408003657545e-18 
 2642       7.962218605085e-12       3.076800837183e-13      -7.146415701750e-13       0.000000000000e+00       1.182718354176e-16       2.710271450701e-17      -1.369140072922e-18 
 2643       7.961851596782e-12       3.054114755199e-13      -7.128126733603e-13       0.000000000000e+00       1.180861440521e-16       2.698765062842e-17      -1.331188758159e-18 
 2644       7.961337048805e-12       3.031435019075e-13      -7.108772100630e-13       0.000000000000e+00       1.179008046384e-16       2.687380903045e-17      -1.294237093028e-18 
 2645       7.960667696047e-12       3.008768954295e-13      -7.088355603845e-13       0.000000000000e+00       1.177158159743e-16       2.676136907854e-17      -1.258372716784e-18 
 2646       7.959836252165e-12       2.986123908343e-13      -7.066881061132e-13       0.000000000000e+00       1.175311768511e-16       2.665051067362e-17      -1.223683528406e-18 
 2647       7.958835409558e-12       2.963507250719e-13      -7.044352307263e-13       0.000000000000e+00       1.173468860533e-16       2.654141425273e-17      -1.190257686844e-18 
 2648       7.957657839352e-12       2.940926372965e-13      -7.020773193913e-13       0.000000000000e+00       1.171629423587e-16       2.643426078943e-17      -1.158183611257e-18 
 2649       7.956296191376e-12       2.918388688684e-13      -6.996147589681e-13       0.000000000000e+00       1.169793445382e-16       2.632923179435e-17      -1.127549981263e-18 
 2650       7.954743094145e-12       2.895901633559e-13      -6.970479380105e-13       0.000000000000e+00       1.167960913563e-16       2.622650931567e-17      -1.098445737178e-18 
 2651       7.952991958527e-12       2.873472215190e-13      -6.943774502769e-13       0.000000000000e+00       1.166131817178e-16       2.612622954100e-17      -1.070936002043e-18 
 2652       7.951039393641e-12       2.851105659843e-13      -6.916047064857e-13       0.000000000000e+00       1.164306151111e-16       2.602834332190e-17      -1.044989701886e-18 
 2653       7.948882804268e-12       2.828806758268e-13      -6.887313259427e-13       0.000000000000e+00       1.162483911678e-16       2.593275487988e-17      -1.020551546122e-18 
 2654       7.946519588362e-12       2.806580315216e-13      -6.857589333445e-13       0.000000000000e+00       1.160665095153e-16       2.583936813482e-17      -9.975660692954e-19 
 2655       7.943947137051e-12       2.784431149453e-13      -6.826891587836e-13       0.000000000000e+00       1.158849697767e-16       2.574808670465e-17      -9.759776309154e-19 
 2656       7.941162834624e-12       2.762364093774e-13      -6.795236377535e-13       0.000000000000e+00       1.157037715713e-16       2.565881390512e-17      -9.557304152846e-19 
 2657       7.938164058531e-12       2.740383995015e-13      -6.762640111545e-13       0.000000000000e+00       1.155229145142e-16       2.557145274942e-17      -9.367684313341e-19 
 2658       7.934948179372e-12       2.718495714066e-13      -6.729119252981e-13       0.000000000000e+00       1.153423982163e-16       2.548590594799e-17      -9.190355124557e-19 
 2659       7.931512560895e-12       2.696704125884e-13      -6.694690319132e-13       0.000000000000e+00       1.151622222846e-16       2.540207590816e-17      -9.024753163343e-19 
 2660       7.927854559986e-12       2.675014119507e-13      -6.659369881503e-13       0.000000000000e+00       1.149823863216e-16       2.531986473390e-17      -8.870313247812e-19 
 2661       7.923971526665e-12       2.653430598067e-13      -6.623174565878e-13       0.000000000000e+00       1.148028899260e-16       2.523917422550e-17      -8.726468435662e-19 
 2662       7.919860804081e-12       2.631958478801e-13      -6.586121052362e-13       0.000000000000e+00       1.146237326923e-16       2.515990587934e-17      -8.592650022504e-19 
 2663       7.915519728503e-12       2.610602693066e-13      -6.548226075442e-13       0.000000000000e+00       1.144449142107e-16       2.508196088753e-17      -8.468287540193e-19 
 2664       7.910945629316e-12       2.589368186351e-13      -6.509506424033e-13       0.000000000000e+00       1.142664340676e-16       2.500524013766e-17      -8.352808755150e-19 
 2665       7.906135829014e-12       2.568259918293e-13      -6.469978941537e-13       0.000000000000e+00       1.140882918450e-16       2.492964421251e-17      -8.245639666694e-19 
 2666       7.901087643194e-12       2.547282862683e-13      -6.429660525886e-13       0.000000000000e+00       1.139104871206e-16       2.485507338976e-17      -8.146204505363e-19 
 2667       7.895798380551e-12       2.526442007487e-13      -6.388568129604e-13       0.000000000000e+00       1.137330194683e-16       2.478142764170e-17      -8.053925731247e-19 
 2668       7.890265342871e-12       2.505742354855e-13      -6.346718759853e-13       0.000000000000e+00       1.135558884577e-16       2.470860663495e-17      -7.968224032309e-19 
 2669       7.884485825022e-12       2.485188921134e-13      -6.304129478489e-13       0.000000000000e+00       1.133790936541e-16       2.463650973014e-17      -7.888518322718e-19 
 2670       7.878457114954e-12       2.464786736882e-13      -6.260817402110e-13       0.000000000000e+00       1.132026346188e-16       2.456503598167e-17      -7.814225741171e-19 
 2671       7.872176493688e-12       2.444540846881e-13      -6.216799702114e-13       0.000000000000e+00       1.130265109088e-16       2.449408413737e-17      -7.744761649224e-19 
 2672       7.865641235311e-12       2.424456310148e-13      -6.172093604748e-13       0.000000000000e+00       1.128507220770e-16       2.442355263827e-17      -7.679539629614e-19 
 2673       7.858848606971e-12       2.404538199952e-13      -6.126716391159e-13       0.000000000000e+00       1.126752676722e-16       2.435333961827e-17      -7.617971484593e-19 
 2674       7.851795868871e-12       2.384791603824e-13      -6.080685397449e-13       0.000000000000e+00       1.125001472388e-16       2.428334290384e-17      -7.559467234247e-19 
 2675       7.844480274261e-12       2.365221623569e-13      -6.034018014728e-13       0.000000000000e+00       1.123253603170e-16       2.421346001378e-17      -7.503435114828e-19 
 2676       7.836899069432e-12       2.345833375285e-13      -5.986731689164e-13       0.000000000000e+00       1.121509064431e-16       2.414358815889e-17      -7.449281577083e-19 
 2677       7.829049493713e-12       2.326631989367e-13      -5.938843922035e-13       0.000000000000e+00       1.119767851489e-16       2.407362424172e-17      -7.396411284573e-19 
 2678       7.820928779461e-12       2.307622610528e-13      -5.890372269784e-13       0.000000000000e+00       1.118029959621e-16       2.400346485623e-17      -7.344227112007e-19 
 2679       7.812534152057e-12       2.288810397807e-13      -5.841334344069e-13       0.000000000000e+00       1.116295384061e-16       2.393300628755e-17      -7.292130143568e-19 
 2680       7.803862829901e-12       2.270200524587e-13      -5.791747811816e-13       0.000000000000e+00       1.114564120002e-16       2.386214451166e-17      -7.239519671237e-19 
 2681       7.794912024401e-12       2.251798178602e-13      -5.741630395274e-13       0.000000000000e+00       1.112836162595e-16       2.379077519513e-17      -7.185793193122e-19 
 2682       7.785678939974e-12       2.233608561953e-13      -5.690999872062e-13       0.000000000000e+00       1.111111506946e-16       2.371879369480e-17      -7.130346411784e-19 
 2683       7.776160774034e-12       2.215636891124e-13      -5.639874075225e-13       0.000000000000e+00       1.109390148122e-16       2.364609505751e-17      -7.072573232567e-19 
 2684       7.766354716988e-12       2.197888396988e-13      -5.588270893288e-13       0.000000000000e+00       1.107672081145e-16       2.357257401982e-17      -7.011865761921e-19 
 2685       7.756257952231e-12       2.180368324828e-13      -5.536208270302e-13       0.000000000000e+00       1.105957300997e-16       2.349812500771e-17      -6.947614305729e-19 
 2686       7.745867656136e-12       2.163081934343e-13      -5.483704205904e-13       0.000000000000e+00       1.104245802615e-16       2.342264213629e-17      -6.879207367638e-19 
 2687       7.735180998055e-12       2.146034499666e-13      -5.430776755363e-13       0.000000000000e+00       1.102537580894e-16       2.334601920950e-17      -6.806031647383e-19 
 2688       7.724195140304e-12       2.129231309374e-13      -5.377444029637e-13       0.000000000000e+00       1.100832630689e-16       2.326814971985e-17      -6.727472039113e-19 
 2689       7.712907238165e-12       2.112677666505e-13      -5.323724195423e-13       0.000000000000e+00       1.099130946808e-16       2.318892684813e-17      -6.642911629722e-19 
 2690       7.701314439875e-12       2.096378888563e-13      -5.269635475207e-13       0.000000000000e+00       1.097432524020e-16       2.310824346309e-17      -6.551731697171e-19 
 2691       7.689414716619e-12       2.080339532064e-13      -5.215196078524e-13       0.000000000000e+00       1.095737356627e-16       2.302601628460e-17      -6.453442549590e-19 
 2692       7.677209357455e-12       2.064561061492e-13      -5.160423995195e-13       0.000000000000e+00       1.094045437200e-16       2.294225851730e-17      -6.348076823857e-19 
 2693       7.664700487956e-12       2.049044167681e-13      -5.105337201063e-13       0.000000000000e+00       1.092356757839e-16       2.285700761162e-17      -6.235798324003e-19 
 2694       7.651890241452e-12       2.033789542135e-13      -5.049953726747e-13       0.000000000000e+00       1.090671310592e-16       2.277030113641e-17      -6.116771375303e-19 
 2695       7.638780759033e-12       2.018797877035e-13      -4.994291657688e-13       0.000000000000e+00       1.088989087457e-16       2.268217677901e-17      -5.991160824779e-19 
 2696       7.625374189563e-12       2.004069865231e-13      -4.938369134199e-13       0.000000000000e+00       1.087310080383e-16       2.259267234538e-17      -5.859132041689e-19 
 2697       7.611672689685e-12       1.989606200249e-13      -4.882204351524e-13       0.000000000000e+00       1.085634281266e-16       2.250182576023e-17      -5.720850918024e-19 
 2698       7.597678423826e-12       1.975407576290e-13      -4.825815559881e-13       0.000000000000e+00       1.083961681953e-16       2.240967506710e-17      -5.576483869002e-19 
 2699       7.583393564210e-12       1.961474688225e-13      -4.769221064515e-13       0.000000000000e+00       1.082292274239e-16       2.231625842848e-17      -5.426197833561e-19 
 2700       7.568820290860e-12       1.947808231604e-13      -4.712439225755e-13       0.000000000000e+00       1.080626049870e-16       2.222161412593e-17      -5.270160274854e-19 
 2701       7.553960791611e-12       1.934408902647e-13      -4.655488459057e-13       0.000000000000e+00       1.078963000539e-16       2.212578056021e-17      -5.108539180746e-19 
 2702       7.538817262113e-12       1.921277398250e-13      -4.598387235061e-13       0.000000000000e+00       1.077303117889e-16       2.202879625135e-17      -4.941503064303e-19 
 2703       7.523391905841e-12       1.908414415985e-13      -4.541154079638e-13       0.000000000000e+00       1.075646393514e-16       2.193069983879e-17      -4.769220964292e-19 
 2704       7.507686934102e-12       1.895820654097e-13      -4.483807573947e-13       0.000000000000e+00       1.073992818953e-16       2.183153008149e-17      -4.591862445671e-19 
 2705       7.491704566045e-12       1.883496811507e-13      -4.426366354479e-13       0.000000000000e+00       1.072342385697e-16       2.173132585803e-17      -4.409597600086e-19 
 2706       7.475447028663e-12       1.871443587811e-13      -4.368849113114e-13       0.000000000000e+00       1.070695085185e-16       2.163012616674e-17      -4.222597046364e-19 
 2707       7.458916556807e-12       1.859661683280e-13      -4.311274597169e-13       0.000000000000e+00       1.069050908804e-16       2.152797012579e-17      -4.031031931007e-19 
 2708       7.442115393190e-12       1.848151798861e-13      -4.253661609451e-13       0.000000000000e+00       1.067409847892e-16       2.142489697332e-17      -3.835073928688e-19 
 2709       7.425045788393e-12       1.836914636177e-13      -4.196029008307e-13       0.000000000000e+00       1.065771893733e-16       2.132094606756e-17      -3.634895242746e-19 
 2710       7.407710000879e-12       1.825950897526e-13      -4.138395707675e-13       0.000000000000e+00       1.064137037561e-16       2.121615688690e-17      -3.430668605675e-19 
 2711       7.390110296995e-12       1.815261285884e-13      -4.080780677137e-13       0.000000000000e+00       1.062505270559e-16       2.111056903005e-17      -3.222567279625e-19 
 2712       7.372248950979e-12       1.804846504900e-13      -4.023202941969e-13       0.000000000000e+00       1.060876583857e-16       2.100422221612e-17      -3.010765056894e-19 
 2713       7.354128244973e-12       1.794707258903e-13      -3.965681583192e-13       0.000000000000e+00       1.059250968535e-16       2.089715628476e-17      -2.795436260419e-19 
 2714       7.335750469026e-12       1.784844252898e-13      -3.908235737624e-13       0.000000000000e+00       1.057628415620e-16       2.078941119623e-17      -2.576755744277e-19 
 2715       7.317117921105e-12       1.775258192565e-13      -3.850884597928e-13       0.000000000000e+00       1.056008916090e-16       2.068102703158e-17      -2.354898894172e-19 
 2716       7.298232907097e-12       1.765949784262e-13      -3.793647412670e-13       0.000000000000e+00       1.054392460867e-16       2.057204399267e-17      -2.130041627934e-19 
 2717       7.279097740824e-12       1.756919735024e-13      -3.736543486363e-13       0.000000000000e+00       1.052779040826e-16       2.046250240236e-17      -1.902360396014e-19 
 2718       7.259714744046e-12       1.748168752566e-13      -3.679592179524e-13       0.000000000000e+00       1.051168646786e-16       2.035244270460e-17      -1.672032181976e-19 
 2719       7.240086246469e-12       1.739697545277e-13      -3.622812908719e-13       0.000000000000e+00       1.049561269517e-16       2.024190546452e-17      -1.439234502989e-19 
 2720       7.220214585754e-12       1.731506822225e-13      -3.566225146621e-13       0.000000000000e+00       1.047956899736e-16       2.013093136856e-17      -1.204145410328e-19 
 2721       7.200102107523e-12       1.723597293157e-13      -3.509848422056e-13       0.000000000000e+00       1.046355528108e-16       2.001956122459e-17      -9.669434898633e-20 
 2722       7.179751165370e-12       1.715969668497e-13      -3.453702320058e-13       0.000000000000e+00       1.044757145246e-16       1.990783596201e-17      -7.278078625560e-20 
 2723       7.159164120862e-12       1.708624659347e-13      -3.397806481916e-13       0.000000000000e+00       1.043161741710e-16       1.979579663184e-17      -4.869181849530e-20 
 2724       7.138343343556e-12       1.701562977490e-13      -3.342180605230e-13       0.000000000000e+00       1.041569308010e-16       1.968348440690e-17      -2.444546496805e-20 
 2725       7.117291210996e-12       1.694785335385e-13      -3.286844443957e-13       0.000000000000e+00       1.039979834602e-16       1.957094058183e-17      -5.979859390496e-23 
 2726       7.096010108731e-12       1.688292446171e-13      -3.231817808468e-13       0.000000000000e+00       1.038393311891e-16       1.945820657329e-17       2.444705400024e-20 
 2727       7.074502430314e-12       1.682085023666e-13      -3.177120565593e-13       0.000000000000e+00       1.036809730227e-16       1.934532392002e-17       4.905691243121e-20 
 2728       7.052770577316e-12       1.676163782367e-13      -3.122772638679e-13       0.000000000000e+00       1.035229079912e-16       1.923233428294e-17       7.375154251013e-20 
 2729       7.030816959330e-12       1.670529437451e-13      -3.068794007635e-13       0.000000000000e+00       1.033651351191e-16       1.911927944532e-17       9.851265619296e-20 
 2730       7.008643993979e-12       1.665182704775e-13      -3.015204708987e-13       0.000000000000e+00       1.032076534259e-16       1.900620131283e-17       1.233219115311e-19 
 2731       6.986254503800e-12       1.660123679955e-13      -2.962023084086e-13       0.000000000000e+00       1.030504620068e-16       1.889314389016e-17       1.481607449341e-19 
 2732       6.963652909204e-12       1.655349971978e-13      -2.909260513380e-13       0.000000000000e+00       1.028935602756e-16       1.878015922195e-17       1.730098670743e-19 
 2733       6.940844041929e-12       1.650858559582e-13      -2.856926654007e-13       0.000000000000e+00       1.027369477230e-16       1.866730148395e-17       1.978497641803e-19 
 2734       6.917832748756e-12       1.646646411259e-13      -2.805031189097e-13       0.000000000000e+00       1.025806238361e-16       1.855462500955e-17       2.226608654277e-19 
 2735       6.894623891530e-12       1.642710485244e-13      -2.753583827793e-13       0.000000000000e+00       1.024245880980e-16       1.844218428993e-17       2.474235428862e-19 
 2736       6.871222347164e-12       1.639047729506e-13      -2.702594305276e-13       0.000000000000e+00       1.022688399878e-16       1.833003397424e-17       2.721181114680e-19 
 2737       6.847633007664e-12       1.635655081739e-13      -2.652072382786e-13       0.000000000000e+00       1.021133789809e-16       1.821822886970e-17       2.967248288755e-19 
 2738       6.823860780133e-12       1.632529469347e-13      -2.602027847646e-13       0.000000000000e+00       1.019582045489e-16       1.810682394178e-17       3.212238955494e-19 
 2739       6.799910586792e-12       1.629667809442e-13      -2.552470513286e-13       0.000000000000e+00       1.018033161594e-16       1.799587431431e-17       3.455954546160e-19 
 2740       6.775787364992e-12       1.627067008829e-13      -2.503410219265e-13       0.000000000000e+00       1.016487132761e-16       1.788543526965e-17       3.698195918358e-19 
 2741       6.751496067226e-12       1.624723963997e-13      -2.454856831294e-13       0.000000000000e+00       1.014943953589e-16       1.777556224883e-17       3.938763355507e-19 
 2742       6.727041661147e-12       1.622635561110e-13      -2.406820241258e-13       0.000000000000e+00       1.013403618638e-16       1.766631085169e-17       4.177456566323e-19 
 2743       6.702429129576e-12       1.620798675998e-13      -2.359310367241e-13       0.000000000000e+00       1.011866122429e-16       1.755773683701e-17       4.414074684297e-19 
 2744       6.677663470523e-12       1.619210174145e-13      -2.312337153549e-13       0.000000000000e+00       1.010331459444e-16       1.744989612267e-17       4.648416267171e-19 
 2745       6.652749697197e-12       1.617866910680e-13      -2.265910570732e-13       0.000000000000e+00       1.008799624126e-16       1.734284478579e-17       4.880279296421e-19 
 2746       6.627692838019e-12       1.616765730368e-13      -2.220040615605e-13       0.000000000000e+00       1.007270610879e-16       1.723663906289e-17       5.109461176733e-19 
 2747       6.602497936640e-12       1.615903467601e-13      -2.174737311277e-13       0.000000000000e+00       1.005744414069e-16       1.713133534999e-17       5.335758735480e-19 
 2748       6.577170051950e-12       1.615276946384e-13      -2.130010707169e-13       0.000000000000e+00       1.004221028020e-16       1.702699020281e-17       5.558968222205e-19 
 2749       6.551714258099e-12       1.614882980332e-13      -2.085870879036e-13       0.000000000000e+00       1.002700447021e-16       1.692366033687e-17       5.778885308097e-19 
 2750       6.526135644502e-12       1.614718372652e-13      -2.042327928995e-13       0.000000000000e+00       1.001182665317e-16       1.682140262763e-17       5.995305085469e-19 
 2751       6.500439315861e-12       1.614779916141e-13      -1.999391985546e-13       0.000000000000e+00       9.996676771185e-17       1.672027411070e-17       6.208022067238e-19 
 2752       6.474630392174e-12       1.615064393170e-13      -1.957073203592e-13       0.000000000000e+00       9.981554765933e-17       1.662033198190e-17       6.416830186406e-19 
 2753       6.448714008751e-12       1.615568575680e-13      -1.915381764466e-13       0.000000000000e+00       9.966460578712e-17       1.652163359745e-17       6.621522795533e-19 
 2754       6.422695316230e-12       1.616289225167e-13      -1.874327875952e-13       0.000000000000e+00       9.951394150426e-17       1.642423647410e-17       6.821892666219e-19 
 2755       6.396579480585e-12       1.617223092673e-13      -1.833921772310e-13       0.000000000000e+00       9.936355421582e-17       1.632819828929e-17       7.017731988585e-19 
 2756       6.370371683148e-12       1.618366918782e-13      -1.794173714296e-13       0.000000000000e+00       9.921344332295e-17       1.623357688128e-17       7.208832370747e-19 
 2757       6.344077120615e-12       1.619717433600e-13      -1.755093989188e-13       0.000000000000e+00       9.906360822282e-17       1.614043024928e-17       7.394984838298e-19 
 2758       6.317701005066e-12       1.621271356756e-13      -1.716692910805e-13       0.000000000000e+00       9.891404830868e-17       1.604881655362e-17       7.575979833784e-19 
 2759       6.291248563977e-12       1.623025397383e-13      -1.678980819536e-13       0.000000000000e+00       9.876476296979e-17       1.595879411589e-17       7.751607216186e-19 
 2760       6.264725040232e-12       1.624976254116e-13      -1.641968082358e-13       0.000000000000e+00       9.861575159146e-17       1.587042141906e-17       7.921656260397e-19 
 2761       6.238135692142e-12       1.627120615075e-13      -1.605665092861e-13       0.000000000000e+00       9.846701355502e-17       1.578375710767e-17       8.085915656699e-19 
 2762       6.211485793454e-12       1.629455157861e-13      -1.570082271271e-13       0.000000000000e+00       9.831854823784e-17       1.569885998790e-17       8.244173510243e-19 
 2763       6.184780633365e-12       1.631976549543e-13      -1.535230064473e-13       0.000000000000e+00       9.817035501330e-17       1.561578902781e-17       8.396217340531e-19 
 2764       6.158025516542e-12       1.634681446650e-13      -1.501118946033e-13       0.000000000000e+00       9.802243325081e-17       1.553460335739e-17       8.541834080888e-19 
 2765       6.131225763130e-12       1.637566495160e-13      -1.467759416223e-13       0.000000000000e+00       9.787478231580e-17       1.545536226876e-17       8.680810077948e-19 
 2766       6.104386708766e-12       1.640628330488e-13      -1.435162002042e-13       0.000000000000e+00       9.772740156967e-17       1.537812521632e-17       8.812931091124e-19 
 2767       6.077513704598e-12       1.643863577482e-13      -1.403337257242e-13       0.000000000000e+00       9.758029036988e-17       1.530295181683e-17       8.937982292097e-19 
 2768       6.050612117296e-12       1.647268850409e-13      -1.372295762345e-13       0.000000000000e+00       9.743344806984e-17       1.522990184965e-17       9.055748264285e-19 
 2769       6.023687329062e-12       1.650840752945e-13      -1.342048124674e-13       0.000000000000e+00       9.728687401899e-17       1.515903525678e-17       9.166013002330e-19 
 2770       5.996744737654e-12       1.654575878167e-13      -1.312604978371e-13       0.000000000000e+00       9.714056756275e-17       1.509041214310e-17       9.268559911569e-19 
 2771       5.969789585117e-12       1.658470653443e-13      -1.283974841125e-13       0.000000000000e+00       9.699452809231e-17       1.502406688677e-17       9.363271277984e-19 
 2772       5.942826443001e-12       1.662520874225e-13      -1.256157671944e-13       0.000000000000e+00       9.684875519425e-17       1.495993032100e-17       9.450427253427e-19 
 2773       5.915859724458e-12       1.666722167774e-13      -1.229151279380e-13       0.000000000000e+00       9.670324850170e-17       1.489790714129e-17       9.530408449513e-19 
 2774       5.888893855272e-12       1.671070148021e-13      -1.202953461726e-13       0.000000000000e+00       9.655800764462e-17       1.483790175756e-17       9.603596611704e-19 
 2775       5.861933273875e-12       1.675560415556e-13      -1.177562007003e-13       0.000000000000e+00       9.641303224983e-17       1.477981829380e-17       9.670374620334e-19 
 2776       5.834982431358e-12       1.680188557615e-13      -1.152974692948e-13       0.000000000000e+00       9.626832194095e-17       1.472356058790e-17       9.731126491647e-19 
 2777       5.808045791480e-12       1.684950148069e-13      -1.129189287006e-13       0.000000000000e+00       9.612387633844e-17       1.466903219131e-17       9.786237378826e-19 
 2778       5.781127830683e-12       1.689840747410e-13      -1.106203546320e-13       0.000000000000e+00       9.597969505959e-17       1.461613636883e-17       9.836093573031e-19 
 2779       5.754233038099e-12       1.694855902741e-13      -1.084015217717e-13       0.000000000000e+00       9.583577771849e-17       1.456477609834e-17       9.881082504425e-19 
 2780       5.727365915565e-12       1.699991147763e-13      -1.062622037704e-13       0.000000000000e+00       9.569212392606e-17       1.451485407050e-17       9.921592743212e-19 
 2781       5.700530977632e-12       1.705242002761e-13      -1.042021732448e-13       0.000000000000e+00       9.554873329003e-17       1.446627268855e-17       9.958014000664e-19 
 2782       5.673732751577e-12       1.710603974595e-13      -1.022212017776e-13       0.000000000000e+00       9.540560541494e-17       1.441893406803e-17       9.990737130162e-19 
 2783       5.646975777417e-12       1.716072556683e-13      -1.003190599156e-13       0.000000000000e+00       9.526273990213e-17       1.437274003647e-17       1.002015412822e-18 
 2784       5.620264607914e-12       1.721643228995e-13      -9.849551716917e-14       0.000000000000e+00       9.512013634974e-17       1.432759213322e-17       1.004665813553e-18 
 2785       5.593603808592e-12       1.727311458035e-13      -9.675034201107e-14       0.000000000000e+00       9.497779435271e-17       1.428339160909e-17       1.007064343796e-18 
 2786       5.566997957749e-12       1.733072696834e-13      -9.508330187532e-14       0.000000000000e+00       9.483571350278e-17       1.424003942618e-17       1.009250546765e-18 
 2787       5.540451646461e-12       1.738922384932e-13      -9.349416315621e-14       0.000000000000e+00       9.469389338847e-17       1.419743625755e-17       1.011264080399e-18 
 2788       5.513969478602e-12       1.744855948370e-13      -9.198269120729e-14       0.000000000000e+00       9.455233359509e-17       1.415548248699e-17       1.013144717466e-18 
 2789       5.487556070851e-12       1.750868799679e-13      -9.054865034028e-14       0.000000000000e+00       9.441103370473e-17       1.411407820878e-17       1.014932345669e-18 
 2790       5.461216052703e-12       1.756956337862e-13      -8.919180382405e-14       0.000000000000e+00       9.426999329627e-17       1.407312322737e-17       1.016666967746e-18 
 2791       5.434954066480e-12       1.763113948386e-13      -8.791191388354e-14       0.000000000000e+00       9.412921194535e-17       1.403251705718e-17       1.018388701575e-18 
 2792       5.408774767348e-12       1.769337003170e-13      -8.670874169877e-14       0.000000000000e+00       9.398868922440e-17       1.399215892231e-17       1.020137780280e-18 
 2793       5.382682823318e-12       1.775620860571e-13      -8.558204740374e-14       0.000000000000e+00       9.384842470261e-17       1.395194775628e-17       1.021954552327e-18 
 2794       5.356682915268e-12       1.781960865372e-13      -8.453159008543e-14       0.000000000000e+00       9.370841794593e-17       1.391178220177e-17       1.023879481635e-18 
 2795       5.330779736948e-12       1.788352348772e-13      -8.355712778272e-14       0.000000000000e+00       9.356866851707e-17       1.387156061037e-17       1.025953147673e-18 
 2796       5.304977994992e-12       1.794790628371e-13      -8.265841748536e-14       0.000000000000e+00       9.342917597550e-17       1.383118104231e-17       1.028216245568e-18 
 2797       5.279282408931e-12       1.801271008157e-13      -8.183521513292e-14       0.000000000000e+00       9.328993987746e-17       1.379054126619e-17       1.030709586207e-18 
 2798       5.253697711204e-12       1.807788778499e-13      -8.108727561377e-14       0.000000000000e+00       9.315095977592e-17       1.374953875874e-17       1.033474096338e-18 
 2799       5.228228647169e-12       1.814339216129e-13      -8.041435276398e-14       0.000000000000e+00       9.301223522061e-17       1.370807070456e-17       1.036550818676e-18 
 2800       5.202879975114e-12       1.820917584133e-13      -7.981619936634e-14       0.000000000000e+00       9.287376575798e-17       1.366603399582e-17       1.039980912005e-18 
 2801       5.177656466267e-12       1.827519131937e-13      -7.929256714926e-14       0.000000000000e+00       9.273555093125e-17       1.362332523206e-17       1.043805651280e-18 
 2802       5.152562904812e-12       1.834139095298e-13      -7.884320678577e-14       0.000000000000e+00       9.259759028035e-17       1.357984071988e-17       1.048066427735e-18 
 2803       5.127604087895e-12       1.840772696286e-13      -7.846786789242e-14       0.000000000000e+00       9.245988334197e-17       1.353547647269e-17       1.052804748980e-18 
 2804       5.102784825638e-12       1.847415143279e-13      -7.816629902831e-14       0.000000000000e+00       9.232242964950e-17       1.349012821048e-17       1.058062239108e-18 
 2805       5.078109941151e-12       1.854061630943e-13      -7.793824769397e-14       0.000000000000e+00       9.218522873306e-17       1.344369135951e-17       1.063880638799e-18 
 2806       5.053584270542e-12       1.860707340228e-13      -7.778346033035e-14       0.000000000000e+00       9.204828011952e-17       1.339606105210e-17       1.070301805420e-18 
 2807       5.029212662927e-12       1.867347438348e-13      -7.770168231780e-14       0.000000000000e+00       9.191158333243e-17       1.334713212632e-17       1.077367713130e-18 
 2808       5.004999980445e-12       1.873977078774e-13      -7.769265797497e-14       0.000000000000e+00       9.177513789207e-17       1.329679912576e-17       1.085120452986e-18 
 2809       4.980951098266e-12       1.880591401220e-13      -7.775613055780e-14       0.000000000000e+00       9.163894331544e-17       1.324495629929e-17       1.093602233040e-18 
 2810       4.957070904605e-12       1.887185531632e-13      -7.789184225846e-14       0.000000000000e+00       9.150299911623e-17       1.319149760072e-17       1.102855378448e-18 
 2811       4.933363771009e-12       1.893754877730e-13      -7.809940140212e-14       0.000000000000e+00       9.136730477832e-17       1.313634393647e-17       1.112907509969e-18 
 2812       4.909831960196e-12       1.900296017360e-13      -7.837788328327e-14       0.000000000000e+00       9.123185967607e-17       1.307952506384e-17       1.123726994898e-18 
 2813       4.886477209944e-12       1.906805814747e-13      -7.872622724767e-14       0.000000000000e+00       9.109666315360e-17       1.302109811884e-17       1.135267264241e-18 
 2814       4.863301262062e-12       1.913281125353e-13      -7.914336930262e-14       0.000000000000e+00       9.096171455127e-17       1.296112040730e-17       1.147481613111e-18 
 2815       4.840305862398e-12       1.919718795865e-13      -7.962824211388e-14       0.000000000000e+00       9.082701320567e-17       1.289964940503e-17       1.160323200611e-18 
 2816       4.817492760836e-12       1.926115664192e-13      -8.017977500262e-14       0.000000000000e+00       9.069255844962e-17       1.283674275793e-17       1.173745049709e-18 
 2817       4.794863711303e-12       1.932468559454e-13      -8.079689394236e-14       0.000000000000e+00       9.055834961218e-17       1.277245828216e-17       1.187700047117e-18 
 2818       4.772420471773e-12       1.938774301974e-13      -8.147852155592e-14       0.000000000000e+00       9.042438601862e-17       1.270685396431e-17       1.202140943170e-18 
 2819       4.750164804267e-12       1.945029703273e-13      -8.222357711233e-14       0.000000000000e+00       9.029066699043e-17       1.263998796154e-17       1.217020351705e-18 
 2820       4.728098474858e-12       1.951231566061e-13      -8.303097652381e-14       0.000000000000e+00       9.015719184532e-17       1.257191860174e-17       1.232290749937e-18 
 2821       4.706223253677e-12       1.957376684227e-13      -8.389963234266e-14       0.000000000000e+00       9.002395989720e-17       1.250270438366e-17       1.247904478339e-18 
 2822       4.684540914910e-12       1.963461842837e-13      -8.482845375824e-14       0.000000000000e+00       8.989097045621e-17       1.243240397710e-17       1.263813740518e-18 
 2823       4.663053236809e-12       1.969483818118e-13      -8.581634659389e-14       0.000000000000e+00       8.975822282865e-17       1.236107622304e-17       1.279970603098e-18 
 2824       4.641762001687e-12       1.975439377457e-13      -8.686221330386e-14       0.000000000000e+00       8.962571631707e-17       1.228878013377e-17       1.296326995592e-18 
 2825       4.620668995930e-12       1.981325279392e-13      -8.796495297027e-14       0.000000000000e+00       8.949345022019e-17       1.221557489312e-17       1.312834710284e-18 
 2826       4.599776009991e-12       1.987138273601e-13      -8.912346130003e-14       0.000000000000e+00       8.936142383290e-17       1.214151985651e-17       1.329445402110e-18 
 2827       4.579084838404e-12       1.992875100899e-13      -9.033663062182e-14       0.000000000000e+00       8.922963644630e-17       1.206667455118e-17       1.346110588528e-18 
 2828       4.558597279776e-12       1.998532493225e-13      -9.160334988295e-14       0.000000000000e+00       8.909808734769e-17       1.199109867632e-17       1.362781649405e-18 
 2829       4.538315136799e-12       2.004107173641e-13      -9.292250464637e-14       0.000000000000e+00       8.896677582050e-17       1.191485210322e-17       1.379409826889e-18 
 2830       4.518240216250e-12       2.009595856316e-13      -9.429297708758e-14       0.000000000000e+00       8.883570114438e-17       1.183799487543e-17       1.395946225291e-18 
 2831       4.498374328992e-12       2.014995246525e-13      -9.571364599158e-14       0.000000000000e+00       8.870486259513e-17       1.176058720887e-17       1.412341810962e-18 
 2832       4.478719289983e-12       2.020302040640e-13      -9.718338674979e-14       0.000000000000e+00       8.857425944471e-17       1.168268949208e-17       1.428547412171e-18 
 2833       4.459276918273e-12       2.025512926118e-13      -9.870107135701e-14       0.000000000000e+00       8.844389096125e-17       1.160436228626e-17       1.444513718984e-18 
 2834       4.440049037012e-12       2.030624581498e-13      -1.002655684083e-13       0.000000000000e+00       8.831375640905e-17       1.152566632551e-17       1.460191283139e-18 
 2835       4.421037473451e-12       2.035633676393e-13      -1.018757430961e-13       0.000000000000e+00       8.818385504854e-17       1.144666251693e-17       1.475530517931e-18 
 2836       4.402244058946e-12       2.040536871479e-13      -1.035304572069e-13       0.000000000000e+00       8.805418613632e-17       1.136741194080e-17       1.490481698083e-18 
 2837       4.383670628961e-12       2.045330818490e-13      -1.052285691184e-13       0.000000000000e+00       8.792474892512e-17       1.128797585074e-17       1.504994959630e-18 
 2838       4.365319023071e-12       2.050012160208e-13      -1.069689337963e-13       0.000000000000e+00       8.779554266384e-17       1.120841567381e-17       1.519020299793e-18 
 2839       4.347191084967e-12       2.054577530460e-13      -1.087504027913e-13       0.000000000000e+00       8.766656659748e-17       1.112879301073e-17       1.532507576860e-18 
 2840       4.329288662457e-12       2.059023554103e-13      -1.105718242361e-13       0.000000000000e+00       8.753781996720e-17       1.104916963600e-17       1.545406510062e-18 
 2841       4.311613607470e-12       2.063346847024e-13      -1.124320428423e-13       0.000000000000e+00       8.740930201028e-17       1.096960749806e-17       1.557666679455e-18 
 2842       4.294167776061e-12       2.067544016125e-13      -1.143298998972e-13       0.000000000000e+00       8.728101196013e-17       1.089016871943e-17       1.569237525793e-18 
 2843       4.276953028412e-12       2.071611659322e-13      -1.162642332610e-13       0.000000000000e+00       8.715294904628e-17       1.081091559687e-17       1.580068350410e-18 
 2844       4.259971228836e-12       2.075546365531e-13      -1.182338773635e-13       0.000000000000e+00       8.702511249439e-17       1.073191060156e-17       1.590108315098e-18 
 2845       4.243224245781e-12       2.079344714665e-13      -1.202376632011e-13       0.000000000000e+00       8.689750152621e-17       1.065321637920e-17       1.599306441985e-18 
 2846       4.226713951832e-12       2.083003277624e-13      -1.222744183340e-13       0.000000000000e+00       8.677011535962e-17       1.057489575020e-17       1.607611613411e-18 
 2847       4.210442223718e-12       2.086518616289e-13      -1.243429668826e-13       0.000000000000e+00       8.664295320859e-17       1.049701170984e-17       1.614972571809e-18 
 2848       4.194410942307e-12       2.089887283512e-13      -1.264421295250e-13       0.000000000000e+00       8.651601428320e-17       1.041962742839e-17       1.621337919582e-18 
 2849       4.178621992620e-12       2.093105823109e-13      -1.285707234935e-13       0.000000000000e+00       8.638929778964e-17       1.034280625129e-17       1.626656118983e-18 
 2850       4.163077263827e-12       2.096170769852e-13      -1.307275625720e-13       0.000000000000e+00       8.626280293017e-17       1.026661169930e-17       1.630875491990e-18 
 2851       4.147778104320e-12       2.099079164071e-13      -1.329114660006e-13       0.000000000000e+00       8.613652901182e-17       1.019109601802e-17       1.633959905451e-18 
 2852       4.132723683869e-12       2.101830098349e-13      -1.351212852480e-13       0.000000000000e+00       8.601047577303e-17       1.011626576198e-17       1.635935914777e-18 
 2853       4.117912623058e-12       2.104423178753e-13      -1.373558773709e-13       0.000000000000e+00       8.588464305862e-17       1.004211603409e-17       1.636845862185e-18 
 2854       4.103343537453e-12       2.106858010953e-13      -1.396140961150e-13       0.000000000000e+00       8.575903071136e-17       9.968641920165e-18       1.636732213532e-18 
 2855       4.089015037591e-12       2.109134200218e-13      -1.418947919126e-13       0.000000000000e+00       8.563363857193e-17       9.895838488889e-18       1.635637558432e-18 
 2856       4.074925728977e-12       2.111251351416e-13      -1.441968118793e-13       0.000000000000e+00       8.550846647887e-17       9.823700791833e-18       1.633604610362e-18 
 2857       4.061074212083e-12       2.113209069017e-13      -1.465189998111e-13       0.000000000000e+00       8.538351426868e-17       9.752223863422e-18       1.630676206772e-18 
 2858       4.047459082338e-12       2.115006957088e-13      -1.488601961815e-13       0.000000000000e+00       8.525878177572e-17       9.681402720921e-18       1.626895309195e-18 
 2859       4.034078930126e-12       2.116644619298e-13      -1.512192381387e-13       0.000000000000e+00       8.513426883226e-17       9.611232364420e-18       1.622305003357e-18 
 2860       4.020932340782e-12       2.118121658914e-13      -1.535949595026e-13       0.000000000000e+00       8.500997526847e-17       9.541707776818e-18       1.616948499287e-18 
 2861       4.008017894586e-12       2.119437678803e-13      -1.559861907618e-13       0.000000000000e+00       8.488590091239e-17       9.472823923804e-18       1.610869131427e-18 
 2862       3.995334166756e-12       2.120592281430e-13      -1.583917590706e-13       0.000000000000e+00       8.476204558999e-17       9.404575753845e-18       1.604110358738e-18 
 2863       3.982879727449e-12       2.121585068861e-13      -1.608104882463e-13       0.000000000000e+00       8.463840912508e-17       9.336958198170e-18       1.596715764817e-18 
 2864       3.970653141750e-12       2.122415642759e-13      -1.632411987663e-13       0.000000000000e+00       8.451499133940e-17       9.269966170749e-18       1.588729058000e-18 
 2865       3.958652969673e-12       2.123083604387e-13      -1.656827077646e-13       0.000000000000e+00       8.439179205254e-17       9.203594568284e-18       1.580194071474e-18 
 2866       3.946877766150e-12       2.123588554605e-13      -1.681338290297e-13       0.000000000000e+00       8.426881108199e-17       9.137838270186e-18       1.571154763389e-18 
 2867       3.935326081033e-12       2.123930093873e-13      -1.705933730012e-13       0.000000000000e+00       8.414604824310e-17       9.072692138565e-18       1.561655216965e-18 
 2868       3.923996459083e-12       2.124107822249e-13      -1.730601467667e-13       0.000000000000e+00       8.402350334911e-17       9.008151018210e-18       1.551739640602e-18 
 2869       3.912887439970e-12       2.124121339388e-13      -1.755329540592e-13       0.000000000000e+00       8.390117621114e-17       8.944209736575e-18       1.541452367991e-18 
 2870       3.901997558267e-12       2.123970244544e-13      -1.780105952544e-13       0.000000000000e+00       8.377906663816e-17       8.880863103763e-18       1.530837858223e-18 
 2871       3.891325343441e-12       2.123654136568e-13      -1.804918673669e-13       0.000000000000e+00       8.365717443701e-17       8.818105912508e-18       1.519940695897e-18 
 2872       3.880869319857e-12       2.123172613910e-13      -1.829755640482e-13       0.000000000000e+00       8.353549941242e-17       8.755932938161e-18       1.508805591235e-18 
 2873       3.870628006764e-12       2.122525274618e-13      -1.854604755833e-13       0.000000000000e+00       8.341404136696e-17       8.694338938673e-18       1.497477380186e-18 
 2874       3.860599918297e-12       2.121711716334e-13      -1.879453888878e-13       0.000000000000e+00       8.329280010106e-17       8.633318654581e-18       1.486001024538e-18 
 2875       3.850783563468e-12       2.120731536300e-13      -1.904290875051e-13       0.000000000000e+00       8.317177541302e-17       8.572866808988e-18       1.474421612028e-18 
 2876       3.841177446164e-12       2.119584331356e-13      -1.929103516033e-13       0.000000000000e+00       8.305096709900e-17       8.512978107551e-18       1.462784356452e-18 
 2877       3.831780065141e-12       2.118269697937e-13      -1.953879579724e-13       0.000000000000e+00       8.293037495300e-17       8.453647238462e-18       1.451134597774e-18 
 2878       3.822589914018e-12       2.116787232075e-13      -1.978606800215e-13       0.000000000000e+00       8.280999876688e-17       8.394868872435e-18       1.439517802236e-18 
 2879       3.813605481276e-12       2.115136529400e-13      -2.003272877754e-13       0.000000000000e+00       8.268983833033e-17       8.336637662687e-18       1.427979562468e-18 
 2880       3.804825250249e-12       2.113317185137e-13      -2.027865478722e-13       0.000000000000e+00       8.256989343093e-17       8.278948244924e-18       1.416565597596e-18 
 2881       3.796247699123e-12       2.111328794108e-13      -2.052372235601e-13       0.000000000000e+00       8.245016385405e-17       8.221795237323e-18       1.405321753356e-18 
 2882       3.787871300928e-12       2.109170950732e-13      -2.076780746945e-13       0.000000000000e+00       8.233064938294e-17       8.165173240520e-18       1.394294002198e-18 
 2883       3.779694523535e-12       2.106843249023e-13      -2.101078577351e-13       0.000000000000e+00       8.221134979868e-17       8.109076837589e-18       1.383528443402e-18 
 2884       3.771715829651e-12       2.104345282592e-13      -2.125253257430e-13       0.000000000000e+00       8.209226488017e-17       8.053500594028e-18       1.373071303180e-18 
 2885       3.763933676814e-12       2.101676644645e-13      -2.149292283776e-13       0.000000000000e+00       8.197339440417e-17       7.998439057746e-18       1.362968934795e-18 
 2886       3.756346517389e-12       2.098836927985e-13      -2.173183118939e-13       0.000000000000e+00       8.185473814525e-17       7.943886759041e-18       1.353267818663e-18 
 2887       3.748952798564e-12       2.095825725008e-13      -2.196913191395e-13       0.000000000000e+00       8.173629587583e-17       7.889838210589e-18       1.344014562466e-18 
 2888       3.741750962340e-12       2.092642627708e-13      -2.220469895516e-13       0.000000000000e+00       8.161806736613e-17       7.836287907426e-18       1.335255901263e-18 
 2889       3.734739445533e-12       2.089287227672e-13      -2.243840591540e-13       0.000000000000e+00       8.150005238422e-17       7.783230326933e-18       1.327038697596e-18 
 2890       3.727916679768e-12       2.085759116085e-13      -2.267012605545e-13       0.000000000000e+00       8.138225069598e-17       7.730659928818e-18       1.319409941603e-18 
 2891       3.721280864239e-12       2.082058246721e-13      -2.289974248241e-13       0.000000000000e+00       8.126466201136e-17       7.678575417800e-18       1.312403488204e-18 
 2892       3.714829282768e-12       2.078186026940e-13      -2.312717877060e-13       0.000000000000e+00       8.114728582281e-17       7.626992555278e-18       1.306000195035e-18 
 2893       3.708558983278e-12       2.074144232220e-13      -2.335236849518e-13       0.000000000000e+00       8.103012156605e-17       7.575931412534e-18       1.300167582792e-18 
 2894       3.702467004704e-12       2.069934643669e-13      -2.357524505793e-13       0.000000000000e+00       8.091316867370e-17       7.525412113976e-18       1.294873079729e-18 
 2895       3.696550376984e-12       2.065559048027e-13      -2.379574168703e-13       0.000000000000e+00       8.079642657529e-17       7.475454837180e-18       1.290084021581e-18 
 2896       3.690806121053e-12       2.061019237675e-13      -2.401379143691e-13       0.000000000000e+00       8.067989469728e-17       7.426079812937e-18       1.285767651479e-18 
 2897       3.685231248831e-12       2.056317010635e-13      -2.422932718818e-13       0.000000000000e+00       8.056357246302e-17       7.377307325298e-18       1.281891119874e-18 
 2898       3.679822763217e-12       2.051454170581e-13      -2.444228164740e-13       0.000000000000e+00       8.044745929279e-17       7.329157711620e-18       1.278421484454e-18 
 2899       3.674577658083e-12       2.046432526839e-13      -2.465258734695e-13       0.000000000000e+00       8.033155460375e-17       7.281651362610e-18       1.275325710063e-18 
 2900       3.669492918262e-12       2.041253894396e-13      -2.486017664494e-13       0.000000000000e+00       8.021585780997e-17       7.234808722370e-18       1.272570668621e-18 
 2901       3.664565519544e-12       2.035920093901e-13      -2.506498172500e-13       0.000000000000e+00       8.010036832242e-17       7.188650288443e-18       1.270123139043e-18 
 2902       3.659792428665e-12       2.030432951673e-13      -2.526693459614e-13       0.000000000000e+00       7.998508554895e-17       7.143196611859e-18       1.267949807161e-18 
 2903       3.655170603300e-12       2.024794299707e-13      -2.546596709265e-13       0.000000000000e+00       7.987000889431e-17       7.098468297178e-18       1.266017265639e-18 
 2904       3.650696992056e-12       2.019005975676e-13      -2.566201087389e-13       0.000000000000e+00       7.975513776015e-17       7.054486002537e-18       1.264292013896e-18 
 2905       3.646368534462e-12       2.013069822937e-13      -2.585499742421e-13       0.000000000000e+00       7.964047154497e-17       7.011270439693e-18       1.262740458023e-18 
 2906       3.642182160963e-12       2.006987690538e-13      -2.604485805273e-13       0.000000000000e+00       7.952600964418e-17       6.968842374070e-18       1.261328910703e-18 
 2907       3.638134792911e-12       2.000761433220e-13      -2.623152389326e-13       0.000000000000e+00       7.941175145005e-17       6.927222624806e-18       1.260023591132e-18 
 2908       3.634223342556e-12       1.994392911425e-13      -2.641492590411e-13       0.000000000000e+00       7.929769635174e-17       6.886432064793e-18       1.258790624937e-18 
 2909       3.630444713040e-12       1.987883991300e-13      -2.659499486797e-13       0.000000000000e+00       7.918384373526e-17       6.846491620728e-18       1.257596044094e-18 
 2910       3.626795798388e-12       1.981236544699e-13      -2.677166139173e-13       0.000000000000e+00       7.907019298350e-17       6.807422273151e-18       1.256405786851e-18 
 2911       3.623273483500e-12       1.974452449194e-13      -2.694485590637e-13       0.000000000000e+00       7.895674347623e-17       6.769245056500e-18       1.255185697643e-18 
 2912       3.619874644142e-12       1.967533588076e-13      -2.711450866680e-13       0.000000000000e+00       7.884349459004e-17       6.731981059146e-18       1.253901527016e-18 
 2913       3.616596146941e-12       1.960481850362e-13      -2.728054975171e-13       0.000000000000e+00       7.873044569842e-17       6.695651423445e-18       1.252518931543e-18 
 2914       3.613434849373e-12       1.953299130796e-13      -2.744290906341e-13       0.000000000000e+00       7.861759617170e-17       6.660277345781e-18       1.251003473744e-18 
 2915       3.610387599759e-12       1.945987329859e-13      -2.760151632771e-13       0.000000000000e+00       7.850494537704e-17       6.625880076612e-18       1.249320622005e-18 
 2916       3.607451237253e-12       1.938548353774e-13      -2.775630109376e-13       0.000000000000e+00       7.839249267849e-17       6.592480920511e-18       1.247435750502e-18 
 2917       3.604622591836e-12       1.930984114507e-13      -2.790719273390e-13       0.000000000000e+00       7.828023743690e-17       6.560101236218e-18       1.245314139111e-18 
 2918       3.601898484311e-12       1.923296529775e-13      -2.805412044352e-13       0.000000000000e+00       7.816817901001e-17       6.528762436680e-18       1.242920973339e-18 
 2919       3.599275726289e-12       1.915487523049e-13      -2.819701324091e-13       0.000000000000e+00       7.805631675235e-17       6.498485989099e-18       1.240221344232e-18 
 2920       3.596751120184e-12       1.907559023564e-13      -2.833579996710e-13       0.000000000000e+00       7.794465001533e-17       6.469293414975e-18       1.237180248302e-18 
 2921       3.594321459206e-12       1.899512966317e-13      -2.847040928576e-13       0.000000000000e+00       7.783317814715e-17       6.441206290152e-18       1.233762587446e-18 
 2922       3.591983527353e-12       1.891351292077e-13      -2.860076968299e-13       0.000000000000e+00       7.772190049288e-17       6.414246244865e-18       1.229933168861e-18 
 2923       3.589734099399e-12       1.883075947389e-13      -2.872680946721e-13       0.000000000000e+00       7.761081639439e-17       6.388434963782e-18       1.225656704965e-18 
 2924       3.587569940891e-12       1.874688884578e-13      -2.884845676902e-13       0.000000000000e+00       7.749992519038e-17       6.363794186051e-18       1.220897813321e-18 
 2925       3.585487808139e-12       1.866192061756e-13      -2.896563954102e-13       0.000000000000e+00       7.738922621637e-17       6.340345705346e-18       1.215621016549e-18 
 2926       3.583484448206e-12       1.857587442824e-13      -2.907828555769e-13       0.000000000000e+00       7.727871880469e-17       6.318111369910e-18       1.209790742251e-18 
 2927       3.581556598906e-12       1.848876997481e-13      -2.918632241525e-13       0.000000000000e+00       7.716840228449e-17       6.297113082601e-18       1.203371322928e-18 
 2928       3.579700988786e-12       1.840062701226e-13      -2.928967753148e-13       0.000000000000e+00       7.705827598174e-17       6.277372800939e-18       1.196326995899e-18 
 2929       3.577914337130e-12       1.831146535363e-13      -2.938827814561e-13       0.000000000000e+00       7.694833921920e-17       6.258912537148e-18       1.188621903224e-18 
 2930       3.576193353940e-12       1.822130487010e-13      -2.948205131814e-13       0.000000000000e+00       7.683859131644e-17       6.241754358203e-18       1.180220091617e-18 
 2931       3.574534752584e-12       1.813016786432e-13      -2.957094115377e-13       0.000000000000e+00       7.672903164481e-17       6.225912959037e-18       1.171096989452e-18 
 2932       3.572935287798e-12       1.803808620347e-13      -2.965496056435e-13       0.000000000000e+00       7.661965979275e-17       6.211373341524e-18       1.161273900580e-18 
 2933       3.571391717858e-12       1.794509422199e-13      -2.973413976430e-13       0.000000000000e+00       7.651047540129e-17       6.198113024047e-18       1.150783682710e-18 
 2934       3.569900791936e-12       1.785122635152e-13      -2.980850907112e-13       0.000000000000e+00       7.640147810915e-17       6.186109458148e-18       1.139659286073e-18 
 2935       3.568459250093e-12       1.775651712104e-13      -2.987809890551e-13       0.000000000000e+00       7.629266755276e-17       6.175340028471e-18       1.127933753490e-18 
 2936       3.567063823277e-12       1.766100115690e-13      -2.994293979143e-13       0.000000000000e+00       7.618404336620e-17       6.165782052701e-18       1.115640220460e-18 
 2937       3.565711233307e-12       1.756471318294e-13      -3.000306235622e-13       0.000000000000e+00       7.607560518128e-17       6.157412781508e-18       1.102811915236e-18 
 2938       3.564398192871e-12       1.746768802057e-13      -3.005849733070e-13       0.000000000000e+00       7.596735262747e-17       6.150209398488e-18       1.089482158905e-18 
 2939       3.563121405514e-12       1.736996058885e-13      -3.010927554923e-13       0.000000000000e+00       7.585928533192e-17       6.144149020102e-18       1.075684365469e-18 
 2940       3.561877565633e-12       1.727156590454e-13      -3.015542794984e-13       0.000000000000e+00       7.575140291946e-17       6.139208695620e-18       1.061452041924e-18 
 2941       3.560663358471e-12       1.717253908225e-13      -3.019698557430e-13       0.000000000000e+00       7.564370501259e-17       6.135365407062e-18       1.046818788336e-18 
 2942       3.559475460103e-12       1.707291533448e-13      -3.023397956822e-13       0.000000000000e+00       7.553619123149e-17       6.132596069139e-18       1.031818297928e-18 
 2943       3.558310537433e-12       1.697272997169e-13      -3.026644118115e-13       0.000000000000e+00       7.542886119403e-17       6.130877529195e-18       1.016484357154e-18 
 2944       3.557165248186e-12       1.687201840243e-13      -3.029440176668e-13       0.000000000000e+00       7.532171451570e-17       6.130186567147e-18       1.000850845780e-18 
 2945       3.556036240898e-12       1.677081613340e-13      -3.031789278250e-13       0.000000000000e+00       7.521475080970e-17       6.130499895428e-18       9.849517369646e-19 
 2946       3.554920154908e-12       1.666915876951e-13      -3.033694579053e-13       0.000000000000e+00       7.510796968687e-17       6.131794158930e-18       9.688210973368e-19 
 2947       3.553813620356e-12       1.656708201401e-13      -3.035159245700e-13       0.000000000000e+00       7.500137075572e-17       6.134045934942e-18       9.524930870778e-19 
 2948       3.552713258164e-12       1.646462166855e-13      -3.036186455254e-13       0.000000000000e+00       7.489495362242e-17       6.137231733091e-18       9.360019599995e-19 
 2949       3.551615680041e-12       1.636181363325e-13      -3.036779395230e-13       0.000000000000e+00       7.478871789078e-17       6.141327995289e-18       9.193820636241e-19 
 2950       3.550517488465e-12       1.625869390681e-13      -3.036941263598e-13       0.000000000000e+00       7.468266316230e-17       6.146311095670e-18       9.026678392640e-19 
 2951       3.549415276680e-12       1.615529858658e-13      -3.036675268801e-13       0.000000000000e+00       7.457678903608e-17       6.152157340530e-18       8.858938221016e-19 
 2952       3.548305628688e-12       1.605166386865e-13      -3.035984629757e-13       0.000000000000e+00       7.447109510891e-17       6.158842968274e-18       8.690946412684e-19 
 2953       3.547185119240e-12       1.594782604792e-13      -3.034872575872e-13       0.000000000000e+00       7.436558097521e-17       6.166344149352e-18       8.523050199252e-19 
 2954       3.546050313828e-12       1.584382151821e-13      -3.033342347049e-13       0.000000000000e+00       7.426024622704e-17       6.174636986205e-18       8.355597753415e-19 
 2955       3.544897768680e-12       1.573968677231e-13      -3.031397193697e-13       0.000000000000e+00       7.415509045412e-17       6.183697513203e-18       8.188938189751e-19 
 2956       3.543724030747e-12       1.563545840210e-13      -3.029040376741e-13       0.000000000000e+00       7.405011324379e-17       6.193501696587e-18       8.023421565520e-19 
 2957       3.542525637699e-12       1.553117309859e-13      -3.026275167629e-13       0.000000000000e+00       7.394531418102e-17       6.204025434413e-18       7.859398881457e-19 
 2958       3.541299117918e-12       1.542686765205e-13      -3.023104848345e-13       0.000000000000e+00       7.384069284845e-17       6.215244556490e-18       7.697222082572e-19 
 2959       3.540040990487e-12       1.532257895208e-13      -3.019532711417e-13       0.000000000000e+00       7.373624882632e-17       6.227134824324e-18       7.537244058942e-19 
 2960       3.538747765183e-12       1.521834398766e-13      -3.015562059923e-13       0.000000000000e+00       7.363198169250e-17       6.239671931059e-18       7.379818646513e-19 
 2961       3.537415942472e-12       1.511419984727e-13      -3.011196207507e-13       0.000000000000e+00       7.352789102250e-17       6.252831501418e-18       7.225300627893e-19 
 2962       3.536042013495e-12       1.501018371899e-13      -3.006438478382e-13       0.000000000000e+00       7.342397638945e-17       6.266589091642e-18       7.074045733148e-19 
 2963       3.534622460070e-12       1.490633289052e-13      -3.001292207343e-13       0.000000000000e+00       7.332023736411e-17       6.280920189439e-18       6.926410640599e-19 
 2964       3.533153754672e-12       1.480268474933e-13      -2.995760739776e-13       0.000000000000e+00       7.321667351483e-17       6.295800213916e-18       6.782752977623e-19 
 2965       3.531632360436e-12       1.469927678270e-13      -2.989847431665e-13       0.000000000000e+00       7.311328440762e-17       6.311204515528e-18       6.643431321440e-19 
 2966       3.530054731142e-12       1.459614657782e-13      -2.983555649606e-13       0.000000000000e+00       7.301006960607e-17       6.327108376013e-18       6.508805199920e-19 
 2967       3.528417311213e-12       1.449333182189e-13      -2.976888770812e-13       0.000000000000e+00       7.290702867140e-17       6.343487008341e-18       6.379235092372e-19 
 2968       3.526716535699e-12       1.439087030217e-13      -2.969850183122e-13       0.000000000000e+00       7.280416116243e-17       6.360315556647e-18       6.255082430343e-19 
 2969       3.524948830279e-12       1.428879990608e-13      -2.962443285016e-13       0.000000000000e+00       7.270146663559e-17       6.377569096182e-18       6.136709598415e-19 
 2970       3.523110611246e-12       1.418715862130e-13      -2.954671485619e-13       0.000000000000e+00       7.259894464493e-17       6.395222633244e-18       6.024479935000e-19 
 2971       3.521199141142e-12       1.408597537937e-13      -2.946537180386e-13       0.000000000000e+00       7.249659500770e-17       6.413257500221e-18       5.918670712300e-19 
 2972       3.519215100284e-12       1.398524253712e-13      -2.938038672618e-13       0.000000000000e+00       7.239441860266e-17       6.431680575246e-18       5.819211605939e-19 
 2973       3.517160027900e-12       1.388494325974e-13      -2.929173236789e-13       0.000000000000e+00       7.229241657571e-17       6.450505157169e-18       5.725944937629e-19 
 2974       3.515035467642e-12       1.378506066492e-13      -2.919938141488e-13       0.000000000000e+00       7.219059007465e-17       6.469744579101e-18       5.638712578517e-19 
 2975       3.512842967592e-12       1.368557782275e-13      -2.910330649417e-13       0.000000000000e+00       7.208894024919e-17       6.489412208444e-18       5.557355948801e-19 
 2976       3.510584080264e-12       1.358647775573e-13      -2.900348017381e-13       0.000000000000e+00       7.198746825089e-17       6.509521446912e-18       5.481716017344e-19 
 2977       3.508260362611e-12       1.348774343872e-13      -2.889987496290e-13       0.000000000000e+00       7.188617523325e-17       6.530085730568e-18       5.411633301290e-19 
 2978       3.505873376022e-12       1.338935779887e-13      -2.879246331150e-13       0.000000000000e+00       7.178506235164e-17       6.551118529847e-18       5.346947865671e-19 
 2979       3.503424686333e-12       1.329130371560e-13      -2.868121761059e-13       0.000000000000e+00       7.168413076335e-17       6.572633349587e-18       5.287499323028e-19 
 2980       3.500915863828e-12       1.319356402057e-13      -2.856611019206e-13       0.000000000000e+00       7.158338162753e-17       6.594643729055e-18       5.233126833022e-19 
 2981       3.498348483242e-12       1.309612149764e-13      -2.844711332860e-13       0.000000000000e+00       7.148281610527e-17       6.617163241979e-18       5.183669102047e-19 
 2982       3.495724123765e-12       1.299895888278e-13      -2.832419923371e-13       0.000000000000e+00       7.138243535955e-17       6.640205496570e-18       5.138964382846e-19 
 2983       3.493044369047e-12       1.290205886410e-13      -2.819734006165e-13       0.000000000000e+00       7.128224055523e-17       6.663784135559e-18       5.098850474121e-19 
 2984       3.490310807203e-12       1.280540408176e-13      -2.806650790736e-13       0.000000000000e+00       7.118223285910e-17       6.687912836219e-18       5.063164720153e-19 
 2985       3.487525030810e-12       1.270897712795e-13      -2.793167480644e-13       0.000000000000e+00       7.108241343985e-17       6.712605310395e-18       5.031744010409e-19 
 2986       3.484688636921e-12       1.261276054686e-13      -2.779281273510e-13       0.000000000000e+00       7.098278346807e-17       6.737875304532e-18       5.004424779160e-19 
 2987       3.481803227061e-12       1.251673683458e-13      -2.764989361012e-13       0.000000000000e+00       7.088334411626e-17       6.763736599706e-18       4.981043005096e-19 
 2988       3.478870407232e-12       1.242088843916e-13      -2.750288928879e-13       0.000000000000e+00       7.078409655881e-17       6.790203011649e-18       4.961434210935e-19 
 2989       3.475891787921e-12       1.232519776048e-13      -2.735177156888e-13       0.000000000000e+00       7.068504197206e-17       6.817288390779e-18       4.945433463040e-19 
 2990       3.472868984100e-12       1.222964715024e-13      -2.719651218859e-13       0.000000000000e+00       7.058618153422e-17       6.845006622228e-18       4.932875371033e-19 
 2991       3.469803615229e-12       1.213421891194e-13      -2.703708282650e-13       0.000000000000e+00       7.048751642544e-17       6.873371625871e-18       4.923594087409e-19 
 2992       3.466697305263e-12       1.203889530081e-13      -2.687345510151e-13       0.000000000000e+00       7.038904782776e-17       6.902397356354e-18       4.917423307147e-19 
 2993       3.463551682654e-12       1.194365852378e-13      -2.670560057284e-13       0.000000000000e+00       7.029077692515e-17       6.932097803121e-18       4.914196267328e-19 
 2994       3.460368380356e-12       1.184849073944e-13      -2.653349073994e-13       0.000000000000e+00       7.019270490349e-17       6.962486990445e-18       4.913745746745e-19 
 2995       3.457149035827e-12       1.175337405800e-13      -2.635709704247e-13       0.000000000000e+00       7.009483295057e-17       6.993578977456e-18       4.915904065519e-19 
 2996       3.453895291032e-12       1.165829054125e-13      -2.617639086023e-13       0.000000000000e+00       6.999716225612e-17       7.025387858166e-18       4.920503084713e-19 
 2997       3.450608792452e-12       1.156322220253e-13      -2.599134351313e-13       0.000000000000e+00       6.989969401176e-17       7.057927761501e-18       4.927374205946e-19 
 2998       3.447291191081e-12       1.146815100666e-13      -2.580192626117e-13       0.000000000000e+00       6.980242941105e-17       7.091212851327e-18       4.936348371003e-19 
 2999       3.443944142436e-12       1.137305886991e-13      -2.560811030435e-13       0.000000000000e+00       6.970536964946e-17       7.125257326483e-18       4.947256061454e-19 
 3000       3.440569306556e-12       1.127792765999e-13      -2.540986678263e-13       0.000000000000e+00       6.960851592439e-17       7.160075420803e-18       4.959927298266e-19 
