# dimensionless total [l(l+1)/2pi] C_l's
# for l=2 to 3000, i.e. number of multipoles equal to 2999
#
# -> if you prefer output in CAMB/HealPix/LensPix units/order, set 'format' to 'camb' in input file
# -> if you don't want to see such a header, set 'headers' to 'no' in input file
# -> for CMB lensing (phi), these are C_l^phi-phi for the lensing potential.
#    Remember the conversion factors:
#    C_l^dd (deflection) = l(l+1) C_l^phi-phi
#    C_l^gg (shear/convergence) = 1/4 (l(l+1))^2 C_l^phi-phi
#
# 1:l     2:TT                     3:EE                     4:TE                     5:BB                     6:phiphi                 7:TPhi                   8:Ephi               
    2       1.381337011335e-10       4.175594413719e-15       3.515670846814e-13       0.000000000000e+00       8.285959804987e-09       4.560819974067e-10      -1.840536643447e-12 
    3       1.306080810677e-10       5.350274016757e-15       3.951459575553e-13       0.000000000000e+00       5.086968936183e-09       3.225668458269e-10      -1.393793195044e-12 
    4       1.235424386113e-10       4.625820121501e-15       3.695227470347e-13       0.000000000000e+00       3.522976272292e-09       2.438425223395e-10      -9.121458056440e-13 
    5       1.182583895932e-10       3.084257757727e-15       3.146795173048e-13       0.000000000000e+00       2.621510705571e-09       1.923939850100e-10      -5.066439193400e-13 
    6       1.146368801521e-10       1.723612967189e-15       2.534366810174e-13       0.000000000000e+00       2.042587635265e-09       1.563949559378e-10      -2.079556350827e-13 
    7       1.122785255751e-10       9.311391122783e-16       1.989901737349e-13       0.000000000000e+00       1.644359382589e-09       1.299943139514e-10      -1.757526978045e-14 
    8       1.109032228483e-10       6.009311719185e-16       1.571122068665e-13       0.000000000000e+00       1.356594591962e-09       1.099894075832e-10       7.944461222897e-14 
    9       1.102629590748e-10       4.823436472837e-16       1.290818200230e-13       0.000000000000e+00       1.140656432531e-09       9.448252597181e-11       1.064459767028e-13 
   10       1.101275595723e-10       4.106946626018e-16       1.135745500789e-13       0.000000000000e+00       9.737543393897e-10       8.220687066513e-11       8.927583863818e-14 
   11       1.104379799687e-10       3.446088000774e-16       1.079324579470e-13       0.000000000000e+00       8.334466120481e-10       7.302021186088e-11       5.202265706309e-14 
   12       1.110430524088e-10       2.997401545320e-16       1.090985932658e-13       0.000000000000e+00       7.284105753941e-10       6.456669555143e-11       1.226568260174e-14 
   13       1.118922284969e-10       2.870822837726e-16       1.143906192522e-13       0.000000000000e+00       6.421613110224e-10       5.770063373084e-11      -1.799996754672e-14 
   14       1.129378871096e-10       2.986624389968e-16       1.217881999705e-13       0.000000000000e+00       5.703862130564e-10       5.172041577455e-11      -3.451792137787e-14 
   15       1.141671932798e-10       3.227423784006e-16       1.300032586925e-13       0.000000000000e+00       5.099614563617e-10       4.668983141922e-11      -3.749774819568e-14 
   16       1.155053415743e-10       3.568018173398e-16       1.383734102266e-13       0.000000000000e+00       4.585756420349e-10       4.235384444334e-11      -3.090285387557e-14 
   17       1.169794154557e-10       4.063780106733e-16       1.466768036270e-13       0.000000000000e+00       4.144862520974e-10       3.856974643902e-11      -1.993081477870e-14 
   18       1.185264359893e-10       4.768965359493e-16       1.551748191815e-13       0.000000000000e+00       3.762160464324e-10       3.526911790864e-11      -9.467900404819e-15 
   19       1.201577293946e-10       5.686815169325e-16       1.640906451250e-13       0.000000000000e+00       3.431478774299e-10       3.240473015958e-11      -2.114100657950e-15 
   20       1.218659743424e-10       6.797318817991e-16       1.735639183938e-13       0.000000000000e+00       3.140215698504e-10       2.986222995795e-11       4.241085403233e-16 
   21       1.236524924744e-10       8.094129376160e-16       1.835455808233e-13       0.000000000000e+00       2.883792836268e-10       2.759564513025e-11      -1.288838324026e-15 
   22       1.254913063487e-10       9.572393061585e-16       1.938474061871e-13       0.000000000000e+00       2.656039472499e-10       2.554800865077e-11      -5.507918307618e-15 
   23       1.273887609550e-10       1.123380440173e-15       2.041463389377e-13       0.000000000000e+00       2.453909039278e-10       2.371071021807e-11      -1.047971044918e-14 
   24       1.293390590439e-10       1.308051487799e-15       2.140298440272e-13       0.000000000000e+00       2.272788857699e-10       2.206697101771e-11      -1.433717636750e-14 
   25       1.313370062932e-10       1.511468163555e-15       2.231902726618e-13       0.000000000000e+00       2.110223712392e-10       2.059457661165e-11      -1.626948144182e-14 
   26       1.333649725676e-10       1.734001891877e-15       2.313640496230e-13       0.000000000000e+00       1.963033711295e-10       1.925674369781e-11      -1.595142574716e-14 
   27       1.354325537812e-10       1.977284423142e-15       2.384796465805e-13       0.000000000000e+00       1.830456666533e-10       1.804421695763e-11      -1.389536279700e-14 
   28       1.375424232996e-10       2.243572915849e-15       2.445486636332e-13       0.000000000000e+00       1.710886857085e-10       1.694158171423e-11      -1.110504623476e-14 
   29       1.396836557162e-10       2.535148616267e-15       2.496136626730e-13       0.000000000000e+00       1.601421992437e-10       1.592244855275e-11      -8.700296505886e-15 
   30       1.418628553179e-10       2.853103526452e-15       2.537229085238e-13       0.000000000000e+00       1.501459038011e-10       1.498577466943e-11      -7.069817262372e-15 
   31       1.440817458977e-10       3.198063455765e-15       2.569501853420e-13       0.000000000000e+00       1.410256263179e-10       1.413164288330e-11      -6.393753843932e-15 
   32       1.463322864674e-10       3.570600463089e-15       2.593631256148e-13       0.000000000000e+00       1.326371122258e-10       1.335308721562e-11      -6.759495020887e-15 
   33       1.486139456385e-10       3.971652032050e-15       2.608810533396e-13       0.000000000000e+00       1.249347088904e-10       1.264354585328e-11      -7.814635866229e-15 
   34       1.509203490558e-10       4.402246115932e-15       2.613633517859e-13       0.000000000000e+00       1.178502483025e-10       1.199070525606e-11      -8.971471814956e-15 
   35       1.532402007981e-10       4.863374294449e-15       2.606605554108e-13       0.000000000000e+00       1.112783376412e-10       1.137875150735e-11      -9.639300842074e-15 
   36       1.555804732383e-10       5.355938655988e-15       2.586702289141e-13       0.000000000000e+00       1.052019473981e-10       1.080558978378e-11      -9.755641904816e-15 
   37       1.579497728879e-10       5.880780818063e-15       2.552986851096e-13       0.000000000000e+00       9.960205867791e-11       1.027077643218e-11      -9.435352737873e-15 
   38       1.603513666888e-10       6.438691022809e-15       2.504455442708e-13       0.000000000000e+00       9.441969308975e-11       9.770555536978e-12      -8.833726261889e-15 
   39       1.627842624076e-10       7.030396138016e-15       2.440280310220e-13       0.000000000000e+00       8.957719016185e-11       9.299645919622e-12      -8.125271245037e-15 
   40       1.652484772245e-10       7.656528215583e-15       2.360650521800e-13       0.000000000000e+00       8.505973481755e-11       8.858102181001e-12      -7.424104888160e-15 
   41       1.677404752042e-10       8.317638688323e-15       2.266209483536e-13       0.000000000000e+00       8.085545744547e-11       8.446265237408e-12      -6.841402102075e-15 
   42       1.702510775840e-10       9.014201087376e-15       2.157845417422e-13       0.000000000000e+00       7.693110714453e-11       8.062708701077e-12      -6.508370973788e-15 
   43       1.727699259976e-10       9.746672427008e-15       2.036355600672e-13       0.000000000000e+00       7.324435247881e-11       7.704940017575e-12      -6.535727548631e-15 
   44       1.753017748939e-10       1.051571099970e-14       1.901280891288e-13       0.000000000000e+00       6.978952360256e-11       7.372135408701e-12      -6.874331970993e-15 
   45       1.778543970491e-10       1.132201882838e-14       1.751731344751e-13       0.000000000000e+00       6.656310403853e-11       7.062994225968e-12      -7.413010936986e-15 
   46       1.804338375177e-10       1.216628128256e-14       1.586696402475e-13       0.000000000000e+00       6.354999664080e-11       6.774856728722e-12      -8.014980385030e-15 
   47       1.830442063266e-10       1.304916670761e-14       1.405036727539e-13       0.000000000000e+00       6.072262067142e-11       6.503602212765e-12      -8.516344803963e-15 
   48       1.856876623309e-10       1.397123812284e-14       1.205710432090e-13       0.000000000000e+00       5.804940333906e-11       6.244838999736e-12      -8.770900965595e-15 
   49       1.883648431132e-10       1.493265974719e-14       9.885462186458e-14       0.000000000000e+00       5.552519174851e-11       5.998108768268e-12      -8.802985314265e-15 
   50       1.910742000925e-10       1.593340710966e-14       7.536741507256e-14       0.000000000000e+00       5.314786238378e-11       5.763692345844e-12      -8.695134027696e-15 
   51       1.938116252522e-10       1.697334302010e-14       5.013139903625e-14       0.000000000000e+00       5.090926193856e-11       5.541386247426e-12      -8.546380949809e-15 
   52       1.965702535867e-10       1.805221271217e-14       2.317789925912e-14       0.000000000000e+00       4.879478370221e-11       5.330466715341e-12      -8.473119369478e-15 
   53       1.993431320401e-10       1.916976248887e-14      -5.465895193367e-15       0.000000000000e+00       4.678795460485e-11       5.130001589221e-12      -8.579270450052e-15 
   54       2.021324867829e-10       2.032614265722e-14      -3.582233352266e-14       0.000000000000e+00       4.488655623250e-11       4.939962841329e-12      -8.855799043697e-15 
   55       2.049424946425e-10       2.152159974024e-14      -6.792891479929e-14       0.000000000000e+00       4.308991091710e-11       4.760337448403e-12      -9.256861043702e-15 
   56       2.077765495771e-10       2.275636235757e-14      -1.018256420384e-13       0.000000000000e+00       4.139402521235e-11       4.590783707689e-12      -9.727819447031e-15 
   57       2.106371853110e-10       2.403064154671e-14      -1.375552241008e-13       0.000000000000e+00       3.979137637026e-11       4.430609860891e-12      -1.020481920019e-14 
   58       2.135259979701e-10       2.534463108429e-14      -1.751632775932e-13       0.000000000000e+00       3.827069881761e-11       4.278752718130e-12      -1.061436204509e-14 
   59       2.164439609753e-10       2.669838979980e-14      -2.146855783994e-13       0.000000000000e+00       3.682008512761e-11       4.134065636492e-12      -1.089084400285e-14 
   60       2.193926308282e-10       2.809145587221e-14      -2.561059005040e-13       0.000000000000e+00       3.543761482781e-11       3.996309100514e-12      -1.103488935736e-14 
   61       2.223730851114e-10       2.952314337009e-14      -2.993887255189e-13       0.000000000000e+00       3.412282093216e-11       3.865352813691e-12      -1.106783623533e-14 
   62       2.253854920919e-10       3.099264877969e-14      -3.444910999167e-13       0.000000000000e+00       3.287349337194e-11       3.740875903306e-12      -1.101514507812e-14 
   63       2.284290466526e-10       3.249904732587e-14      -3.913623979364e-13       0.000000000000e+00       3.168557782799e-11       3.622356030980e-12      -1.090658239049e-14 
   64       2.315019062253e-10       3.404128929312e-14      -4.399440844886e-13       0.000000000000e+00       3.055307456303e-11       3.509058503226e-12      -1.077640448951e-14 
   65       2.346021050175e-10       3.561831451340e-14      -4.901822957049e-13       0.000000000000e+00       2.946969389505e-11       3.400238282509e-12      -1.065581490045e-14 
   66       2.377306656402e-10       3.722943227492e-14      -5.420692098894e-13       0.000000000000e+00       2.843445735695e-11       3.295820205613e-12      -1.054806717538e-14 
   67       2.408890338893e-10       3.887401553261e-14      -5.956100402780e-13       0.000000000000e+00       2.744710542391e-11       3.195843783512e-12      -1.044840217084e-14 
   68       2.440781225824e-10       4.055138947418e-14      -6.508111096861e-13       0.000000000000e+00       2.650639448558e-11       3.100258170485e-12      -1.035127736615e-14 
   69       2.472982748558e-10       4.226083114651e-14      -7.076799719492e-13       0.000000000000e+00       2.561004481512e-11       3.008917229924e-12      -1.025033449046e-14 
   70       2.505492274619e-10       4.400156908199e-14      -7.662255333639e-13       0.000000000000e+00       2.475468853831e-11       2.921574600144e-12      -1.013836714985e-14 
   71       2.538300740664e-10       4.577278292487e-14      -8.264581741283e-13       0.000000000000e+00       2.393581760266e-11       2.837878760199e-12      -1.000728845439e-14 
   72       2.571398501306e-10       4.757356828180e-14      -8.883813840816e-13       0.000000000000e+00       2.314894336842e-11       2.757468233230e-12      -9.850542146494e-15 
   73       2.604794990957e-10       4.940282429273e-14      -9.519645413292e-13       0.000000000000e+00       2.239344869284e-11       2.680289317686e-12      -9.670943731914e-15 
   74       2.638502190369e-10       5.125934370356e-14      -1.017165103611e-12       0.000000000000e+00       2.166938466788e-11       2.606330711702e-12      -9.474292958104e-15 
   75       2.672528523897e-10       5.314184458204e-14      -1.083936559964e-12       0.000000000000e+00       2.097630055922e-11       2.535526176497e-12      -9.267086688479e-15 
   76       2.706878634384e-10       5.504896915021e-14      -1.152228358427e-12       0.000000000000e+00       2.031321943794e-11       2.467751888436e-12      -9.056542317198e-15 
   77       2.741553158048e-10       5.697928261672e-14      -1.221985833742e-12       0.000000000000e+00       1.967861381217e-11       2.402823791081e-12      -8.850621183955e-15 
   78       2.776548499367e-10       5.893127200930e-14      -1.293150135061e-12       0.000000000000e+00       1.907038125886e-11       2.340494947251e-12      -8.658051988758e-15 
   79       2.811856605964e-10       6.090334500708e-14      -1.365658153644e-12       0.000000000000e+00       1.848582005541e-11       2.280452891079e-12      -8.488354206728e-15 
   80       2.847469394694e-10       6.289388126035e-14      -1.439447873235e-12       0.000000000000e+00       1.792230023341e-11       2.222397047220e-12      -8.349594888493e-15 
   81       2.883393410358e-10       6.490139918234e-14      -1.514475650298e-12       0.000000000000e+00       1.737946456068e-11       2.166292297804e-12      -8.241158908959e-15 
   82       2.919637313676e-10       6.692441612762e-14      -1.590701816845e-12       0.000000000000e+00       1.685736709989e-11       2.112154823757e-12      -8.159760021756e-15 
   83       2.956207319366e-10       6.896139828495e-14      -1.668085551999e-12       0.000000000000e+00       1.635580042361e-11       2.059974801655e-12      -8.101577682061e-15 
   84       2.993107057158e-10       7.101076048159e-14      -1.746584910118e-12       0.000000000000e+00       1.587428412422e-11       2.009715238502e-12      -8.062238487051e-15 
   85       3.030337432821e-10       7.307086598779e-14      -1.826156848919e-12       0.000000000000e+00       1.541205332378e-11       1.961310806512e-12      -8.036797616343e-15 
   86       3.067896489175e-10       7.514002632107e-14      -1.906757257599e-12       0.000000000000e+00       1.496804718388e-11       1.914666677893e-12      -8.019720272447e-15 
   87       3.105779267116e-10       7.721650105065e-14      -1.988340984960e-12       0.000000000000e+00       1.454089741559e-11       1.869657359629e-12      -8.004863121210e-15 
   88       3.143977666632e-10       7.929849760181e-14      -2.070861867531e-12       0.000000000000e+00       1.412891678928e-11       1.826125528256e-12      -7.985455732261e-15 
   89       3.182483562621e-10       8.138419611287e-14      -2.154271294214e-12       0.000000000000e+00       1.373050096389e-11       1.783920850948e-12      -7.955553653878e-15 
   90       3.221299015434e-10       8.347182890126e-14      -2.238513580868e-12       0.000000000000e+00       1.334543125964e-11       1.743025967722e-12      -7.914699320174e-15 
   91       3.260427413427e-10       8.555961316063e-14      -2.323529918590e-12       0.000000000000e+00       1.297375602917e-11       1.703448216867e-12      -7.863961495534e-15 
   92       3.299870271790e-10       8.764572719522e-14      -2.409259778706e-12       0.000000000000e+00       1.261539030669e-11       1.665180849665e-12      -7.804532166125e-15 
   93       3.339627142323e-10       8.972831059946e-14      -2.495640918975e-12       0.000000000000e+00       1.227011050985e-11       1.628202464210e-12      -7.737730027305e-15 
   94       3.379695523223e-10       9.180546443778e-14      -2.582609389785e-12       0.000000000000e+00       1.193754914172e-11       1.592476439243e-12      -7.665003971022e-15 
   95       3.420070768857e-10       9.387525142421e-14      -2.670099540350e-12       0.000000000000e+00       1.161718949271e-11       1.557950367979e-12      -7.587936573222e-15 
   96       3.460745999550e-10       9.593569610215e-14      -2.758044024910e-12       0.000000000000e+00       1.130836034249e-11       1.524555491927e-12      -7.508247581254e-15 
   97       3.501712011358e-10       9.798478502401e-14      -2.846373808932e-12       0.000000000000e+00       1.101023066192e-11       1.492206134727e-12      -7.427797401269e-15 
   98       3.542957185857e-10       1.000204669310e-13      -2.935018175300e-12       0.000000000000e+00       1.072180431501e-11       1.460799135971e-12      -7.348590585632e-15 
   99       3.584470386148e-10       1.020406994943e-13      -3.023906106808e-12       0.000000000000e+00       1.044214837053e-11       1.430238469170e-12      -7.272373893712e-15 
  100       3.626250307974e-10       1.040435967051e-13      -3.112970643634e-12       0.000000000000e+00       1.017112638820e-11       1.400514298158e-12      -7.199357975969e-15 
  101       3.668297291672e-10       1.060273027922e-13      -3.202145157449e-12       0.000000000000e+00       9.908759637168e-12       1.371634118662e-12      -7.129320263657e-15 
  102       3.710610400762e-10       1.079899482572e-13      -3.291362052785e-12       0.000000000000e+00       9.655000317023e-12       1.343598315531e-12      -7.061992833414e-15 
  103       3.753187367927e-10       1.099296506190e-13      -3.380552789910e-12       0.000000000000e+00       9.409729091385e-12       1.316399901823e-12      -6.997060980404e-15 
  104       3.796024540986e-10       1.118445151577e-13      -3.469647907718e-12       0.000000000000e+00       9.172752621456e-12       1.290024257899e-12      -6.934161791460e-15 
  105       3.839116828874e-10       1.137326356585e-13      -3.558577046601e-12       0.000000000000e+00       8.943801099591e-12       1.264448870510e-12      -6.872882718227e-15 
  106       3.882457647619e-10       1.155920951561e-13      -3.647268971333e-12       0.000000000000e+00       8.722525782856e-12       1.239643071890e-12      -6.812760150302e-15 
  107       3.926038866320e-10       1.174209666785e-13      -3.735651593951e-12       0.000000000000e+00       8.508496526598e-12       1.215567778840e-12      -6.753277988382e-15 
  108       3.969850753120e-10       1.192173139914e-13      -3.823651996635e-12       0.000000000000e+00       8.301199318007e-12       1.192175231823e-12      -6.693866217399e-15 
  109       4.013881921190e-10       1.209791923419e-13      -3.911196454588e-12       0.000000000000e+00       8.100033809679e-12       1.169408734049e-12      -6.633899479668e-15 
  110       4.058121246152e-10       1.227046975059e-13      -3.998210972516e-12       0.000000000000e+00       7.904448665936e-12       1.147215761601e-12      -6.572824217095e-15 
  111       4.102564013184e-10       1.243921184664e-13      -4.084622923012e-12       0.000000000000e+00       7.714372580139e-12       1.125589760482e-12      -6.510561652474e-15 
  112       4.147206459168e-10       1.260398057578e-13      -4.170359661646e-12       0.000000000000e+00       7.529834059097e-12       1.104533235293e-12      -6.447153950711e-15 
  113       4.192043837322e-10       1.276461261149e-13      -4.255348059714e-12       0.000000000000e+00       7.350827441952e-12       1.084044728346e-12      -6.382640098540e-15 
  114       4.237070382540e-10       1.292094636914e-13      -4.339514532169e-12       0.000000000000e+00       7.177311788169e-12       1.064118690171e-12      -6.317055741238e-15 
  115       4.282279276755e-10       1.307282212787e-13      -4.422785065550e-12       0.000000000000e+00       7.009209765525e-12       1.044745350010e-12      -6.250433019352e-15 
  116       4.327662614287e-10       1.322008215249e-13      -4.505085245905e-12       0.000000000000e+00       6.846406538101e-12       1.025910586321e-12      -6.182800405414e-15 
  117       4.373211367194e-10       1.336257081534e-13      -4.586340286725e-12       0.000000000000e+00       6.688748654270e-12       1.007595797279e-12      -6.114182540668e-15 
  118       4.418915350631e-10       1.350013471817e-13      -4.666475056869e-12       0.000000000000e+00       6.536042934683e-12       9.897777712726e-13      -6.044600071781e-15 
  119       4.464763188194e-10       1.363262281405e-13      -4.745414108494e-12       0.000000000000e+00       6.388055360265e-12       9.724285574076e-13      -5.974069487573e-15 
  120       4.510742277282e-10       1.375988652922e-13      -4.823081704980e-12       0.000000000000e+00       6.244509960199e-12       9.555153360056e-13      -5.902602955733e-15 
  121       4.556838754440e-10       1.388177988497e-13      -4.899401848861e-12       0.000000000000e+00       6.105087699916e-12       9.390002891050e-13      -5.830208159538e-15 
  122       4.603037460721e-10       1.399815961955e-13      -4.974298309753e-12       0.000000000000e+00       5.969425369090e-12       9.228404709613e-13      -5.756888134578e-15 
  123       4.649323768383e-10       1.410889007161e-13      -5.047695614725e-12       0.000000000000e+00       5.837193968131e-12       9.069978578546e-13      -5.682669745520e-15 
  124       4.695689372420e-10       1.421385820634e-13      -5.119522088748e-12       0.000000000000e+00       5.708346432986e-12       8.914710806500e-13      -5.607693168504e-15 
  125       4.742127102175e-10       1.431296055329e-13      -5.189707217803e-12       0.000000000000e+00       5.582896406282e-12       8.762671106565e-13      -5.532132428809e-15 
  126       4.788629099792e-10       1.440609875712e-13      -5.258180752850e-12       0.000000000000e+00       5.460840806321e-12       8.613913579385e-13      -5.456167742981e-15 
  127       4.835186800207e-10       1.449317973692e-13      -5.324872745332e-12       0.000000000000e+00       5.342159340552e-12       8.468476219049e-13      -5.379985580885e-15 
  128       4.881790911151e-10       1.457411584557e-13      -5.389713582679e-12       0.000000000000e+00       5.226814019045e-12       8.326380418984e-13      -5.303778727760e-15 
  129       4.928431393143e-10       1.464882502909e-13      -5.452634023802e-12       0.000000000000e+00       5.114748667952e-12       8.187630477850e-13      -5.227746346278e-15 
  130       4.975097439490e-10       1.471723098596e-13      -5.513565234597e-12       0.000000000000e+00       5.005888442984e-12       8.052213105428e-13      -5.152094038596e-15 
  131       5.021777456285e-10       1.477926332647e-13      -5.572438823446e-12       0.000000000000e+00       4.900139342876e-12       7.920096928519e-13      -5.077033908412e-15 
  132       5.068459042403e-10       1.483485773209e-13      -5.629186876716e-12       0.000000000000e+00       4.797387722857e-12       7.791231996832e-13      -5.002784623022e-15 
  133       5.115128969497e-10       1.488395611479e-13      -5.683741994259e-12       0.000000000000e+00       4.697499808122e-12       7.665549288875e-13      -4.929571475370e-15 
  134       5.161773162000e-10       1.492650677637e-13      -5.736037324915e-12       0.000000000000e+00       4.600321207299e-12       7.542960217854e-13      -4.857626446112e-15 
  135       5.208376677117e-10       1.496246456784e-13      -5.786006602010e-12       0.000000000000e+00       4.505676425920e-12       7.423356137560e-13      -4.787188265663e-15 
  136       5.254923684826e-10       1.499179104875e-13      -5.833584178857e-12       0.000000000000e+00       4.413368379887e-12       7.306607848264e-13      -4.718502476257e-15 
  137       5.301398829385e-10       1.501445742976e-13      -5.878705681142e-12       0.000000000000e+00       4.323220218475e-12       7.192591357333e-13      -4.651761375818e-15 
  138       5.347791515190e-10       1.503045340685e-13      -5.921309965121e-12       0.000000000000e+00       4.235206707647e-12       7.081269215540e-13      -4.586916704373e-15 
  139       5.394092028554e-10       1.503977954764e-13      -5.961337430308e-12       0.000000000000e+00       4.149335582980e-12       6.972616699701e-13      -4.523847602010e-15 
  140       5.440290184859e-10       1.504244476558e-13      -5.998729459822e-12       0.000000000000e+00       4.065606244046e-12       6.866595988720e-13      -4.462418671335e-15 
  141       5.486375317324e-10       1.503846649689e-13      -6.033428459805e-12       0.000000000000e+00       3.984009536424e-12       6.763155836125e-13      -4.402479657951e-15 
  142       5.532336265770e-10       1.502787087764e-13      -6.065377898834e-12       0.000000000000e+00       3.904527533720e-12       6.662231242602e-13      -4.343865130925e-15 
  143       5.578161365385e-10       1.501069292070e-13      -6.094522347342e-12       0.000000000000e+00       3.827133319579e-12       6.563743128533e-13      -4.286394163267e-15 
  144       5.623838435494e-10       1.498697669280e-13      -6.120807517031e-12       0.000000000000e+00       3.751790769702e-12       6.467598006532e-13      -4.229870012401e-15 
  145       5.669354768321e-10       1.495677549150e-13      -6.144180300286e-12       0.000000000000e+00       3.678454333864e-12       6.373687653981e-13      -4.174079800640e-15 
  146       5.714697117759e-10       1.492015202223e-13      -6.164588809595e-12       0.000000000000e+00       3.607068817930e-12       6.281888785567e-13      -4.118794195657e-15 
  147       5.759851688132e-10       1.487717857528e-13      -6.181982416964e-12       0.000000000000e+00       3.537569165870e-12       6.192062725820e-13      -4.063767090964e-15 
  148       5.804804122964e-10       1.482793720280e-13      -6.196311793331e-12       0.000000000000e+00       3.469880241774e-12       6.104055081646e-13      -4.008735286379e-15 
  149       5.849539493746e-10       1.477251989586e-13      -6.207528947983e-12       0.000000000000e+00       3.403916611871e-12       6.017695414863e-13      -3.953418168504e-15 
  150       5.894042288697e-10       1.471102876140e-13      -6.215587267973e-12       0.000000000000e+00       3.339582326542e-12       5.932796914743e-13      -3.897517391199e-15 
  151       5.938296401537e-10       1.464357619927e-13      -6.220441557533e-12       0.000000000000e+00       3.276770702341e-12       5.849156070543e-13      -3.840716556052e-15 
  152       5.982285120248e-10       1.457028507922e-13      -6.222048077496e-12       0.000000000000e+00       3.215364104004e-12       5.766552344041e-13      -3.782680892857e-15 
  153       6.025992347478e-10       1.449128735540e-13      -6.220364828302e-12       0.000000000000e+00       3.155258267028e-12       5.684798961782e-13      -3.723138519848e-15 
  154       6.069406413008e-10       1.440671939218e-13      -6.215352345693e-12       0.000000000000e+00       3.096438267678e-12       5.603901292565e-13      -3.662133394682e-15 
  155       6.112516595833e-10       1.431672653938e-13      -6.206973054468e-12       0.000000000000e+00       3.038909230669e-12       5.523912633277e-13      -3.599795372220e-15 
  156       6.155311919456e-10       1.422146482343e-13      -6.195191071845e-12       0.000000000000e+00       2.982672330940e-12       5.444884345515e-13      -3.536260832744e-15 
  157       6.197781146923e-10       1.412110111638e-13      -6.179972248122e-12       0.000000000000e+00       2.927724700655e-12       5.366865788474e-13      -3.471672777918e-15 
  158       6.239912775863e-10       1.401581330500e-13      -6.161284207328e-12       0.000000000000e+00       2.874059336204e-12       5.289904251836e-13      -3.406180926737e-15 
  159       6.281695033526e-10       1.390579045980e-13      -6.139096387885e-12       0.000000000000e+00       2.821665005202e-12       5.214044888652e-13      -3.339941811487e-15 
  160       6.323115871822e-10       1.379123300409e-13      -6.113380083261e-12       0.000000000000e+00       2.770526153487e-12       5.139330648231e-13      -3.273118873697e-15 
  161       6.364162962364e-10       1.367235288303e-13      -6.084108482630e-12       0.000000000000e+00       2.720622812124e-12       5.065802209026e-13      -3.205882560094e-15 
  162       6.404823691500e-10       1.354937373270e-13      -6.051256711523e-12       0.000000000000e+00       2.671930504402e-12       4.993497911519e-13      -3.138410418562e-15 
  163       6.445085155354e-10       1.342253104913e-13      -6.014801872490e-12       0.000000000000e+00       2.624420152833e-12       4.922453691109e-13      -3.070887194091e-15 
  164       6.484934154869e-10       1.329207235735e-13      -5.974723085755e-12       0.000000000000e+00       2.578057986156e-12       4.852703010998e-13      -3.003504924735e-15 
  165       6.524357190840e-10       1.315825738045e-13      -5.931001529872e-12       0.000000000000e+00       2.532805446331e-12       4.784276795073e-13      -2.936463037570e-15 
  166       6.563340458957e-10       1.302135820866e-13      -5.883620482380e-12       0.000000000000e+00       2.488619095544e-12       4.717203360801e-13      -2.869968444642e-15 
  167       6.601869844841e-10       1.288165946833e-13      -5.832565360464e-12       0.000000000000e+00       2.445450523204e-12       4.651508352107e-13      -2.804235638929e-15 
  168       6.639930919085e-10       1.273945849105e-13      -5.777823761608e-12       0.000000000000e+00       2.403246252945e-12       4.587214672264e-13      -2.739486790293e-15 
  169       6.677508932289e-10       1.259506548267e-13      -5.719385504251e-12       0.000000000000e+00       2.361947649624e-12       4.524342416779e-13      -2.675951841432e-15 
  170       6.714588810106e-10       1.244880369237e-13      -5.657242668447e-12       0.000000000000e+00       2.321490826320e-12       4.462908806278e-13      -2.613868603842e-15 
  171       6.751156137799e-10       1.230099983884e-13      -5.591388919310e-12       0.000000000000e+00       2.281819570576e-12       4.402923296533e-13      -2.553431882606e-15 
  172       6.787200216453e-10       1.215195413931e-13      -5.521817328934e-12       0.000000000000e+00       2.242925527292e-12       4.344372591492e-13      -2.494635889644e-15 
  173       6.822711253275e-10       1.200196809379e-13      -5.448522449925e-12       0.000000000000e+00       2.204811203710e-12       4.287234246195e-13      -2.437418813407e-15 
  174       6.857679394090e-10       1.185135413138e-13      -5.371501053710e-12       0.000000000000e+00       2.167477212188e-12       4.231481291013e-13      -2.381712496122e-15 
  175       6.892094722418e-10       1.170043573949e-13      -5.290752168266e-12       0.000000000000e+00       2.130922230309e-12       4.177082144858e-13      -2.327442321784e-15 
  176       6.925947258547e-10       1.154954759320e-13      -5.206277115852e-12       0.000000000000e+00       2.095142961008e-12       4.124000528390e-13      -2.274527104154e-15 
  177       6.959226958611e-10       1.139903568452e-13      -5.118079550741e-12       0.000000000000e+00       2.060134092680e-12       4.072195377227e-13      -2.222878974751e-15 
  178       6.991923713668e-10       1.124925745173e-13      -5.026165496946e-12       0.000000000000e+00       2.025888259309e-12       4.021620755156e-13      -2.172403270846e-15 
  179       7.024027348771e-10       1.110058190865e-13      -4.930543385954e-12       0.000000000000e+00       1.992396000576e-12       3.972225767340e-13      -2.122998423457e-15 
  180       7.055527622048e-10       1.095338977395e-13      -4.831224094455e-12       0.000000000000e+00       1.959645721982e-12       3.923954473529e-13      -2.074555845344e-15 
  181       7.086414223778e-10       1.080807360044e-13      -4.728220982073e-12       0.000000000000e+00       1.927623654967e-12       3.876745801266e-13      -2.026959819005e-15 
  182       7.116676775464e-10       1.066503790442e-13      -4.621549929096e-12       0.000000000000e+00       1.896313817025e-12       3.830533459100e-13      -1.980087384664e-15 
  183       7.146304828913e-10       1.052469929491e-13      -4.511229374206e-12       0.000000000000e+00       1.865697971821e-12       3.785245849793e-13      -1.933808228272e-15 
  184       7.175287865308e-10       1.038748660301e-13      -4.397280352209e-12       0.000000000000e+00       1.835755589314e-12       3.740805983528e-13      -1.887984569498e-15 
  185       7.203615294288e-10       1.025384101117e-13      -4.279726531769e-12       0.000000000000e+00       1.806463805870e-12       3.697131391120e-13      -1.842471049727e-15 
  186       7.231276453021e-10       1.012421618249e-13      -4.158594253133e-12       0.000000000000e+00       1.777797384382e-12       3.654134037228e-13      -1.797114620047e-15 
  187       7.258260605281e-10       9.999078390031e-14      -4.033912565864e-12       0.000000000000e+00       1.749728674388e-12       3.611720233557e-13      -1.751754429251e-15 
  188       7.284556940525e-10       9.878906646136e-14      -3.905713266574e-12       0.000000000000e+00       1.722227572189e-12       3.569790552071e-13      -1.706221711828e-15 
  189       7.310154572968e-10       9.764192831691e-14      -3.774030936649e-12       0.000000000000e+00       1.695261480965e-12       3.528239738206e-13      -1.660339675956e-15 
  190       7.335042540658e-10       9.655441825451e-14      -3.638902979985e-12       0.000000000000e+00       1.668795270896e-12       3.486956624072e-13      -1.613923391501e-15 
  191       7.359210539696e-10       9.553150773184e-14      -3.500367467538e-12       0.000000000000e+00       1.642798223773e-12       3.445847235314e-13      -1.566820413378e-15 
  192       7.382651190314e-10       9.457744889061e-14      -3.358456411822e-12       0.000000000000e+00       1.617265531695e-12       3.404906228190e-13      -1.519036288054e-15 
  193       7.405357939384e-10       9.369637076670e-14      -3.213202059410e-12       0.000000000000e+00       1.592198337885e-12       3.364150656104e-13      -1.470618267088e-15 
  194       7.427324342030e-10       9.289248416764e-14      -3.064639069093e-12       0.000000000000e+00       1.567596880301e-12       3.323597246997e-13      -1.421615439475e-15 
  195       7.448544063111e-10       9.217008228298e-14      -2.912804542432e-12       0.000000000000e+00       1.543460474605e-12       3.283262392451e-13      -1.372078752940e-15 
  196       7.469010878705e-10       9.153354129474e-14      -2.757738054317e-12       0.000000000000e+00       1.519787497141e-12       3.243162136798e-13      -1.322061035230e-15 
  197       7.488718677585e-10       9.098732098781e-14      -2.599481683513e-12       0.000000000000e+00       1.496575367902e-12       3.203312166219e-13      -1.271617015401e-15 
  198       7.507661462707e-10       9.053596536037e-14      -2.438080043220e-12       0.000000000000e+00       1.473820533509e-12       3.163727797852e-13      -1.220803345114e-15 
  199       7.525833352688e-10       9.018410323430e-14      -2.273580311623e-12       0.000000000000e+00       1.451518450179e-12       3.124423968896e-13      -1.169678619921e-15 
  200       7.543228583287e-10       8.993644886560e-14      -2.106032262448e-12       0.000000000000e+00       1.429663566701e-12       3.085415225715e-13      -1.118303400556e-15 
  201       7.559841508889e-10       8.979780255482e-14      -1.935488295515e-12       0.000000000000e+00       1.408249307407e-12       3.046715712943e-13      -1.066740234230e-15 
  202       7.575666603985e-10       8.977305125745e-14      -1.762003467292e-12       0.000000000000e+00       1.387268055145e-12       3.008339162589e-13      -1.015053675916e-15 
  203       7.590698464654e-10       8.986716919433e-14      -1.585635521449e-12       0.000000000000e+00       1.366711134257e-12       2.970298883140e-13      -9.633103096450e-16 
  204       7.604931810045e-10       9.008521846210e-14      -1.406444919409e-12       0.000000000000e+00       1.346568793542e-12       2.932607748668e-13      -9.115787697931e-16 
  205       7.618361483858e-10       9.043234964360e-14      -1.224494870908e-12       0.000000000000e+00       1.326830189239e-12       2.895278187932e-13      -8.599297623735e-16 
  206       7.630982455826e-10       9.091380241826e-14      -1.039851364542e-12       0.000000000000e+00       1.307483367994e-12       2.858322173484e-13      -8.084360863275e-16 
  207       7.642789823195e-10       9.153490617256e-14      -8.525831983243e-13       0.000000000000e+00       1.288515249834e-12       2.821751210776e-13      -7.571726548147e-16 
  208       7.653778812210e-10       9.230108061042e-14      -6.627620102400e-13       0.000000000000e+00       1.269911611143e-12       2.785576327258e-13      -7.062165165038e-16 
  209       7.663944779592e-10       9.321783636359e-14      -4.704623087971e-13       0.000000000000e+00       1.251657067631e-12       2.749808061490e-13      -6.556468768638e-16 
  210       7.673283214019e-10       9.429077560212e-14      -2.757615035826e-13       0.000000000000e+00       1.233735057308e-12       2.714456452241e-13      -6.055451194540e-16 
  211       7.681789737615e-10       9.552559264474e-14      -7.873993581471e-14       0.000000000000e+00       1.216127823457e-12       2.679531027597e-13      -5.559948272153e-16 
  212       7.689460107421e-10       9.692807456930e-14       1.205190911022e-13       0.000000000000e+00       1.198816397610e-12       2.645040794064e-13      -5.070818037609e-16 
  213       7.696290603912e-10       9.850377113015e-14       3.219335650866e-13       0.000000000000e+00       1.181784302225e-12       2.610993734502e-13      -4.588785003158e-16 
  214       7.702279222630e-10       1.002569784489e-13       5.254359088200e-13       0.000000000000e+00       1.165028972196e-12       2.577395286821e-13      -4.113960825498e-16 
  215       7.707424565917e-10       1.021916878405e-13       7.309606652443e-13       0.000000000000e+00       1.148551072090e-12       2.544249741448e-13      -3.646291664839e-16 
  216       7.711725465608e-10       1.043119100797e-13       9.384402741134e-13       0.000000000000e+00       1.132350838565e-12       2.511560711153e-13      -3.185711022783e-16 
  217       7.715180985533e-10       1.066216751405e-13       1.147805052716e-12       0.000000000000e+00       1.116428073136e-12       2.479331118859e-13      -2.732139544702e-16 
  218       7.717790424013e-10       1.091250319360e-13       1.358983176603e-12       0.000000000000e+00       1.100782134940e-12       2.447563185455e-13      -2.285484822094e-16 
  219       7.719553316365e-10       1.118260480586e-13       1.571900660307e-12       0.000000000000e+00       1.085411933505e-12       2.416258417605e-13      -1.845641194959e-16 
  220       7.720469437401e-10       1.147288095196e-13       1.786481338073e-12       0.000000000000e+00       1.070315921511e-12       2.385417595563e-13      -1.412489554163e-16 
  221       7.720538803925e-10       1.178374204887e-13       2.002646844579e-12       0.000000000000e+00       1.055492087558e-12       2.355040760982e-13      -9.858971438053e-17 
  222       7.719761677241e-10       1.211560030345e-13       2.220316595659e-12       0.000000000000e+00       1.040937948931e-12       2.325127204725e-13      -5.657173635871e-17 
  223       7.718138565645e-10       1.246886968637e-13       2.439407769034e-12       0.000000000000e+00       1.026650544366e-12       2.295675454679e-13      -1.517895711793e-17 
  224       7.715670226933e-10       1.284396590615e-13       2.659835285029e-12       0.000000000000e+00       1.012626426814e-12       2.266683263565e-13       2.560611154106e-17 
  225       7.712357670896e-10       1.324130638308e-13       2.881511787303e-12       0.000000000000e+00       9.988616562082e-13       2.238147596749e-13       6.580240154709e-17 
  226       7.708202161823e-10       1.366131022324e-13       3.104347623571e-12       0.000000000000e+00       9.853517922302e-13       2.210064620056e-13       1.054303083218e-16 
  227       7.703205221001e-10       1.410439819251e-13       3.328250826327e-12       0.000000000000e+00       9.720918870727e-13       2.182429687577e-13       1.445117105428e-16 
  228       7.697368629216e-10       1.457099269047e-13       3.553127093573e-12       0.000000000000e+00       9.590764782069e-13       2.155237329486e-13       1.830699899071e-16 
  229       7.690694429254e-10       1.506151772448e-13       3.778879769540e-12       0.000000000000e+00       9.462995811481e-13       2.128481239847e-13       2.211300508941e-16 
  230       7.683184928398e-10       1.557639888358e-13       4.005409825413e-12       0.000000000000e+00       9.337546822207e-13       2.102154264430e-13       2.587183405293e-16 
  231       7.674842700934e-10       1.611606331253e-13       4.232615840057e-12       0.000000000000e+00       9.214347313238e-13       2.076248388516e-13       2.958628681468e-16 
  232       7.665670590646e-10       1.668093968577e-13       4.460393980740e-12       0.000000000000e+00       9.093321346969e-13       2.050754724715e-13       3.325932251532e-16 
  233       7.655671713320e-10       1.727145818138e-13       4.688637983859e-12       0.000000000000e+00       8.974387476855e-13       2.025663500774e-13       3.689406047906e-16 
  234       7.644849459244e-10       1.788805045513e-13       4.917239135661e-12       0.000000000000e+00       8.857458675061e-13       2.000964047391e-13       4.049378218997e-16 
  235       7.633207495708e-10       1.853114961437e-13       5.146086252973e-12       0.000000000000e+00       8.742442260125e-13       1.976644786023e-13       4.406193326835e-16 
  236       7.620749769503e-10       1.920119019210e-13       5.375065663921e-12       0.000000000000e+00       8.629239824607e-13       1.952693216701e-13       4.760212544699e-16 
  237       7.607480509426e-10       1.989860812089e-13       5.604061188660e-12       0.000000000000e+00       8.517747162747e-13       1.929095905838e-13       5.111813854755e-16 
  238       7.593404186271e-10       2.062380132462e-13       5.832960759213e-12       0.000000000000e+00       8.407874325189e-13       1.905840703285e-13       5.461307658012e-16 
  239       7.578525384963e-10       2.137700889805e-13       6.061676763883e-12       0.000000000000e+00       8.299607280915e-13       1.882923567720e-13       5.808677522371e-16 
  240       7.562848929527e-10       2.215842455704e-13       6.290126897996e-12       0.000000000000e+00       8.192949850700e-13       1.860342131125e-13       6.153824111482e-16 
  241       7.546379927297e-10       2.296823525404e-13       6.518227630393e-12       0.000000000000e+00       8.087903886306e-13       1.838093499289e-13       6.496648378884e-16 
  242       7.529123771325e-10       2.380662106895e-13       6.745894198159e-12       0.000000000000e+00       7.984469240595e-13       1.816174244328e-13       6.837051587187e-16 
  243       7.511086142792e-10       2.467375510003e-13       6.973040601356e-12       0.000000000000e+00       7.882643737648e-13       1.794580397190e-13       7.174935327254e-16 
  244       7.492273013418e-10       2.556980335483e-13       7.199579597752e-12       0.000000000000e+00       7.782423142880e-13       1.773307440180e-13       7.510201537389e-16 
  245       7.472690647874e-10       2.649492464104e-13       7.425422697553e-12       0.000000000000e+00       7.683801133156e-13       1.752350299465e-13       7.842752522517e-16 
  246       7.452345606190e-10       2.744927045744e-13       7.650480158133e-12       0.000000000000e+00       7.586769266909e-13       1.731703337596e-13       8.172490973370e-16 
  247       7.431244746173e-10       2.843298488478e-13       7.874660978762e-12       0.000000000000e+00       7.491316954250e-13       1.711360346017e-13       8.499319985667e-16 
  248       7.409395225808e-10       2.944620447666e-13       8.097872895342e-12       0.000000000000e+00       7.397431427091e-13       1.691314537582e-13       8.823143079305e-16 
  249       7.386804505677e-10       3.048905815046e-13       8.320022375133e-12       0.000000000000e+00       7.305097709256e-13       1.671558539068e-13       9.143864217534e-16 
  250       7.363480351365e-10       3.156166707824e-13       8.541014611485e-12       0.000000000000e+00       7.214298586601e-13       1.652084383692e-13       9.461387826147e-16 
  251       7.339430835874e-10       3.266414457762e-13       8.760753518570e-12       0.000000000000e+00       7.125014577125e-13       1.632883503623e-13       9.775618812661e-16 
  252       7.314664342030e-10       3.379659600270e-13       8.979141726110e-12       0.000000000000e+00       7.037223901091e-13       1.613946722495e-13       1.008646258550e-15 
  253       7.289189564898e-10       3.495911863494e-13       9.196080574110e-12       0.000000000000e+00       6.950902451138e-13       1.595264247927e-13       1.039382507318e-15 
  254       7.263015514190e-10       3.615180157410e-13       9.411470107588e-12       0.000000000000e+00       6.866023762401e-13       1.576825664032e-13       1.069761274350e-15 
  255       7.236151516677e-10       3.737472562908e-13       9.625209071304e-12       0.000000000000e+00       6.782558982621e-13       1.558619923931e-13       1.099773262270e-15 
  256       7.208607218601e-10       3.862796320888e-13       9.837194904493e-12       0.000000000000e+00       6.700476842268e-13       1.540635342273e-13       1.129409231469e-15 
  257       7.180392588081e-10       3.991157821347e-13       1.004732373559e-11       0.000000000000e+00       6.619743624652e-13       1.522859587745e-13       1.158660002018e-15 
  258       7.151517917531e-10       4.122562592469e-13       1.025549037698e-11       0.000000000000e+00       6.540323136040e-13       1.505279675587e-13       1.187516455590e-15 
  259       7.121993826064e-10       4.257015289715e-13       1.046158831969e-11       0.000000000000e+00       6.462176675773e-13       1.487881960107e-13       1.215969537379e-15 
  260       7.091831261909e-10       4.394519684916e-13       1.066550972816e-11       0.000000000000e+00       6.385263006381e-13       1.470652127194e-13       1.244010258014e-15 
  261       7.061041504815e-10       4.535078655359e-13       1.086714543495e-11       0.000000000000e+00       6.309538323701e-13       1.453575186835e-13       1.271629695482e-15 
  262       7.029636168469e-10       4.678694172880e-13       1.106638493549e-11       0.000000000000e+00       6.234956226988e-13       1.436635465629e-13       1.298818997045e-15 
  263       6.997627202900e-10       4.825367292952e-13       1.126311638278e-11       0.000000000000e+00       6.161467689038e-13       1.419816599297e-13       1.325569381155e-15 
  264       6.965026896897e-10       4.975098143775e-13       1.145722658215e-11       0.000000000000e+00       6.089021026297e-13       1.403101525203e-13       1.351872139378e-15 
  265       6.931847880414e-10       5.127885915370e-13       1.164860098597e-11       0.000000000000e+00       6.017561868982e-13       1.386472474864e-13       1.377718638309e-15 
  266       6.898102533785e-10       5.283726238006e-13       1.183713160523e-11       0.000000000000e+00       5.947043472337e-13       1.369914825812e-13       1.403101934024e-15 
  267       6.863801174871e-10       5.442603182290e-13       1.202274123097e-11       0.000000000000e+00       5.877458332205e-13       1.353428904294e-13       1.428021708591e-15 
  268       6.828953778161e-10       5.604496803435e-13       1.220536051785e-11       0.000000000000e+00       5.808808228116e-13       1.337018808924e-13       1.452479605354e-15 
  269       6.793570560508e-10       5.769385697561e-13       1.238492019386e-11       0.000000000000e+00       5.741094024364e-13       1.320688608080e-13       1.476477645162e-15 
  270       6.757661982539e-10       5.937246986375e-13       1.256135106836e-11       0.000000000000e+00       5.674315657600e-13       1.304442338939e-13       1.500018231005e-15 
  271       6.721238750061e-10       6.108056301849e-13       1.273458404026e-11       0.000000000000e+00       5.608472124415e-13       1.288284006516e-13       1.523104152659e-15 
  272       6.684311815471e-10       6.281787770897e-13       1.290455010606e-11       0.000000000000e+00       5.543561468932e-13       1.272217582692e-13       1.545738591334e-15 
  273       6.646892379167e-10       6.458414000058e-13       1.307118036803e-11       0.000000000000e+00       5.479580770395e-13       1.256247005257e-13       1.567925124307e-15 
  274       6.608991890950e-10       6.637906060171e-13       1.323440604222e-11       0.000000000000e+00       5.416526130753e-13       1.240376176939e-13       1.589667729574e-15 
  275       6.570622051440e-10       6.820233471060e-13       1.339415846667e-11       0.000000000000e+00       5.354392662255e-13       1.224608964443e-13       1.610970790488e-15 
  276       6.531794813478e-10       7.005364186204e-13       1.355036910945e-11       0.000000000000e+00       5.293174475034e-13       1.208949197484e-13       1.631839100406e-15 
  277       6.492522383541e-10       7.193264577425e-13       1.370296957677e-11       0.000000000000e+00       5.232864664696e-13       1.193400667825e-13       1.652277867325e-15 
  278       6.452817223144e-10       7.383899419562e-13       1.385189162114e-11       0.000000000000e+00       5.173455299909e-13       1.177967128309e-13       1.672292718533e-15 
  279       6.412692050255e-10       7.577231875150e-13       1.399706714941e-11       0.000000000000e+00       5.114937409995e-13       1.162652291896e-13       1.691889705247e-15 
  280       6.372159840697e-10       7.773223479104e-13       1.413842823092e-11       0.000000000000e+00       5.057300972511e-13       1.147459830697e-13       1.711075307256e-15 
  281       6.331233829562e-10       7.971834123390e-13       1.427590710558e-11       0.000000000000e+00       5.000534900845e-13       1.132393375011e-13       1.729856437566e-15 
  282       6.289927512616e-10       8.173022041711e-13       1.440943619202e-11       0.000000000000e+00       4.944627031800e-13       1.117456512360e-13       1.748240447042e-15 
  283       6.248254647712e-10       8.376743794184e-13       1.453894809565e-11       0.000000000000e+00       4.889564113184e-13       1.102652786523e-13       1.766235129051e-15 
  284       6.206229256191e-10       8.582954252016e-13       1.466437561677e-11       0.000000000000e+00       4.835331791399e-13       1.087985696570e-13       1.783848724106e-15 
  285       6.163865624299e-10       8.791606582189e-13       1.478565175872e-11       0.000000000000e+00       4.781914599029e-13       1.073458695901e-13       1.801089924504e-15 
  286       6.121178304589e-10       9.002652232132e-13       1.490270973596e-11       0.000000000000e+00       4.729295942429e-13       1.059075191279e-13       1.817967878977e-15 
  287       6.078182117334e-10       9.216040914408e-13       1.501548298214e-11       0.000000000000e+00       4.677458089311e-13       1.044838541864e-13       1.834492197329e-15 
  288       6.034892151932e-10       9.431720591384e-13       1.512390515828e-11       0.000000000000e+00       4.626382156336e-13       1.030752058251e-13       1.850672955079e-15 
  289       5.991323768318e-10       9.649637459919e-13       1.522791016084e-11       0.000000000000e+00       4.576048096702e-13       1.016819001503e-13       1.866520698109e-15 
  290       5.947492598370e-10       9.869735936036e-13       1.532743212980e-11       0.000000000000e+00       4.526434687730e-13       1.003042582187e-13       1.882046447300e-15 
  291       5.903414547318e-10       1.009195863961e-12       1.542240545681e-11       0.000000000000e+00       4.477519518455e-13       9.894259594101e-14       1.897261703180e-15 
  292       5.859105795154e-10       1.031624637902e-12       1.551276479330e-11       0.000000000000e+00       4.429278977214e-13       9.759722398527e-14       1.912178450565e-15 
  293       5.814582798038e-10       1.054253813589e-12       1.559844505853e-11       0.000000000000e+00       4.381688239234e-13       9.626844768056e-14       1.926809163204e-15 
  294       5.769862289709e-10       1.077077104968e-12       1.567938144777e-11       0.000000000000e+00       4.334721254220e-13       9.495656692042e-14       1.941166808417e-15 
  295       5.724961282893e-10       1.100088040244e-12       1.575550944035e-11       0.000000000000e+00       4.288350733945e-13       9.366187606641e-14       1.955264851742e-15 
  296       5.679897070710e-10       1.123279960346e-12       1.582676480780e-11       0.000000000000e+00       4.242548139839e-13       9.238466385161e-14       1.969117261580e-15 
  297       5.634686184681e-10       1.146646191991e-12       1.589309019758e-11       0.000000000000e+00       4.197289050183e-13       9.112515558898e-14       1.982735429128e-15 
  298       5.589341209710e-10       1.170180579345e-12       1.595445522228e-11       0.000000000000e+00       4.152569576345e-13       8.988333688110e-14       1.996118752737e-15 
  299       5.543873816706e-10       1.193876975273e-12       1.601083736484e-11       0.000000000000e+00       4.108390721983e-13       8.865912113484e-14       2.009263603968e-15 
  300       5.498295791992e-10       1.217729067782e-12       1.606221550798e-11       0.000000000000e+00       4.064753070411e-13       8.745240630868e-14       2.022166371420e-15 
  301       5.452619037306e-10       1.241730378730e-12       1.610856995131e-11       0.000000000000e+00       4.021656779477e-13       8.626307473804e-14       2.034823461192e-15 
  302       5.406855569790e-10       1.265874262530e-12       1.614988242829e-11       0.000000000000e+00       3.979101576447e-13       8.509099296054e-14       2.047231297342e-15 
  303       5.361017521986e-10       1.290153904851e-12       1.618613612329e-11       0.000000000000e+00       3.937086752888e-13       8.393601154132e-14       2.059386322349e-15 
  304       5.315117141828e-10       1.314562321327e-12       1.621731568859e-11       0.000000000000e+00       3.895611159550e-13       8.279796489833e-14       2.071284997571e-15 
  305       5.269166792637e-10       1.339092356259e-12       1.624340726140e-11       0.000000000000e+00       3.854673201249e-13       8.167667112765e-14       2.082923803710e-15 
  306       5.223178953118e-10       1.363736681321e-12       1.626439848090e-11       0.000000000000e+00       3.814270831749e-13       8.057193182872e-14       2.094299241268e-15 
  307       5.177166217348e-10       1.388487794264e-12       1.628027850526e-11       0.000000000000e+00       3.774401548642e-13       7.948353192972e-14       2.105407831010e-15 
  308       5.131141294774e-10       1.413338017621e-12       1.629103802865e-11       0.000000000000e+00       3.735062388235e-13       7.841123951280e-14       2.116246114425e-15 
  309       5.085117010204e-10       1.438279497411e-12       1.629666929827e-11       0.000000000000e+00       3.696249920430e-13       7.735480563941e-14       2.126810654183e-15 
  310       5.039106303803e-10       1.463304201845e-12       1.629716613137e-11       0.000000000000e+00       3.657960243606e-13       7.631396417560e-14       2.137098034601e-15 
  311       4.993122231089e-10       1.488403920027e-12       1.629252393229e-11       0.000000000000e+00       3.620188979500e-13       7.528843161727e-14       2.147104862100e-15 
  312       4.947177962920e-10       1.513570260664e-12       1.628273970944e-11       0.000000000000e+00       3.582931268096e-13       7.427790691553e-14       2.156827765667e-15 
  313       4.901286785494e-10       1.538794650767e-12       1.626781209238e-11       0.000000000000e+00       3.546181762498e-13       7.328207130196e-14       2.166263397312e-15 
  314       4.855462100343e-10       1.564068334356e-12       1.624774134879e-11       0.000000000000e+00       3.509934623821e-13       7.230058811391e-14       2.175408432534e-15 
  315       4.809717424320e-10       1.589382371166e-12       1.622252940152e-11       0.000000000000e+00       3.474183516066e-13       7.133310261980e-14       2.184259570780e-15 
  316       4.764066389601e-10       1.614727635351e-12       1.619217984561e-11       0.000000000000e+00       3.438921601010e-13       7.037924184440e-14       2.192813535902e-15 
  317       4.718522743675e-10       1.640094814187e-12       1.615669796531e-11       0.000000000000e+00       3.404141533081e-13       6.943861439417e-14       2.201067076622e-15 
  318       4.673100349338e-10       1.665474406778e-12       1.611609075109e-11       0.000000000000e+00       3.369835454247e-13       6.851081028250e-14       2.209016966989e-15 
  319       4.627813184687e-10       1.690856722764e-12       1.607036691671e-11       0.000000000000e+00       3.335994988892e-13       6.759540075504e-14       2.216660006844e-15 
  320       4.582675343115e-10       1.716231881017e-12       1.601953691616e-11       0.000000000000e+00       3.302611238704e-13       6.669193811500e-14       2.223993022275e-15 
  321       4.537701033301e-10       1.741589808356e-12       1.596361296077e-11       0.000000000000e+00       3.269674777556e-13       6.579995554843e-14       2.231012866083e-15 
  322       4.492904579212e-10       1.766920238243e-12       1.590260903617e-11       0.000000000000e+00       3.237175646385e-13       6.491896694950e-14       2.237716418237e-15 
  323       4.448300420086e-10       1.792212709493e-12       1.583654091933e-11       0.000000000000e+00       3.205103348079e-13       6.404846674585e-14       2.244100586341e-15 
  324       4.403903110435e-10       1.817456564977e-12       1.576542619560e-11       0.000000000000e+00       3.173446842356e-13       6.318792972384e-14       2.250162306090e-15 
  325       4.359727320034e-10       1.842640950325e-12       1.568928427573e-11       0.000000000000e+00       3.142194540650e-13       6.233681085385e-14       2.255898541729e-15 
  326       4.315787833917e-10       1.867754812633e-12       1.560813641287e-11       0.000000000000e+00       3.111334300988e-13       6.149454511560e-14       2.261306286521e-15 
  327       4.272099552371e-10       1.892786899166e-12       1.552200571959e-11       0.000000000000e+00       3.080853422880e-13       6.066054732343e-14       2.266382563199e-15 
  328       4.228677490926e-10       1.917725756065e-12       1.543091718494e-11       0.000000000000e+00       3.050738642192e-13       5.983421195159e-14       2.271124424433e-15 
  329       4.185536780354e-10       1.942559727049e-12       1.533489769144e-11       0.000000000000e+00       3.020976126039e-13       5.901491295955e-14       2.275528953285e-15 
  330       4.142692666660e-10       1.967276952119e-12       1.523397603212e-11       0.000000000000e+00       2.991551467658e-13       5.820200361729e-14       2.279593263677e-15 
  331       4.100160511078e-10       1.991865366268e-12       1.512818292753e-11       0.000000000000e+00       2.962449681295e-13       5.739481633060e-14       2.283314500842e-15 
  332       4.057954599121e-10       2.016313578579e-12       1.501755143152e-11       0.000000000000e+00       2.933658000464e-13       5.659279881831e-14       2.286690661178e-15 
  333       4.016084510365e-10       2.040613554571e-12       1.490211813335e-11       0.000000000000e+00       2.905174418056e-13       5.579592956459e-14       2.289723090343e-15 
  334       3.974558590238e-10       2.064758048376e-12       1.478192204130e-11       0.000000000000e+00       2.876999508893e-13       5.500432015460e-14       2.292414095068e-15 
  335       3.933385125377e-10       2.088739732556e-12       1.465700421611e-11       0.000000000000e+00       2.849133657903e-13       5.421808053123e-14       2.294766134956e-15 
  336       3.892572342329e-10       2.112551197766e-12       1.452740778834e-11       0.000000000000e+00       2.821577058045e-13       5.343731896837e-14       2.296781823827e-15 
  337       3.852128406253e-10       2.136184952413e-12       1.439317797589e-11       0.000000000000e+00       2.794329708233e-13       5.266214204423e-14       2.298463931070e-15 
  338       3.812061419621e-10       2.159633422316e-12       1.425436210137e-11       0.000000000000e+00       2.767391411263e-13       5.189265461465e-14       2.299815382991e-15 
  339       3.772379420919e-10       2.182888950367e-12       1.411100960961e-11       0.000000000000e+00       2.740761771737e-13       5.112895978636e-14       2.300839264167e-15 
  340       3.733090383347e-10       2.205943796191e-12       1.396317208505e-11       0.000000000000e+00       2.714440193989e-13       5.037115889029e-14       2.301538818792e-15 
  341       3.694202213522e-10       2.228790135804e-12       1.381090326922e-11       0.000000000000e+00       2.688425880011e-13       4.961935145487e-14       2.301917452029e-15 
  342       3.655722750179e-10       2.251420061277e-12       1.365425907820e-11       0.000000000000e+00       2.662717827375e-13       4.887363517934e-14       2.301978731357e-15 
  343       3.617659762870e-10       2.273825580395e-12       1.349329761999e-11       0.000000000000e+00       2.637314827161e-13       4.813410590701e-14       2.301726387927e-15 
  344       3.580020950670e-10       2.295998616315e-12       1.332807921204e-11       0.000000000000e+00       2.612215461885e-13       4.740085759858e-14       2.301164317905e-15 
  345       3.542813940872e-10       2.317931007229e-12       1.315866639866e-11       0.000000000000e+00       2.587418103416e-13       4.667398230543e-14       2.300296583828e-15 
  346       3.506046287693e-10       2.339614506024e-12       1.298512396843e-11       0.000000000000e+00       2.562920910910e-13       4.595357014293e-14       2.299127415948e-15 
  347       3.469725470973e-10       2.361040779939e-12       1.280751897171e-11       0.000000000000e+00       2.538721828731e-13       4.523970926371e-14       2.297661213587e-15 
  348       3.433858894875e-10       2.382201410230e-12       1.262592073804e-11       0.000000000000e+00       2.514818584376e-13       4.453248583095e-14       2.295902546486e-15 
  349       3.398453886591e-10       2.403087891826e-12       1.244040089359e-11       0.000000000000e+00       2.491208686401e-13       4.383198399173e-14       2.293856156150e-15 
  350       3.363517695038e-10       2.423691632994e-12       1.225103337861e-11       0.000000000000e+00       2.467889422347e-13       4.313828585027e-14       2.291526957206e-15 
  351       3.329057489561e-10       2.444003954992e-12       1.205789446489e-11       0.000000000000e+00       2.444857856666e-13       4.245147144123e-14       2.288920038746e-15 
  352       3.295080358636e-10       2.464016091738e-12       1.186106277318e-11       0.000000000000e+00       2.422110828642e-13       4.177161870304e-14       2.286040665682e-15 
  353       3.261593308567e-10       2.483719189463e-12       1.166061929063e-11       0.000000000000e+00       2.399644950322e-13       4.109880345118e-14       2.282894280093e-15 
  354       3.228603262192e-10       2.503104306376e-12       1.145664738829e-11       0.000000000000e+00       2.377456604436e-13       4.043309935146e-14       2.279486502574e-15 
  355       3.196117057582e-10       2.522162412321e-12       1.124923283846e-11       0.000000000000e+00       2.355541942327e-13       3.977457789331e-14       2.275823133590e-15 
  356       3.164141446741e-10       2.540884388438e-12       1.103846383222e-11       0.000000000000e+00       2.333896881873e-13       3.912330836314e-14       2.271910154822e-15 
  357       3.132683094309e-10       2.559261026826e-12       1.082443099684e-11       0.000000000000e+00       2.312517105414e-13       3.847935781754e-14       2.267753730519e-15 
  358       3.101748576261e-10       2.577283030199e-12       1.060722741321e-11       0.000000000000e+00       2.291398057675e-13       3.784279105665e-14       2.263360208847e-15 
  359       3.071344378612e-10       2.594941011550e-12       1.038694863333e-11       0.000000000000e+00       2.270534943694e-13       3.721367059743e-14       2.258736123241e-15 
  360       3.041476896115e-10       2.612225493807e-12       1.016369269770e-11       0.000000000000e+00       2.249922726746e-13       3.659205664693e-14       2.253888193751e-15 
  361       3.012152430962e-10       2.629126909499e-12       9.937560152790e-12       0.000000000000e+00       2.229556126269e-13       3.597800707565e-14       2.248823328395e-15 
  362       2.983377191489e-10       2.645635600410e-12       9.708654068502e-12       0.000000000000e+00       2.209429615788e-13       3.537157739077e-14       2.243548624510e-15 
  363       2.955157290872e-10       2.661741817244e-12       9.477080055584e-12       0.000000000000e+00       2.189537420840e-13       3.477282070946e-14       2.238071370099e-15 
  364       2.927498745830e-10       2.677435719283e-12       9.242946283091e-12       0.000000000000e+00       2.169873516901e-13       3.418178773224e-14       2.232399045180e-15 
  365       2.900407475331e-10       2.692707374048e-12       9.006363495826e-12       0.000000000000e+00       2.150431627312e-13       3.359852671616e-14       2.226539323142e-15 
  366       2.873889299284e-10       2.707546756959e-12       8.767445031784e-12       0.000000000000e+00       2.131205221200e-13       3.302308344819e-14       2.220500072088e-15 
  367       2.847949937248e-10       2.721943750993e-12       8.526306839597e-12       0.000000000000e+00       2.112187511408e-13       3.245550121850e-14       2.214289356188e-15 
  368       2.822595007130e-10       2.735888146351e-12       8.283067495980e-12       0.000000000000e+00       2.093371452417e-13       3.189582079372e-14       2.207915437032e-15 
  369       2.797830023888e-10       2.749369640108e-12       8.037848223171e-12       0.000000000000e+00       2.074749738274e-13       3.134408039025e-14       2.201386774973e-15 
  370       2.773660398227e-10       2.762377835884e-12       7.790772906381e-12       0.000000000000e+00       2.056314800514e-13       3.080031564757e-14       2.194712030484e-15 
  371       2.750090837104e-10       2.774903530801e-12       7.541959263951e-12       0.000000000000e+00       2.038060182679e-13       3.026454938280e-14       2.187898714337e-15 
  372       2.727123522005e-10       2.786942632584e-12       7.291491941398e-12       0.000000000000e+00       2.019984727385e-13       2.973676046703e-14       2.180949077197e-15 
  373       2.704759856888e-10       2.798492394957e-12       7.039448399523e-12       0.000000000000e+00       2.002088548901e-13       2.921691367968e-14       2.173864061955e-15 
  374       2.683001058144e-10       2.809550144948e-12       6.785907676444e-12       0.000000000000e+00       1.984371670470e-13       2.870496978186e-14       2.166644640560e-15 
  375       2.661848152773e-10       2.820113283660e-12       6.530950397348e-12       0.000000000000e+00       1.966834023424e-13       2.820088548080e-14       2.159291814195e-15 
  376       2.641301976571e-10       2.830179287057e-12       6.274658784243e-12       0.000000000000e+00       1.949475446312e-13       2.770461339429e-14       2.151806613450e-15 
  377       2.621363172308e-10       2.839745706739e-12       6.017116665709e-12       0.000000000000e+00       1.932295684018e-13       2.721610201504e-14       2.144190098501e-15 
  378       2.602032187911e-10       2.848810170726e-12       5.758409486650e-12       0.000000000000e+00       1.915294386885e-13       2.673529567514e-14       2.136443359280e-15 
  379       2.583309274641e-10       2.857370384235e-12       5.498624318047e-12       0.000000000000e+00       1.898471109838e-13       2.626213451041e-14       2.128567515654e-15 
  380       2.565194485281e-10       2.865424130457e-12       5.237849866708e-12       0.000000000000e+00       1.881825311504e-13       2.579655442490e-14       2.120563717600e-15 
  381       2.547687672308e-10       2.872969271342e-12       4.976176485022e-12       0.000000000000e+00       1.865356353336e-13       2.533848705519e-14       2.112433145377e-15 
  382       2.530788486084e-10       2.880003748376e-12       4.713696180709e-12       0.000000000000e+00       1.849063498735e-13       2.488785973490e-14       2.104177009703e-15 
  383       2.514496373029e-10       2.886525583358e-12       4.450502626573e-12       0.000000000000e+00       1.832945912172e-13       2.444459545905e-14       2.095796551933e-15 
  384       2.498810573805e-10       2.892532879185e-12       4.186691170255e-12       0.000000000000e+00       1.817002658308e-13       2.400861284846e-14       2.087293044228e-15 
  385       2.483730121499e-10       2.898023820625e-12       3.922358843981e-12       0.000000000000e+00       1.801232701120e-13       2.357982611421e-14       2.078667789736e-15 
  386       2.469253839802e-10       2.902996675102e-12       3.657604374317e-12       0.000000000000e+00       1.785634903022e-13       2.315814502199e-14       2.069922122763e-15 
  387       2.455380341188e-10       2.907449793474e-12       3.392528191922e-12       0.000000000000e+00       1.770208023985e-13       2.274347485657e-14       2.061057408951e-15 
  388       2.442108025099e-10       2.911381610811e-12       3.127232441296e-12       0.000000000000e+00       1.754950720661e-13       2.233571638616e-14       2.052075045451e-15 
  389       2.429435076126e-10       2.914790647175e-12       2.861820990534e-12       0.000000000000e+00       1.739861545508e-13       2.193476582684e-14       2.042976461098e-15 
  390       2.417359462185e-10       2.917675508403e-12       2.596399441080e-12       0.000000000000e+00       1.724938945905e-13       2.154051480700e-14       2.033763116591e-15 
  391       2.405878932704e-10       2.920034886879e-12       2.331075137475e-12       0.000000000000e+00       1.710181263280e-13       2.115285033170e-14       2.024436504659e-15 
  392       2.394991016801e-10       2.921867562322e-12       2.065957177110e-12       0.000000000000e+00       1.695586732232e-13       2.077165474710e-14       2.014998150245e-15 
  393       2.384693021465e-10       2.923172402561e-12       1.801156419980e-12       0.000000000000e+00       1.681153479651e-13       2.039680570489e-14       2.005449610676e-15 
  394       2.374982029739e-10       2.923948364314e-12       1.536785498433e-12       0.000000000000e+00       1.666879523840e-13       2.002817612667e-14       1.995792475840e-15 
  395       2.365854898898e-10       2.924194493970e-12       1.272958826925e-12       0.000000000000e+00       1.652762773639e-13       1.966563416840e-14       1.986028368362e-15 
  396       2.357308258634e-10       2.923909928367e-12       1.009792611767e-12       0.000000000000e+00       1.638801027548e-13       1.930904318475e-14       1.976158943774e-15 
  397       2.349338509232e-10       2.923093895571e-12       7.474048608844e-13       0.000000000000e+00       1.624991972844e-13       1.895826169359e-14       1.966185890699e-15 
  398       2.341941819756e-10       2.921745715657e-12       4.859153935602e-13       0.000000000000e+00       1.611333184711e-13       1.861314334030e-14       1.956110931016e-15 
  399       2.335114126228e-10       2.919864801490e-12       2.254458501935e-13       0.000000000000e+00       1.597822125355e-13       1.827353686230e-14       1.945935820045e-15 
  400       2.328851129808e-10       2.917450659498e-12      -3.388029795176e-14       0.000000000000e+00       1.584456143131e-13       1.793928605336e-14       1.935662346715e-15 
  401       2.323148294977e-10       2.914502890460e-12      -2.919377389940e-13       0.000000000000e+00       1.571232471662e-13       1.761022972805e-14       1.925292333740e-15 
  402       2.318000847716e-10       2.911021190281e-12      -5.485993106822e-13       0.000000000000e+00       1.558148228963e-13       1.728620168616e-14       1.914827637798e-15 
  403       2.313403773689e-10       2.907005350769e-12      -8.037359906444e-13       0.000000000000e+00       1.545200416566e-13       1.696703067710e-14       1.904270149703e-15 
  404       2.309351816424e-10       2.902455260422e-12      -1.057216886635e-12       0.000000000000e+00       1.532385918633e-13       1.665254036430e-14       1.893621794581e-15 
  405       2.305839475491e-10       2.897370905200e-12      -1.308909226785e-12       0.000000000000e+00       1.519701501090e-13       1.634254928964e-14       1.882884532043e-15 
  406       2.302861004687e-10       2.891752369308e-12      -1.558678349846e-12       0.000000000000e+00       1.507143810740e-13       1.603687083786e-14       1.872060356365e-15 
  407       2.300410410216e-10       2.885599835977e-12      -1.806387695442e-12       0.000000000000e+00       1.494709374390e-13       1.573531320093e-14       1.861151296659e-15 
  408       2.298481448868e-10       2.878913588241e-12      -2.051898794318e-12       0.000000000000e+00       1.482394597971e-13       1.543767934254e-14       1.850159417049e-15 
  409       2.297067626202e-10       2.871694009716e-12      -2.295071258584e-12       0.000000000000e+00       1.470195765663e-13       1.514376696241e-14       1.839086816846e-15 
  410       2.296162614533e-10       2.863942297188e-12      -2.535777074151e-12       0.000000000000e+00       1.458109691554e-13       1.485340546379e-14       1.827935418768e-15 
  411       2.295761526910e-10       2.855662624589e-12      -2.773944055660e-12       0.000000000000e+00       1.446135701851e-13       1.456656837086e-14       1.816706324965e-15 
  412       2.295859684687e-10       2.846860057194e-12      -3.009513911499e-12       0.000000000000e+00       1.434273721156e-13       1.428326482300e-14       1.805400438530e-15 
  413       2.296452200277e-10       2.837539848025e-12      -3.242428081077e-12       0.000000000000e+00       1.422523625848e-13       1.400350292228e-14       1.794018673420e-15 
  414       2.297533975632e-10       2.827707439134e-12      -3.472627735256e-12       0.000000000000e+00       1.410885243679e-13       1.372728972421e-14       1.782561954473e-15 
  415       2.299099700724e-10       2.817368462888e-12      -3.700053776788e-12       0.000000000000e+00       1.399358353353e-13       1.345463122850e-14       1.771031217442e-15 
  416       2.301143852023e-10       2.806528743261e-12      -3.924646840742e-12       0.000000000000e+00       1.387942684118e-13       1.318553236979e-14       1.759427409013e-15 
  417       2.303660690981e-10       2.795194297116e-12      -4.146347294941e-12       0.000000000000e+00       1.376637915349e-13       1.291999700849e-14       1.747751486830e-15 
  418       2.306644262505e-10       2.783371335493e-12      -4.365095240394e-12       0.000000000000e+00       1.365443676139e-13       1.265802792144e-14       1.736004419521e-15 
  419       2.310088393445e-10       2.771066264894e-12      -4.580830511730e-12       0.000000000000e+00       1.354359544883e-13       1.239962679276e-14       1.724187186721e-15 
  420       2.313986691069e-10       2.758285688572e-12      -4.793492677628e-12       0.000000000000e+00       1.343385048865e-13       1.214479420455e-14       1.712300779096e-15 
  421       2.318332541544e-10       2.745036407815e-12      -5.003021041256e-12       0.000000000000e+00       1.332519663846e-13       1.189352962769e-14       1.700346198368e-15 
  422       2.323119108417e-10       2.731325423234e-12      -5.209354640696e-12       0.000000000000e+00       1.321762813652e-13       1.164583141257e-14       1.688324457338e-15 
  423       2.328339331093e-10       2.717159936049e-12      -5.412432249385e-12       0.000000000000e+00       1.311113869756e-13       1.140169677990e-14       1.676236579912e-15 
  424       2.333985923319e-10       2.702547349374e-12      -5.612192376542e-12       0.000000000000e+00       1.300572150872e-13       1.116112181140e-14       1.664083601123e-15 
  425       2.340051371658e-10       2.687495269505e-12      -5.808573267605e-12       0.000000000000e+00       1.290136922535e-13       1.092410144062e-14       1.651866567157e-15 
  426       2.346527933976e-10       2.672011507207e-12      -6.001512904662e-12       0.000000000000e+00       1.279807396693e-13       1.069062944368e-14       1.639586535375e-15 
  427       2.353407637915e-10       2.656104079000e-12      -6.190949006884e-12       0.000000000000e+00       1.269582731291e-13       1.046069843003e-14       1.627244574340e-15 
  428       2.360682279378e-10       2.639781208443e-12      -6.376819030959e-12       0.000000000000e+00       1.259462029859e-13       1.023429983323e-14       1.614841763841e-15 
  429       2.368343421008e-10       2.623051327424e-12      -6.559060171526e-12       0.000000000000e+00       1.249444341100e-13       1.001142390166e-14       1.602379194912e-15 
  430       2.376382390666e-10       2.605923077443e-12      -6.737609361604e-12       0.000000000000e+00       1.239528658473e-13       9.792059689347e-15       1.589857969864e-15 
  431       2.384790279913e-10       2.588405310904e-12      -6.912403273031e-12       0.000000000000e+00       1.229713919784e-13       9.576195046687e-15       1.577279202304e-15 
  432       2.393557942490e-10       2.570507092393e-12      -7.083378316890e-12       0.000000000000e+00       1.219999006772e-13       9.363816611214e-15       1.564644017160e-15 
  433       2.402675992798e-10       2.552237699972e-12      -7.250470643950e-12       0.000000000000e+00       1.210382744694e-13       9.154909798361e-15       1.551953550706e-15 
  434       2.412134804374e-10       2.533606626463e-12      -7.413616145092e-12       0.000000000000e+00       1.200863901913e-13       8.949458792225e-15       1.539208950587e-15 
  435       2.421924508379e-10       2.514623580731e-12      -7.572750451746e-12       0.000000000000e+00       1.191441189488e-13       8.747446536326e-15       1.526411375840e-15 
  436       2.432034992070e-10       2.495298488977e-12      -7.727808936324e-12       0.000000000000e+00       1.182113260753e-13       8.548854724366e-15       1.513561996922e-15 
  437       2.442455897286e-10       2.475641496019e-12      -7.878726712649e-12       0.000000000000e+00       1.172878710913e-13       8.353663790995e-15       1.500661995732e-15 
  438       2.453176618923e-10       2.455662966579e-12      -8.025438636395e-12       0.000000000000e+00       1.163736076624e-13       8.161852902567e-15       1.487712565636e-15 
  439       2.464186303419e-10       2.435373486574e-12      -8.167879305514e-12       0.000000000000e+00       1.154683835586e-13       7.973399947907e-15       1.474714911488e-15 
  440       2.475473847229e-10       2.414783864396e-12      -8.305983060671e-12       0.000000000000e+00       1.145720406122e-13       7.788281529066e-15       1.461670249662e-15 
  441       2.487027895311e-10       2.393905132203e-12      -8.439683985678e-12       0.000000000000e+00       1.136844146773e-13       7.606472952088e-15       1.448579808066e-15 
  442       2.498836839598e-10       2.372748547205e-12      -8.568915907927e-12       0.000000000000e+00       1.128053355880e-13       7.427948217768e-15       1.435444826176e-15 
  443       2.510888817486e-10       2.351325592947e-12      -8.693612398821e-12       0.000000000000e+00       1.119346271171e-13       7.252680012415e-15       1.422266555051e-15 
  444       2.523171710310e-10       2.329647980600e-12      -8.813706774209e-12       0.000000000000e+00       1.110721069351e-13       7.080639698609e-15       1.409046257366e-15 
  445       2.535673141823e-10       2.307727650244e-12      -8.929132094819e-12       0.000000000000e+00       1.102175865687e-13       6.911797305970e-15       1.395785207429e-15 
  446       2.548380476678e-10       2.285576772157e-12      -9.039821166690e-12       0.000000000000e+00       1.093708713593e-13       6.746121521912e-15       1.382484691209e-15 
  447       2.561280818910e-10       2.263207748098e-12      -9.145706541605e-12       0.000000000000e+00       1.085317604220e-13       6.583579682408e-15       1.369146006360e-15 
  448       2.574361010411e-10       2.240633212597e-12      -9.246720517526e-12       0.000000000000e+00       1.077000466042e-13       6.424137762751e-15       1.355770462242e-15 
  449       2.587608859385e-10       2.217865551506e-12      -9.342806908772e-12       0.000000000000e+00       1.068755517426e-13       6.267763291867e-15       1.342359343843e-15 
  450       2.601016872572e-10       2.194915437871e-12      -9.433956775104e-12       0.000000000000e+00       1.060582337753e-13       6.114434217921e-15       1.328913802183e-15 
  451       2.614578640845e-10       2.171793251200e-12      -9.520173850038e-12       0.000000000000e+00       1.052480830157e-13       5.964130311512e-15       1.315434960409e-15 
  452       2.628287619369e-10       2.148509556906e-12      -9.601462883018e-12       0.000000000000e+00       1.044450871471e-13       5.816830260573e-15       1.301923949583e-15 
  453       2.642137126809e-10       2.125075107311e-12      -9.677829646845e-12       0.000000000000e+00       1.036492312024e-13       5.672511662872e-15       1.288381908682e-15 
  454       2.656120344544e-10       2.101500842642e-12      -9.749280945100e-12       0.000000000000e+00       1.028604975438e-13       5.531151018507e-15       1.274809984606e-15 
  455       2.670230315875e-10       2.077797892033e-12      -9.815824619563e-12       0.000000000000e+00       1.020788658423e-13       5.392723722405e-15       1.261209332179e-15 
  456       2.684459945239e-10       2.053977574527e-12      -9.877469557640e-12       0.000000000000e+00       1.013043130575e-13       5.257204056818e-15       1.247581114148e-15 
  457       2.698801997414e-10       2.030051400069e-12      -9.934225699786e-12       0.000000000000e+00       1.005368134171e-13       5.124565183823e-15       1.233926501190e-15 
  458       2.713249096733e-10       2.006031070513e-12      -9.986104046924e-12       0.000000000000e+00       9.977633839660e-14       4.994779137817e-15       1.220246671915e-15 
  459       2.727793726296e-10       1.981928480617e-12      -1.003311666788e-11       0.000000000000e+00       9.902285669923e-14       4.867816818018e-15       1.206542812865e-15 
  460       2.742428227177e-10       1.957755719045e-12      -1.007527670678e-11       0.000000000000e+00       9.827633423519e-14       4.743647980957e-15       1.192816118519e-15 
  461       2.757144797637e-10       1.933525069365e-12      -1.011259839051e-11       0.000000000000e+00       9.753673410151e-14       4.622241232983e-15       1.179067791298e-15 
  462       2.771935492331e-10       1.909249011050e-12      -1.014509703612e-11       0.000000000000e+00       9.680401656171e-14       4.503564022754e-15       1.165299041563e-15 
  463       2.786792221525e-10       1.884940220479e-12      -1.017278905823e-11       0.000000000000e+00       9.607813902539e-14       4.387582633739e-15       1.151511087620e-15 
  464       2.801706750300e-10       1.860611571933e-12      -1.019569197649e-11       0.000000000000e+00       9.535905602794e-14       4.274262176712e-15       1.137705155725e-15 
  465       2.816670697766e-10       1.836276138598e-12      -1.021382442297e-11       0.000000000000e+00       9.464671921015e-14       4.163566582254e-15       1.123882480083e-15 
  466       2.831675536270e-10       1.811947193564e-12      -1.022720614960e-11       0.000000000000e+00       9.394107729787e-14       4.055458593246e-15       1.110044302851e-15 
  467       2.846712590610e-10       1.787638210824e-12      -1.023585803561e-11       0.000000000000e+00       9.324207608171e-14       3.949899757370e-15       1.096191874146e-15 
  468       2.861773037244e-10       1.763362866273e-12      -1.023980209490e-11       0.000000000000e+00       9.254965839663e-14       3.846850419605e-15       1.082326452040e-15 
  469       2.876847903497e-10       1.739135038711e-12      -1.023906148352e-11       0.000000000000e+00       9.186376410162e-14       3.746269714725e-15       1.068449302568e-15 
  470       2.891928066778e-10       1.714968810838e-12      -1.023366050707e-11       0.000000000000e+00       9.118433005937e-14       3.648115559797e-15       1.054561699729e-15 
  471       2.907004253785e-10       1.690878470259e-12      -1.022362462812e-11       0.000000000000e+00       9.051129011589e-14       3.552344646676e-15       1.040664925491e-15 
  472       2.922067039719e-10       1.666878510478e-12      -1.020898047362e-11       0.000000000000e+00       8.984457508020e-14       3.458912434508e-15       1.026760269788e-15 
  473       2.937106847492e-10       1.642983631904e-12      -1.018975584238e-11       0.000000000000e+00       8.918411270393e-14       3.367773142222e-15       1.012849030529e-15 
  474       2.952113946939e-10       1.619208742844e-12      -1.016597971240e-11       0.000000000000e+00       8.852982766105e-14       3.278879741032e-15       9.989325135987e-16 
  475       2.967078454029e-10       1.595568960510e-12      -1.013768224841e-11       0.000000000000e+00       8.788164152744e-14       3.192183946930e-15       9.850120328578e-16 
  476       2.981990330072e-10       1.572079612011e-12      -1.010489480916e-11       0.000000000000e+00       8.723947276062e-14       3.107636213189e-15       9.710889101489e-16 
  477       2.996839380935e-10       1.548756235360e-12      -1.006764995498e-11       0.000000000000e+00       8.660323667935e-14       3.025185722855e-15       9.571644752978e-16 
  478       3.011615256249e-10       1.525614580468e-12      -1.002598145508e-11       0.000000000000e+00       8.597284544328e-14       2.944780381250e-15       9.432400661164e-16 
  479       3.026307448619e-10       1.502670610147e-12      -9.979924295073e-12       0.000000000000e+00       8.534820803266e-14       2.866366808466e-15       9.293170284057e-16 
  480       3.040905292837e-10       1.479940501110e-12      -9.929514684325e-12       0.000000000000e+00       8.472923022794e-14       2.789890331863e-15       9.153967159582e-16 
  481       3.055397965090e-10       1.457440644966e-12      -9.874790063424e-12       0.000000000000e+00       8.411581458943e-14       2.715294978568e-15       9.014804905607e-16 
  482       3.069774482172e-10       1.435187649228e-12      -9.815789111583e-12       0.000000000000e+00       8.350786043698e-14       2.642523467972e-15       8.875697219974e-16 
  483       3.084023700695e-10       1.413198338305e-12      -9.752551754066e-12       0.000000000000e+00       8.290526382961e-14       2.571517204226e-15       8.736657880520e-16 
  484       3.098134316298e-10       1.391489754505e-12      -9.685119169614e-12       0.000000000000e+00       8.230791754518e-14       2.502216268743e-15       8.597700745110e-16 
  485       3.112094862857e-10       1.370079159035e-12      -9.613533797869e-12       0.000000000000e+00       8.171571106001e-14       2.434559412689e-15       8.458839751663e-16 
  486       3.125893711699e-10       1.348984033000e-12      -9.537839346793e-12       0.000000000000e+00       8.112853052858e-14       2.368484049486e-15       8.320088918178e-16 
  487       3.139519070809e-10       1.328222078403e-12      -9.458080800095e-12       0.000000000000e+00       8.054625876314e-14       2.303926247310e-15       8.181462342760e-16 
  488       3.152960428776e-10       1.307809579633e-12      -9.374306770853e-12       0.000000000000e+00       7.996879443203e-14       2.240832059027e-15       8.042973506398e-16 
  489       3.166212935569e-10       1.287756432174e-12      -9.286576624477e-12       0.000000000000e+00       7.939611032529e-14       2.179191898746e-15       7.904633158362e-16 
  490       3.179273150775e-10       1.268070967698e-12      -9.194953582666e-12       0.000000000000e+00       7.882819678554e-14       2.119007175061e-15       7.766451367835e-16 
  491       3.192137610602e-10       1.248761580358e-12      -9.099502404984e-12       0.000000000000e+00       7.826504263565e-14       2.060279044446e-15       7.628438215142e-16 
  492       3.204802827819e-10       1.229836726961e-12      -9.000289397462e-12       0.000000000000e+00       7.770663516813e-14       2.003008409456e-15       7.490603791429e-16 
  493       3.217265291692e-10       1.211304927143e-12      -8.897382421204e-12       0.000000000000e+00       7.715296013440e-14       1.947195916929e-15       7.352958198342e-16 
  494       3.229521467921e-10       1.193174763545e-12      -8.790850900985e-12       0.000000000000e+00       7.660400173413e-14       1.892841956178e-15       7.215511547698e-16 
  495       3.241567798578e-10       1.175454881988e-12      -8.680765833856e-12       0.000000000000e+00       7.605974260455e-14       1.839946657198e-15       7.078273961170e-16 
  496       3.253400702043e-10       1.158153991650e-12      -8.567199797752e-12       0.000000000000e+00       7.552016380976e-14       1.788509888856e-15       6.941255569954e-16 
  497       3.265016572942e-10       1.141280865238e-12      -8.450226960086e-12       0.000000000000e+00       7.498524483007e-14       1.738531257099e-15       6.804466514454e-16 
  498       3.276411782081e-10       1.124844339167e-12      -8.329923086359e-12       0.000000000000e+00       7.445496355130e-14       1.690010103144e-15       6.667916943954e-16 
  499       3.287582676388e-10       1.108853313730e-12      -8.206365548763e-12       0.000000000000e+00       7.392929625409e-14       1.642945501684e-15       6.531617016297e-16 
  500       3.298525578847e-10       1.093316753280e-12      -8.079633334778e-12       0.000000000000e+00       7.340821760325e-14       1.597336259082e-15       6.395576897561e-16 
  501       3.309236788434e-10       1.078243686400e-12      -7.949807055783e-12       0.000000000000e+00       7.289170063703e-14       1.553180911573e-15       6.259806761735e-16 
  502       3.319712580056e-10       1.063643206082e-12      -7.816968955652e-12       0.000000000000e+00       7.237971675649e-14       1.510477723461e-15       6.124316790397e-16 
  503       3.329949204488e-10       1.049524469896e-12      -7.681202919363e-12       0.000000000000e+00       7.187223571478e-14       1.469224685318e-15       5.989117172390e-16 
  504       3.339942888310e-10       1.035896700176e-12      -7.542594481596e-12       0.000000000000e+00       7.136922560647e-14       1.429419512183e-15       5.854218103499e-16 
  505       3.349689833841e-10       1.022769184183e-12      -7.401230835340e-12       0.000000000000e+00       7.087065285688e-14       1.391059641763e-15       5.719629786129e-16 
  506       3.359186219081e-10       1.010151274291e-12      -7.257200840494e-12       0.000000000000e+00       7.037648221137e-14       1.354142232627e-15       5.585362428977e-16 
  507       3.368428197643e-10       9.980523881539e-13      -7.110595032472e-12       0.000000000000e+00       6.988667672467e-14       1.318664162409e-15       5.451426246716e-16 
  508       3.377411898696e-10       9.864820088861e-13      -6.961505630802e-12       0.000000000000e+00       6.940119775023e-14       1.284622026005e-15       5.317831459666e-16 
  509       3.386133426895e-10       9.754496852357e-13      -6.810026547733e-12       0.000000000000e+00       6.892000492949e-14       1.252012133774e-15       5.184588293474e-16 
  510       3.394588862323e-10       9.649650317603e-13      -6.656253396838e-12       0.000000000000e+00       6.844305618119e-14       1.220830509733e-15       5.051706978787e-16 
  511       3.402774260427e-10       9.550377290018e-13      -6.500283501614e-12       0.000000000000e+00       6.797030769077e-14       1.191072889758e-15       4.919197750934e-16 
  512       3.410685651954e-10       9.456775236621e-13      -6.342215904089e-12       0.000000000000e+00       6.750171389958e-14       1.162734719783e-15       4.787070849598e-16 
  513       3.418319042887e-10       9.368942287781e-13      -6.182151373421e-12       0.000000000000e+00       6.703722749429e-14       1.135811154001e-15       4.655336518496e-16 
  514       3.425670414387e-10       9.286977238972e-13      -6.020192414504e-12       0.000000000000e+00       6.657679939613e-14       1.110297053058e-15       4.524005005053e-16 
  515       3.432735722723e-10       9.210979552524e-13      -5.856443276571e-12       0.000000000000e+00       6.612037875028e-14       1.086186982253e-15       4.393086560082e-16 
  516       3.439510899216e-10       9.141049359378e-13      -5.691009961795e-12       0.000000000000e+00       6.566791291513e-14       1.063475209741e-15       4.262591437458e-16 
  517       3.445991850169e-10       9.077287460834e-13      -5.524000233894e-12       0.000000000000e+00       6.521934745163e-14       1.042155704728e-15       4.132529893795e-16 
  518       3.452174456810e-10       9.019795330311e-13      -5.355523626733e-12       0.000000000000e+00       6.477462611259e-14       1.022222135669e-15       4.002912188124e-16 
  519       3.458054575227e-10       8.968675115091e-13      -5.185691452929e-12       0.000000000000e+00       6.433369083201e-14       1.003667868471e-15       3.873748581570e-16 
  520       3.463628036303e-10       8.924029638081e-13      -5.014616812450e-12       0.000000000000e+00       6.389648171440e-14       9.864859646872e-16       3.745049337027e-16 
  521       3.468890645655e-10       8.885962399557e-13      -4.842414601223e-12       0.000000000000e+00       6.346293702408e-14       9.706691797199e-16       3.616824718835e-16 
  522       3.473838183571e-10       8.854577578923e-13      -4.669201519733e-12       0.000000000000e+00       6.303299317452e-14       9.562099610163e-16       3.489084992459e-16 
  523       3.478466404947e-10       8.829980036461e-13      -4.495096081630e-12       0.000000000000e+00       6.260658471763e-14       9.431004462685e-16       3.361840424164e-16 
  524       3.482771039223e-10       8.812275315084e-13      -4.320218622328e-12       0.000000000000e+00       6.218364433313e-14       9.313324616125e-16       3.235101280690e-16 
  525       3.486747790322e-10       8.801569642090e-13      -4.144691307609e-12       0.000000000000e+00       6.176410281778e-14       9.208975198267e-16       3.108877828933e-16 
  526       3.490392336584e-10       8.797969930912e-13      -3.968638142231e-12       0.000000000000e+00       6.134788907479e-14       9.117868185309e-16       2.983180335618e-16 
  527       3.493701290458e-10       8.801565207972e-13      -3.792176382339e-12       0.000000000000e+00       6.093494137512e-14       9.039903781262e-16       2.858019200499e-16 
  528       3.496675106833e-10       8.812370325789e-13      -3.615390494538e-12       0.000000000000e+00       6.052524150515e-14       8.974944330999e-16       2.733405360648e-16 
  529       3.499315254897e-10       8.830380698923e-13      -3.438357494655e-12       0.000000000000e+00       6.011878154096e-14       8.922839651274e-16       2.609349896693e-16 
  530       3.501623266003e-10       8.855590732039e-13      -3.261155483754e-12       0.000000000000e+00       5.971555265580e-14       8.883435546473e-16       2.485863900042e-16 
  531       3.503600734013e-10       8.887993813641e-13      -3.083863653039e-12       0.000000000000e+00       5.931554511423e-14       8.856573786899e-16       2.362958472617e-16 
  532       3.505249315655e-10       8.927582309822e-13      -2.906562288743e-12       0.000000000000e+00       5.891874826638e-14       8.842092087041e-16       2.240644726585e-16 
  533       3.506570730871e-10       8.974347558001e-13      -2.729332777028e-12       0.000000000000e+00       5.852515054204e-14       8.839824083864e-16       2.118933784098e-16 
  534       3.507566763169e-10       9.028279860667e-13      -2.552257608880e-12       0.000000000000e+00       5.813473944488e-14       8.849599315077e-16       1.997836777024e-16 
  535       3.508239259973e-10       9.089368479122e-13      -2.375420385005e-12       0.000000000000e+00       5.774750154664e-14       8.871243197417e-16       1.877364846682e-16 
  536       3.508590132976e-10       9.157601627221e-13      -2.198905820723e-12       0.000000000000e+00       5.736342248129e-14       8.904577004926e-16       1.757529143576e-16 
  537       3.508621358487e-10       9.232966465115e-13      -2.022799750868e-12       0.000000000000e+00       5.698248693920e-14       8.949417847229e-16       1.638340827128e-16 
  538       3.508334977787e-10       9.315449092995e-13      -1.847189134679e-12       0.000000000000e+00       5.660467866135e-14       9.005578647812e-16       1.519811065417e-16 
  539       3.507733097474e-10       9.405034544833e-13      -1.672162060700e-12       0.000000000000e+00       5.622998043348e-14       9.072868122301e-16       1.401951034909e-16 
  540       3.506817889821e-10       9.501706782120e-13      -1.497807751673e-12       0.000000000000e+00       5.585837408028e-14       9.151090756740e-16       1.284771920191e-16 
  541       3.505591593119e-10       9.605448687618e-13      -1.324216569436e-12       0.000000000000e+00       5.548984045958e-14       9.240046785871e-16       1.168284913709e-16 
  542       3.504056512036e-10       9.716242059090e-13      -1.151480019818e-12       0.000000000000e+00       5.512435945651e-14       9.339532171408e-16       1.052501215499e-16 
  543       3.502215017960e-10       9.834067603052e-13      -9.796907575350e-13       0.000000000000e+00       5.476190997767e-14       9.449338580321e-16       9.374320329227e-17 
  544       3.500069549357e-10       9.958904928512e-13      -8.089425910851e-13       0.000000000000e+00       5.440246994536e-14       9.569253363110e-16       8.230885804026e-17 
  545       3.497622612116e-10       1.009073254071e-12      -6.393304876460e-13       0.000000000000e+00       5.404601629169e-14       9.699059532084e-16       7.094820791544e-17 
  546       3.494876779905e-10       1.022952783486e-12      -4.709505779698e-13       0.000000000000e+00       5.369252495281e-14       9.838535739640e-16       5.966237569227e-17 
  547       3.491834694517e-10       1.037526708989e-12      -3.039001612791e-13       0.000000000000e+00       5.334197086308e-14       9.987456256545e-16       4.845248477150e-17 
  548       3.488499066227e-10       1.052792546221e-12      -1.382777101632e-13       0.000000000000e+00       5.299432794921e-14       1.014559095021e-15       3.731965915358e-17 
  549       3.484872674136e-10       1.068747697941e-12       2.581712452647e-14       0.000000000000e+00       5.264956912452e-14       1.031270526295e-15       2.626502341213e-17 
  550       3.480958366526e-10       1.085389453402e-12       1.882835087799e-13       0.000000000000e+00       5.230766628301e-14       1.048856019032e-15       1.528970266736e-17 
  551       3.476759061211e-10       1.102714987728e-12       3.490194205331e-13       0.000000000000e+00       5.196859029363e-14       1.067291225933e-15       4.394822559481e-18 
  552       3.472277745888e-10       1.120721361283e-12       5.079216447719e-13       0.000000000000e+00       5.163231099444e-14       1.086551350674e-15      -6.418490777826e-18 
  553       3.467517478484e-10       1.139405519052e-12       6.648857686359e-13       0.000000000000e+00       5.129879718674e-14       1.106611145737e-15      -1.714911074401e-17 
  554       3.462481387513e-10       1.158764290008e-12       8.198061765231e-13       0.000000000000e+00       5.096801662930e-14       1.127444910233e-15      -2.779591029819e-17 
  555       3.457172672422e-10       1.178794386489e-12       9.725760451934e-13       0.000000000000e+00       5.063993603252e-14       1.149026487734e-15      -3.835776198575e-17 
  556       3.451594603944e-10       1.199492403576e-12       1.123087338873e-12       0.000000000000e+00       5.031452105263e-14       1.171329264098e-15      -4.883353796489e-17 
  557       3.445750524449e-10       1.220854818462e-12       1.271230804359e-12       0.000000000000e+00       4.999173628583e-14       1.194326165300e-15      -5.922211003317e-17 
  558       3.439643848294e-10       1.242877989829e-12       1.416895966122e-12       0.000000000000e+00       4.967154526248e-14       1.217989655255e-15      -6.952234965413e-17 
  559       3.433278062176e-10       1.265558157219e-12       1.559971121411e-12       0.000000000000e+00       4.935391044131e-14       1.242291733651e-15      -7.973312798381e-17 
  560       3.426656725481e-10       1.288891440413e-12       1.700343335360e-12       0.000000000000e+00       4.903879320357e-14       1.267203933774e-15      -8.985331589735e-17 
  561       3.419783470632e-10       1.312873838802e-12       1.837898436086e-12       0.000000000000e+00       4.872615384722e-14       1.292697320334e-15      -9.988178401554e-17 
  562       3.412662003449e-10       1.337501230763e-12       1.972521009800e-12       0.000000000000e+00       4.841595158109e-14       1.318742487297e-15      -1.098174027314e-16 
  563       3.405296103488e-10       1.362769373032e-12       2.104094395906e-12       0.000000000000e+00       4.810814451909e-14       1.345309555712e-15      -1.196590422366e-16 
  564       3.397689624404e-10       1.388673900076e-12       2.232500682108e-12       0.000000000000e+00       4.780268967436e-14       1.372368171537e-15      -1.294055725485e-16 
  565       3.389846494291e-10       1.415210323473e-12       2.357620699512e-12       0.000000000000e+00       4.749954295346e-14       1.399887503466e-15      -1.390558635360e-16 
  566       3.381770829530e-10       1.442373178198e-12       2.479348342447e-12       0.000000000000e+00       4.719866587820e-14       1.427839312492e-15      -1.486090174576e-16 
  567       3.373467278814e-10       1.470153438637e-12       2.597633942637e-12       0.000000000000e+00       4.690004595281e-14       1.456207251770e-15      -1.580650730935e-16 
  568       3.364940688661e-10       1.498541034862e-12       2.712442001232e-12       0.000000000000e+00       4.660367680923e-14       1.484977801713e-15      -1.674243197804e-16 
  569       3.356195991123e-10       1.527525698756e-12       2.823736965514e-12       0.000000000000e+00       4.630955152363e-14       1.514137218894e-15      -1.766870666533e-16 
  570       3.347238204177e-10       1.557096963071e-12       2.931483229361e-12       0.000000000000e+00       4.601766261305e-14       1.543671535020e-15      -1.858536427587e-16 
  571       3.338072432116e-10       1.587244160479e-12       3.035645133706e-12       0.000000000000e+00       4.572800203211e-14       1.573566555908e-15      -1.949243971686e-16 
  572       3.328703865948e-10       1.617956422631e-12       3.136186967000e-12       0.000000000000e+00       4.544056116973e-14       1.603807860459e-15      -2.038996990933e-16 
  573       3.319137783782e-10       1.649222679210e-12       3.233072965669e-12       0.000000000000e+00       4.515533084581e-14       1.634380799641e-15      -2.127799379954e-16 
  574       3.309379551229e-10       1.681031656986e-12       3.326267314577e-12       0.000000000000e+00       4.487230130790e-14       1.665270495458e-15      -2.215655237034e-16 
  575       3.299434621790e-10       1.713371878874e-12       3.415734147485e-12       0.000000000000e+00       4.459146222793e-14       1.696461839933e-15      -2.302568865247e-16 
  576       3.289308537251e-10       1.746231662985e-12       3.501437547513e-12       0.000000000000e+00       4.431280269889e-14       1.727939494077e-15      -2.388544773596e-16 
  577       3.279006928075e-10       1.779599121686e-12       3.583341547598e-12       0.000000000000e+00       4.403631123153e-14       1.759687886875e-15      -2.473587678145e-16 
  578       3.268535513800e-10       1.813462160651e-12       3.661410130957e-12       0.000000000000e+00       4.376197575103e-14       1.791691214253e-15      -2.557702503155e-16 
  579       3.257900103427e-10       1.847808477919e-12       3.735607231545e-12       0.000000000000e+00       4.348978359374e-14       1.823933438059e-15      -2.640894382222e-16 
  580       3.247106595816e-10       1.882625562947e-12       3.805896734518e-12       0.000000000000e+00       4.321972150382e-14       1.856398285041e-15      -2.723168659406e-16 
  581       3.236160980077e-10       1.917900695669e-12       3.872242476691e-12       0.000000000000e+00       4.295177562998e-14       1.889069245820e-15      -2.804530890371e-16 
  582       3.225069335967e-10       1.953620945545e-12       3.934608247000e-12       0.000000000000e+00       4.268593152216e-14       1.921929573867e-15      -2.884986843519e-16 
  583       3.213837834283e-10       1.989773170624e-12       3.992957786962e-12       0.000000000000e+00       4.242217412821e-14       1.954962284483e-15      -2.964542501124e-16 
  584       3.202472737249e-10       2.026344016591e-12       4.047254791136e-12       0.000000000000e+00       4.216048779060e-14       1.988150153769e-15      -3.043204060468e-16 
  585       3.190980398919e-10       2.063319915831e-12       4.097462907581e-12       0.000000000000e+00       4.190085624312e-14       2.021475717610e-15      -3.120977934975e-16 
  586       3.179367265564e-10       2.100687086475e-12       4.143545738320e-12       0.000000000000e+00       4.164326260755e-14       2.054921270643e-15      -3.197870755348e-16 
  587       3.167639876064e-10       2.138431531463e-12       4.185466839797e-12       0.000000000000e+00       4.138768939038e-14       2.088468865241e-15      -3.273889370703e-16 
  588       3.155804862309e-10       2.176539037595e-12       4.223189723342e-12       0.000000000000e+00       4.113411847949e-14       2.122100310486e-15      -3.349040849702e-16 
  589       3.143868949585e-10       2.214995174587e-12       4.256677855625e-12       0.000000000000e+00       4.088253114084e-14       2.155797171146e-15      -3.423332481693e-16 
  590       3.131838956968e-10       2.253785294127e-12       4.285894659122e-12       0.000000000000e+00       4.063290801520e-14       2.189540766649e-15      -3.496771777841e-16 
  591       3.119721797724e-10       2.292894528930e-12       4.310803512573e-12       0.000000000000e+00       4.038522911478e-14       2.223312170065e-15      -3.569366472264e-16 
  592       3.107524479694e-10       2.332307791792e-12       4.331367751443e-12       0.000000000000e+00       4.013947381998e-14       2.257092207075e-15      -3.641124523168e-16 
  593       3.095254105692e-10       2.372009774647e-12       4.347550668381e-12       0.000000000000e+00       3.989562087608e-14       2.290861454956e-15      -3.712054113983e-16 
  594       3.082917873897e-10       2.411984947622e-12       4.359315513683e-12       0.000000000000e+00       3.965364838991e-14       2.324600241548e-15      -3.782163654499e-16 
  595       3.070523078247e-10       2.452217558090e-12       4.366625495751e-12       0.000000000000e+00       3.941353382653e-14       2.358288644240e-15      -3.851461781997e-16 
  596       3.058077108832e-10       2.492691629729e-12       4.369443781554e-12       0.000000000000e+00       3.917525400600e-14       2.391906488937e-15      -3.919957362389e-16 
  597       3.045587452288e-10       2.533390961573e-12       4.367733497085e-12       0.000000000000e+00       3.893878509997e-14       2.425433349046e-15      -3.987659491348e-16 
  598       3.033061692189e-10       2.574299127071e-12       4.361457727828e-12       0.000000000000e+00       3.870410262847e-14       2.458848544444e-15      -4.054577495450e-16 
  599       3.020507509440e-10       2.615399473140e-12       4.350579519213e-12       0.000000000000e+00       3.847118145655e-14       2.492131140460e-15      -4.120720933300e-16 
  600       3.007932682674e-10       2.656675119220e-12       4.335061877078e-12       0.000000000000e+00       3.823999579097e-14       2.525259946847e-15      -4.186099596676e-16 
  601       2.995345088640e-10       2.698108956332e-12       4.314867768131e-12       0.000000000000e+00       3.801051917695e-14       2.558213516764e-15      -4.250723511659e-16 
  602       2.982752702602e-10       2.739683646129e-12       4.289960120408e-12       0.000000000000e+00       3.778272449478e-14       2.590970145746e-15      -4.314602939769e-16 
  603       2.970163598726e-10       2.781381619956e-12       4.260301823735e-12       0.000000000000e+00       3.755658395661e-14       2.623507870687e-15      -4.377748379099e-16 
  604       2.957585950480e-10       2.823185077900e-12       4.225855730186e-12       0.000000000000e+00       3.733206910304e-14       2.655804468811e-15      -4.440170565453e-16 
  605       2.945027393333e-10       2.865076816688e-12       4.186596030765e-12       0.000000000000e+00       3.710915500438e-14       2.687841997659e-15      -4.501877085924e-16 
  606       2.932493095211e-10       2.907042737170e-12       4.142542685366e-12       0.000000000000e+00       3.688783298179e-14       2.719620537186e-15      -4.562862127769e-16 
  607       2.919987640359e-10       2.949069395347e-12       4.093727822766e-12       0.000000000000e+00       3.666809818588e-14       2.751144776544e-15      -4.623116484939e-16 
  608       2.907515663010e-10       2.991143178322e-12       4.040184443626e-12       0.000000000000e+00       3.644994541806e-14       2.782419503479e-15      -4.682630923316e-16 
  609       2.895081847564e-10       3.033250303632e-12       3.981946424667e-12       0.000000000000e+00       3.623336912858e-14       2.813449604797e-15      -4.741396180741e-16 
  610       2.882690928780e-10       3.075376818569e-12       3.919048522862e-12       0.000000000000e+00       3.601836341462e-14       2.844240066827e-15      -4.799402967042e-16 
  611       2.870347691955e-10       3.117508599510e-12       3.851526379612e-12       0.000000000000e+00       3.580492201836e-14       2.874795975883e-15      -4.856641964057e-16 
  612       2.858056973113e-10       3.159631351243e-12       3.779416524938e-12       0.000000000000e+00       3.559303832506e-14       2.905122518728e-15      -4.913103825662e-16 
  613       2.845823659187e-10       3.201730606292e-12       3.702756381660e-12       0.000000000000e+00       3.538270536111e-14       2.935224983035e-15      -4.968779177798e-16 
  614       2.833652688202e-10       3.243791724245e-12       3.621584269579e-12       0.000000000000e+00       3.517391579209e-14       2.965108757848e-15      -5.023658618497e-16 
  615       2.821549049464e-10       3.285799891080e-12       3.535939409668e-12       0.000000000000e+00       3.496666192089e-14       2.994779334051e-15      -5.077732717905e-16 
  616       2.809517783743e-10       3.327740118491e-12       3.445861928249e-12       0.000000000000e+00       3.476093568575e-14       3.024242304823e-15      -5.130992018314e-16 
  617       2.797563983454e-10       3.369597243217e-12       3.351392861180e-12       0.000000000000e+00       3.455672865831e-14       3.053503366108e-15      -5.183427034185e-16 
  618       2.785692792849e-10       3.411355926364e-12       3.252574158039e-12       0.000000000000e+00       3.435403204171e-14       3.082568317071e-15      -5.235028252174e-16 
  619       2.773909408193e-10       3.453000652736e-12       3.149448686309e-12       0.000000000000e+00       3.415283666867e-14       3.111443060567e-15      -5.285786131159e-16 
  620       2.762219077956e-10       3.494515730159e-12       3.042060235558e-12       0.000000000000e+00       3.395313299952e-14       3.140133603597e-15      -5.335691102268e-16 
  621       2.750627102992e-10       3.535885288808e-12       2.930453521626e-12       0.000000000000e+00       3.375491112031e-14       3.168646057777e-15      -5.384733568902e-16 
  622       2.739138836730e-10       3.577093280533e-12       2.814674190810e-12       0.000000000000e+00       3.355816074086e-14       3.196986639798e-15      -5.432903906764e-16 
  623       2.727759685350e-10       3.618123478188e-12       2.694768824043e-12       0.000000000000e+00       3.336287119283e-14       3.225161671888e-15      -5.480192463884e-16 
  624       2.716495107977e-10       3.658959474953e-12       2.570784941084e-12       0.000000000000e+00       3.316903142781e-14       3.253177582276e-15      -5.526589560646e-16 
  625       2.705350616858e-10       3.699584683666e-12       2.442771004699e-12       0.000000000000e+00       3.297663001535e-14       3.281040905653e-15      -5.572085489813e-16 
  626       2.694331777551e-10       3.739982336145e-12       2.310776424843e-12       0.000000000000e+00       3.278565514109e-14       3.308758283638e-15      -5.616670516557e-16 
  627       2.683444209108e-10       3.780135482517e-12       2.174851562848e-12       0.000000000000e+00       3.259609460478e-14       3.336336465236e-15      -5.660334878479e-16 
  628       2.672693584260e-10       3.820026990542e-12       2.035047735603e-12       0.000000000000e+00       3.240793581836e-14       3.363782307307e-15      -5.703068785641e-16 
  629       2.662085629602e-10       3.859639544943e-12       1.891417219740e-12       0.000000000000e+00       3.222116580405e-14       3.391102775022e-15      -5.744862420591e-16 
  630       2.651626125778e-10       3.898955646731e-12       1.744013255820e-12       0.000000000000e+00       3.203577119242e-14       3.418304942330e-15      -5.785705938387e-16 
  631       2.641320907662e-10       3.937957612529e-12       1.592890052513e-12       0.000000000000e+00       3.185173822043e-14       3.445395992420e-15      -5.825589466626e-16 
  632       2.631175864548e-10       3.976627573904e-12       1.438102790782e-12       0.000000000000e+00       3.166905272953e-14       3.472383218182e-15      -5.864503105468e-16 
  633       2.621196940333e-10       4.014947476686e-12       1.279707628071e-12       0.000000000000e+00       3.148770016373e-14       3.499274022672e-15      -5.902436927665e-16 
  634       2.611390133697e-10       4.052899080303e-12       1.117761702486e-12       0.000000000000e+00       3.130766556763e-14       3.526075919574e-15      -5.939380978584e-16 
  635       2.601761498295e-10       4.090463957101e-12       9.523231369773e-13       0.000000000000e+00       3.112893358457e-14       3.552796533662e-15      -5.975325276239e-16 
  636       2.592317142937e-10       4.127623491674e-12       7.834510435280e-13       0.000000000000e+00       3.095148845462e-14       3.579443601261e-15      -6.010259811308e-16 
  637       2.583063231772e-10       4.164358880187e-12       6.112055273339e-13       0.000000000000e+00       3.077531401269e-14       3.606024970717e-15      -6.044174547170e-16 
  638       2.574005984477e-10       4.200651129708e-12       4.356476909893e-13       0.000000000000e+00       3.060039368660e-14       3.632548602849e-15      -6.077059419922e-16 
  639       2.565151676436e-10       4.236481057529e-12       2.568396386706e-13       0.000000000000e+00       3.042671049514e-14       3.659022571421e-15      -6.108904338412e-16 
  640       2.556506638931e-10       4.271829290496e-12       7.484448032000e-14       0.000000000000e+00       3.025424704614e-14       3.685455063600e-15      -6.139699184262e-16 
  641       2.548077259321e-10       4.306676264334e-12      -1.102736641703e-13       0.000000000000e+00       3.008298553457e-14       3.711854380419e-15      -6.169433811895e-16 
  642       2.539869981227e-10       4.341002222973e-12      -2.984496607745e-13       0.000000000000e+00       2.991290774056e-14       3.738228937241e-15      -6.198098048562e-16 
  643       2.531891304723e-10       4.374787217877e-12      -4.896173571487e-13       0.000000000000e+00       2.974399502750e-14       3.764587264222e-15      -6.225681694367e-16 
  644       2.524146895518e-10       4.408013218744e-12      -6.837078915277e-13       0.000000000000e+00       2.957623098984e-14       3.790935354949e-15      -6.252177717624e-16 
  645       2.516638890020e-10       4.440670499416e-12      -8.806445858691e-13       0.000000000000e+00       2.940960946601e-14       3.817268645553e-15      -6.277591920270e-16 
  646       2.509368529655e-10       4.472751395152e-12      -1.080347928866e-12       0.000000000000e+00       2.924412670301e-14       3.843579854996e-15      -6.301933491233e-16 
  647       2.502337046267e-10       4.504248204276e-12      -1.282737247744e-12       0.000000000000e+00       2.907977872197e-14       3.869861620161e-15      -6.325211831855e-16 
  648       2.495545662040e-10       4.535153188106e-12      -1.487730703586e-12       0.000000000000e+00       2.891656131691e-14       3.896106495546e-15      -6.347436556839e-16 
  649       2.488995589434e-10       4.565458570898e-12      -1.695245286666e-12       0.000000000000e+00       2.875447005366e-14       3.922306952961e-15      -6.368617495200e-16 
  650       2.482688031104e-10       4.595156539778e-12      -1.905196811774e-12       0.000000000000e+00       2.859350026867e-14       3.948455381225e-15      -6.388764691215e-16 
  651       2.476624179835e-10       4.624239244682e-12      -2.117499913547e-12       0.000000000000e+00       2.843364706781e-14       3.974544085865e-15      -6.407888405370e-16 
  652       2.470805218461e-10       4.652698798288e-12      -2.332068041795e-12       0.000000000000e+00       2.827490532525e-14       4.000565288806e-15      -6.425999115311e-16 
  653       2.465232319799e-10       4.680527275955e-12      -2.548813456833e-12       0.000000000000e+00       2.811726968229e-14       4.026511128076e-15      -6.443107516793e-16 
  654       2.459906646573e-10       4.707716715661e-12      -2.767647224809e-12       0.000000000000e+00       2.796073454617e-14       4.052373657496e-15      -6.459224524632e-16 
  655       2.454829351341e-10       4.734259117936e-12      -2.988479213030e-12       0.000000000000e+00       2.780529408894e-14       4.078144846381e-15      -6.474361273648e-16 
  656       2.450001576424e-10       4.760146445802e-12      -3.211218085295e-12       0.000000000000e+00       2.765094224627e-14       4.103816579233e-15      -6.488529119621e-16 
  657       2.445424453833e-10       4.785370624705e-12      -3.435771297218e-12       0.000000000000e+00       2.749767271629e-14       4.129380655441e-15      -6.501739640239e-16 
  658       2.441099105193e-10       4.809923542457e-12      -3.662045091565e-12       0.000000000000e+00       2.734547895844e-14       4.154828788976e-15      -6.514004636043e-16 
  659       2.437026641676e-10       4.833797049168e-12      -3.889944493575e-12       0.000000000000e+00       2.719435419231e-14       4.180152608086e-15      -6.525336131382e-16 
  660       2.433208163921e-10       4.856982957185e-12      -4.119373306291e-12       0.000000000000e+00       2.704429139643e-14       4.205343654996e-15      -6.535746375361e-16 
  661       2.429644761970e-10       4.879473041027e-12      -4.350234105891e-12       0.000000000000e+00       2.689528330717e-14       4.230393385602e-15      -6.545247842787e-16 
  662       2.426337515187e-10       4.901259037323e-12      -4.582428237016e-12       0.000000000000e+00       2.674732241754e-14       4.255293169170e-15      -6.553853235122e-16 
  663       2.423287492189e-10       4.922332644745e-12      -4.815855808095e-12       0.000000000000e+00       2.660040097601e-14       4.280034288030e-15      -6.561575481434e-16 
  664       2.420495750775e-10       4.942685523950e-12      -5.050415686680e-12       0.000000000000e+00       2.645451098541e-14       4.304607937274e-15      -6.568427739339e-16 
  665       2.417963337848e-10       4.962309297513e-12      -5.286005494768e-12       0.000000000000e+00       2.630964420168e-14       4.329005224453e-15      -6.574423395959e-16 
  666       2.415691289349e-10       4.981195549861e-12      -5.522521604136e-12       0.000000000000e+00       2.616579213279e-14       4.353217169272e-15      -6.579576068866e-16 
  667       2.413680630177e-10       4.999335827218e-12      -5.759859131666e-12       0.000000000000e+00       2.602294603749e-14       4.377234703289e-15      -6.583899607035e-16 
  668       2.411932374122e-10       5.016721637529e-12      -5.997911934673e-12       0.000000000000e+00       2.588109692424e-14       4.401048669611e-15      -6.587408091789e-16 
  669       2.410447523789e-10       5.033344450410e-12      -6.236572606238e-12       0.000000000000e+00       2.574023554998e-14       4.424649822587e-15      -6.590115837753e-16 
  670       2.409227070527e-10       5.049195697073e-12      -6.475732470532e-12       0.000000000000e+00       2.560035241896e-14       4.448028827510e-15      -6.592037393801e-16 
  671       2.408271994356e-10       5.064266770270e-12      -6.715281578148e-12       0.000000000000e+00       2.546143778165e-14       4.471176260312e-15      -6.593187544004e-16 
  672       2.407583263892e-10       5.078549024225e-12      -6.955108701427e-12       0.000000000000e+00       2.532348163348e-14       4.494082607258e-15      -6.593581308583e-16 
  673       2.407161836278e-10       5.092033774573e-12      -7.195101329791e-12       0.000000000000e+00       2.518647371375e-14       4.516738264644e-15      -6.593233944857e-16 
  674       2.407008657107e-10       5.104712298298e-12      -7.435145665066e-12       0.000000000000e+00       2.505040350443e-14       4.539133538497e-15      -6.592160948191e-16 
  675       2.407124660353e-10       5.116575833663e-12      -7.675126616815e-12       0.000000000000e+00       2.491526022901e-14       4.561258644266e-15      -6.590378052948e-16 
  676       2.407510768297e-10       5.127615580153e-12      -7.914927797667e-12       0.000000000000e+00       2.478103285132e-14       4.583103706524e-15      -6.587901233433e-16 
  677       2.408167891451e-10       5.137822698410e-12      -8.154431518642e-12       0.000000000000e+00       2.464771007439e-14       4.604658758659e-15      -6.584746704852e-16 
  678       2.409096928492e-10       5.147188310166e-12      -8.393518784483e-12       0.000000000000e+00       2.451528033927e-14       4.625913742575e-15      -6.580930924252e-16 
  679       2.410298766183e-10       5.155703498185e-12      -8.632069288983e-12       0.000000000000e+00       2.438373182387e-14       4.646858508390e-15      -6.576470591475e-16 
  680       2.411774279303e-10       5.163359306194e-12      -8.869961410316e-12       0.000000000000e+00       2.425305244179e-14       4.667482814124e-15      -6.571382650106e-16 
  681       2.413524330573e-10       5.170146738824e-12      -9.107072206361e-12       0.000000000000e+00       2.412322984116e-14       4.687776325408e-15      -6.565684288425e-16 
  682       2.415549770586e-10       5.176056761544e-12      -9.343277410039e-12       0.000000000000e+00       2.399425140349e-14       4.707728615170e-15      -6.559392940353e-16 
  683       2.417850852344e-10       5.181082425671e-12      -9.578460217444e-12       0.000000000000e+00       2.386610599186e-14       4.727330831639e-15      -6.552523186499e-16 
  684       2.420425461316e-10       5.185225293318e-12      -9.812537867603e-12       0.000000000000e+00       2.373878923892e-14       4.746580742031e-15      -6.545077382787e-16 
  685       2.423270847457e-10       5.188489149466e-12      -1.004543562084e-11       0.000000000000e+00       2.361229836946e-14       4.765477795924e-15      -6.537054833666e-16 
  686       2.426384206949e-10       5.190877889790e-12      -1.027707801494e-11       0.000000000000e+00       2.348663046057e-14       4.784021466828e-15      -6.528454874056e-16 
  687       2.429762681981e-10       5.192395521142e-12      -1.050738886272e-11       0.000000000000e+00       2.336178244091e-14       4.802211252311e-15      -6.519276869501e-16 
  688       2.433403360524e-10       5.193046162037e-12      -1.073629124964e-11       0.000000000000e+00       2.323775108998e-14       4.820046674124e-15      -6.509520216320e-16 
  689       2.437303276107e-10       5.192834043129e-12      -1.096370753138e-11       0.000000000000e+00       2.311453303743e-14       4.837527278327e-15      -6.499184341763e-16 
  690       2.441459407597e-10       5.191763507697e-12      -1.118955933143e-11       0.000000000000e+00       2.299212476235e-14       4.854652635414e-15      -6.488268704160e-16 
  691       2.445868678972e-10       5.189839012127e-12      -1.141376753865e-11       0.000000000000e+00       2.287052259251e-14       4.871422340436e-15      -6.476772793079e-16 
  692       2.450527959101e-10       5.187065126392e-12      -1.163625230490e-11       0.000000000000e+00       2.274972270371e-14       4.887836013129e-15      -6.464696129476e-16 
  693       2.455434061519e-10       5.183446534540e-12      -1.185693304261e-11       0.000000000000e+00       2.262972111902e-14       4.903893298039e-15      -6.452038265848e-16 
  694       2.460583744204e-10       5.178988035170e-12      -1.207572842235e-11       0.000000000000e+00       2.251051370806e-14       4.919593864645e-15      -6.438798786388e-16 
  695       2.465973709354e-10       5.173694541917e-12      -1.229255637045e-11       0.000000000000e+00       2.239209618633e-14       4.934937407484e-15      -6.424977307139e-16 
  696       2.471600603166e-10       5.167571083936e-12      -1.250733406655e-11       0.000000000000e+00       2.227446411447e-14       4.949923646279e-15      -6.410573476142e-16 
  697       2.477461015610e-10       5.160622806380e-12      -1.271997794123e-11       0.000000000000e+00       2.215761289751e-14       4.964552326064e-15      -6.395586973596e-16 
  698       2.483551480207e-10       5.152854970887e-12      -1.293040367356e-11       0.000000000000e+00       2.204153778423e-14       4.978823217306e-15      -6.380017512006e-16 
  699       2.489868473804e-10       5.144272956060e-12      -1.313852618870e-11       0.000000000000e+00       2.192623386637e-14       4.992736116031e-15      -6.363864836339e-16 
  700       2.496408416356e-10       5.134882257948e-12      -1.334425965549e-11       0.000000000000e+00       2.181169607799e-14       5.006290843952e-15      -6.347128724174e-16 
  701       2.503167670697e-10       5.124688490533e-12      -1.354751748405e-11       0.000000000000e+00       2.169791919469e-14       5.019487248592e-15      -6.329808985862e-16 
  702       2.510142542320e-10       5.113697386206e-12      -1.374821232334e-11       0.000000000000e+00       2.158489783292e-14       5.032325203409e-15      -6.311905464669e-16 
  703       2.517329279152e-10       5.101914796254e-12      -1.394625605876e-11       0.000000000000e+00       2.147262644927e-14       5.044804607921e-15      -6.293418036938e-16 
  704       2.524724071336e-10       5.089346691342e-12      -1.414155980975e-11       0.000000000000e+00       2.136109933976e-14       5.056925387834e-15      -6.274346612239e-16 
  705       2.532323050998e-10       5.075999161991e-12      -1.433403392735e-11       0.000000000000e+00       2.125031063912e-14       5.068687495161e-15      -6.254691133519e-16 
  706       2.540122292036e-10       5.061878419068e-12      -1.452358799181e-11       0.000000000000e+00       2.114025432006e-14       5.080090908355e-15      -6.234451577263e-16 
  707       2.548117809886e-10       5.046990794260e-12      -1.471013081017e-11       0.000000000000e+00       2.103092419258e-14       5.091135632429e-15      -6.213627953638e-16 
  708       2.556305561305e-10       5.031342740563e-12      -1.489357041386e-11       0.000000000000e+00       2.092231390323e-14       5.101821699080e-15      -6.192220306652e-16 
  709       2.564681444148e-10       5.014940832760e-12      -1.507381405626e-11       0.000000000000e+00       2.081441693444e-14       5.112149166820e-15      -6.170228714306e-16 
  710       2.573241297141e-10       4.997791767904e-12      -1.525076821029e-11       0.000000000000e+00       2.070722660373e-14       5.122118121095e-15      -6.147653288748e-16 
  711       2.581980899661e-10       4.979902365804e-12      -1.542433856604e-11       0.000000000000e+00       2.060073606308e-14       5.131728674415e-15      -6.124494176422e-16 
  712       2.590895971511e-10       4.961279569502e-12      -1.559443002830e-11       0.000000000000e+00       2.049493829816e-14       5.140980966476e-15      -6.100751558227e-16 
  713       2.599982172701e-10       4.941930445759e-12      -1.576094671419e-11       0.000000000000e+00       2.038982612763e-14       5.149875164286e-15      -6.076425649666e-16 
  714       2.609235103218e-10       4.921862185536e-12      -1.592379195072e-11       0.000000000000e+00       2.028539220243e-14       5.158411462289e-15      -6.051516701001e-16 
  715       2.618650302808e-10       4.901082104477e-12      -1.608286827241e-11       0.000000000000e+00       2.018162900506e-14       5.166590082495e-15      -6.026024997405e-16 
  716       2.628223250752e-10       4.879597643390e-12      -1.623807741882e-11       0.000000000000e+00       2.007852884887e-14       5.174411274599e-15      -5.999950859116e-16 
  717       2.637949365641e-10       4.857416368731e-12      -1.638932033221e-11       0.000000000000e+00       1.997608387734e-14       5.181875316108e-15      -5.973294641591e-16 
  718       2.647824005157e-10       4.834545973084e-12      -1.653649715506e-11       0.000000000000e+00       1.987428606338e-14       5.188982512470e-15      -5.946056735658e-16 
  719       2.657842465842e-10       4.810994275647e-12      -1.667950722771e-11       0.000000000000e+00       1.977312720859e-14       5.195733197193e-15      -5.918237567667e-16 
  720       2.667999982886e-10       4.786769222711e-12      -1.681824908591e-11       0.000000000000e+00       1.967259894256e-14       5.202127731975e-15      -5.889837599650e-16 
  721       2.678291729892e-10       4.761878888143e-12      -1.695262045844e-11       0.000000000000e+00       1.957269272216e-14       5.208166506828e-15      -5.860857329465e-16 
  722       2.688712858253e-10       4.736332266359e-12      -1.708253193968e-11       0.000000000000e+00       1.947340097488e-14       5.213850537917e-15      -5.831298489825e-16 
  723       2.699258616570e-10       4.710141667830e-12      -1.720794831536e-11       0.000000000000e+00       1.937472055564e-14       5.219183274082e-15      -5.801167671617e-16 
  724       2.709924233201e-10       4.683320372918e-12      -1.732884806680e-11       0.000000000000e+00       1.927664935839e-14       5.224168827058e-15      -5.770472774074e-16 
  725       2.720704876676e-10       4.655881844433e-12      -1.744520977223e-11       0.000000000000e+00       1.917918517792e-14       5.228811377322e-15      -5.739221812959e-16 
  726       2.731595655479e-10       4.627839728296e-12      -1.755701210751e-11       0.000000000000e+00       1.908232570940e-14       5.233115174358e-15      -5.707422920997e-16 
  727       2.742591617839e-10       4.599207854203e-12      -1.766423384687e-11       0.000000000000e+00       1.898606854797e-14       5.237084536917e-15      -5.675084348303e-16 
  728       2.753687751515e-10       4.570000236291e-12      -1.776685386363e-11       0.000000000000e+00       1.889041118825e-14       5.240723853285e-15      -5.642214462811e-16 
  729       2.764878983578e-10       4.540231073803e-12      -1.786485113097e-11       0.000000000000e+00       1.879535102387e-14       5.244037581539e-15      -5.608821750701e-16 
  730       2.776160180203e-10       4.509914751751e-12      -1.795820472258e-11       0.000000000000e+00       1.870088534708e-14       5.247030249814e-15      -5.574914816830e-16 
  731       2.787526146448e-10       4.479065841581e-12      -1.804689381349e-11       0.000000000000e+00       1.860701134826e-14       5.249706456564e-15      -5.540502385161e-16 
  732       2.798971626047e-10       4.447699101838e-12      -1.813089768073e-11       0.000000000000e+00       1.851372611545e-14       5.252070870825e-15      -5.505593299188e-16 
  733       2.810491301192e-10       4.415829478831e-12      -1.821019570407e-11       0.000000000000e+00       1.842102663396e-14       5.254128232475e-15      -5.470196522370e-16 
  734       2.822079792317e-10       4.383472107294e-12      -1.828476736679e-11       0.000000000000e+00       1.832890978584e-14       5.255883352503e-15      -5.434321138555e-16 
  735       2.833731657891e-10       4.350642311055e-12      -1.835459225637e-11       0.000000000000e+00       1.823737234949e-14       5.257341113264e-15      -5.397976352414e-16 
  736       2.845441394196e-10       4.317355603700e-12      -1.841965006524e-11       0.000000000000e+00       1.814641099919e-14       5.258506468746e-15      -5.361171489864e-16 
  737       2.857203435118e-10       4.283627689233e-12      -1.847992059151e-11       0.000000000000e+00       1.805602230463e-14       5.259384444831e-15      -5.323915998500e-16 
  738       2.869012151931e-10       4.249474462745e-12      -1.853538373968e-11       0.000000000000e+00       1.796620273048e-14       5.259980139560e-15      -5.286219448025e-16 
  739       2.880861853085e-10       4.214912011080e-12      -1.858601952142e-11       0.000000000000e+00       1.787694863595e-14       5.260298723391e-15      -5.248091530675e-16 
  740       2.892746783989e-10       4.179956613491e-12      -1.863180805625e-11       0.000000000000e+00       1.778825627430e-14       5.260345439466e-15      -5.209542061650e-16 
  741       2.904661126799e-10       4.144624742316e-12      -1.867272957228e-11       0.000000000000e+00       1.770012179241e-14       5.260125603871e-15      -5.170580979544e-16 
  742       2.916599000202e-10       4.108933063632e-12      -1.870876440698e-11       0.000000000000e+00       1.761254123033e-14       5.259644605901e-15      -5.131218346771e-16 
  743       2.928554459205e-10       4.072898437927e-12      -1.873989300785e-11       0.000000000000e+00       1.752551052083e-14       5.258907908317e-15      -5.091464349996e-16 
  744       2.940521494919e-10       4.036537920762e-12      -1.876609593323e-11       0.000000000000e+00       1.743902548895e-14       5.257921047616e-15      -5.051329300562e-16 
  745       2.952494034345e-10       3.999868763433e-12      -1.878735385292e-11       0.000000000000e+00       1.735308185154e-14       5.256689634290e-15      -5.010823634920e-16 
  746       2.964465940160e-10       3.962908413640e-12      -1.880364754904e-11       0.000000000000e+00       1.726767521678e-14       5.255219353086e-15      -4.969957915058e-16 
  747       2.976431010504e-10       3.925674516147e-12      -1.881495791666e-11       0.000000000000e+00       1.718280108382e-14       5.253515963273e-15      -4.928742828928e-16 
  748       2.988382978763e-10       3.888184913452e-12      -1.882126596456e-11       0.000000000000e+00       1.709845484221e-14       5.251585298902e-15      -4.887189190877e-16 
  749       3.000315513361e-10       3.850457646444e-12      -1.882255281600e-11       0.000000000000e+00       1.701463177154e-14       5.249433269071e-15      -4.845307942075e-16 
  750       3.012222217539e-10       3.812510955074e-12      -1.881879970939e-11       0.000000000000e+00       1.693132704095e-14       5.247065858183e-15      -4.803110150941e-16 
  751       3.024096629144e-10       3.774363279020e-12      -1.880998799907e-11       0.000000000000e+00       1.684853570868e-14       5.244489126214e-15      -4.760607013577e-16 
  752       3.035932220417e-10       3.736033258343e-12      -1.879609915602e-11       0.000000000000e+00       1.676625272161e-14       5.241709208970e-15      -4.717809854193e-16 
  753       3.047722397775e-10       3.697539734163e-12      -1.877711476857e-11       0.000000000000e+00       1.668447291485e-14       5.238732318355e-15      -4.674730125536e-16 
  754       3.059460501601e-10       3.658901749313e-12      -1.875301654317e-11       0.000000000000e+00       1.660319101123e-14       5.235564742631e-15      -4.631379409321e-16 
  755       3.071139806026e-10       3.620138549011e-12      -1.872378630512e-11       0.000000000000e+00       1.652240162090e-14       5.232212846680e-15      -4.587769416657e-16 
  756       3.082753518717e-10       3.581269581523e-12      -1.868940599924e-11       0.000000000000e+00       1.644209924083e-14       5.228683072266e-15      -4.543911988477e-16 
  757       3.094294780665e-10       3.542314498822e-12      -1.864985769070e-11       0.000000000000e+00       1.636227825440e-14       5.224981938300e-15      -4.499819095969e-16 
  758       3.105756665967e-10       3.503293157262e-12      -1.860512356566e-11       0.000000000000e+00       1.628293293094e-14       5.221116041102e-15      -4.455502840999e-16 
  759       3.117132181613e-10       3.464225618233e-12      -1.855518593204e-11       0.000000000000e+00       1.620405742526e-14       5.217092054662e-15      -4.410975456547e-16 
  760       3.128414267275e-10       3.425132148832e-12      -1.850002722026e-11       0.000000000000e+00       1.612564577721e-14       5.212916730903e-15      -4.366249307129e-16 
  761       3.139596376252e-10       3.386032152441e-12      -1.843964024777e-11       0.000000000000e+00       1.604769269067e-14       5.208594779601e-15      -4.321335200221e-16 
  762       3.150674230970e-10       3.346940936638e-12      -1.837405922700e-11       0.000000000000e+00       1.597019588786e-14       5.204122463043e-15      -4.276237284138e-16 
  763       3.161644100709e-10       3.307872884646e-12      -1.830332935326e-11       0.000000000000e+00       1.589315379924e-14       5.199493879096e-15      -4.230958053198e-16 
  764       3.172502223401e-10       3.268842520244e-12      -1.822749659765e-11       0.000000000000e+00       1.581656478793e-14       5.194703070260e-15      -4.185500027949e-16 
  765       3.183244805531e-10       3.229864508212e-12      -1.814660770989e-11       0.000000000000e+00       1.574042714935e-14       5.189744023487e-15      -4.139865755250e-16 
  766       3.193868022046e-10       3.190953654774e-12      -1.806071022118e-11       0.000000000000e+00       1.566473911098e-14       5.184610670005e-15      -4.094057808347e-16 
  767       3.204368016261e-10       3.152124908039e-12      -1.796985244708e-11       0.000000000000e+00       1.558949883204e-14       5.179296885143e-15      -4.048078786957e-16 
  768       3.214740899764e-10       3.113393358447e-12      -1.787408349031e-11       0.000000000000e+00       1.551470440323e-14       5.173796488153e-15      -4.001931317342e-16 
  769       3.224982752323e-10       3.074774239210e-12      -1.777345324368e-11       0.000000000000e+00       1.544035384641e-14       5.168103242036e-15      -3.955618052392e-16 
  770       3.235089621792e-10       3.036282926757e-12      -1.766801239287e-11       0.000000000000e+00       1.536644511430e-14       5.162210853363e-15      -3.909141671705e-16 
  771       3.245057524017e-10       2.997934941175e-12      -1.755781241933e-11       0.000000000000e+00       1.529297609026e-14       5.156112972103e-15      -3.862504881660e-16 
  772       3.254882442745e-10       2.959745946652e-12      -1.744290560315e-11       0.000000000000e+00       1.521994458790e-14       5.149803191443e-15      -3.815710415505e-16 
  773       3.264560329525e-10       2.921731751922e-12      -1.732334502585e-11       0.000000000000e+00       1.514734835088e-14       5.143275047611e-15      -3.768761033429e-16 
  774       3.274087103619e-10       2.883908310709e-12      -1.719918457329e-11       0.000000000000e+00       1.507518505255e-14       5.136522019706e-15      -3.721659522646e-16 
  775       3.283458651905e-10       2.846291722163e-12      -1.707047893851e-11       0.000000000000e+00       1.500345229571e-14       5.129537529514e-15      -3.674408697471e-16 
  776       3.292670828785e-10       2.808898231313e-12      -1.693728362459e-11       0.000000000000e+00       1.493214761228e-14       5.122314941337e-15      -3.627011399401e-16 
  777       3.301719456092e-10       2.771744229503e-12      -1.679965494749e-11       0.000000000000e+00       1.486126846306e-14       5.114847561814e-15      -3.579470497194e-16 
  778       3.310600322993e-10       2.734846254839e-12      -1.665765003892e-11       0.000000000000e+00       1.479081223737e-14       5.107128639748e-15      -3.531788886949e-16 
  779       3.319309185898e-10       2.698220992627e-12      -1.651132684919e-11       0.000000000000e+00       1.472077625284e-14       5.099151365925e-15      -3.483969492181e-16 
  780       3.327841768366e-10       2.661885275823e-12      -1.636074415004e-11       0.000000000000e+00       1.465115775504e-14       5.090908872943e-15      -3.436015263907e-16 
  781       3.336193761011e-10       2.625856085470e-12      -1.620596153756e-11       0.000000000000e+00       1.458195391725e-14       5.082394235030e-15      -3.387929180721e-16 
  782       3.344360821407e-10       2.590150551146e-12      -1.604703943496e-11       0.000000000000e+00       1.451316184015e-14       5.073600467876e-15      -3.339714248874e-16 
  783       3.352338573995e-10       2.554785951402e-12      -1.588403909551e-11       0.000000000000e+00       1.444477855151e-14       5.064520528447e-15      -3.291373502351e-16 
  784       3.360122609990e-10       2.519779714211e-12      -1.571702260531e-11       0.000000000000e+00       1.437680100594e-14       5.055147314815e-15      -3.242910002957e-16 
  785       3.367708487287e-10       2.485149417403e-12      -1.554605288624e-11       0.000000000000e+00       1.430922608456e-14       5.045473665983e-15      -3.194326840387e-16 
  786       3.375091730366e-10       2.450912789117e-12      -1.537119369871e-11       0.000000000000e+00       1.424205059473e-14       5.035492361703e-15      -3.145627132314e-16 
  787       3.382267830199e-10       2.417087708239e-12      -1.519250964460e-11       0.000000000000e+00       1.417527126976e-14       5.025196122303e-15      -3.096814024461e-16 
  788       3.389232244158e-10       2.383692204845e-12      -1.501006617008e-11       0.000000000000e+00       1.410888476861e-14       5.014577608513e-15      -3.047890690687e-16 
  789       3.395980395917e-10       2.350744460645e-12      -1.482392956846e-11       0.000000000000e+00       1.404288767563e-14       5.003629421285e-15      -2.998860333059e-16 
  790       3.402507675362e-10       2.318262809427e-12      -1.463416698306e-11       0.000000000000e+00       1.397727650021e-14       4.992344101619e-15      -2.949726181937e-16 
  791       3.408809438497e-10       2.286265737499e-12      -1.444084641005e-11       0.000000000000e+00       1.391204767655e-14       4.980714130384e-15      -2.900491496053e-16 
  792       3.414881007348e-10       2.254771884132e-12      -1.424403670131e-11       0.000000000000e+00       1.384719756334e-14       4.968731928147e-15      -2.851159562584e-16 
  793       3.420717669871e-10       2.223800042003e-12      -1.404380756732e-11       0.000000000000e+00       1.378272244346e-14       4.956389854991e-15      -2.801733697239e-16 
  794       3.426314679857e-10       2.193369157638e-12      -1.384022957993e-11       0.000000000000e+00       1.371861852374e-14       4.943680210343e-15      -2.752217244335e-16 
  795       3.431667256839e-10       2.163498331857e-12      -1.363337417531e-11       0.000000000000e+00       1.365488193459e-14       4.930595232795e-15      -2.702613576875e-16 
  796       3.436770585999e-10       2.134206820214e-12      -1.342331365675e-11       0.000000000000e+00       1.359150872978e-14       4.917127099931e-15      -2.652926096629e-16 
  797       3.441619818073e-10       2.105514033442e-12      -1.321012119751e-11       0.000000000000e+00       1.352849488614e-14       4.903267928146e-15      -2.603158234212e-16 
  798       3.446210069258e-10       2.077439537897e-12      -1.299387084372e-11       0.000000000000e+00       1.346583630321e-14       4.889009772474e-15      -2.553313449165e-16 
  799       3.450536421116e-10       2.050003055996e-12      -1.277463751719e-11       0.000000000000e+00       1.340352880304e-14       4.874344626411e-15      -2.503395230033e-16 
  800       3.454594665863e-10       2.023222156552e-12      -1.255249792087e-11       0.000000000000e+00       1.334156866175e-14       4.859267328272e-15      -2.453408182219e-16 
  801       3.458383557315e-10       1.997105278656e-12      -1.232753326748e-11       0.000000000000e+00       1.327995421575e-14       4.843784338758e-15      -2.403361313139e-16 
  802       3.461902600812e-10       1.971658581424e-12      -1.209982660631e-11       0.000000000000e+00       1.321868428427e-14       4.827905123140e-15      -2.353264807146e-16 
  803       3.465151311604e-10       1.946888242600e-12      -1.186946192813e-11       0.000000000000e+00       1.315775763991e-14       4.811639259601e-15      -2.303128943467e-16 
  804       3.468129214894e-10       1.922800458559e-12      -1.163652416829e-11       0.000000000000e+00       1.309717300844e-14       4.794996439605e-15      -2.252964096483e-16 
  805       3.470835845891e-10       1.899401444324e-12      -1.140109920964e-11       0.000000000000e+00       1.303692906858e-14       4.777986468257e-15      -2.202780736014e-16 
  806       3.473270749847e-10       1.876697433573e-12      -1.116327388567e-11       0.000000000000e+00       1.297702445186e-14       4.760619264683e-15      -2.152589427602e-16 
  807       3.475433482109e-10       1.854694678648e-12      -1.092313598342e-11       0.000000000000e+00       1.291745774240e-14       4.742904862389e-15      -2.102400832793e-16 
  808       3.477323608165e-10       1.833399450571e-12      -1.068077424659e-11       0.000000000000e+00       1.285822747672e-14       4.724853409631e-15      -2.052225709422e-16 
  809       3.478940703683e-10       1.812818039049e-12      -1.043627837852e-11       0.000000000000e+00       1.279933214356e-14       4.706475169785e-15      -2.002074911892e-16 
  810       3.480284354567e-10       1.792956752487e-12      -1.018973904524e-11       0.000000000000e+00       1.274077018369e-14       4.687780521716e-15      -1.951959391462e-16 
  811       3.481354156994e-10       1.773821917997e-12      -9.941247878462e-12       0.000000000000e+00       1.268253998969e-14       4.668779960142e-15      -1.901890196527e-16 
  812       3.482149717463e-10       1.755419881411e-12      -9.690897478630e-12       0.000000000000e+00       1.262463990580e-14       4.649484096004e-15      -1.851878472899e-16 
  813       3.482670652842e-10       1.737757007289e-12      -9.438781417938e-12       0.000000000000e+00       1.256706822771e-14       4.629903656836e-15      -1.801935464094e-16 
  814       3.482916590415e-10       1.720839678931e-12      -9.184994243347e-12       0.000000000000e+00       1.250982320237e-14       4.610049487130e-15      -1.752072511614e-16 
  815       3.482887167922e-10       1.704674298386e-12      -8.929631479618e-12       0.000000000000e+00       1.245290302780e-14       4.589932548707e-15      -1.702301055228e-16 
  816       3.482582033609e-10       1.689267286463e-12      -8.672789632328e-12       0.000000000000e+00       1.239630585289e-14       4.569563921083e-15      -1.652632633256e-16 
  817       3.482000846277e-10       1.674625082744e-12      -8.414566190900e-12       0.000000000000e+00       1.234002977724e-14       4.548954801836e-15      -1.603078882853e-16 
  818       3.481143275319e-10       1.660754145589e-12      -8.155059631626e-12       0.000000000000e+00       1.228407285092e-14       4.528116506979e-15      -1.553651540290e-16 
  819       3.480009000775e-10       1.647660952152e-12      -7.894369420685e-12       0.000000000000e+00       1.222843307434e-14       4.507060471321e-15      -1.504362441239e-16 
  820       3.478597713371e-10       1.635351998388e-12      -7.632596017175e-12       0.000000000000e+00       1.217310839800e-14       4.485798248843e-15      -1.455223521054e-16 
  821       3.476909114570e-10       1.623833799066e-12      -7.369840876133e-12       0.000000000000e+00       1.211809672234e-14       4.464341513058e-15      -1.406246815054e-16 
  822       3.474942916612e-10       1.613112887775e-12      -7.106206451560e-12       0.000000000000e+00       1.206339589753e-14       4.442702057385e-15      -1.357444458810e-16 
  823       3.472698842567e-10       1.603195816942e-12      -6.841796199441e-12       0.000000000000e+00       1.200900372329e-14       4.420891795517e-15      -1.308828688421e-16 
  824       3.470176626374e-10       1.594089157833e-12      -6.576714580776e-12       0.000000000000e+00       1.195491794869e-14       4.398922761783e-15      -1.260411840804e-16 
  825       3.467376012891e-10       1.585799500571e-12      -6.311067064600e-12       0.000000000000e+00       1.190113627197e-14       4.376807111524e-15      -1.212206353970e-16 
  826       3.464296757940e-10       1.578333454145e-12      -6.044960131004e-12       0.000000000000e+00       1.184765634033e-14       4.354557121454e-15      -1.164224767315e-16 
  827       3.460938628352e-10       1.571697646418e-12      -5.778501274166e-12       0.000000000000e+00       1.179447574976e-14       4.332185190035e-15      -1.116479721894e-16 
  828       3.457301402013e-10       1.565898724137e-12      -5.511799005368e-12       0.000000000000e+00       1.174159204485e-14       4.309703837840e-15      -1.068983960711e-16 
  829       3.453384867910e-10       1.560943352949e-12      -5.244962856025e-12       0.000000000000e+00       1.168900271859e-14       4.287125707920e-15      -1.021750329000e-16 
  830       3.449188826178e-10       1.556838217405e-12      -4.978103380707e-12       0.000000000000e+00       1.163670521216e-14       4.264463566179e-15      -9.747917745060e-17 
  831       3.444713088144e-10       1.553590020973e-12      -4.711332160162e-12       0.000000000000e+00       1.158469691478e-14       4.241730301736e-15      -9.281213477695e-17 
  832       3.439957476372e-10       1.551205486051e-12      -4.444761804341e-12       0.000000000000e+00       1.153297516350e-14       4.218938927292e-15      -8.817522024096e-17 
  833       3.434921824713e-10       1.549691353974e-12      -4.178505955422e-12       0.000000000000e+00       1.148153724299e-14       4.196102579506e-15      -8.356975954066e-17 
  834       3.429605978345e-10       1.549054385023e-12      -3.912679290835e-12       0.000000000000e+00       1.143038038538e-14       4.173234519354e-15      -7.899708873847e-17 
  835       3.424009793826e-10       1.549301358442e-12      -3.647397526283e-12       0.000000000000e+00       1.137950177007e-14       4.150348132503e-15      -7.445855428954e-17 
  836       3.418133139132e-10       1.550439072442e-12      -3.382777418768e-12       0.000000000000e+00       1.132889852350e-14       4.127456929675e-15      -6.995551307003e-17 
  837       3.411975893709e-10       1.552474344215e-12      -3.118936769615e-12       0.000000000000e+00       1.127856771901e-14       4.104574547021e-15      -6.548933240539e-17 
  838       3.405537948514e-10       1.555414009942e-12      -2.855994427496e-12       0.000000000000e+00       1.122850637661e-14       4.081714746481e-15      -6.106139009865e-17 
  839       3.398819680875e-10       1.559262780727e-12      -2.594061741598e-12       0.000000000000e+00       1.117871183286e-14       4.058888680391e-15      -5.667274516568e-17 
  840       3.391823388019e-10       1.564016769473e-12      -2.333216752032e-12       0.000000000000e+00       1.112918285788e-14       4.036096632370e-15      -5.232314370444e-17 
  841       3.384551878568e-10       1.569669851419e-12      -2.073529556435e-12       0.000000000000e+00       1.107991855740e-14       4.013336133484e-15      -4.801199578779e-17 
  842       3.377008000121e-10       1.576215797660e-12      -1.815070820701e-12       0.000000000000e+00       1.103091800432e-14       3.990604684897e-15      -4.373870316171e-17 
  843       3.369194639376e-10       1.583648274791e-12      -1.557911780553e-12       0.000000000000e+00       1.098218023860e-14       3.967899757771e-15      -3.950265921753e-17 
  844       3.361114722258e-10       1.591960844556e-12      -1.302124243108e-12       0.000000000000e+00       1.093370426712e-14       3.945218793173e-15      -3.530324896408e-17 
  845       3.352771214049e-10       1.601146963491e-12      -1.047780588447e-12       0.000000000000e+00       1.088548906357e-14       3.922559201972e-15      -3.113984900001e-17 
  846       3.344167119508e-10       1.611199982569e-12      -7.949537711798e-13       0.000000000000e+00       1.083753356831e-14       3.899918364744e-15      -2.701182748596e-17 
  847       3.335305483004e-10       1.622113146847e-12      -5.437173220196e-13       0.000000000000e+00       1.078983668822e-14       3.877293631672e-15      -2.291854411680e-17 
  848       3.326189388640e-10       1.633879595109e-12      -2.941453493453e-13       0.000000000000e+00       1.074239729664e-14       3.854682322454e-15      -1.885935009386e-17 
  849       3.316821960378e-10       1.646492359515e-12      -4.631254077201e-14       0.000000000000e+00       1.069521423316e-14       3.832081726198e-15      -1.483358809714e-17 
  850       3.307206362170e-10       1.659944365243e-12       1.997058352811e-13       0.000000000000e+00       1.064828630354e-14       3.809489101329e-15      -1.084059225757e-17 
  851       3.297345798080e-10       1.674228430135e-12       4.438339280225e-13       0.000000000000e+00       1.060161227959e-14       3.786901675488e-15      -6.879688129184e-18 
  852       3.287243512413e-10       1.689337264346e-12       6.859953027203e-13       0.000000000000e+00       1.055519089900e-14       3.764316645439e-15      -2.950192661395e-18 
  853       3.276902789842e-10       1.705263469984e-12       9.261129391342e-13       0.000000000000e+00       1.050902086525e-14       3.741731176965e-15       9.485858288067e-19 
  854       3.266326955534e-10       1.721999540757e-12       1.164109229947e-12       0.000000000000e+00       1.046310084748e-14       3.719142404775e-15       4.817347684621e-18 
  855       3.255519375277e-10       1.739537861621e-12       1.399905979196e-12       0.000000000000e+00       1.041742948035e-14       3.696547432406e-15       8.656801937211e-18 
  856       3.244483455605e-10       1.757870708425e-12       1.633424400708e-12       0.000000000000e+00       1.037200536388e-14       3.673943332123e-15       1.246766633348e-17 
  857       3.233222643928e-10       1.776990247551e-12       1.864585116525e-12       0.000000000000e+00       1.032682706342e-14       3.651327144820e-15       1.625066736384e-17 
  858       3.221740428656e-10       1.796888535566e-12       2.093308155342e-12       0.000000000000e+00       1.028189310939e-14       3.628695879929e-15       2.000654028999e-17 
  859       3.210040339325e-10       1.817557518865e-12       2.319512950936e-12       0.000000000000e+00       1.023720199728e-14       3.606046515314e-15       2.373602917270e-17 
  860       3.198125946727e-10       1.838989033316e-12       2.543118340598e-12       0.000000000000e+00       1.019275218744e-14       3.583375997180e-15       2.743988689957e-17 
  861       3.186000863033e-10       1.861174803904e-12       2.764042563565e-12       0.000000000000e+00       1.014854210497e-14       3.560681239969e-15       3.111887521281e-17 
  862       3.173668741923e-10       1.884106444380e-12       2.982203259453e-12       0.000000000000e+00       1.010457013961e-14       3.537959126269e-15       3.477376473701e-17 
  863       3.161133278710e-10       1.907775456902e-12       3.197517466688e-12       0.000000000000e+00       1.006083464559e-14       3.515206506710e-15       3.840533500692e-17 
  864       3.148398210467e-10       1.932173231685e-12       3.409901620936e-12       0.000000000000e+00       1.001733394154e-14       3.492420199871e-15       4.201437449522e-17 
  865       3.135467316156e-10       1.957291046642e-12       3.619271553537e-12       0.000000000000e+00       9.974066310299e-15       3.469596992180e-15       4.560168064032e-17 
  866       3.122344416751e-10       1.983120067034e-12       3.825542489938e-12       0.000000000000e+00       9.931029998854e-15       3.446733637815e-15       4.916805987408e-17 
  867       3.109033375370e-10       2.009651345111e-12       4.028629048121e-12       0.000000000000e+00       9.888223218168e-15       3.423826858610e-15       5.271432764963e-17 
  868       3.095538097394e-10       2.036875819759e-12       4.228445237040e-12       0.000000000000e+00       9.845644143074e-15       3.400873343953e-15       5.624130846913e-17 
  869       3.081862530600e-10       2.064784316147e-12       4.424904455046e-12       0.000000000000e+00       9.803290912136e-15       3.377869750693e-15       5.974983591155e-17 
  870       3.068010665287e-10       2.093367545370e-12       4.617919488326e-12       0.000000000000e+00       9.761161627528e-15       3.354812703038e-15       6.324075266043e-17 
  871       3.053986534400e-10       2.122616104096e-12       4.807402509329e-12       0.000000000000e+00       9.719254354905e-15       3.331698792457e-15       6.671491053166e-17 
  872       3.039794213656e-10       2.152520474211e-12       4.993265075204e-12       0.000000000000e+00       9.677567123273e-15       3.308524577588e-15       7.017317050127e-17 
  873       3.025437821677e-10       2.183071022462e-12       5.175418126224e-12       0.000000000000e+00       9.636097924863e-15       3.285286584133e-15       7.361640273318e-17 
  874       3.010921520107e-10       2.214258000107e-12       5.353771984226e-12       0.000000000000e+00       9.594844715005e-15       3.261981304766e-15       7.704548660698e-17 
  875       2.996249513749e-10       2.246071542558e-12       5.528236351035e-12       0.000000000000e+00       9.553805411998e-15       3.238605199032e-15       8.046131074574e-17 
  876       2.981426050683e-10       2.278501669024e-12       5.698720306904e-12       0.000000000000e+00       9.512977896981e-15       3.215154693249e-15       8.386477304371e-17 
  877       2.966455422398e-10       2.311538282162e-12       5.865132308938e-12       0.000000000000e+00       9.472360013809e-15       3.191626180413e-15       8.725678069419e-17 
  878       2.951341936524e-10       2.345170481971e-12       6.027392820949e-12       0.000000000000e+00       9.431949829332e-15       3.168017227236e-15       9.063792663645e-17 
  879       2.936089834286e-10       2.379384495709e-12       6.185472436323e-12       0.000000000000e+00       9.391746419228e-15       3.144330217460e-15       9.400751294470e-17 
  880       2.920703371926e-10       2.414165712856e-12       6.339354385907e-12       0.000000000000e+00       9.351749094981e-15       3.120568768928e-15       9.736451125616e-17 
  881       2.905186848100e-10       2.449499367280e-12       6.489021964439e-12       0.000000000000e+00       9.311957144572e-15       3.096736532024e-15       1.007078848577e-16 
  882       2.889544603996e-10       2.485370536774e-12       6.634458530937e-12       0.000000000000e+00       9.272369832394e-15       3.072837189764e-15       1.040365886631e-16 
  883       2.873781023455e-10       2.521764142599e-12       6.775647509104e-12       0.000000000000e+00       9.232986399160e-15       3.048874457887e-15       1.073495691908e-16 
  884       2.857900533099e-10       2.558664949015e-12       6.912572387717e-12       0.000000000000e+00       9.193806061818e-15       3.024852084944e-15       1.106457645412e-16 
  885       2.841907602448e-10       2.596057562830e-12       7.045216721024e-12       0.000000000000e+00       9.154828013467e-15       3.000773852385e-15       1.139241043740e-16 
  886       2.825806744044e-10       2.633926432928e-12       7.173564129142e-12       0.000000000000e+00       9.116051423266e-15       2.976643574656e-15       1.171835098861e-16 
  887       2.809602513575e-10       2.672255849817e-12       7.297598298453e-12       0.000000000000e+00       9.077475436345e-15       2.952465099282e-15       1.204228937885e-16 
  888       2.793299509996e-10       2.711029945163e-12       7.417302981996e-12       0.000000000000e+00       9.039099173726e-15       2.928242306960e-15       1.236411602840e-16 
  889       2.776902375650e-10       2.750232691327e-12       7.532661999867e-12       0.000000000000e+00       9.000921732227e-15       2.903979111649e-15       1.268372050449e-16 
  890       2.760415796395e-10       2.789847900909e-12       7.643659239614e-12       0.000000000000e+00       8.962942184379e-15       2.879679460660e-15       1.300099151901e-16 
  891       2.743844501722e-10       2.829859226285e-12       7.750278656631e-12       0.000000000000e+00       8.925159578340e-15       2.855347334745e-15       1.331581692627e-16 
  892       2.727193264877e-10       2.870250159141e-12       7.852504274556e-12       0.000000000000e+00       8.887572937804e-15       2.830986748187e-15       1.362808372075e-16 
  893       2.710466902987e-10       2.911004030018e-12       7.950320185666e-12       0.000000000000e+00       8.850181261918e-15       2.806601748892e-15       1.393767803484e-16 
  894       2.693670277182e-10       2.952104007850e-12       8.043710551273e-12       0.000000000000e+00       8.812983525192e-15       2.782196418477e-15       1.424448513660e-16 
  895       2.676808292713e-10       2.993533099498e-12       8.132659602118e-12       0.000000000000e+00       8.775978677412e-15       2.757774872359e-15       1.454838942748e-16 
  896       2.659885899080e-10       3.035274149293e-12       8.217151638772e-12       0.000000000000e+00       8.739165643555e-15       2.733341259847e-15       1.484927444010e-16 
  897       2.642908090150e-10       3.077309838575e-12       8.297171032026e-12       0.000000000000e+00       8.702543323699e-15       2.708899764232e-15       1.514702283595e-16 
  898       2.625879904282e-10       3.119622685228e-12       8.372702223289e-12       0.000000000000e+00       8.666110592940e-15       2.684454602876e-15       1.544151640319e-16 
  899       2.608806424448e-10       3.162195043223e-12       8.443729724988e-12       0.000000000000e+00       8.629866301298e-15       2.660010027300e-15       1.573263605435e-16 
  900       2.591692778358e-10       3.205009102155e-12       8.510238120956e-12       0.000000000000e+00       8.593809273638e-15       2.635570323280e-15       1.602026182412e-16 
  901       2.574544138578e-10       3.248046886781e-12       8.572212066835e-12       0.000000000000e+00       8.557938309577e-15       2.611139810930e-15       1.630427286704e-16 
  902       2.557365722656e-10       3.291290256559e-12       8.629636290467e-12       0.000000000000e+00       8.522252183397e-15       2.586722844796e-15       1.658454745530e-16 
  903       2.540162793243e-10       3.334720905188e-12       8.682495592292e-12       0.000000000000e+00       8.486749643964e-15       2.562323813945e-15       1.686096297646e-16 
  904       2.522940658216e-10       3.378320360145e-12       8.730774845745e-12       0.000000000000e+00       8.451429414632e-15       2.537947142055e-15       1.713339593120e-16 
  905       2.505704670799e-10       3.422069982227e-12       8.774458997651e-12       0.000000000000e+00       8.416290193163e-15       2.513597287504e-15       1.740172193107e-16 
  906       2.488460229688e-10       3.465950965084e-12       8.813533068618e-12       0.000000000000e+00       8.381330651635e-15       2.489278743463e-15       1.766581569621e-16 
  907       2.471212779170e-10       3.509944334766e-12       8.847982153437e-12       0.000000000000e+00       8.346549436359e-15       2.464996037980e-15       1.792555105316e-16 
  908       2.453967809249e-10       3.554030949251e-12       8.877791421476e-12       0.000000000000e+00       8.311945167788e-15       2.440753734078e-15       1.818080093253e-16 
  909       2.436730855765e-10       3.598191497996e-12       8.902946117077e-12       0.000000000000e+00       8.277516440434e-15       2.416556429838e-15       1.843143736679e-16 
  910       2.419507500520e-10       3.642406501464e-12       8.923431559948e-12       0.000000000000e+00       8.243261822775e-15       2.392408758492e-15       1.867733148801e-16 
  911       2.402303371397e-10       3.686656310673e-12       8.939233145567e-12       0.000000000000e+00       8.209179857174e-15       2.368315388513e-15       1.891835352561e-16 
  912       2.385124142483e-10       3.730921106726e-12       8.950336345567e-12       0.000000000000e+00       8.175269059790e-15       2.344281023705e-15       1.915437280408e-16 
  913       2.367975534195e-10       3.775180900358e-12       8.956726708142e-12       0.000000000000e+00       8.141527920486e-15       2.320310403290e-15       1.938525774077e-16 
  914       2.350863313397e-10       3.819415531466e-12       8.958389858436e-12       0.000000000000e+00       8.107954902750e-15       2.296408302004e-15       1.961087584359e-16 
  915       2.333793293526e-10       3.863604668655e-12       8.955311498942e-12       0.000000000000e+00       8.074548443601e-15       2.272579530180e-15       1.983109370879e-16 
  916       2.316771334714e-10       3.907727808776e-12       8.947477409899e-12       0.000000000000e+00       8.041306953507e-15       2.248828933845e-15       2.004577701868e-16 
  917       2.299802884388e-10       3.951765437063e-12       8.934882747800e-12       0.000000000000e+00       8.008229005204e-15       2.225160914856e-15       2.025482931399e-16 
  918       2.282891590815e-10       3.995702528744e-12       8.917560102373e-12       0.000000000000e+00       7.975313903642e-15       2.201577982786e-15       2.045830899181e-16 
  919       2.266040667722e-10       4.039525102278e-12       8.895551887139e-12       0.000000000000e+00       7.942561124940e-15       2.178082180162e-15       2.065631416613e-16 
  920       2.249253351878e-10       4.083219063501e-12       8.868901083508e-12       0.000000000000e+00       7.909970128246e-15       2.154675560341e-15       2.084894406537e-16 
  921       2.232532903146e-10       4.126770205340e-12       8.837651242502e-12       0.000000000000e+00       7.877540355668e-15       2.131360187536e-15       2.103629903565e-16 
  922       2.215882604541e-10       4.170164207510e-12       8.801846486473e-12       0.000000000000e+00       7.845271232219e-15       2.108138136832e-15       2.121848054408e-16 
  923       2.199305762289e-10       4.213386636221e-12       8.761531510829e-12       0.000000000000e+00       7.813162165757e-15       2.085011494212e-15       2.139559118204e-16 
  924       2.182805705883e-10       4.256422943883e-12       8.716751585752e-12       0.000000000000e+00       7.781212546919e-15       2.061982356577e-15       2.156773466841e-16 
  925       2.166385788137e-10       4.299258468808e-12       8.667552557919e-12       0.000000000000e+00       7.749421749071e-15       2.039052831767e-15       2.173501585289e-16 
  926       2.150049385248e-10       4.341878434917e-12       8.613980852226e-12       0.000000000000e+00       7.717789128236e-15       2.016225038583e-15       2.189754071927e-16 
  927       2.133799896848e-10       4.384267951441e-12       8.556083473507e-12       0.000000000000e+00       7.686314023044e-15       1.993501106809e-15       2.205541638867e-16 
  928       2.117640746065e-10       4.426412012627e-12       8.493908008259e-12       0.000000000000e+00       7.654995754665e-15       1.970883177231e-15       2.220875112283e-16 
  929       2.101575379575e-10       4.468295497443e-12       8.427502626356e-12       0.000000000000e+00       7.623833626751e-15       1.948373401664e-15       2.235765432741e-16 
  930       2.085607267666e-10       4.509903169280e-12       8.356916082779e-12       0.000000000000e+00       7.592826925378e-15       1.925973942966e-15       2.250223655523e-16 
  931       2.069739904287e-10       4.551219675659e-12       8.282197719330e-12       0.000000000000e+00       7.561974918981e-15       1.903686975068e-15       2.264260950955e-16 
  932       2.053976807111e-10       4.592229547933e-12       8.203397466360e-12       0.000000000000e+00       7.531276858300e-15       1.881514682987e-15       2.277888604734e-16 
  933       2.038321517588e-10       4.632917200990e-12       8.120565844484e-12       0.000000000000e+00       7.500731976311e-15       1.859459262856e-15       2.291118018259e-16 
  934       2.022777601005e-10       4.673266932961e-12       8.033753966307e-12       0.000000000000e+00       7.470339488177e-15       1.837522921937e-15       2.303960708952e-16 
  935       2.007348646540e-10       4.713262924922e-12       7.943013538142e-12       0.000000000000e+00       7.440098591177e-15       1.815707878649e-15       2.316428310591e-16 
  936       1.992038267321e-10       4.752889240598e-12       7.848396861734e-12       0.000000000000e+00       7.410008464654e-15       1.794016362588e-15       2.328532573634e-16 
  937       1.976850100482e-10       4.792129826069e-12       7.749956835981e-12       0.000000000000e+00       7.380068269948e-15       1.772450614546e-15       2.340285365549e-16 
  938       1.961787807220e-10       4.830968509470e-12       7.647746958652e-12       0.000000000000e+00       7.350277150343e-15       1.751012886535e-15       2.351698671139e-16 
  939       1.946855072852e-10       4.869389000701e-12       7.541821328114e-12       0.000000000000e+00       7.320634231001e-15       1.729705441809e-15       2.362784592869e-16 
  940       1.932055606871e-10       4.907374891127e-12       7.432234645048e-12       0.000000000000e+00       7.291138618902e-15       1.708530554882e-15       2.373555351196e-16 
  941       1.917393143005e-10       4.944909653283e-12       7.319042214174e-12       0.000000000000e+00       7.261789402788e-15       1.687490511556e-15       2.384023284894e-16 
  942       1.902871439272e-10       4.981976640579e-12       7.202299945969e-12       0.000000000000e+00       7.232585653100e-15       1.666587608933e-15       2.394200851384e-16 
  943       1.888494278037e-10       5.018559087005e-12       7.082064358392e-12       0.000000000000e+00       7.203526421917e-15       1.645824155448e-15       2.404100627058e-16 
  944       1.874265466071e-10       5.054640106832e-12       6.958392578604e-12       0.000000000000e+00       7.174610742898e-15       1.625202470880e-15       2.413735307607e-16 
  945       1.860188834604e-10       5.090202694320e-12       6.831342344686e-12       0.000000000000e+00       7.145837631219e-15       1.604724886379e-15       2.423117708351e-16 
  946       1.846268239387e-10       5.125229723421e-12       6.700972007367e-12       0.000000000000e+00       7.117206083515e-15       1.584393744489e-15       2.432260764565e-16 
  947       1.832507560743e-10       5.159703947480e-12       6.567340531738e-12       0.000000000000e+00       7.088715077821e-15       1.564211399165e-15       2.441177531804e-16 
  948       1.818910703629e-10       5.193607998944e-12       6.430507498980e-12       0.000000000000e+00       7.060363573507e-15       1.544180215798e-15       2.449881186234e-16 
  949       1.805481597691e-10       5.226924389065e-12       6.290533108080e-12       0.000000000000e+00       7.032150511222e-15       1.524302571233e-15       2.458385024957e-16 
  950       1.792224197320e-10       5.259635507600e-12       6.147478177555e-12       0.000000000000e+00       7.004074812834e-15       1.504580853795e-15       2.466702466338e-16 
  951       1.779142481709e-10       5.291723622522e-12       6.001404147173e-12       0.000000000000e+00       6.976135381366e-15       1.485017463307e-15       2.474847050336e-16 
  952       1.766240454912e-10       5.323170879718e-12       5.852373079676e-12       0.000000000000e+00       6.948331100938e-15       1.465614811115e-15       2.482832438825e-16 
  953       1.753522145900e-10       5.353959302699e-12       5.700447662497e-12       0.000000000000e+00       6.920660836709e-15       1.446375320105e-15       2.490672415929e-16 
  954       1.740991608614e-10       5.384070792297e-12       5.545691209485e-12       0.000000000000e+00       6.893123434813e-15       1.427301424727e-15       2.498380888343e-16 
  955       1.728652922030e-10       5.413487126378e-12       5.388167662624e-12       0.000000000000e+00       6.865717722300e-15       1.408395571018e-15       2.505971885663e-16 
  956       1.716509599529e-10       5.442192231897e-12       5.227942646558e-12       0.000000000000e+00       6.838442640627e-15       1.389659467373e-15       2.513455826638e-16 
  957       1.704562807041e-10       5.470179039716e-12       5.065086646327e-12       0.000000000000e+00       6.811297648475e-15       1.371091824279e-15       2.520828254778e-16 
  958       1.692813117796e-10       5.497442733918e-12       4.899671881588e-12       0.000000000000e+00       6.784282324964e-15       1.352690580098e-15       2.528080931320e-16 
  959       1.681261100519e-10       5.523978488942e-12       4.731771260075e-12       0.000000000000e+00       6.757396236623e-15       1.334453647107e-15       2.535205553539e-16 
  960       1.669907319402e-10       5.549781469587e-12       4.561458379456e-12       0.000000000000e+00       6.730638937339e-15       1.316378911420e-15       2.542193754588e-16 
  961       1.658752334093e-10       5.574846831013e-12       4.388807529192e-12       0.000000000000e+00       6.704009968322e-15       1.298464232912e-15       2.549037103335e-16 
  962       1.647796699665e-10       5.599169718744e-12       4.213893692398e-12       0.000000000000e+00       6.677508858057e-15       1.280707445143e-15       2.555727104198e-16 
  963       1.637040966604e-10       5.622745268667e-12       4.036792547701e-12       0.000000000000e+00       6.651135122266e-15       1.263106355283e-15       2.562255196989e-16 
  964       1.626485680783e-10       5.645568607041e-12       3.857580471102e-12       0.000000000000e+00       6.624888263862e-15       1.245658744029e-15       2.568612756742e-16 
  965       1.616131383446e-10       5.667634850494e-12       3.676334537832e-12       0.000000000000e+00       6.598767772907e-15       1.228362365535e-15       2.574791093561e-16 
  966       1.605978611182e-10       5.688939106024e-12       3.493132524214e-12       0.000000000000e+00       6.572773126568e-15       1.211214947334e-15       2.580781452449e-16 
  967       1.596027895909e-10       5.709476471008e-12       3.308052909519e-12       0.000000000000e+00       6.546903789079e-15       1.194214190256e-15       2.586575013151e-16 
  968       1.586279764851e-10       5.729242033197e-12       3.121174877833e-12       0.000000000000e+00       6.521159211692e-15       1.177357768358e-15       2.592162889990e-16 
  969       1.576734740518e-10       5.748230870723e-12       2.932578319906e-12       0.000000000000e+00       6.495538832638e-15       1.160643328844e-15       2.597536131701e-16 
  970       1.567393340687e-10       5.766438052097e-12       2.742343835019e-12       0.000000000000e+00       6.470042077086e-15       1.144068491988e-15       2.602685721276e-16 
  971       1.558256078377e-10       5.783858636219e-12       2.550552732842e-12       0.000000000000e+00       6.444668357095e-15       1.127630851059e-15       2.607602575795e-16 
  972       1.549323461835e-10       5.800487672369e-12       2.357287035291e-12       0.000000000000e+00       6.419417071576e-15       1.111327972242e-15       2.612277546266e-16 
  973       1.540595994508e-10       5.816320200219e-12       2.162629478390e-12       0.000000000000e+00       6.394287606246e-15       1.095157394563e-15       2.616701417464e-16 
  974       1.532074175031e-10       5.831351249831e-12       1.966663514129e-12       0.000000000000e+00       6.369279333588e-15       1.079116629812e-15       2.620864907765e-16 
  975       1.523758497196e-10       5.845575841660e-12       1.769473312324e-12       0.000000000000e+00       6.344391612807e-15       1.063203162465e-15       2.624758668988e-16 
  976       1.515649449941e-10       5.858988986556e-12       1.571143762475e-12       0.000000000000e+00       6.319623789788e-15       1.047414449610e-15       2.628373286228e-16 
  977       1.507747517325e-10       5.871585685765e-12       1.371760475629e-12       0.000000000000e+00       6.294975197050e-15       1.031747920866e-15       2.631699277698e-16 
  978       1.500053178507e-10       5.883360930934e-12       1.171409786235e-12       0.000000000000e+00       6.270445153710e-15       1.016200978312e-15       2.634727094562e-16 
  979       1.492566907727e-10       5.894309704112e-12       9.701787540063e-13       0.000000000000e+00       6.246032965433e-15       1.000770996404e-15       2.637447120777e-16 
  980       1.485289174283e-10       5.904426977752e-12       7.681551657799e-13       0.000000000000e+00       6.221737924395e-15       9.854553219025e-16       2.639849672929e-16 
  981       1.478220442514e-10       5.913707714712e-12       5.654275373740e-13       0.000000000000e+00       6.197559309235e-15       9.702512737951e-16       2.641925000067e-16 
  982       1.471361171778e-10       5.922146868262e-12       3.620851154490e-13       0.000000000000e+00       6.173496385019e-15       9.551561432183e-16       2.643663283547e-16 
  983       1.464711816429e-10       5.929739382078e-12       1.582178793664e-13       0.000000000000e+00       6.149548403190e-15       9.401671933821e-16       2.645054636865e-16 
  984       1.458272825800e-10       5.936480190254e-12      -4.608345695155e-14       0.000000000000e+00       6.125714601530e-15       9.252816594928e-16       2.646089105495e-16 
  985       1.452044644181e-10       5.942364217296e-12      -2.507274431627e-13       0.000000000000e+00       6.101994204117e-15       9.104967486761e-16       2.646756666729e-16 
  986       1.446027710797e-10       5.947386378129e-12      -4.556218906454e-13       0.000000000000e+00       6.078386421280e-15       8.958096399008e-16       2.647047229512e-16 
  987       1.440222459789e-10       5.951541578098e-12      -6.606738706392e-13       0.000000000000e+00       6.054890449559e-15       8.812174839016e-16       2.646950634281e-16 
  988       1.434629320195e-10       5.954824712970e-12      -8.657897123853e-13       0.000000000000e+00       6.031505471660e-15       8.667174031026e-16       2.646456652801e-16 
  989       1.429248715924e-10       5.957230668936e-12      -1.070875001267e-12       0.000000000000e+00       6.008230656413e-15       8.523064915407e-16       2.645554988007e-16 
  990       1.424081065742e-10       5.958754322615e-12      -1.275834576951e-12       0.000000000000e+00       5.985065158730e-15       8.379818147884e-16       2.644235273833e-16 
  991       1.419126783248e-10       5.959390541053e-12      -1.480572531527e-12       0.000000000000e+00       5.962008119562e-15       8.237404098775e-16       2.642487075061e-16 
  992       1.414386276851e-10       5.959134181728e-12      -1.684992207649e-12       0.000000000000e+00       5.939058665856e-15       8.095792852223e-16       2.640299887147e-16 
  993       1.409859949757e-10       5.957980092553e-12      -1.888996196675e-12       0.000000000000e+00       5.916215910512e-15       7.954954205425e-16       2.637663136067e-16 
  994       1.405548199939e-10       5.955923111875e-12      -2.092486336810e-12       0.000000000000e+00       5.893478952342e-15       7.814857667871e-16       2.634566178151e-16 
  995       1.401451031942e-10       5.952960069485e-12      -2.295370757520e-12       0.000000000000e+00       5.870846976369e-15       7.675478359940e-16       2.631001720012e-16 
  996       1.397566886074e-10       5.949095821824e-12      -2.497585129825e-12       0.000000000000e+00       5.848319556430e-15       7.536814805116e-16       2.626976133651e-16 
  997       1.393893791984e-10       5.944337305376e-12      -2.699071724264e-12       0.000000000000e+00       5.825896356935e-15       7.398871397438e-16       2.622499292452e-16 
  998       1.390429755219e-10       5.938691543941e-12      -2.899772391902e-12       0.000000000000e+00       5.803577032889e-15       7.261652525761e-16       2.617581165076e-16 
  999       1.387172757155e-10       5.932165648878e-12      -3.099628563322e-12       0.000000000000e+00       5.781361229863e-15       7.125162573694e-16       2.612231815708e-16 
 1000       1.384120754929e-10       5.924766819350e-12      -3.298581247613e-12       0.000000000000e+00       5.759248583969e-15       6.989405919557e-16       2.606461404309e-16 
 1001       1.381271681374e-10       5.916502342569e-12      -3.496571031373e-12       0.000000000000e+00       5.737238721819e-15       6.854386936320e-16       2.600280186871e-16 
 1002       1.378623444949e-10       5.907379594041e-12      -3.693538077695e-12       0.000000000000e+00       5.715331260506e-15       6.720109991556e-16       2.593698515666e-16 
 1003       1.376173929673e-10       5.897406037807e-12      -3.889422125167e-12       0.000000000000e+00       5.693525807565e-15       6.586579447384e-16       2.586726839499e-16 
 1004       1.373920995057e-10       5.886589226693e-12      -4.084162486859e-12       0.000000000000e+00       5.671821960945e-15       6.453799660417e-16       2.579375703959e-16 
 1005       1.371862476033e-10       5.874936802551e-12      -4.277698049325e-12       0.000000000000e+00       5.650219308979e-15       6.321774981709e-16       2.571655751670e-16 
 1006       1.369996182894e-10       5.862456496503e-12      -4.469967271588e-12       0.000000000000e+00       5.628717430355e-15       6.190509756702e-16       2.563577722545e-16 
 1007       1.368319901219e-10       5.849156129189e-12      -4.660908184141e-12       0.000000000000e+00       5.607315894082e-15       6.060008325174e-16       2.555152454036e-16 
 1008       1.366831391809e-10       5.835043611007e-12      -4.850458387937e-12       0.000000000000e+00       5.586014259461e-15       5.930275021185e-16       2.546390881385e-16 
 1009       1.365528390619e-10       5.820126942363e-12      -5.038555053384e-12       0.000000000000e+00       5.564812076055e-15       5.801314173021e-16       2.537304037877e-16 
 1010       1.364408608690e-10       5.804414213911e-12      -5.225134919338e-12       0.000000000000e+00       5.543708883658e-15       5.673130103148e-16       2.527903055093e-16 
 1011       1.363469732082e-10       5.787913606797e-12      -5.410134292099e-12       0.000000000000e+00       5.522704212264e-15       5.545727128151e-16       2.518199163158e-16 
 1012       1.362709421805e-10       5.770633392910e-12      -5.593489044401e-12       0.000000000000e+00       5.501797582038e-15       5.419109558688e-16       2.508203690995e-16 
 1013       1.362125313753e-10       5.752581935120e-12      -5.775134614408e-12       0.000000000000e+00       5.480988503282e-15       5.293281699431e-16       2.497928066578e-16 
 1014       1.361715018637e-10       5.733767687523e-12      -5.955006004711e-12       0.000000000000e+00       5.460276476410e-15       5.168247849016e-16       2.487383817182e-16 
 1015       1.361476121914e-10       5.714199195690e-12      -6.133037781313e-12       0.000000000000e+00       5.439660991912e-15       5.044012299991e-16       2.476582569634e-16 
 1016       1.361406183724e-10       5.693885096908e-12      -6.309164072634e-12       0.000000000000e+00       5.419141530325e-15       4.920579338760e-16       2.465536050565e-16 
 1017       1.361502738818e-10       5.672834120425e-12      -6.483318568496e-12       0.000000000000e+00       5.398717562205e-15       4.797953245533e-16       2.454256086664e-16 
 1018       1.361763296494e-10       5.651055087696e-12      -6.655434519119e-12       0.000000000000e+00       5.378388548094e-15       4.676138294269e-16       2.442754604928e-16 
 1019       1.362185340528e-10       5.628556912624e-12      -6.825444734119e-12       0.000000000000e+00       5.358153938489e-15       4.555138752627e-16       2.431043632912e-16 
 1020       1.362766329104e-10       5.605348601811e-12      -6.993281581495e-12       0.000000000000e+00       5.338013173814e-15       4.434958881910e-16       2.419135298984e-16 
 1021       1.363503694752e-10       5.581439254796e-12      -7.158876986630e-12       0.000000000000e+00       5.317965684387e-15       4.315602937016e-16       2.407041832574e-16 
 1022       1.364394844276e-10       5.556838064301e-12      -7.322162431277e-12       0.000000000000e+00       5.298010890390e-15       4.197075166378e-16       2.394775564429e-16 
 1023       1.365437158686e-10       5.531554316480e-12      -7.483068952559e-12       0.000000000000e+00       5.278148201839e-15       4.079379811917e-16       2.382348926860e-16 
 1024       1.366627993135e-10       5.505597391159e-12      -7.641527141963e-12       0.000000000000e+00       5.258377018553e-15       3.962521108989e-16       2.369774453998e-16 
 1025       1.367964676845e-10       5.478976762080e-12      -7.797467144326e-12       0.000000000000e+00       5.238696730125e-15       3.846503286326e-16       2.357064782043e-16 
 1026       1.369444513046e-10       5.451701997150e-12      -7.950818656839e-12       0.000000000000e+00       5.219106715888e-15       3.731330565990e-16       2.344232649516e-16 
 1027       1.371064778903e-10       5.423782758681e-12      -8.101510928035e-12       0.000000000000e+00       5.199606344889e-15       3.617007163315e-16       2.331290897514e-16 
 1028       1.372822725452e-10       5.395228803638e-12      -8.249472756782e-12       0.000000000000e+00       5.180194975853e-15       3.503537286857e-16       2.318252469957e-16 
 1029       1.374715577531e-10       5.366049983880e-12      -8.394632491280e-12       0.000000000000e+00       5.160871957158e-15       3.390925138338e-16       2.305130413841e-16 
 1030       1.376740533711e-10       5.336256246409e-12      -8.536918028054e-12       0.000000000000e+00       5.141636626802e-15       3.279174912597e-16       2.291937879494e-16 
 1031       1.378894766233e-10       5.305857633612e-12      -8.676256810946e-12       0.000000000000e+00       5.122488312369e-15       3.168290797533e-16       2.278688120819e-16 
 1032       1.381175420934e-10       5.274864283502e-12      -8.812575830111e-12       0.000000000000e+00       5.103426331006e-15       3.058276974054e-16       2.265394495556e-16 
 1033       1.383579617185e-10       5.243286429971e-12      -8.945801621010e-12       0.000000000000e+00       5.084449989385e-15       2.949137616022e-16       2.252070465526e-16 
 1034       1.386104438042e-10       5.211134986208e-12      -9.075870681656e-12       0.000000000000e+00       5.065558659855e-15       2.840880671911e-16       2.238726884361e-16 
 1035       1.388746900695e-10       5.178423303508e-12      -9.202760887581e-12       0.000000000000e+00       5.046752010118e-15       2.733529268389e-16       2.225363818211e-16 
 1036       1.391503985470e-10       5.145165437802e-12      -9.326460518714e-12       0.000000000000e+00       5.028029776735e-15       2.627110467741e-16       2.211978609980e-16 
 1037       1.394372645498e-10       5.111375569037e-12      -9.446957881533e-12       0.000000000000e+00       5.009391689223e-15       2.521651501144e-16       2.198568581314e-16 
 1038       1.397349806646e-10       5.077068001484e-12      -9.564241309227e-12       0.000000000000e+00       4.990837470028e-15       2.417179769034e-16       2.185131032550e-16 
 1039       1.400432367451e-10       5.042257164053e-12      -9.678299161858e-12       0.000000000000e+00       4.972366834511e-15       2.313722841480e-16       2.171663242670e-16 
 1040       1.403617199050e-10       5.006957610598e-12      -9.789119826522e-12       0.000000000000e+00       4.953979490915e-15       2.211308458554e-16       2.158162469237e-16 
 1041       1.406901145112e-10       4.971184020229e-12      -9.896691717515e-12       0.000000000000e+00       4.935675140356e-15       2.109964530702e-16       2.144625948354e-16 
 1042       1.410281021766e-10       4.934951197623e-12      -1.000100327649e-11       0.000000000000e+00       4.917453476788e-15       2.009719139115e-16       2.131050894604e-16 
 1043       1.413753617537e-10       4.898274073332e-12      -1.010204297262e-11       0.000000000000e+00       4.899314186990e-15       1.910600536098e-16       2.117434501001e-16 
 1044       1.417315693276e-10       4.861167704094e-12      -1.019979930276e-11       0.000000000000e+00       4.881256950543e-15       1.812637145446e-16       2.103773938935e-16 
 1045       1.420963982089e-10       4.823647273143e-12      -1.029426079162e-11       0.000000000000e+00       4.863281439802e-15       1.715857562810e-16       2.090066358123e-16 
 1046       1.424695189269e-10       4.785728090519e-12      -1.038541599191e-11       0.000000000000e+00       4.845387319881e-15       1.620290556070e-16       2.076308886554e-16 
 1047       1.428505992230e-10       4.747425593376e-12      -1.047325348450e-11       0.000000000000e+00       4.827574248628e-15       1.525965065706e-16       2.062498630436e-16 
 1048       1.432393040437e-10       4.708755346295e-12      -1.055776187861e-11       0.000000000000e+00       4.809841876601e-15       1.432910205170e-16       2.048632674147e-16 
 1049       1.436352955334e-10       4.669733041592e-12      -1.063892981193e-11       0.000000000000e+00       4.792189847051e-15       1.341155261253e-16       2.034708080179e-16 
 1050       1.440382330282e-10       4.630374499628e-12      -1.071674595083e-11       0.000000000000e+00       4.774617795894e-15       1.250729694461e-16       2.020721889087e-16 
 1051       1.444477730483e-10       4.590695669121e-12      -1.079119899047e-11       0.000000000000e+00       4.757125351695e-15       1.161663139384e-16       2.006671119436e-16 
 1052       1.448635692917e-10       4.550712627453e-12      -1.086227765502e-11       0.000000000000e+00       4.739712135641e-15       1.073985405066e-16       1.992552767749e-16 
 1053       1.452852726270e-10       4.510441580981e-12      -1.092997069777e-11       0.000000000000e+00       4.722377761521e-15       9.877264753753e-17       1.978363808456e-16 
 1054       1.457125310867e-10       4.469898865348e-12      -1.099426690132e-11       0.000000000000e+00       4.705121835705e-15       9.029165093797e-17       1.964101193839e-16 
 1055       1.461449898603e-10       4.429100945792e-12      -1.105515507772e-11       0.000000000000e+00       4.687943957122e-15       8.195858417129e-17       1.949761853980e-16 
 1056       1.465822912873e-10       4.388064417456e-12      -1.111262406868e-11       0.000000000000e+00       4.670843717233e-15       7.377649829479e-17       1.935342696709e-16 
 1057       1.470240748505e-10       4.346806005698e-12      -1.116666274566e-11       0.000000000000e+00       4.653820700018e-15       6.574846199671e-17       1.920840607554e-16 
 1058       1.474699771692e-10       4.305342566401e-12      -1.121726001010e-11       0.000000000000e+00       4.636874481946e-15       5.787756163338e-17       1.906252449684e-16 
 1059       1.479196319919e-10       4.263691086284e-12      -1.126440479353e-11       0.000000000000e+00       4.620004631956e-15       5.016690126626e-17       1.891575063859e-16 
 1060       1.483726701901e-10       4.221868683207e-12      -1.130808605779e-11       0.000000000000e+00       4.603210711435e-15       4.261960269910e-17       1.876805268378e-16 
 1061       1.488287197509e-10       4.179892606491e-12      -1.134829279511e-11       0.000000000000e+00       4.586492274198e-15       3.523880551500e-17       1.861939859027e-16 
 1062       1.492874057701e-10       4.137780237216e-12      -1.138501402836e-11       0.000000000000e+00       4.569848866461e-15       2.802766711351e-17       1.846975609023e-16 
 1063       1.497483504459e-10       4.095549088540e-12      -1.141823881115e-11       0.000000000000e+00       4.553280026823e-15       2.098936274776e-17       1.831909268966e-16 
 1064       1.502111730714e-10       4.053216806005e-12      -1.144795622802e-11       0.000000000000e+00       4.536785286243e-15       1.412708556152e-17       1.816737566783e-16 
 1065       1.506754900282e-10       4.010801167848e-12      -1.147415539458e-11       0.000000000000e+00       4.520364168019e-15       7.444046626293e-18       1.801457207678e-16 
 1066       1.511409147791e-10       3.968320085308e-12      -1.149682545771e-11       0.000000000000e+00       4.504016187763e-15       9.434749784683e-19       1.786064874079e-16 
 1067       1.516070578616e-10       3.925791602942e-12      -1.151595559569e-11       0.000000000000e+00       4.487740853382e-15      -5.371382343636e-18       1.770557225584e-16 
 1068       1.520735268809e-10       3.883233898928e-12      -1.153153501835e-11       0.000000000000e+00       4.471537665054e-15      -1.149726026265e-17       1.754930898912e-16 
 1069       1.525399265030e-10       3.840665285383e-12      -1.154355296730e-11       0.000000000000e+00       4.455406115207e-15      -1.743087562505e-17       1.739182507845e-16 
 1070       1.530058584479e-10       3.798104208663e-12      -1.155199871599e-11       0.000000000000e+00       4.439345688497e-15      -2.316892716409e-17       1.723308643182e-16 
 1071       1.534709214826e-10       3.755569249681e-12      -1.155686156996e-11       0.000000000000e+00       4.423355861787e-15      -2.870809546266e-17       1.707305872681e-16 
 1072       1.539347114143e-10       3.713079124215e-12      -1.155813086697e-11       0.000000000000e+00       4.407436104122e-15      -3.404504291621e-17       1.691170741011e-16 
 1073       1.543968528463e-10       3.670651592375e-12      -1.155580362781e-11       0.000000000000e+00       4.391585931412e-15      -3.917754008310e-17       1.674900846645e-16 
 1074       1.548570949321e-10       3.628300170124e-12      -1.154990762258e-11       0.000000000000e+00       4.375805071332e-15      -4.410786160583e-17       1.658498088717e-16 
 1075       1.553152169114e-10       3.586037373600e-12      -1.154047861880e-11       0.000000000000e+00       4.360093300625e-15      -4.883943645764e-17       1.641965464271e-16 
 1076       1.557709964621e-10       3.543875806084e-12      -1.152755276026e-11       0.000000000000e+00       4.344450390584e-15      -5.337572582837e-17       1.625305995387e-16 
 1077       1.562242096970e-10       3.501828158201e-12      -1.151116656792e-11       0.000000000000e+00       4.328876107035e-15      -5.772022320470e-17       1.608522729236e-16 
 1078       1.566746311598e-10       3.459907208116e-12      -1.149135694088e-11       0.000000000000e+00       4.313370210325e-15      -6.187645445031e-17       1.591618738143e-16 
 1079       1.571220338218e-10       3.418125821730e-12      -1.146816115737e-11       0.000000000000e+00       4.297932455300e-15      -6.584797788609e-17       1.574597119641e-16 
 1080       1.575661890786e-10       3.376496952877e-12      -1.144161687565e-11       0.000000000000e+00       4.282562591293e-15      -6.963838437034e-17       1.557460996539e-16 
 1081       1.580068667459e-10       3.335033643517e-12      -1.141176213504e-11       0.000000000000e+00       4.267260362106e-15      -7.325129737894e-17       1.540213516974e-16 
 1082       1.584438350564e-10       3.293749023937e-12      -1.137863535681e-11       0.000000000000e+00       4.252025505994e-15      -7.669037308556e-17       1.522857854476e-16 
 1083       1.588768606563e-10       3.252656312946e-12      -1.134227534519e-11       0.000000000000e+00       4.236857755648e-15      -7.995930044184e-17       1.505397208025e-16 
 1084       1.593057086014e-10       3.211768818069e-12      -1.130272128831e-11       0.000000000000e+00       4.221756838180e-15      -8.306180125760e-17       1.487834802110e-16 
 1085       1.597301423538e-10       3.171099935745e-12      -1.126001275915e-11       0.000000000000e+00       4.206722475106e-15      -8.600163028102e-17       1.470173886793e-16 
 1086       1.601499237781e-10       3.130663151526e-12      -1.121418971650e-11       0.000000000000e+00       4.191754382328e-15      -8.878257527883e-17       1.452417737763e-16 
 1087       1.605648131383e-10       3.090472040266e-12      -1.116529250594e-11       0.000000000000e+00       4.176852270122e-15      -9.140845711652e-17       1.434569656399e-16 
 1088       1.609745690936e-10       3.050540266327e-12      -1.111336186078e-11       0.000000000000e+00       4.162015843117e-15      -9.388312983851e-17       1.416632969831e-16 
 1089       1.613789486954e-10       3.010881583767e-12      -1.105843890302e-11       0.000000000000e+00       4.147244800280e-15      -9.621048074837e-17       1.398611030995e-16 
 1090       1.617777073834e-10       2.971509836542e-12      -1.100056514430e-11       0.000000000000e+00       4.132538834904e-15      -9.839443048898e-17       1.380507218698e-16 
 1091       1.621705989822e-10       2.932438958698e-12      -1.093978248690e-11       0.000000000000e+00       4.117897634583e-15      -1.004389331227e-16       1.362324937673e-16 
 1092       1.625573756977e-10       2.893682974572e-12      -1.087613322463e-11       0.000000000000e+00       4.103320881205e-15      -1.023479762118e-16       1.344067618642e-16 
 1093       1.629377881134e-10       2.855255998984e-12      -1.080966004386e-11       0.000000000000e+00       4.088808250929e-15      -1.041255808981e-16       1.325738718376e-16 
 1094       1.633115851872e-10       2.817172237435e-12      -1.074040602442e-11       0.000000000000e+00       4.074359414172e-15      -1.057758019839e-16       1.307341719750e-16 
 1095       1.636785142475e-10       2.779445986306e-12      -1.066841464061e-11       0.000000000000e+00       4.059974035591e-15      -1.073027280116e-16       1.288880131809e-16 
 1096       1.640383209896e-10       2.742091633049e-12      -1.059372976211e-11       0.000000000000e+00       4.045651774069e-15      -1.087104813440e-16       1.270357489823e-16 
 1097       1.643907494725e-10       2.705123656388e-12      -1.051639565498e-11       0.000000000000e+00       4.031392282696e-15      -1.100032182447e-16       1.251777355349e-16 
 1098       1.647355421151e-10       2.668556626512e-12      -1.043645698259e-11       0.000000000000e+00       4.017195208753e-15      -1.111851289582e-16       1.233143316290e-16 
 1099       1.650724396925e-10       2.632405205276e-12      -1.035395880658e-11       0.000000000000e+00       4.003060193698e-15      -1.122604377900e-16       1.214458986954e-16 
 1100       1.654011813329e-10       2.596684146390e-12      -1.026894658785e-11       0.000000000000e+00       3.988986873149e-15      -1.132334031868e-16       1.195728008115e-16 
 1101       1.657215045134e-10       2.561408295625e-12      -1.018146618749e-11       0.000000000000e+00       3.974974876863e-15      -1.141083178169e-16       1.176954047072e-16 
 1102       1.660331450570e-10       2.526592590998e-12      -1.009156386772e-11       0.000000000000e+00       3.961023828728e-15      -1.148895086502e-16       1.158140797710e-16 
 1103       1.663358371289e-10       2.492252062980e-12      -9.999286292912e-12       0.000000000000e+00       3.947133346740e-15      -1.155813370382e-16       1.139291980557e-16 
 1104       1.666293132326e-10       2.458401834683e-12      -9.904680530484e-12       0.000000000000e+00       3.933303042989e-15      -1.161881987948e-16       1.120411342845e-16 
 1105       1.669133042068e-10       2.425057122062e-12      -9.807794051896e-12       0.000000000000e+00       3.919532523643e-15      -1.167145242759e-16       1.101502658572e-16 
 1106       1.671875392217e-10       2.392233234108e-12      -9.708674733593e-12       0.000000000000e+00       3.905821388931e-15      -1.171647784598e-16       1.082569728556e-16 
 1107       1.674517457752e-10       2.359945573047e-12      -9.607370857971e-12       0.000000000000e+00       3.892169233127e-15      -1.175434610274e-16       1.063616380502e-16 
 1108       1.677056496895e-10       2.328209634535e-12      -9.503931114332e-12       0.000000000000e+00       3.878575644534e-15      -1.178551064426e-16       1.044646469056e-16 
 1109       1.679489751079e-10       2.297041007854e-12      -9.398404599842e-12       0.000000000000e+00       3.865040205467e-15      -1.181042840321e-16       1.025663875867e-16 
 1110       1.681814444905e-10       2.266455376109e-12      -9.290840820495e-12       0.000000000000e+00       3.851562492237e-15      -1.182955980657e-16       1.006672509646e-16 
 1111       1.684027786112e-10       2.236468516425e-12      -9.181289692065e-12       0.000000000000e+00       3.838142075135e-15      -1.184336878369e-16       9.876763062268e-17 
 1112       1.686127387985e-10       2.207094273015e-12      -9.069802512994e-12       0.000000000000e+00       3.824778562870e-15      -1.185225634942e-16       9.686790720760e-17 
 1113       1.688112542729e-10       2.178338446838e-12      -8.956434895119e-12       0.000000000000e+00       3.811471736561e-15      -1.185636038195e-16       9.496840124543e-17 
 1114       1.689982964757e-10       2.150204826036e-12      -8.841243873359e-12       0.000000000000e+00       3.798221417471e-15      -1.185575322982e-16       9.306941971737e-17 
 1115       1.691738369766e-10       2.122697205779e-12      -8.724286938339e-12       0.000000000000e+00       3.785027422704e-15      -1.185050789969e-16       9.117127166283e-17 
 1116       1.693378474749e-10       2.095819388264e-12      -8.605622037438e-12       0.000000000000e+00       3.771889565192e-15      -1.184069805798e-16       8.927426818386e-17 
 1117       1.694902997993e-10       2.069575182716e-12      -8.485307575844e-12       0.000000000000e+00       3.758807653682e-15      -1.182639803237e-16       8.737872244965e-17 
 1118       1.696311659088e-10       2.043968405386e-12      -8.363402417610e-12       0.000000000000e+00       3.745781492723e-15      -1.180768281343e-16       8.548494970094e-17 
 1119       1.697604178932e-10       2.019002879554e-12      -8.239965886699e-12       0.000000000000e+00       3.732810882657e-15      -1.178462805618e-16       8.359326725447e-17 
 1120       1.698780279736e-10       1.994682435524e-12      -8.115057768045e-12       0.000000000000e+00       3.719895619605e-15      -1.175731008169e-16       8.170399450746e-17 
 1121       1.699839685030e-10       1.971010910628e-12      -7.988738308602e-12       0.000000000000e+00       3.707035495456e-15      -1.172580587862e-16       7.981745294204e-17 
 1122       1.700782119667e-10       1.947992149225e-12      -7.861068218395e-12       0.000000000000e+00       3.694230297851e-15      -1.169019310484e-16       7.793396612970e-17 
 1123       1.701607309829e-10       1.925630002698e-12      -7.732108671579e-12       0.000000000000e+00       3.681479810180e-15      -1.165055008899e-16       7.605385973577e-17 
 1124       1.702314983034e-10       1.903928329458e-12      -7.601921307486e-12       0.000000000000e+00       3.668783811559e-15      -1.160695583204e-16       7.417746152382e-17 
 1125       1.702904868139e-10       1.882890994940e-12      -7.470568231679e-12       0.000000000000e+00       3.656142076827e-15      -1.155949000891e-16       7.230510136016e-17 
 1126       1.703376695345e-10       1.862521871607e-12      -7.338112017009e-12       0.000000000000e+00       3.643554376528e-15      -1.150823297002e-16       7.043711121827e-17 
 1127       1.703730196205e-10       1.842824838944e-12      -7.204615704663e-12       0.000000000000e+00       3.631020476903e-15      -1.145326574288e-16       6.857382518325e-17 
 1128       1.703965103629e-10       1.823803783464e-12      -7.070142805218e-12       0.000000000000e+00       3.618540139876e-15      -1.139467003366e-16       6.671557945628e-17 
 1129       1.704081151887e-10       1.805462598704e-12      -6.934757299696e-12       0.000000000000e+00       3.606113123040e-15      -1.133252822877e-16       6.486271235906e-17 
 1130       1.704078076614e-10       1.787805185226e-12      -6.798523640616e-12       0.000000000000e+00       3.593739179651e-15      -1.126692339646e-16       6.301556433827e-17 
 1131       1.703955614820e-10       1.770835450615e-12      -6.661506753045e-12       0.000000000000e+00       3.581418058610e-15      -1.119793928836e-16       6.117447797003e-17 
 1132       1.703713504890e-10       1.754557309482e-12      -6.523772035652e-12       0.000000000000e+00       3.569149504454e-15      -1.112566034110e-16       5.933979796432e-17 
 1133       1.703351486594e-10       1.738974683463e-12      -6.385385361764e-12       0.000000000000e+00       3.556933257343e-15      -1.105017167786e-16       5.751187116948e-17 
 1134       1.702869301089e-10       1.724091501217e-12      -6.246413080412e-12       0.000000000000e+00       3.544769053049e-15      -1.097155910996e-16       5.569104657660e-17 
 1135       1.702266690924e-10       1.709911698425e-12      -6.106922017392e-12       0.000000000000e+00       3.532656622941e-15      -1.088990913844e-16       5.387767532403e-17 
 1136       1.701543400048e-10       1.696439217795e-12      -5.966979476311e-12       0.000000000000e+00       3.520595693979e-15      -1.080530895563e-16       5.207211070180e-17 
 1137       1.700699173816e-10       1.683678009056e-12      -5.826653239645e-12       0.000000000000e+00       3.508585988694e-15      -1.071784644675e-16       5.027470815608e-17 
 1138       1.699733758989e-10       1.671632028961e-12      -5.686011569788e-12       0.000000000000e+00       3.496627225185e-15      -1.062761019145e-16       4.848582529362e-17 
 1139       1.698646903745e-10       1.660305241287e-12      -5.545123210106e-12       0.000000000000e+00       3.484719117098e-15      -1.053468946544e-16       4.670582188622e-17 
 1140       1.697438357682e-10       1.649701616833e-12      -5.404057385993e-12       0.000000000000e+00       3.472861373620e-15      -1.043917424203e-16       4.493505987517e-17 
 1141       1.696107871823e-10       1.639825133419e-12      -5.262883805920e-12       0.000000000000e+00       3.461053699466e-15      -1.034115519371e-16       4.317390337570e-17 
 1142       1.694655198622e-10       1.630679775891e-12      -5.121672662488e-12       0.000000000000e+00       3.449295794865e-15      -1.024072369376e-16       4.142271868144e-17 
 1143       1.693080091970e-10       1.622269536115e-12      -4.980494633484e-12       0.000000000000e+00       3.437587355549e-15      -1.013797181779e-16       3.968187426885e-17 
 1144       1.691382307198e-10       1.614598412979e-12      -4.839420882931e-12       0.000000000000e+00       3.425928072743e-15      -1.003299234536e-16       3.795174080172e-17 
 1145       1.689561601087e-10       1.607670412394e-12      -4.698523062142e-12       0.000000000000e+00       3.414317633150e-15      -9.925878761520e-17       3.623269113556e-17 
 1146       1.687617731866e-10       1.601489547291e-12      -4.557873310774e-12       0.000000000000e+00       3.402755718940e-15      -9.816725258405e-17       3.452510032209e-17 
 1147       1.685550459226e-10       1.596059837626e-12      -4.417544257878e-12       0.000000000000e+00       3.391242007738e-15      -9.705626736821e-17       3.282934561369e-17 
 1148       1.683359544317e-10       1.591385310372e-12      -4.277609022954e-12       0.000000000000e+00       3.379776172614e-15      -9.592678807815e-17       3.114580646782e-17 
 1149       1.681044749762e-10       1.587469999526e-12      -4.138141217004e-12       0.000000000000e+00       3.368357882066e-15      -9.477977794255e-17       2.947486455151e-17 
 1150       1.678605839653e-10       1.584317946106e-12      -3.999214943585e-12       0.000000000000e+00       3.356986800015e-15      -9.361620732413e-17       2.781690374581e-17 
 1151       1.676042861773e-10       1.581931458011e-12      -3.860899368855e-12       0.000000000000e+00       3.345662619656e-15      -9.243642903385e-17       2.617222059864e-17 
 1152       1.673356998148e-10       1.580305865430e-12      -3.723242354121e-12       0.000000000000e+00       3.334385165527e-15      -9.123829555815e-17       2.454075442975e-17 
 1153       1.670549725304e-10       1.579434698839e-12      -3.586286617562e-12       0.000000000000e+00       3.323154292716e-15      -9.001901795701e-17       2.292235380767e-17 
 1154       1.667622533064e-10       1.579311422949e-12      -3.450075146948e-12       0.000000000000e+00       3.311969853098e-15      -8.877578835659e-17       2.131686578685e-17 
 1155       1.664576924585e-10       1.579929436540e-12      -3.314651200198e-12       0.000000000000e+00       3.300831695329e-15      -8.750577990846e-17       1.972413590402e-17 
 1156       1.661414416382e-10       1.581282072312e-12      -3.180058305944e-12       0.000000000000e+00       3.289739664832e-15      -8.620614674887e-17       1.814400817448e-17 
 1157       1.658136538366e-10       1.583362596721e-12      -3.046340264092e-12       0.000000000000e+00       3.278693603792e-15      -8.487402395802e-17       1.657632508848e-17 
 1158       1.654744833870e-10       1.586164209822e-12      -2.913541146381e-12       0.000000000000e+00       3.267693351147e-15      -8.350652751926e-17       1.502092760759e-17 
 1159       1.651240859680e-10       1.589680045115e-12      -2.781705296949e-12       0.000000000000e+00       3.256738742579e-15      -8.210075427839e-17       1.347765516101e-17 
 1160       1.647626186069e-10       1.593903169385e-12      -2.650877332889e-12       0.000000000000e+00       3.245829610501e-15      -8.065378190292e-17       1.194634564192e-17 
 1161       1.643902396826e-10       1.598826582541e-12      -2.521102144815e-12       0.000000000000e+00       3.234965784055e-15      -7.916266884126e-17       1.042683540384e-17 
 1162       1.640071089286e-10       1.604443217466e-12      -2.392424897421e-12       0.000000000000e+00       3.224147089097e-15      -7.762445428204e-17       8.918959256990e-18 
 1163       1.636133874363e-10       1.610745939852e-12      -2.264891030042e-12       0.000000000000e+00       3.213373348190e-15      -7.603615811334e-17       7.422550464602e-18 
 1164       1.632092376578e-10       1.617727548046e-12      -2.138546257216e-12       0.000000000000e+00       3.202644380599e-15      -7.439478088192e-17       5.937440739295e-18 
 1165       1.627948234095e-10       1.625380772893e-12      -2.013436569248e-12       0.000000000000e+00       3.191960002273e-15      -7.269730375251e-17       4.463460239406e-18 
 1166       1.623703098744e-10       1.633698277574e-12      -1.889608232766e-12       0.000000000000e+00       3.181320025848e-15      -7.094068846704e-17       3.000437565348e-18 
 1167       1.619358636061e-10       1.642672657454e-12      -1.767107791287e-12       0.000000000000e+00       3.170724260626e-15      -6.912187730390e-17       1.548199755949e-18 
 1168       1.614916525310e-10       1.652296439920e-12      -1.645982065776e-12       0.000000000000e+00       3.160172512575e-15      -6.723779303718e-17       1.065722848032e-19 
 1169       1.610378459523e-10       1.662562084226e-12      -1.526278155208e-12       0.000000000000e+00       3.149664584316e-15      -6.528533889595e-17      -1.324620943385e-18 
 1170       1.605746145522e-10       1.673461981333e-12      -1.408043437130e-12       0.000000000000e+00       3.139200275114e-15      -6.326139852349e-17      -2.745557596452e-18 
 1171       1.601021303957e-10       1.684988453754e-12      -1.291325568222e-12       0.000000000000e+00       3.128779380872e-15      -6.116283593655e-17      -4.156416918427e-18 
 1172       1.596205669331e-10       1.697133755394e-12      -1.176172484858e-12       0.000000000000e+00       3.118401694117e-15      -5.898649548460e-17      -5.557379733190e-18 
 1173       1.591300990037e-10       1.709890071392e-12      -1.062632403666e-12       0.000000000000e+00       3.108067003996e-15      -5.672920180909e-17      -6.948628448120e-18 
 1174       1.586309028384e-10       1.723249517966e-12      -9.507538220948e-13       0.000000000000e+00       3.097775096265e-15      -5.438775980269e-17      -8.330347057749e-18 
 1175       1.581231560629e-10       1.737204142255e-12      -8.405855189675e-13       0.000000000000e+00       3.087525753279e-15      -5.195895456857e-17      -9.702721147419e-18 
 1176       1.576070377010e-10       1.751745922158e-12      -7.321765550491e-13       0.000000000000e+00       3.077318753986e-15      -4.943955137961e-17      -1.106593789693e-17 
 1177       1.570827281775e-10       1.766866766179e-12      -6.255762736054e-13       0.000000000000e+00       3.067153873915e-15      -4.682629563770e-17      -1.242018608419e-17 
 1178       1.565504093212e-10       1.782558513269e-12      -5.208343009646e-13       0.000000000000e+00       3.057030885168e-15      -4.411591283295e-17      -1.376565608889e-17 
 1179       1.560102643684e-10       1.798812932668e-12      -4.180005470788e-13       0.000000000000e+00       3.046949556412e-15      -4.130510850298e-17      -1.510253989612e-17 
 1180       1.554624779654e-10       1.815621723749e-12      -3.171252060853e-13       0.000000000000e+00       3.036909652869e-15      -3.839056819214e-17      -1.643103110005e-17 
 1181       1.549072361720e-10       1.832976515856e-12      -2.182587568682e-13       0.000000000000e+00       3.026910936309e-15      -3.536895741079e-17      -1.775132490758e-17 
 1182       1.543447264647e-10       1.850868868151e-12      -1.214519636195e-13       0.000000000000e+00       3.016953165036e-15      -3.223692159454e-17      -1.906361814199e-17 
 1183       1.537751377393e-10       1.869290269455e-12      -2.675587640084e-14       0.000000000000e+00       3.007036093888e-15      -2.899108606349e-17      -2.036810924659e-17 
 1184       1.531986603143e-10       1.888232138087e-12       6.577816829565e-14       0.000000000000e+00       2.997159474217e-15      -2.562805598152e-17      -2.166499828837e-17 
 1185       1.526154859341e-10       1.907685821713e-12       1.560985469855e-13       0.000000000000e+00       2.987323053889e-15      -2.214441631551e-17      -2.295448696166e-17 
 1186       1.520258077719e-10       1.927642597180e-12       2.441533486307e-13       0.000000000000e+00       2.977526577271e-15      -1.853673179459e-17      -2.423677859177e-17 
 1187       1.514298204328e-10       1.948093670367e-12       3.298903740783e-13       0.000000000000e+00       2.967769785224e-15      -1.480154686942e-17      -2.551207813869e-17 
 1188       1.508277199569e-10       1.969030176020e-12       4.132571354991e-13       0.000000000000e+00       2.958052415090e-15      -1.093538567144e-17      -2.678059220068e-17 
 1189       1.502197038224e-10       1.990443177598e-12       4.942008558261e-13       0.000000000000e+00       2.948374200689e-15      -6.934751972081e-18      -2.804252901794e-17 
 1190       1.496059723096e-10       2.012323175531e-12       5.726764782746e-13       0.000000000000e+00       2.938734897241e-15      -2.797744900701e-18      -2.929804229125e-17 
 1191       1.489867326044e-10       2.034658625696e-12       6.486708037239e-13       0.000000000000e+00       2.929134356502e-15       1.471072095814e-18      -3.054706187507e-17 
 1192       1.483621947514e-10       2.057437402430e-12       7.221786486887e-13       0.000000000000e+00       2.919572452532e-15       5.865480490271e-18      -3.178946101213e-17 
 1193       1.477325703007e-10       2.080647288262e-12       7.931948622459e-13       0.000000000000e+00       2.910049056843e-15       1.037921691346e-17      -3.302511232878e-17 
 1194       1.470980723109e-10       2.104275973721e-12       8.617143261513e-13       0.000000000000e+00       2.900564038386e-15       1.500597305810e-17      -3.425388783391e-17 
 1195       1.464589153528e-10       2.128311057128e-12       9.277319549561e-13       0.000000000000e+00       2.891117263545e-15       1.973939558279e-17      -3.547565891779e-17 
 1196       1.458153155122e-10       2.152740044404e-12       9.912426961242e-13       0.000000000000e+00       2.881708596134e-15       2.457308601591e-17      -3.669029635099e-17 
 1197       1.451674903933e-10       2.177550348866e-12       1.052241530149e-12       0.000000000000e+00       2.872337897386e-15       2.950060065963e-17      -3.789767028331e-17 
 1198       1.445156591217e-10       2.202729291029e-12       1.110723470668e-12       0.000000000000e+00       2.863005025949e-15       3.451545049380e-17      -3.909765024261e-17 
 1199       1.438600423481e-10       2.228264098407e-12       1.166683564586e-12       0.000000000000e+00       2.853709837876e-15       3.961110107992e-17      -4.029010513377e-17 
 1200       1.432008622507e-10       2.254141905316e-12       1.220116892182e-12       0.000000000000e+00       2.844452186623e-15       4.478097246509e-17      -4.147490323754e-17 
 1201       1.425383425392e-10       2.280349752670e-12       1.271018567237e-12       0.000000000000e+00       2.835231923036e-15       5.001843908590e-17      -4.265191220945e-17 
 1202       1.418727084575e-10       2.306874587784e-12       1.319383737140e-12       0.000000000000e+00       2.826048895350e-15       5.531682967246e-17      -4.382099907874e-17 
 1203       1.412041867871e-10       2.333703264176e-12       1.365207583015e-12       0.000000000000e+00       2.816902949179e-15       6.066942715224e-17      -4.498203024719e-17 
 1204       1.405330058504e-10       2.360822541366e-12       1.408485319831e-12       0.000000000000e+00       2.807793927510e-15       6.606946855412e-17      -4.613487148808e-17 
 1205       1.398593955135e-10       2.388219084678e-12       1.449212196519e-12       0.000000000000e+00       2.798721670694e-15       7.151014491225e-17      -4.727938794503e-17 
 1206       1.391835871900e-10       2.415879465038e-12       1.487383496094e-12       0.000000000000e+00       2.789686016445e-15       7.698460117003e-17      -4.841544413095e-17 
 1207       1.385058138437e-10       2.443790158779e-12       1.522994535767e-12       0.000000000000e+00       2.780686799826e-15       8.248593608406e-17      -4.954290392688e-17 
 1208       1.378263099919e-10       2.471937547437e-12       1.556040667063e-12       0.000000000000e+00       2.771723853246e-15       8.800720212804e-17      -5.066163058096e-17 
 1209       1.371453117090e-10       2.500307917556e-12       1.586517275939e-12       0.000000000000e+00       2.762797006455e-15       9.354140539677e-17      -5.177148670723e-17 
 1210       1.364630566291e-10       2.528887460485e-12       1.614419782898e-12       0.000000000000e+00       2.753906086531e-15       9.908150551007e-17      -5.287233428462e-17 
 1211       1.357797839497e-10       2.557662272181e-12       1.639743643110e-12       0.000000000000e+00       2.745050917881e-15       1.046204155167e-16      -5.396403465579e-17 
 1212       1.350957344346e-10       2.586618353011e-12       1.662484346526e-12       0.000000000000e+00       2.736231322228e-15       1.101510017983e-16      -5.504644852601e-17 
 1213       1.344111504173e-10       2.615741607548e-12       1.682637417996e-12       0.000000000000e+00       2.727447118606e-15       1.156660839734e-16      -5.611943596214e-17 
 1214       1.337262758040e-10       2.645017844377e-12       1.700198417383e-12       0.000000000000e+00       2.718698123354e-15       1.211584348014e-16      -5.718285639144e-17 
 1215       1.330413560771e-10       2.674432775890e-12       1.715162939683e-12       0.000000000000e+00       2.709984150110e-15       1.266207800862e-16      -5.823656860048e-17 
 1216       1.323566382981e-10       2.703972018093e-12       1.727526615144e-12       0.000000000000e+00       2.701305009802e-15       1.320457985805e-16      -5.928043073410e-17 
 1217       1.316723711109e-10       2.733621090403e-12       1.737285109375e-12       0.000000000000e+00       2.692660510640e-15       1.374261218897e-16      -6.031430029422e-17 
 1218       1.309888047452e-10       2.763365415449e-12       1.744434123471e-12       0.000000000000e+00       2.684050458115e-15       1.427543343757e-16      -6.133803413880e-17 
 1219       1.303061910194e-10       2.793190318871e-12       1.748969394124e-12       0.000000000000e+00       2.675474654985e-15       1.480229730609e-16      -6.235148848070e-17 
 1220       1.296247833440e-10       2.823081029127e-12       1.750886693744e-12       0.000000000000e+00       2.666932901273e-15       1.532245275320e-16      -6.335451888659e-17 
 1221       1.289448367248e-10       2.853022677287e-12       1.750181830573e-12       0.000000000000e+00       2.658424994259e-15       1.583514398444e-16      -6.434698027584e-17 
 1222       1.282666077658e-10       2.883000296834e-12       1.746850648802e-12       0.000000000000e+00       2.649950728473e-15       1.633961044256e-16      -6.532872691942e-17 
 1223       1.275903546731e-10       2.912998823472e-12       1.740889028692e-12       0.000000000000e+00       2.641509895687e-15       1.683508679794e-16      -6.629961243881e-17 
 1224       1.269163372574e-10       2.943003094917e-12       1.732292886683e-12       0.000000000000e+00       2.633102284909e-15       1.732080293898e-16      -6.725948980487e-17 
 1225       1.262448169373e-10       2.972997850705e-12       1.721058175519e-12       0.000000000000e+00       2.624727682379e-15       1.779598396252e-16      -6.820821133674e-17 
 1226       1.255760567431e-10       3.002967731988e-12       1.707180884358e-12       0.000000000000e+00       2.616385871556e-15       1.825985016418e-16      -6.914562870076e-17 
 1227       1.249103213193e-10       3.032897281338e-12       1.690657038896e-12       0.000000000000e+00       2.608076633118e-15       1.871161702879e-16      -7.007159290934e-17 
 1228       1.242478769280e-10       3.062770942546e-12       1.671482701475e-12       0.000000000000e+00       2.599799744949e-15       1.915049522081e-16      -7.098595431986e-17 
 1229       1.235889698132e-10       3.092573984250e-12       1.649659744201e-12       0.000000000000e+00       2.591555003913e-15       1.957591485678e-16      -7.188857432667e-17 
 1230       1.229337610031e-10       3.122295283244e-12       1.625213243199e-12       0.000000000000e+00       2.583342291450e-15       1.998820126206e-16      -7.277936059138e-17 
 1231       1.222823907388e-10       3.151924573879e-12       1.598174291474e-12       0.000000000000e+00       2.575161508749e-15       2.038790723258e-16      -7.365823222942e-17 
 1232       1.216350000441e-10       3.181451527108e-12       1.568574245264e-12       0.000000000000e+00       2.567012555028e-15       2.077558948992e-16      -7.452510815473e-17 
 1233       1.209917307271e-10       3.210865750370e-12       1.536444724611e-12       0.000000000000e+00       2.558895327539e-15       2.115180868962e-16      -7.537990707965e-17 
 1234       1.203527253822e-10       3.240156787452e-12       1.501817613939e-12       0.000000000000e+00       2.550809721554e-15       2.151712942925e-16      -7.622254751470e-17 
 1235       1.197181273909e-10       3.269314118374e-12       1.464725062627e-12       0.000000000000e+00       2.542755630369e-15       2.187212025672e-16      -7.705294776843e-17 
 1236       1.190880809237e-10       3.298327159255e-12       1.425199485584e-12       0.000000000000e+00       2.534732945289e-15       2.221735367840e-16      -7.787102594720e-17 
 1237       1.184627309414e-10       3.327185262191e-12       1.383273563828e-12       0.000000000000e+00       2.526741555632e-15       2.255340616736e-16      -7.867669995508e-17 
 1238       1.178422231969e-10       3.355877715129e-12       1.338980245054e-12       0.000000000000e+00       2.518781348718e-15       2.288085817158e-16      -7.946988749360e-17 
 1239       1.172267042362e-10       3.384393741740e-12       1.292352744218e-12       0.000000000000e+00       2.510852209865e-15       2.320029412208e-16      -8.025050606161e-17 
 1240       1.166163214002e-10       3.412722501293e-12       1.243424544102e-12       0.000000000000e+00       2.502954022387e-15       2.351230244120e-16      -8.101847295513e-17 
 1241       1.160112228262e-10       3.440853088527e-12       1.192229395898e-12       0.000000000000e+00       2.495086667583e-15       2.381747555074e-16      -8.177370526709e-17 
 1242       1.154115574493e-10       3.468774533533e-12       1.138801319778e-12       0.000000000000e+00       2.487250024740e-15       2.411640988021e-16      -8.251611988726e-17 
 1243       1.148174750038e-10       3.496475801616e-12       1.083174605473e-12       0.000000000000e+00       2.479443971120e-15       2.440970587497e-16      -8.324563350198e-17 
 1244       1.142291260251e-10       3.523945793180e-12       1.025383812841e-12       0.000000000000e+00       2.471668381959e-15       2.469796800447e-16      -8.396216259406e-17 
 1245       1.136466618504e-10       3.551173343596e-12       9.654637724511e-13       0.000000000000e+00       2.463923130461e-15       2.498180477043e-16      -8.466562344254e-17 
 1246       1.130702346210e-10       3.578147223076e-12       9.034495861522e-13       0.000000000000e+00       2.456208087794e-15       2.526182871505e-16      -8.535593212258e-17 
 1247       1.124999972833e-10       3.604856136552e-12       8.393766276505e-13       0.000000000000e+00       2.448523123083e-15       2.553865642921e-16      -8.603300450521e-17 
 1248       1.119361035906e-10       3.631288723542e-12       7.732805430845e-13       0.000000000000e+00       2.440868103407e-15       2.581290856064e-16      -8.669675625723e-17 
 1249       1.113787081043e-10       3.657433558033e-12       7.051972515995e-13       0.000000000000e+00       2.433242893790e-15       2.608520982216e-16      -8.734710284097e-17 
 1250       1.108279661956e-10       3.683279148349e-12       6.351629459234e-13       0.000000000000e+00       2.425647357202e-15       2.635618899984e-16      -8.798395951415e-17 
 1251       1.102840340466e-10       3.708813937025e-12       5.632140929411e-13       0.000000000000e+00       2.418081354548e-15       2.662647896123e-16      -8.860724132971e-17 
 1252       1.097470686526e-10       3.734026300685e-12       4.893874342702e-13       0.000000000000e+00       2.410544744668e-15       2.689671666355e-16      -8.921686313559e-17 
 1253       1.092172278225e-10       3.758904549913e-12       4.137199868357e-13       0.000000000000e+00       2.403037384326e-15       2.716754316186e-16      -8.981273957461e-17 
 1254       1.086946701814e-10       3.783436929128e-12       3.362490434452e-13       0.000000000000e+00       2.395559128212e-15       2.743960361729e-16      -9.039478508427e-17 
 1255       1.081795551711e-10       3.807611616457e-12       2.570121733642e-13       0.000000000000e+00       2.388109828929e-15       2.771354730525e-16      -9.096291389655e-17 
 1256       1.076720430523e-10       3.831416723611e-12       1.760472228908e-13       0.000000000000e+00       2.380689336995e-15       2.799002762358e-16      -9.151704003778e-17 
 1257       1.071722949058e-10       3.854840295758e-12       9.339231593121e-14       0.000000000000e+00       2.373297500835e-15       2.826970210078e-16      -9.205707732842e-17 
 1258       1.066804726338e-10       3.877870311396e-12       9.085854574504e-15       0.000000000000e+00       2.365934166774e-15       2.855323240422e-16      -9.258293938293e-17 
 1259       1.061967389618e-10       3.900494682227e-12      -7.683348033205e-14       0.000000000000e+00       2.358599179034e-15       2.884128434832e-16      -9.309453960955e-17 
 1260       1.057212574399e-10       3.922701253036e-12      -1.643267286080e-13       0.000000000000e+00       2.351292379731e-15       2.913452790274e-16      -9.359179121016e-17 
 1261       1.052541924441e-10       3.944477801557e-12      -2.533546501646e-13       0.000000000000e+00       2.344013608864e-15       2.943363720060e-16      -9.407460718006e-17 
 1262       1.047957091780e-10       3.965812038353e-12      -3.438777244296e-13       0.000000000000e+00       2.336762704316e-15       2.973929054666e-16      -9.454290030786e-17 
 1263       1.043459736743e-10       3.986691606688e-12      -4.358561497725e-13       0.000000000000e+00       2.329539501846e-15       3.005217042553e-16      -9.499658317523e-17 
 1264       1.039051527962e-10       4.007104082401e-12      -5.292498429290e-13       0.000000000000e+00       2.322343835083e-15       3.037296350986e-16      -9.543556815680e-17 
 1265       1.034734142389e-10       4.027036973780e-12      -6.240184384262e-13       0.000000000000e+00       2.315175535522e-15       3.070236066856e-16      -9.585976741991e-17 
 1266       1.030509265312e-10       4.046477721437e-12      -7.201212880073e-13       0.000000000000e+00       2.308034432522e-15       3.104105697496e-16      -9.626909292448e-17 
 1267       1.026378590366e-10       4.065413698180e-12      -8.175174600568e-13       0.000000000000e+00       2.300920353294e-15       3.138975171505e-16      -9.666345642284e-17 
 1268       1.022343531755e-10       4.083833890426e-12      -9.161651442203e-13       0.000000000000e+00       2.293833138853e-15       3.174893380677e-16      -9.704279379595e-17 
 1269       1.018404357222e-10       4.101733963897e-12      -1.016019858910e-12       0.000000000000e+00       2.286772692066e-15       3.211823533395e-16      -9.740713836965e-17 
 1270       1.014561045112e-10       4.119111256078e-12      -1.117036221990e-12       0.000000000000e+00       2.279738930145e-15       3.249707057525e-16      -9.775654844339e-17 
 1271       1.010813571253e-10       4.135963099976e-12      -1.219168543085e-12       0.000000000000e+00       2.272731768743e-15       3.288484990914e-16      -9.809108303208e-17 
 1272       1.007161908950e-10       4.152286824123e-12      -1.322370822964e-12       0.000000000000e+00       2.265751121951e-15       3.328097980610e-16      -9.841080186777e-17 
 1273       1.003606028980e-10       4.168079752570e-12      -1.426596752920e-12       0.000000000000e+00       2.258796902292e-15       3.368486282074e-16      -9.871576540129e-17 
 1274       1.000145899587e-10       4.183339204892e-12      -1.531799714149e-12       0.000000000000e+00       2.251869020719e-15       3.409589758409e-16      -9.900603480383e-17 
 1275       9.967814864700e-11       4.198062496185e-12      -1.637932777132e-12       0.000000000000e+00       2.244967386611e-15       3.451347879573e-16      -9.928167196865e-17 
 1276       9.935127527816e-11       4.212246937066e-12      -1.744948701013e-12       0.000000000000e+00       2.238091907766e-15       3.493699721602e-16      -9.954273951269e-17 
 1277       9.903396591189e-11       4.225889833670e-12      -1.852799932986e-12       0.000000000000e+00       2.231242490402e-15       3.536583965827e-16      -9.978930077820e-17 
 1278       9.872621635176e-11       4.238988487652e-12      -1.961438607667e-12       0.000000000000e+00       2.224419039150e-15       3.579938898096e-16      -1.000214198344e-16 
 1279       9.842802214453e-11       4.251540196189e-12      -2.070816546480e-12       0.000000000000e+00       2.217621457050e-15       3.623702407990e-16      -1.002391614791e-16 
 1280       9.813937857947e-11       4.263542251972e-12      -2.180885257039e-12       0.000000000000e+00       2.210849645549e-15       3.667811988047e-16      -1.004425912403e-16 
 1281       9.786028068775e-11       4.274991943212e-12      -2.291595932521e-12       0.000000000000e+00       2.204103504494e-15       3.712204732979e-16      -1.006317753780e-16 
 1282       9.759072324171e-11       4.285886553638e-12      -2.402899451055e-12       0.000000000000e+00       2.197382932132e-15       3.756817338890e-16      -1.008067808855e-16 
 1283       9.733070075426e-11       4.296223362494e-12      -2.514746375098e-12       0.000000000000e+00       2.190687825102e-15       3.801586102499e-16      -1.009676754916e-16 
 1284       9.708020747822e-11       4.305999644540e-12      -2.627086950816e-12       0.000000000000e+00       2.184018078436e-15       3.846446920358e-16      -1.011145276615e-16 
 1285       9.683923740560e-11       4.315212670054e-12      -2.739871107465e-12       0.000000000000e+00       2.177373585549e-15       3.891335288070e-16      -1.012474065991e-16 
 1286       9.660778426701e-11       4.323859704826e-12      -2.853048456772e-12       0.000000000000e+00       2.170754238241e-15       3.936186299510e-16      -1.013663822483e-16 
 1287       9.638584153097e-11       4.331938010162e-12      -2.966568292315e-12       0.000000000000e+00       2.164159926689e-15       3.980934646046e-16      -1.014715252946e-16 
 1288       9.617340240324e-11       4.339444842882e-12      -3.080379588903e-12       0.000000000000e+00       2.157590539444e-15       4.025514615754e-16      -1.015629071670e-16 
 1289       9.597045982618e-11       4.346377455318e-12      -3.194431001957e-12       0.000000000000e+00       2.151045963429e-15       4.069860092643e-16      -1.016406000396e-16 
 1290       9.577700647809e-11       4.352733095317e-12      -3.308670866894e-12       0.000000000000e+00       2.144526083934e-15       4.113904555871e-16      -1.017046768327e-16 
 1291       9.559303477253e-11       4.358509006236e-12      -3.423047198499e-12       0.000000000000e+00       2.138030784609e-15       4.157581078964e-16      -1.017552112153e-16 
 1292       9.541853685768e-11       4.363702426945e-12      -3.537507690315e-12       0.000000000000e+00       2.131559947465e-15       4.200822329040e-16      -1.017922776060e-16 
 1293       9.525350461568e-11       4.368310591824e-12      -3.651999714018e-12       0.000000000000e+00       2.125113452868e-15       4.243560566022e-16      -1.018159511753e-16 
 1294       9.509792966198e-11       4.372330730764e-12      -3.766470318798e-12       0.000000000000e+00       2.118691179536e-15       4.285727641862e-16      -1.018263078465e-16 
 1295       9.495180334462e-11       4.375760069167e-12      -3.880866230741e-12       0.000000000000e+00       2.112293004530e-15       4.327254999762e-16      -1.018234242979e-16 
 1296       9.481511674368e-11       4.378595827943e-12      -3.995133852210e-12       0.000000000000e+00       2.105918803259e-15       4.368073673387e-16      -1.018073779643e-16 
 1297       9.468786067049e-11       4.380835223511e-12      -4.109219261224e-12       0.000000000000e+00       2.099568449468e-15       4.408114286091e-16      -1.017782470386e-16 
 1298       9.457002566710e-11       4.382475467799e-12      -4.223068210839e-12       0.000000000000e+00       2.093241815239e-15       4.447307050134e-16      -1.017361104733e-16 
 1299       9.446160200552e-11       4.383513768242e-12      -4.336626128527e-12       0.000000000000e+00       2.086938770986e-15       4.485581765900e-16      -1.016810479824e-16 
 1300       9.436257968711e-11       4.383947327783e-12      -4.449838115562e-12       0.000000000000e+00       2.080659185448e-15       4.522867821118e-16      -1.016131400430e-16 
 1301       9.427294844191e-11       4.383773344870e-12      -4.562648946392e-12       0.000000000000e+00       2.074402925690e-15       4.559094190084e-16      -1.015324678967e-16 
 1302       9.419269772798e-11       4.382989013459e-12      -4.675003068029e-12       0.000000000000e+00       2.068169857097e-15       4.594189432876e-16      -1.014391135514e-16 
 1303       9.412181673074e-11       4.381591523011e-12      -4.786844599421e-12       0.000000000000e+00       2.061959843367e-15       4.628081694576e-16      -1.013331597830e-16 
 1304       9.406029436232e-11       4.379578058491e-12      -4.898117330839e-12       0.000000000000e+00       2.055772746513e-15       4.660698704488e-16      -1.012146901371e-16 
 1305       9.400811926087e-11       4.376945800369e-12      -5.008764723253e-12       0.000000000000e+00       2.049608426855e-15       4.691967775360e-16      -1.010837889302e-16 
 1306       9.396527978995e-11       4.373691924618e-12      -5.118729907716e-12       0.000000000000e+00       2.043466743016e-15       4.721815802602e-16      -1.009405412520e-16 
 1307       9.393174545999e-11       4.369815022669e-12      -5.227959969461e-12       0.000000000000e+00       2.037347564875e-15       4.750189447514e-16      -1.007850382768e-16 
 1308       9.390741096672e-11       4.365319378645e-12      -5.336418853896e-12       0.000000000000e+00       2.031250812586e-15       4.777115935622e-16      -1.006173932618e-16 
 1309       9.389215152542e-11       4.360210739974e-12      -5.444074603750e-12       0.000000000000e+00       2.025176417988e-15       4.802642936912e-16      -1.004377257312e-16 
 1310       9.388584139003e-11       4.354494901870e-12      -5.550895087135e-12       0.000000000000e+00       2.019124311684e-15       4.826818444156e-16      -1.002461561844e-16 
 1311       9.388835385116e-11       4.348177707438e-12      -5.656847997228e-12       0.000000000000e+00       2.013094423040e-15       4.849690773551e-16      -1.000428060974e-16 
 1312       9.389956123413e-11       4.341265047770e-12      -5.761900851949e-12       0.000000000000e+00       2.007086680181e-15       4.871308565356e-16      -9.982779792538e-17 
 1313       9.391933489701e-11       4.333762862045e-12      -5.866020993645e-12       0.000000000000e+00       2.001101009990e-15       4.891720784526e-16      -9.960125510457e-17 
 1314       9.394754522868e-11       4.325677137627e-12      -5.969175588772e-12       0.000000000000e+00       1.995137338101e-15       4.910976721349e-16      -9.936330205411e-17 
 1315       9.398406164682e-11       4.317013910164e-12      -6.071331627572e-12       0.000000000000e+00       1.989195588902e-15       4.929125992082e-16      -9.911406417818e-17 
 1316       9.402875259598e-11       4.307779263690e-12      -6.172455923761e-12       0.000000000000e+00       1.983275685524e-15       4.946218539588e-16      -9.885366786801e-17 
 1317       9.408148554561e-11       4.297979330721e-12      -6.272515114204e-12       0.000000000000e+00       1.977377549847e-15       4.962304633973e-16      -9.858224050385e-17 
 1318       9.414212698808e-11       4.287620292357e-12      -6.371475658599e-12       0.000000000000e+00       1.971501102490e-15       4.977434873220e-16      -9.829991045701e-17 
 1319       9.421054243675e-11       4.276708378375e-12      -6.469303839159e-12       0.000000000000e+00       1.965646262810e-15       4.991660183828e-16      -9.800680709188e-17 
 1320       9.428659642398e-11       4.265249867338e-12      -6.565965760292e-12       0.000000000000e+00       1.959812948900e-15       5.005031821446e-16      -9.770306076790e-17 
 1321       9.437015249918e-11       4.253251086684e-12      -6.661427348283e-12       0.000000000000e+00       1.954001077587e-15       5.017601371510e-16      -9.738880284163e-17 
 1322       9.446107322681e-11       4.240718412832e-12      -6.755654350976e-12       0.000000000000e+00       1.948210564425e-15       5.029420749881e-16      -9.706416566871e-17 
 1323       9.455922018449e-11       4.227658271278e-12      -6.848612337452e-12       0.000000000000e+00       1.942441323697e-15       5.040542203479e-16      -9.672928260591e-17 
 1324       9.466445396095e-11       4.214077136697e-12      -6.940266697715e-12       0.000000000000e+00       1.936693268407e-15       5.051018310921e-16      -9.638428801311e-17 
 1325       9.477663415416e-11       4.199981533036e-12      -7.030582642369e-12       0.000000000000e+00       1.930966310282e-15       5.060901983154e-16      -9.602931725533e-17 
 1326       9.489561936926e-11       4.185378033620e-12      -7.119525202305e-12       0.000000000000e+00       1.925260359763e-15       5.070246464096e-16      -9.566450670475e-17 
 1327       9.502126721669e-11       4.170273261249e-12      -7.207059228373e-12       0.000000000000e+00       1.919575326009e-15       5.079105331271e-16      -9.528999374271e-17 
 1328       9.515343431019e-11       4.154673888293e-12      -7.293149391074e-12       0.000000000000e+00       1.913911116888e-15       5.087532496442e-16      -9.490591676170e-17 
 1329       9.529197626481e-11       4.138586636797e-12      -7.377760180233e-12       0.000000000000e+00       1.908267638979e-15       5.095582206251e-16      -9.451241516743e-17 
 1330       9.543674769499e-11       4.122018278578e-12      -7.460855904686e-12       0.000000000000e+00       1.902644797563e-15       5.103309042853e-16      -9.410962938078e-17 
 1331       9.558760221258e-11       4.104975635321e-12      -7.542400691957e-12       0.000000000000e+00       1.897042496626e-15       5.110767924556e-16      -9.369770083985e-17 
 1332       9.574439242486e-11       4.087465578684e-12      -7.622358487942e-12       0.000000000000e+00       1.891460638852e-15       5.118014106450e-16      -9.327677200196e-17 
 1333       9.590696993262e-11       4.069495030391e-12      -7.700693056588e-12       0.000000000000e+00       1.885899125623e-15       5.125103181053e-16      -9.284698634566e-17 
 1334       9.607518532813e-11       4.051070962337e-12      -7.777367979579e-12       0.000000000000e+00       1.880357857014e-15       5.132091078939e-16      -9.240848837274e-17 
 1335       9.624888819325e-11       4.032200396682e-12      -7.852346656010e-12       0.000000000000e+00       1.874836731789e-15       5.139034069379e-16      -9.196142361027e-17 
 1336       9.642792709740e-11       4.012890405952e-12      -7.925592302076e-12       0.000000000000e+00       1.869335647401e-15       5.145988760973e-16      -9.150593861255e-17 
 1337       9.661214959566e-11       3.993148113140e-12      -7.997067950747e-12       0.000000000000e+00       1.863854499986e-15       5.153012102294e-16      -9.104218096319e-17 
 1338       9.680140222675e-11       3.972980691803e-12      -8.066736451454e-12       0.000000000000e+00       1.858393184363e-15       5.160161382515e-16      -9.057029927708e-17 
 1339       9.699553051110e-11       3.952395366160e-12      -8.134560469766e-12       0.000000000000e+00       1.852951594029e-15       5.167494232052e-16      -9.009044320242e-17 
 1340       9.719437894888e-11       3.931399411195e-12      -8.200502487076e-12       0.000000000000e+00       1.847529621155e-15       5.175068623198e-16      -8.960276342272e-17 
 1341       9.739779101802e-11       3.910000152752e-12      -8.264524800279e-12       0.000000000000e+00       1.842127156586e-15       5.182942870758e-16      -8.910741165881e-17 
 1342       9.760560917227e-11       3.888204967638e-12      -8.326589521453e-12       0.000000000000e+00       1.836744089836e-15       5.191175632688e-16      -8.860454067089e-17 
 1343       9.781767483922e-11       3.866021283717e-12      -8.386658577544e-12       0.000000000000e+00       1.831380309086e-15       5.199825910730e-16      -8.809430426047e-17 
 1344       9.803382841837e-11       3.843456580016e-12      -8.444693710042e-12       0.000000000000e+00       1.826035701179e-15       5.208953051047e-16      -8.757685727246e-17 
 1345       9.825390927910e-11       3.820518386816e-12      -8.500656474667e-12       0.000000000000e+00       1.820710151619e-15       5.218616744861e-16      -8.705235559712e-17 
 1346       9.847775627331e-11       3.797214675381e-12      -8.554514387373e-12       0.000000000000e+00       1.815403554791e-15       5.228860760715e-16      -8.652094636178e-17 
 1347       9.870520928311e-11       3.773555031550e-12      -8.606259436070e-12       0.000000000000e+00       1.810115844748e-15       5.239663946601e-16      -8.598273838523e-17 
 1348       9.893610768601e-11       3.749549495088e-12      -8.655889769368e-12       0.000000000000e+00       1.804846964754e-15       5.250988696812e-16      -8.543783140632e-17 
 1349       9.917028984000e-11       3.725208171344e-12      -8.703403568585e-12       0.000000000000e+00       1.799596857083e-15       5.262797171590e-16      -8.488632586660e-17 
 1350       9.940759308159e-11       3.700541231380e-12      -8.748799047835e-12       0.000000000000e+00       1.794365463025e-15       5.275051296683e-16      -8.432832291164e-17 
 1351       9.964785372389e-11       3.675558912090e-12      -8.792074454119e-12       0.000000000000e+00       1.789152722876e-15       5.287712762903e-16      -8.376392439238e-17 
 1352       9.989090705469e-11       3.650271516330e-12      -8.833228067408e-12       0.000000000000e+00       1.783958575940e-15       5.300743025687e-16      -8.319323286655e-17 
 1353       1.001365873345e-10       3.624689413040e-12      -8.872258200734e-12       0.000000000000e+00       1.778782960527e-15       5.314103304658e-16      -8.261635159997e-17 
 1354       1.003847277947e-10       3.598823037369e-12      -8.909163200280e-12       0.000000000000e+00       1.773625813947e-15       5.327754583181e-16      -8.203338456794e-17 
 1355       1.006351606355e-10       3.572682890802e-12      -8.943941445464e-12       0.000000000000e+00       1.768487072511e-15       5.341657607926e-16      -8.144443645661e-17 
 1356       1.008877170242e-10       3.546279541283e-12      -8.976591349029e-12       0.000000000000e+00       1.763366671529e-15       5.355772888426e-16      -8.084961266432e-17 
 1357       1.011422270928e-10       3.519623623340e-12      -9.007111357132e-12       0.000000000000e+00       1.758264545303e-15       5.370060696636e-16      -8.024901930299e-17 
 1358       1.013985199368e-10       3.492725838210e-12      -9.035499949432e-12       0.000000000000e+00       1.753180627131e-15       5.384481066494e-16      -7.964276319947e-17 
 1359       1.016564236125e-10       3.465596953967e-12      -9.061755639175e-12       0.000000000000e+00       1.748114849301e-15       5.398993793480e-16      -7.903095189689e-17 
 1360       1.019157651358e-10       3.438247805640e-12      -9.085876973288e-12       0.000000000000e+00       1.743067143088e-15       5.413558434175e-16      -7.841369365604e-17 
 1361       1.021763704797e-10       3.410689295344e-12      -9.107862532460e-12       0.000000000000e+00       1.738037438754e-15       5.428134305820e-16      -7.779109745673e-17 
 1362       1.024380645725e-10       3.382932392404e-12      -9.127710931237e-12       0.000000000000e+00       1.733025665545e-15       5.442680485878e-16      -7.716327299913e-17 
 1363       1.027006712961e-10       3.354988133478e-12      -9.145420818104e-12       0.000000000000e+00       1.728031751687e-15       5.457155811592e-16      -7.653033070519e-17 
 1364       1.029640134840e-10       3.326867622681e-12      -9.160990875577e-12       0.000000000000e+00       1.723055624388e-15       5.471518879544e-16      -7.589238171992e-17 
 1365       1.032279129190e-10       3.298582031714e-12      -9.174419820292e-12       0.000000000000e+00       1.718097209829e-15       5.485728045216e-16      -7.524953791284e-17 
 1366       1.034921903318e-10       3.270142599986e-12      -9.185706403088e-12       0.000000000000e+00       1.713156433167e-15       5.499741422547e-16      -7.460191187925e-17 
 1367       1.037566653988e-10       3.241560634738e-12      -9.194849409100e-12       0.000000000000e+00       1.708233218532e-15       5.513516883496e-16      -7.394961694170e-17 
 1368       1.040211567401e-10       3.212847511171e-12      -9.201847657846e-12       0.000000000000e+00       1.703327489022e-15       5.527012057599e-16      -7.329276715124e-17 
 1369       1.042854819177e-10       3.184014672568e-12      -9.206700003312e-12       0.000000000000e+00       1.698439166704e-15       5.540184331531e-16      -7.263147728888e-17 
 1370       1.045494574338e-10       3.155073630422e-12      -9.209405334046e-12       0.000000000000e+00       1.693568172609e-15       5.552990848661e-16      -7.196586286688e-17 
 1371       1.048128987281e-10       3.126035964556e-12      -9.209962573240e-12       0.000000000000e+00       1.688714426731e-15       5.565388508617e-16      -7.129604013016e-17 
 1372       1.050756201769e-10       3.096913323254e-12      -9.208370678822e-12       0.000000000000e+00       1.683877848024e-15       5.577333966843e-16      -7.062212605764e-17 
 1373       1.053374350904e-10       3.067717423380e-12      -9.204628643543e-12       0.000000000000e+00       1.679058354401e-15       5.588783634158e-16      -6.994423836360e-17 
 1374       1.055981557110e-10       3.038460050509e-12      -9.198735495064e-12       0.000000000000e+00       1.674255862730e-15       5.599693676315e-16      -6.926249549907e-17 
 1375       1.058575932116e-10       3.009153059046e-12      -9.190690296046e-12       0.000000000000e+00       1.669470288833e-15       5.610020013564e-16      -6.857701665315e-17 
 1376       1.061155576931e-10       2.979808372354e-12      -9.180492144238e-12       0.000000000000e+00       1.664701547483e-15       5.619718320209e-16      -6.788792175441e-17 
 1377       1.063718581833e-10       2.950437982880e-12      -9.168140172564e-12       0.000000000000e+00       1.659949552401e-15       5.628744024166e-16      -6.719533147223e-17 
 1378       1.066263026341e-10       2.921053952275e-12      -9.153633549209e-12       0.000000000000e+00       1.655214216257e-15       5.637052306526e-16      -6.649936721818e-17 
 1379       1.068786979203e-10       2.891668411526e-12      -9.136971477713e-12       0.000000000000e+00       1.650495450660e-15       5.644598101114e-16      -6.580015114737e-17 
 1380       1.071288498370e-10       2.862293561075e-12      -9.118153197054e-12       0.000000000000e+00       1.645793166167e-15       5.651336094045e-16      -6.509780615980e-17 
 1381       1.073765630985e-10       2.832941670946e-12      -9.097177981738e-12       0.000000000000e+00       1.641107272271e-15       5.657220723287e-16      -6.439245590176e-17 
 1382       1.076216413354e-10       2.803625080871e-12      -9.074045141888e-12       0.000000000000e+00       1.636437677402e-15       5.662206178221e-16      -6.368422476717e-17 
 1383       1.078638870935e-10       2.774356200412e-12      -9.048754023328e-12       0.000000000000e+00       1.631784288925e-15       5.666246399199e-16      -6.297323789893e-17 
 1384       1.081031018313e-10       2.745147509091e-12      -9.021304007678e-12       0.000000000000e+00       1.627147013140e-15       5.669295077102e-16      -6.225962119030e-17 
 1385       1.083391025417e-10       2.716010811530e-12      -8.991698889209e-12       0.000000000000e+00       1.622525763545e-15       5.671317100204e-16      -6.154349308664e-17 
 1386       1.085717718117e-10       2.686954994043e-12      -8.959960055814e-12       0.000000000000e+00       1.617920485750e-15       5.672323027875e-16      -6.082493989320e-17 
 1387       1.088010082872e-10       2.657988244606e-12      -8.926113447384e-12       0.000000000000e+00       1.613331132825e-15       5.672334979986e-16      -6.010404020931e-17 
 1388       1.090267100968e-10       2.629118795771e-12      -8.890185192025e-12       0.000000000000e+00       1.608757657050e-15       5.671375222908e-16      -5.938087310525e-17 
 1389       1.092487748511e-10       2.600354924739e-12      -8.852201606416e-12       0.000000000000e+00       1.604200009914e-15       5.669466169789e-16      -5.865551812302e-17 
 1390       1.094670996416e-10       2.571704953440e-12      -8.812189196176e-12       0.000000000000e+00       1.599658142112e-15       5.666630380828e-16      -5.792805527726e-17 
 1391       1.096815810401e-10       2.543177248611e-12      -8.770174656219e-12       0.000000000000e+00       1.595132003546e-15       5.662890563547e-16      -5.719856505608e-17 
 1392       1.098921150975e-10       2.514780221875e-12      -8.726184871123e-12       0.000000000000e+00       1.590621543320e-15       5.658269573072e-16      -5.646712842188e-17 
 1393       1.100985973430e-10       2.486522329821e-12      -8.680246915487e-12       0.000000000000e+00       1.586126709740e-15       5.652790412404e-16      -5.573382681225e-17 
 1394       1.103009227833e-10       2.458412074077e-12      -8.632388054292e-12       0.000000000000e+00       1.581647450313e-15       5.646476232696e-16      -5.499874214078e-17 
 1395       1.104989859015e-10       2.430458001395e-12      -8.582635743267e-12       0.000000000000e+00       1.577183711740e-15       5.639350333527e-16      -5.426195679793e-17 
 1396       1.106926806566e-10       2.402668703723e-12      -8.531017629248e-12       0.000000000000e+00       1.572735439924e-15       5.631436163177e-16      -5.352355365186e-17 
 1397       1.108819004823e-10       2.375052818288e-12      -8.477561550538e-12       0.000000000000e+00       1.568302579956e-15       5.622757318905e-16      -5.278361604933e-17 
 1398       1.110665382860e-10       2.347619027674e-12      -8.422295537274e-12       0.000000000000e+00       1.563885076125e-15       5.613337547221e-16      -5.204222781647e-17 
 1399       1.112464864482e-10       2.320376059896e-12      -8.365247811782e-12       0.000000000000e+00       1.559482871908e-15       5.603200744161e-16      -5.129947325971e-17 
 1400       1.114216368217e-10       2.293332688483e-12      -8.306446788945e-12       0.000000000000e+00       1.555095909970e-15       5.592370955565e-16      -5.055543716657e-17 
 1401       1.115918807301e-10       2.266497732555e-12      -8.245921076559e-12       0.000000000000e+00       1.550724132165e-15       5.580872377349e-16      -4.981020480655e-17 
 1402       1.117571089677e-10       2.239880056901e-12      -8.183699475702e-12       0.000000000000e+00       1.546367479532e-15       5.568729355784e-16      -4.906386193196e-17 
 1403       1.119172117980e-10       2.213488572057e-12      -8.119810981085e-12       0.000000000000e+00       1.542025892293e-15       5.555966387767e-16      -4.831649477878e-17 
 1404       1.120720789532e-10       2.187332234383e-12      -8.054284781427e-12       0.000000000000e+00       1.537699309851e-15       5.542608121098e-16      -4.756819006748e-17 
 1405       1.122215996329e-10       2.161420046147e-12      -7.987150259803e-12       0.000000000000e+00       1.533387670790e-15       5.528679354756e-16      -4.681903500393e-17 
 1406       1.123656625036e-10       2.135761055595e-12      -7.918436994018e-12       0.000000000000e+00       1.529090912872e-15       5.514205039172e-16      -4.606911728019e-17 
 1407       1.125041556979e-10       2.110364357036e-12      -7.848174756960e-12       0.000000000000e+00       1.524808973034e-15       5.499210276507e-16      -4.531852507540e-17 
 1408       1.126369668129e-10       2.085239090918e-12      -7.776393516966e-12       0.000000000000e+00       1.520541787389e-15       5.483720320926e-16      -4.456734705659e-17 
 1409       1.127639829102e-10       2.060394443907e-12      -7.703123438182e-12       0.000000000000e+00       1.516289291221e-15       5.467760578870e-16      -4.381567237959e-17 
 1410       1.128850905144e-10       2.035839648961e-12      -7.628394880924e-12       0.000000000000e+00       1.512051418987e-15       5.451356609338e-16      -4.306359068982e-17 
 1411       1.130001756123e-10       2.011583985417e-12      -7.552238402045e-12       0.000000000000e+00       1.507828104311e-15       5.434534124153e-16      -4.231119212316e-17 
 1412       1.131091236524e-10       1.987636779061e-12      -7.474684755289e-12       0.000000000000e+00       1.503619279985e-15       5.417318988248e-16      -4.155856730683e-17 
 1413       1.132118195435e-10       1.964007402210e-12      -7.395764891657e-12       0.000000000000e+00       1.499424877965e-15       5.399737219931e-16      -4.080580736019e-17 
 1414       1.133081476542e-10       1.940705273791e-12      -7.315509959770e-12       0.000000000000e+00       1.495244829374e-15       5.381814991166e-16      -4.005300389563e-17 
 1415       1.133979918117e-10       1.917739859418e-12      -7.233951306226e-12       0.000000000000e+00       1.491079064493e-15       5.363578627848e-16      -3.930024901940e-17 
 1416       1.134812353010e-10       1.895120671470e-12      -7.151120475968e-12       0.000000000000e+00       1.486927512766e-15       5.345054610076e-16      -3.854763533246e-17 
 1417       1.135577608644e-10       1.872857269171e-12      -7.067049212639e-12       0.000000000000e+00       1.482790102792e-15       5.326269572428e-16      -3.779525593133e-17 
 1418       1.136274506998e-10       1.850959258665e-12      -6.981769458949e-12       0.000000000000e+00       1.478666762329e-15       5.307250304239e-16      -3.704320440897e-17 
 1419       1.136901864607e-10       1.829436293100e-12      -6.895313357033e-12       0.000000000000e+00       1.474557418288e-15       5.288023749873e-16      -3.629157485558e-17 
 1420       1.137458492546e-10       1.808298072701e-12      -6.807713248817e-12       0.000000000000e+00       1.470461996734e-15       5.268617009001e-16      -3.554046185948e-17 
 1421       1.137943196426e-10       1.787554344850e-12      -6.719001676375e-12       0.000000000000e+00       1.466380422881e-15       5.249057336873e-16      -3.478996050797e-17 
 1422       1.138354776383e-10       1.767214904165e-12      -6.629211382293e-12       0.000000000000e+00       1.462312621095e-15       5.229372144596e-16      -3.404016638813e-17 
 1423       1.138692027066e-10       1.747289592579e-12      -6.538375310031e-12       0.000000000000e+00       1.458258514886e-15       5.209588999409e-16      -3.329117558774e-17 
 1424       1.138953949742e-10       1.727786960615e-12      -6.446527008103e-12       0.000000000000e+00       1.454218033622e-15       5.189731809145e-16      -3.254307872561e-17 
 1425       1.139140390977e-10       1.708710236024e-12      -6.353701846433e-12       0.000000000000e+00       1.450191132730e-15       5.169809332208e-16      -3.179594297395e-17 
 1426       1.139251410494e-10       1.690061313901e-12      -6.259935813209e-12       0.000000000000e+00       1.446177773694e-15       5.149826550145e-16      -3.104982985305e-17 
 1427       1.139287069661e-10       1.671842091730e-12      -6.165265112586e-12       0.000000000000e+00       1.442177917369e-15       5.129788472794e-16      -3.030480118555e-17 
 1428       1.139247431500e-10       1.654054469383e-12      -6.069726165070e-12       0.000000000000e+00       1.438191523972e-15       5.109700138334e-16      -2.956091909690e-17 
 1429       1.139132560688e-10       1.636700349118e-12      -5.973355607903e-12       0.000000000000e+00       1.434218553085e-15       5.089566613340e-16      -2.881824601583e-17 
 1430       1.138942523558e-10       1.619781635579e-12      -5.876190295452e-12       0.000000000000e+00       1.430258963654e-15       5.069392992826e-16      -2.807684467493e-17 
 1431       1.138677388108e-10       1.603300235795e-12      -5.778267299589e-12       0.000000000000e+00       1.426312713983e-15       5.049184400297e-16      -2.733677811105e-17 
 1432       1.138337224002e-10       1.587258059178e-12      -5.679623910082e-12       0.000000000000e+00       1.422379761739e-15       5.028945987799e-16      -2.659810966588e-17 
 1433       1.137922102572e-10       1.571657017526e-12      -5.580297634976e-12       0.000000000000e+00       1.418460063945e-15       5.008682935967e-16      -2.586090298639e-17 
 1434       1.137432096825e-10       1.556499025016e-12      -5.480326200983e-12       0.000000000000e+00       1.414553576982e-15       4.988400454078e-16      -2.512522202534e-17 
 1435       1.136867281442e-10       1.541785998210e-12      -5.379747553864e-12       0.000000000000e+00       1.410660256587e-15       4.968103780096e-16      -2.439113104181e-17 
 1436       1.136227732788e-10       1.527519856047e-12      -5.278599858818e-12       0.000000000000e+00       1.406780057850e-15       4.947798180723e-16      -2.365869460165e-17 
 1437       1.135513528911e-10       1.513702519848e-12      -5.176921500862e-12       0.000000000000e+00       1.402912935214e-15       4.927488951451e-16      -2.292797757800e-17 
 1438       1.134724749546e-10       1.500335913315e-12      -5.074751085224e-12       0.000000000000e+00       1.399058842473e-15       4.907181416607e-16      -2.219904515180e-17 
 1439       1.133861476120e-10       1.487421962523e-12      -4.972127437722e-12       0.000000000000e+00       1.395217732772e-15       4.886880929409e-16      -2.147196281226e-17 
 1440       1.132923791756e-10       1.474962595930e-12      -4.869089605155e-12       0.000000000000e+00       1.391389558603e-15       4.866592872007e-16      -2.074679635735e-17 
 1441       1.131911781274e-10       1.462959744367e-12      -4.765676855684e-12       0.000000000000e+00       1.387574271806e-15       4.846322655541e-16      -2.002361189436e-17 
 1442       1.130825531197e-10       1.451415341041e-12      -4.661928679219e-12       0.000000000000e+00       1.383771823566e-15       4.826075720183e-16      -1.930247584032e-17 
 1443       1.129665129755e-10       1.440331321536e-12      -4.557884787809e-12       0.000000000000e+00       1.379982164412e-15       4.805857535193e-16      -1.858345492254e-17 
 1444       1.128430666887e-10       1.429709623807e-12      -4.453585116018e-12       0.000000000000e+00       1.376205244218e-15       4.785673598964e-16      -1.786661617909e-17 
 1445       1.127122234246e-10       1.419552188184e-12      -4.349069821323e-12       0.000000000000e+00       1.372441012196e-15       4.765529439074e-16      -1.715202695930e-17 
 1446       1.125739925200e-10       1.409860957369e-12      -4.244379284486e-12       0.000000000000e+00       1.368689416901e-15       4.745430612333e-16      -1.643975492429e-17 
 1447       1.124283834839e-10       1.400637876435e-12      -4.139554109952e-12       0.000000000000e+00       1.364950406224e-15       4.725382704836e-16      -1.572986804740e-17 
 1448       1.122754059978e-10       1.391884892827e-12      -4.034635126228e-12       0.000000000000e+00       1.361223927394e-15       4.705391332010e-16      -1.502243461474e-17 
 1449       1.121150699158e-10       1.383603956357e-12      -3.929663386266e-12       0.000000000000e+00       1.357509926978e-15       4.685462138663e-16      -1.431752322568e-17 
 1450       1.119473852653e-10       1.375797019210e-12      -3.824680167858e-12       0.000000000000e+00       1.353808350874e-15       4.665600799036e-16      -1.361520279332e-17 
 1451       1.117723622472e-10       1.368466035935e-12      -3.719726974012e-12       0.000000000000e+00       1.350119144314e-15       4.645813016850e-16      -1.291554254502e-17 
 1452       1.115900112362e-10       1.361612963450e-12      -3.614845533343e-12       0.000000000000e+00       1.346442251863e-15       4.626104525359e-16      -1.221861202287e-17 
 1453       1.114003427814e-10       1.355239761040e-12      -3.510077800456e-12       0.000000000000e+00       1.342777617414e-15       4.606481087394e-16      -1.152448108422e-17 
 1454       1.112033676062e-10       1.349348390356e-12      -3.405465956334e-12       0.000000000000e+00       1.339125184189e-15       4.586948495417e-16      -1.083321990212e-17 
 1455       1.109990966093e-10       1.343940815411e-12      -3.301052408722e-12       0.000000000000e+00       1.335484894740e-15       4.567512571569e-16      -1.014489896589e-17 
 1456       1.107875408646e-10       1.339019002584e-12      -3.196879792513e-12       0.000000000000e+00       1.331856690940e-15       4.548179167721e-16      -9.459589081567e-18 
 1457       1.105687116217e-10       1.334584920618e-12      -3.092990970132e-12       0.000000000000e+00       1.328240513991e-15       4.528954165520e-16      -8.777361372399e-18 
 1458       1.103426203062e-10       1.330640540614e-12      -2.989429031926e-12       0.000000000000e+00       1.324636304416e-15       4.509843476442e-16      -8.098287279377e-18 
 1459       1.101092785204e-10       1.327187836040e-12      -2.886237296543e-12       0.000000000000e+00       1.321044002058e-15       4.490853041839e-16      -7.422438561704e-18 
 1460       1.098686980429e-10       1.324228782721e-12      -2.783459311324e-12       0.000000000000e+00       1.317463546084e-15       4.471988832991e-16      -6.749887297302e-18 
 1461       1.096208908300e-10       1.321765358841e-12      -2.681138852685e-12       0.000000000000e+00       1.313894874977e-15       4.453256851154e-16      -6.080705883310e-18 
 1462       1.093658690151e-10       1.319799544946e-12      -2.579319926503e-12       0.000000000000e+00       1.310337926538e-15       4.434663127610e-16      -5.414967036574e-18 
 1463       1.091036586957e-10       1.318332203769e-12      -2.478043524116e-12       0.000000000000e+00       1.306792643159e-15       4.416210023361e-16      -4.752735926823e-18 
 1464       1.088343414421e-10       1.317359707476e-12      -2.377337854057e-12       0.000000000000e+00       1.303258987703e-15       4.397885087660e-16      -4.094046489130e-18 
 1465       1.085580132042e-10       1.316877276707e-12      -2.277228013434e-12       0.000000000000e+00       1.299736927780e-15       4.379672088198e-16      -3.438924875631e-18 
 1466       1.082747705642e-10       1.316880097613e-12      -2.177739223659e-12       0.000000000000e+00       1.296226430483e-15       4.361554701192e-16      -2.787397301425e-18 
 1467       1.079847107377e-10       1.317363321801e-12      -2.078896830648e-12       0.000000000000e+00       1.292727462394e-15       4.343516511232e-16      -2.139490044626e-18 
 1468       1.076879315753e-10       1.318322066264e-12      -1.980726305031e-12       0.000000000000e+00       1.289239989572e-15       4.325541011118e-16      -1.495229446421e-18 
 1469       1.073845315630e-10       1.319751413321e-12      -1.883253242352e-12       0.000000000000e+00       1.285763977562e-15       4.307611601703e-16      -8.546419111249e-19 
 1470       1.070746098238e-10       1.321646410551e-12      -1.786503363272e-12       0.000000000000e+00       1.282299391389e-15       4.289711591738e-16      -2.177539062396e-19 
 1471       1.067582661189e-10       1.324002070732e-12      -1.690502513775e-12       0.000000000000e+00       1.278846195556e-15       4.271824197712e-16       4.154080374928e-19 
 1472       1.064356008486e-10       1.326813371777e-12      -1.595276665373e-12       0.000000000000e+00       1.275404354047e-15       4.253932543695e-16       1.044817326033e-18 
 1473       1.061067150535e-10       1.330075256666e-12      -1.500851915306e-12       0.000000000000e+00       1.271973830320e-15       4.236019661178e-16       1.670447301986e-18 
 1474       1.057717104156e-10       1.333782633388e-12      -1.407254486748e-12       0.000000000000e+00       1.268554587314e-15       4.218068488920e-16       2.292271244551e-18 
 1475       1.054306892595e-10       1.337930374877e-12      -1.314510729011e-12       0.000000000000e+00       1.265146587438e-15       4.200061872785e-16       2.910262369458e-18 
 1476       1.050837545537e-10       1.342513318943e-12      -1.222647117749e-12       0.000000000000e+00       1.261749792578e-15       4.181982565586e-16       3.524393828915e-18 
 1477       1.047310099115e-10       1.347526268214e-12      -1.131690255160e-12       0.000000000000e+00       1.258364164094e-15       4.163813226930e-16       4.134638711554e-18 
 1478       1.043725595920e-10       1.352963990070e-12      -1.041666870192e-12       0.000000000000e+00       1.254989662815e-15       4.145536423055e-16       4.740970042372e-18 
 1479       1.040085085017e-10       1.358821216581e-12      -9.526038187455e-13       0.000000000000e+00       1.251626249041e-15       4.127134626677e-16       5.343360782673e-18 
 1480       1.036389621953e-10       1.365092644441e-12      -8.645280838787e-13       0.000000000000e+00       1.248273882544e-15       4.108590216829e-16       5.941783830018e-18 
 1481       1.032640268767e-10       1.371772934906e-12      -7.774667760092e-13       0.000000000000e+00       1.244932522562e-15       4.089885478704e-16       6.536212018162e-18 
 1482       1.028838094008e-10       1.378856713729e-12      -6.914471331194e-13       0.000000000000e+00       1.241602127803e-15       4.071002603500e-16       7.126618117003e-18 
 1483       1.024984172737e-10       1.386338571099e-12      -6.064965209598e-13       0.000000000000e+00       1.238282656437e-15       4.051923688256e-16       7.712974832524e-18 
 1484       1.021079586546e-10       1.394213061576e-12      -5.226424332531e-13       0.000000000000e+00       1.234974066103e-15       4.032630735700e-16       8.295254806735e-18 
 1485       1.017125423566e-10       1.402474704025e-12      -4.399124918976e-13       0.000000000000e+00       1.231676313903e-15       4.013105654090e-16       8.873430617620e-18 
 1486       1.013122778479e-10       1.411117981556e-12      -3.583344471715e-13       0.000000000000e+00       1.228389356400e-15       3.993330257053e-16       9.447474779078e-18 
 1487       1.009072752530e-10       1.420137341460e-12      -2.779361779364e-13       0.000000000000e+00       1.225113149622e-15       3.973286263431e-16       1.001735974087e-17 
 1488       1.004976453535e-10       1.429527195143e-12      -1.987456918409e-13       0.000000000000e+00       1.221847649055e-15       3.952955297120e-16       1.058305788856e-17 
 1489       1.000834995898e-10       1.439281918065e-12      -1.207911255252e-13       0.000000000000e+00       1.218592809645e-15       3.932318886916e-16       1.114454154346e-17 
 1490       9.966495006188e-11       1.449395849673e-12      -4.410074482415e-14       0.000000000000e+00       1.215348585798e-15       3.911358466354e-16       1.170178296258e-17 
 1491       9.924210953037e-11       1.459863293342e-12       3.129705502863e-14       0.000000000000e+00       1.212114931375e-15       3.890055373551e-16       1.225475433855e-17 
 1492       9.881509141792e-11       1.470678516308e-12       1.053737491969e-13       0.000000000000e+00       1.208891799695e-15       3.868390851048e-16       1.280342779959e-17 
 1493       9.838400981019e-11       1.481835749606e-12       1.781006830379e-13       0.000000000000e+00       1.205679143531e-15       3.846346045654e-16       1.334777540945e-17 
 1494       9.794897945704e-11       1.493329188004e-12       2.494490718990e-13       0.000000000000e+00       1.202476915111e-15       3.823902008284e-16       1.388776916733e-17 
 1495       9.751011577365e-11       1.505152989943e-12       3.193900009131e-13       0.000000000000e+00       1.199285066114e-15       3.801039693807e-16       1.442338100786e-17 
 1496       9.706753484166e-11       1.517301277472e-12       3.878944247955e-13       0.000000000000e+00       1.196103547673e-15       3.777739960884e-16       1.495458280101e-17 
 1497       9.662135341029e-11       1.529768136183e-12       4.549331676399e-13       0.000000000000e+00       1.192932310370e-15       3.753983571811e-16       1.548134635206e-17 
 1498       9.617168889751e-11       1.542547615147e-12       5.204769227141e-13       0.000000000000e+00       1.189771304237e-15       3.729751192361e-16       1.600364340151e-17 
 1499       9.571865939114e-11       1.555633726854e-12       5.844962522572e-13       0.000000000000e+00       1.186620478754e-15       3.705023391629e-16       1.652144562509e-17 
 1500       9.526238365004e-11       1.569020447147e-12       6.469615872745e-13       0.000000000000e+00       1.183479782849e-15       3.679780641868e-16       1.703472463361e-17 
 1501       9.480298110516e-11       1.582701715158e-12       7.078432273348e-13       0.000000000000e+00       1.180349164895e-15       3.654003318339e-16       1.754345197298e-17 
 1502       9.434057172367e-11       1.596671126616e-12       7.671160066465e-13       0.000000000000e+00       1.177228577025e-15       3.627679357146e-16       1.804760099969e-17 
 1503       9.387527559728e-11       1.610921010631e-12       8.247733424030e-13       0.000000000000e+00       1.174117988115e-15       3.600827310656e-16       1.854715252734e-17 
 1504       9.340721335214e-11       1.625443343791e-12       8.808133228366e-13       0.000000000000e+00       1.171017370925e-15       3.573473516286e-16       1.904208923501e-17 
 1505       9.293650628670e-11       1.640230055900e-12       9.352340533970e-13       0.000000000000e+00       1.167926697795e-15       3.545644459124e-16       1.953239379668e-17 
 1506       9.246327637283e-11       1.655273029895e-12       9.880336567952e-13       0.000000000000e+00       1.164845940642e-15       3.517366772179e-16       2.001804888130e-17 
 1507       9.198764625695e-11       1.670564101764e-12       1.039210273048e-12       0.000000000000e+00       1.161775070964e-15       3.488667236633e-16       2.049903715286e-17 
 1508       9.150973926117e-11       1.686095060472e-12       1.088762059521e-12       0.000000000000e+00       1.158714059834e-15       3.459572782087e-16       2.097534127038e-17 
 1509       9.102967938440e-11       1.701857647876e-12       1.136687190975e-12       0.000000000000e+00       1.155662877901e-15       3.430110486811e-16       2.144694388799e-17 
 1510       9.054759130351e-11       1.717843558646e-12       1.182983859609e-12       0.000000000000e+00       1.152621495391e-15       3.400307577994e-16       2.191382765497e-17 
 1511       9.006360037441e-11       1.734044440187e-12       1.227650275104e-12       0.000000000000e+00       1.149589882104e-15       3.370191431992e-16       2.237597521578e-17 
 1512       8.957783263323e-11       1.750451892559e-12       1.270684664668e-12       0.000000000000e+00       1.146568007413e-15       3.339789574581e-16       2.283336921012e-17 
 1513       8.909041479744e-11       1.767057468393e-12       1.312085273080e-12       0.000000000000e+00       1.143555840265e-15       3.309129681201e-16       2.328599227295e-17 
 1514       8.860147426693e-11       1.783852672818e-12       1.351850362734e-12       0.000000000000e+00       1.140553349177e-15       3.278239577208e-16       2.373382703457e-17 
 1515       8.811113912521e-11       1.800828963374e-12       1.389978213683e-12       0.000000000000e+00       1.137560502239e-15       3.247147238123e-16       2.417685612063e-17 
 1516       8.761953814049e-11       1.817977749937e-12       1.426467123684e-12       0.000000000000e+00       1.134577267109e-15       3.215880789881e-16       2.461506215218e-17 
 1517       8.712680076684e-11       1.835290394637e-12       1.461315408241e-12       0.000000000000e+00       1.131603611016e-15       3.184468509081e-16       2.504842774572e-17 
 1518       8.663305714527e-11       1.852758211780e-12       1.494521400652e-12       0.000000000000e+00       1.128639500756e-15       3.152938823236e-16       2.547693551327e-17 
 1519       8.613843810493e-11       1.870372467764e-12       1.526083452050e-12       0.000000000000e+00       1.125684902694e-15       3.121320311017e-16       2.590056806234e-17 
 1520       8.564307516418e-11       1.888124381005e-12       1.555999931448e-12       0.000000000000e+00       1.122739782759e-15       3.089641702510e-16       2.631930799606e-17 
 1521       8.514710053175e-11       1.906005121851e-12       1.584269225784e-12       0.000000000000e+00       1.119804106449e-15       3.057931879461e-16       2.673313791317e-17 
 1522       8.465064710785e-11       1.924005812507e-12       1.610889739966e-12       0.000000000000e+00       1.116877838824e-15       3.026219875523e-16       2.714204040806e-17 
 1523       8.415384848534e-11       1.942117526952e-12       1.635859896913e-12       0.000000000000e+00       1.113960944509e-15       2.994534876511e-16       2.754599807086e-17 
 1524       8.365683895079e-11       1.960331290859e-12       1.659178137603e-12       0.000000000000e+00       1.111053387691e-15       2.962906220647e-16       2.794499348743e-17 
 1525       8.315975348566e-11       1.978638081520e-12       1.680842921116e-12       0.000000000000e+00       1.108155132121e-15       2.931363398810e-16       2.833900923944e-17 
 1526       8.266272776743e-11       1.997028827759e-12       1.700852724676e-12       0.000000000000e+00       1.105266141109e-15       2.899936054787e-16       2.872802790440e-17 
 1527       8.216589817070e-11       2.015494409857e-12       1.719206043698e-12       0.000000000000e+00       1.102386377528e-15       2.868653985520e-16       2.911203205571e-17 
 1528       8.166940176836e-11       2.034025659469e-12       1.735901391832e-12       0.000000000000e+00       1.099515803807e-15       2.837547141356e-16       2.949100426267e-17 
 1529       8.117337633265e-11       2.052613359549e-12       1.750937301005e-12       0.000000000000e+00       1.096654381937e-15       2.806645626298e-16       2.986492709059e-17 
 1530       8.067796033638e-11       2.071248244262e-12       1.764312321468e-12       0.000000000000e+00       1.093802073465e-15       2.775979698252e-16       3.023378310077e-17 
 1531       8.018329295398e-11       2.089920998914e-12       1.776025021837e-12       0.000000000000e+00       1.090958839493e-15       2.745579769276e-16       3.059755485058e-17 
 1532       7.968951406269e-11       2.108622259863e-12       1.786073989142e-12       0.000000000000e+00       1.088124640683e-15       2.715476405832e-16       3.095622489349e-17 
 1533       7.919676424363e-11       2.127342614445e-12       1.794457828865e-12       0.000000000000e+00       1.085299437248e-15       2.685700329032e-16       3.130977577911e-17 
 1534       7.870518478298e-11       2.146072600892e-12       1.801175164990e-12       0.000000000000e+00       1.082483188958e-15       2.656282414890e-16       3.165819005325e-17 
 1535       7.821491767309e-11       2.164802708251e-12       1.806224640045e-12       0.000000000000e+00       1.079675855134e-15       2.627253694569e-16       3.200145025795e-17 
 1536       7.772610561359e-11       2.183523376307e-12       1.809604915143e-12       0.000000000000e+00       1.076877394652e-15       2.598645354633e-16       3.233953893151e-17 
 1537       7.723889201257e-11       2.202224995502e-12       1.811314670033e-12       0.000000000000e+00       1.074087765936e-15       2.570488737292e-16       3.267243860858e-17 
 1538       7.675342098763e-11       2.220897906851e-12       1.811352603138e-12       0.000000000000e+00       1.071306926964e-15       2.542815340656e-16       3.300013182015e-17 
 1539       7.626983736711e-11       2.239532401870e-12       1.809717431602e-12       0.000000000000e+00       1.068534835261e-15       2.515656818981e-16       3.332260109362e-17 
 1540       7.578828669112e-11       2.258118722488e-12       1.806407891335e-12       0.000000000000e+00       1.065771447902e-15       2.489044982920e-16       3.363982895286e-17 
 1541       7.530890364441e-11       2.276647636293e-12       1.801426080622e-12       0.000000000000e+00       1.063016725013e-15       2.463003021651e-16       3.395180132953e-17 
 1542       7.483177723235e-11       2.295112168374e-12       1.794787525579e-12       0.000000000000e+00       1.060270640313e-15       2.437519077625e-16       3.425851783258e-17 
 1543       7.435698527660e-11       2.313505885754e-12       1.786511210335e-12       0.000000000000e+00       1.057533170670e-15       2.412572421475e-16       3.455998157636e-17 
 1544       7.388460595403e-11       2.331822323518e-12       1.776616242341e-12       0.000000000000e+00       1.054804292606e-15       2.388142207184e-16       3.485619577831e-17 
 1545       7.341471779719e-11       2.350054984756e-12       1.765121852588e-12       0.000000000000e+00       1.052083982298e-15       2.364207471885e-16       3.514716375925e-17 
 1546       7.294739969492e-11       2.368197340515e-12       1.752047395818e-12       0.000000000000e+00       1.049372215575e-15       2.340747135669e-16       3.543288894352e-17 
 1547       7.248273089287e-11       2.386242829746e-12       1.737412350739e-12       0.000000000000e+00       1.046668967920e-15       2.317740001393e-16       3.571337485925e-17 
 1548       7.202079099404e-11       2.404184859258e-12       1.721236320236e-12       0.000000000000e+00       1.043974214465e-15       2.295164754485e-16       3.598862513856e-17 
 1549       7.156165995933e-11       2.422016803662e-12       1.703539031584e-12       0.000000000000e+00       1.041287929997e-15       2.272999962746e-16       3.625864351777e-17 
 1550       7.110541810809e-11       2.439732005322e-12       1.684340336665e-12       0.000000000000e+00       1.038610088950e-15       2.251224076163e-16       3.652343383760e-17 
 1551       7.065214611866e-11       2.457323774305e-12       1.663660212175e-12       0.000000000000e+00       1.035940665409e-15       2.229815426709e-16       3.678300004345e-17 
 1552       7.020192502892e-11       2.474785388328e-12       1.641518759841e-12       0.000000000000e+00       1.033279633108e-15       2.208752228153e-16       3.703734618552e-17 
 1553       6.975483623681e-11       2.492110092712e-12       1.617936206634e-12       0.000000000000e+00       1.030626965428e-15       2.188012575861e-16       3.728647641910e-17 
 1554       6.931096150093e-11       2.509291100323e-12       1.592932904981e-12       0.000000000000e+00       1.027982635399e-15       2.167574446608e-16       3.753039500477e-17 
 1555       6.887038294102e-11       2.526321591529e-12       1.566529332977e-12       0.000000000000e+00       1.025346615697e-15       2.147415698381e-16       3.776910630860e-17 
 1556       6.843318303854e-11       2.543194714146e-12       1.538746094603e-12       0.000000000000e+00       1.022718878645e-15       2.127514070183e-16       3.800261480237e-17 
 1557       6.799944463724e-11       2.559903583387e-12       1.509603919931e-12       0.000000000000e+00       1.020099396210e-15       2.107847181843e-16       3.823092506379e-17 
 1558       6.756925094363e-11       2.576441281809e-12       1.479123665344e-12       0.000000000000e+00       1.017488140003e-15       2.088392533820e-16       3.845404177672e-17 
 1559       6.714268552760e-11       2.592800859267e-12       1.447326313748e-12       0.000000000000e+00       1.014885081282e-15       2.069127507006e-16       3.867196973139e-17 
 1560       6.671983232293e-11       2.608975332860e-12       1.414232974780e-12       0.000000000000e+00       1.012290190946e-15       2.050029362539e-16       3.888471382458e-17 
 1561       6.630077562783e-11       2.624957686881e-12       1.379864885028e-12       0.000000000000e+00       1.009703439537e-15       2.031075241601e-16       3.909227905989e-17 
 1562       6.588560010552e-11       2.640740872765e-12       1.344243408239e-12       0.000000000000e+00       1.007124797238e-15       2.012242165231e-16       3.929467054791e-17 
 1563       6.547439078471e-11       2.656317809040e-12       1.307390035536e-12       0.000000000000e+00       1.004554233874e-15       1.993507034126e-16       3.949189350648e-17 
 1564       6.506723306023e-11       2.671681381276e-12       1.269326385627e-12       0.000000000000e+00       1.001991718911e-15       1.974846628449e-16       3.968395326085e-17 
 1565       6.466421269349e-11       2.686824442032e-12       1.230074205020e-12       0.000000000000e+00       9.994372214524e-16       1.956237607634e-16       3.987085524394e-17 
 1566       6.426541581309e-11       2.701739810806e-12       1.189655368238e-12       0.000000000000e+00       9.968907102434e-16       1.937656510194e-16       4.005260499655e-17 
 1567       6.387092891533e-11       2.716420273986e-12       1.148091878030e-12       0.000000000000e+00       9.943521536656e-16       1.919079753524e-16       4.022920816756e-17 
 1568       6.348083886477e-11       2.730858584798e-12       1.105405865581e-12       0.000000000000e+00       9.918215197387e-16       1.900483633710e-16       4.040067051415e-17 
 1569       6.309523289476e-11       2.745047463255e-12       1.061619590732e-12       0.000000000000e+00       9.892987761192e-16       1.881844325333e-16       4.056699790202e-17 
 1570       6.271419860800e-11       2.758979596105e-12       1.016755442189e-12       0.000000000000e+00       9.867838900996e-16       1.863137881275e-16       4.072819630562e-17 
 1571       6.233782397708e-11       2.772647636782e-12       9.708359377356e-13       0.000000000000e+00       9.842768286080e-16       1.844340232526e-16       4.088427180833e-17 
 1572       6.196619734504e-11       2.786044205355e-12       9.238837244464e-13       0.000000000000e+00       9.817775582072e-16       1.825427187989e-16       4.103523060271e-17 
 1573       6.159940742587e-11       2.799161888475e-12       8.759215789019e-13       0.000000000000e+00       9.792860450938e-16       1.806374434285e-16       4.118107899069e-17 
 1574       6.123754330509e-11       2.811993239328e-12       8.269724073999e-13       0.000000000000e+00       9.768022550978e-16       1.787157535564e-16       4.132182338382e-17 
 1575       6.088069444031e-11       2.824530777581e-12       7.770592461688e-13       0.000000000000e+00       9.743261536819e-16       1.767751933303e-16       4.145747030345e-17 
 1576       6.052895066174e-11       2.836766989332e-12       7.262052615812e-13       0.000000000000e+00       9.718577059404e-16       1.748132946119e-16       4.158802638097e-17 
 1577       6.018240217275e-11       2.848694327058e-12       6.744337503664e-13       0.000000000000e+00       9.693968765990e-16       1.728275769571e-16       4.171349835799e-17 
 1578       5.984113955041e-11       2.860305209567e-12       6.217681398239e-13       0.000000000000e+00       9.669436300137e-16       1.708155475967e-16       4.183389308662e-17 
 1579       5.950525374604e-11       2.871592021945e-12       5.682319880360e-13       0.000000000000e+00       9.644979301703e-16       1.687747014171e-16       4.194921752961e-17 
 1580       5.917482100857e-11       2.882548144247e-12       5.138494089516e-13       0.000000000000e+00       9.620597435579e-16       1.667031928331e-16       4.205948115642e-17 
 1581       5.884985750079e-11       2.893171048079e-12       4.586463515115e-13       0.000000000000e+00       9.596290478205e-16       1.646018582499e-16       4.216470315497e-17 
 1582       5.853036426397e-11       2.903459228586e-12       4.026493327902e-13       0.000000000000e+00       9.572058231843e-16       1.624722122879e-16       4.226490528707e-17 
 1583       5.821634225678e-11       2.913411178310e-12       3.458850144334e-13       0.000000000000e+00       9.547900495898e-16       1.603157776025e-16       4.236010949902e-17 
 1584       5.790779235505e-11       2.923025387187e-12       2.883802028917e-13       0.000000000000e+00       9.523817066914e-16       1.581340848969e-16       4.245033792192e-17 
 1585       5.760471535167e-11       2.932300342549e-12       2.301618496541e-13       0.000000000000e+00       9.499807738567e-16       1.559286729350e-16       4.253561287203e-17 
 1586       5.730711195631e-11       2.941234529121e-12       1.712570514814e-13       0.000000000000e+00       9.475872301660e-16       1.537010885546e-16       4.261595685109e-17 
 1587       5.701498279534e-11       2.949826429019e-12       1.116930506398e-13       0.000000000000e+00       9.452010544117e-16       1.514528866796e-16       4.269139254664e-17 
 1588       5.672832841158e-11       2.958074521748e-12       5.149723513424e-14       0.000000000000e+00       9.428222250978e-16       1.491856303335e-16       4.276194283236e-17 
 1589       5.644714926417e-11       2.965977284203e-12      -9.302861058081e-15       0.000000000000e+00       9.404507204393e-16       1.469008906520e-16       4.282763076841e-17 
 1590       5.617144572834e-11       2.973533190667e-12      -7.067955775413e-14       0.000000000000e+00       9.380865183615e-16       1.446002468960e-16       4.288847960174e-17 
 1591       5.590121809529e-11       2.980740712806e-12      -1.326050283317e-13       0.000000000000e+00       9.357295964997e-16       1.422852864641e-16       4.294451276643e-17 
 1592       5.563646657195e-11       2.987598319673e-12      -1.950512994957e-13       0.000000000000e+00       9.333799321982e-16       1.399576049060e-16       4.299575388405e-17 
 1593       5.537719128085e-11       2.994104477702e-12      -2.579902510449e-13       0.000000000000e+00       9.310375025102e-16       1.376188059351e-16       4.304222676393e-17 
 1594       5.512339225990e-11       3.000257650711e-12      -3.213936156386e-13       0.000000000000e+00       9.287022841969e-16       1.352705014412e-16       4.308395540355e-17 
 1595       5.487506946226e-11       3.006056299895e-12      -3.852329785625e-13       0.000000000000e+00       9.263742537272e-16       1.329143115039e-16       4.312096398884e-17 
 1596       5.463222275611e-11       3.011498883829e-12      -4.494797774960e-13       0.000000000000e+00       9.240533872767e-16       1.305518644049e-16       4.315327689449e-17 
 1597       5.439485192450e-11       3.016583858465e-12      -5.141053022782e-13       0.000000000000e+00       9.217396607278e-16       1.281847966411e-16       4.318091868436e-17 
 1598       5.416295666515e-11       3.021309677133e-12      -5.790806946745e-13       0.000000000000e+00       9.194330496682e-16       1.258147529377e-16       4.320391411172e-17 
 1599       5.393653659030e-11       3.025674790533e-12      -6.443769481434e-13       0.000000000000e+00       9.171335293914e-16       1.234433862607e-16       4.322228811962e-17 
 1600       5.371559122651e-11       3.029677646742e-12      -7.099649076026e-13       0.000000000000e+00       9.148410748951e-16       1.210723578299e-16       4.323606584125e-17 
 1601       5.350012001448e-11       3.033316691206e-12      -7.758152691958e-13       0.000000000000e+00       9.125556608815e-16       1.187033371318e-16       4.324527260021e-17 
 1602       5.329012230888e-11       3.036590366743e-12      -8.418985800594e-13       0.000000000000e+00       9.102772617561e-16       1.163380019328e-16       4.324993391088e-17 
 1603       5.308559737817e-11       3.039497113536e-12      -9.081852380883e-13       0.000000000000e+00       9.080058516274e-16       1.139780382913e-16       4.325007547876e-17 
 1604       5.288654440440e-11       3.042035369140e-12      -9.746454917032e-13       0.000000000000e+00       9.057414043063e-16       1.116251405713e-16       4.324572320077e-17 
 1605       5.269296248307e-11       3.044203568473e-12      -1.041249439617e-12       0.000000000000e+00       9.034838933057e-16       1.092810114550e-16       4.323690316560e-17 
 1606       5.250485062292e-11       3.046000143817e-12      -1.107967030600e-12       0.000000000000e+00       9.012332918394e-16       1.069473619555e-16       4.322364165402e-17 
 1607       5.232220774574e-11       3.047423524819e-12      -1.174768063249e-12       0.000000000000e+00       8.989895728222e-16       1.046259114299e-16       4.320596513925e-17 
 1608       5.214503268624e-11       3.048472138485e-12      -1.241622185752e-12       0.000000000000e+00       8.967527088688e-16       1.023183875923e-16       4.318390028727e-17 
 1609       5.197332419182e-11       3.049144409183e-12      -1.308498895655e-12       0.000000000000e+00       8.945226722935e-16       1.000265265263e-16       4.315747395712e-17 
 1610       5.180708092241e-11       3.049438758640e-12      -1.375367539627e-12       0.000000000000e+00       8.922994351097e-16       9.775207269799e-17       4.312671320128e-17 
 1611       5.164630145030e-11       3.049353605937e-12      -1.442197313231e-12       0.000000000000e+00       8.900829690289e-16       9.549677896915e-17       4.309164526598e-17 
 1612       5.149098425996e-11       3.048887367514e-12      -1.508957260686e-12       0.000000000000e+00       8.878732454607e-16       9.326240660969e-17       4.305229759153e-17 
 1613       5.134112774783e-11       3.048038457165e-12      -1.575616274634e-12       0.000000000000e+00       8.856702355117e-16       9.105072531074e-17       4.300869781265e-17 
 1614       5.119673022218e-11       3.046805286036e-12      -1.642143095910e-12       0.000000000000e+00       8.834739099853e-16       8.886351319747e-17       4.296087375881e-17 
 1615       5.105778990291e-11       3.045186262624e-12      -1.708506313305e-12       0.000000000000e+00       8.812842393811e-16       8.670255684199e-17       4.290885345454e-17 
 1616       5.092430492137e-11       3.043179792778e-12      -1.774674363334e-12       0.000000000000e+00       8.791011938940e-16       8.456965127621e-17       4.285266511979e-17 
 1617       5.079627332019e-11       3.040784279693e-12      -1.840615530002e-12       0.000000000000e+00       8.769247434140e-16       8.246660000469e-17       4.279233717024e-17 
 1618       5.067369305310e-11       3.037998123914e-12      -1.906297944570e-12       0.000000000000e+00       8.747548575255e-16       8.039521501756e-17       4.272789821763e-17 
 1619       5.055655199886e-11       3.034820595590e-12      -1.971691861963e-12       0.000000000000e+00       8.725915078775e-16       7.835698126192e-17       4.265937764385e-17 
 1620       5.044479790486e-11       3.031254459875e-12      -2.036776512945e-12       0.000000000000e+00       8.704346753197e-16       7.635204671437e-17       4.258680732805e-17 
 1621       5.033836817156e-11       3.027303375249e-12      -2.101533313399e-12       0.000000000000e+00       8.682843428296e-16       7.438022320824e-17       4.251021993583e-17 
 1622       5.023719981311e-11       3.022971023450e-12      -2.165943593169e-12       0.000000000000e+00       8.661404931475e-16       7.244132114430e-17       4.242964834717e-17 
 1623       5.014122945670e-11       3.018261109513e-12      -2.229988595941e-12       0.000000000000e+00       8.640031087757e-16       7.053514948827e-17       4.234512565687e-17 
 1624       5.005039334193e-11       3.013177361808e-12      -2.293649479104e-12       0.000000000000e+00       8.618721719780e-16       6.866151576832e-17       4.225668517490e-17 
 1625       4.996462732016e-11       3.007723532079e-12      -2.356907313630e-12       0.000000000000e+00       8.597476647795e-16       6.682022607264e-17       4.216436042670e-17 
 1626       4.988386685389e-11       3.001903395480e-12      -2.419743083935e-12       0.000000000000e+00       8.576295689658e-16       6.501108504693e-17       4.206818515361e-17 
 1627       4.980804701612e-11       2.995720750619e-12      -2.482137687760e-12       0.000000000000e+00       8.555178660831e-16       6.323389589191e-17       4.196819331317e-17 
 1628       4.973710248971e-11       2.989179419589e-12      -2.544071936031e-12       0.000000000000e+00       8.534125374368e-16       6.148846036087e-17       4.186441907951e-17 
 1629       4.967096756674e-11       2.982283248014e-12      -2.605526552738e-12       0.000000000000e+00       8.513135640921e-16       5.977457875718e-17       4.175689684369e-17 
 1630       4.960957614788e-11       2.975036105080e-12      -2.666482174804e-12       0.000000000000e+00       8.492209268728e-16       5.809204993179e-17       4.164566121408e-17 
 1631       4.955286174176e-11       2.967441883582e-12      -2.726919351951e-12       0.000000000000e+00       8.471346063610e-16       5.644067128077e-17       4.153074701669e-17 
 1632       4.950075746432e-11       2.959504499954e-12      -2.786818546576e-12       0.000000000000e+00       8.450545828968e-16       5.482023874285e-17       4.141218929553e-17 
 1633       4.945319603818e-11       2.951227894314e-12      -2.846160133620e-12       0.000000000000e+00       8.429808365779e-16       5.323054679690e-17       4.129002331299e-17 
 1634       4.941010979200e-11       2.942616030498e-12      -2.904924400437e-12       0.000000000000e+00       8.409133472586e-16       5.167138845947e-17       4.116428455018e-17 
 1635       4.937143065986e-11       2.933672896102e-12      -2.963091546667e-12       0.000000000000e+00       8.388520945501e-16       5.014255528232e-17       4.103500870729e-17 
 1636       4.933709018060e-11       2.924402502516e-12      -3.020641684107e-12       0.000000000000e+00       8.367970578194e-16       4.864383734992e-17       4.090223170394e-17 
 1637       4.930701949719e-11       2.914808884969e-12      -3.077554836578e-12       0.000000000000e+00       8.347482161891e-16       4.717502327698e-17       4.076598967956e-17 
 1638       4.928114935612e-11       2.904896102562e-12      -3.133810939800e-12       0.000000000000e+00       8.327055485371e-16       4.573590020599e-17       4.062631899372e-17 
 1639       4.925941010672e-11       2.894668238307e-12      -3.189389841260e-12       0.000000000000e+00       8.306690334958e-16       4.432625380472e-17       4.048325622650e-17 
 1640       4.924173170056e-11       2.884129399169e-12      -3.244271300084e-12       0.000000000000e+00       8.286386494517e-16       4.294586826372e-17       4.033683817884e-17 
 1641       4.922804369080e-11       2.873283716100e-12      -3.298434986907e-12       0.000000000000e+00       8.266143745454e-16       4.159452629388e-17       4.018710187291e-17 
 1642       4.921827523153e-11       2.862135344083e-12      -3.351860483743e-12       0.000000000000e+00       8.245961866703e-16       4.027200912395e-17       4.003408455247e-17 
 1643       4.921235507720e-11       2.850688462162e-12      -3.404527283858e-12       0.000000000000e+00       8.225840634730e-16       3.897809649802e-17       3.987782368320e-17 
 1644       4.921021158191e-11       2.838947273491e-12      -3.456414791639e-12       0.000000000000e+00       8.205779823522e-16       3.771256667308e-17       3.971835695308e-17 
 1645       4.921177269881e-11       2.826916005365e-12      -3.507502322464e-12       0.000000000000e+00       8.185779204586e-16       3.647519641653e-17       3.955572227275e-17 
 1646       4.921696597947e-11       2.814598909258e-12      -3.557769102573e-12       0.000000000000e+00       8.165838546941e-16       3.526576100368e-17       3.938995777586e-17 
 1647       4.922571857321e-11       2.802000260869e-12      -3.607194268943e-12       0.000000000000e+00       8.145957617119e-16       3.408403421532e-17       3.922110181939e-17 
 1648       4.923795722652e-11       2.789124360152e-12      -3.655756869150e-12       0.000000000000e+00       8.126136179155e-16       3.292978833518e-17       3.904919298410e-17 
 1649       4.925360828237e-11       2.775975531360e-12      -3.703435861248e-12       0.000000000000e+00       8.106373994583e-16       3.180279414748e-17       3.887427007479e-17 
 1650       4.927259767958e-11       2.762558123080e-12      -3.750210113635e-12       0.000000000000e+00       8.086670822433e-16       3.070282093448e-17       3.869637212071e-17 
 1651       4.929485095222e-11       2.748876508273e-12      -3.796058404926e-12       0.000000000000e+00       8.067026419229e-16       2.962963647393e-17       3.851553837591e-17 
 1652       4.932029322896e-11       2.734935084314e-12      -3.840959423821e-12       0.000000000000e+00       8.047440538978e-16       2.858300703668e-17       3.833180831957e-17 
 1653       4.934884923239e-11       2.720738273029e-12      -3.884891768979e-12       0.000000000000e+00       8.027912933169e-16       2.756269738410e-17       3.814522165641e-17 
 1654       4.938044327844e-11       2.706290520732e-12      -3.927833948887e-12       0.000000000000e+00       8.008443350769e-16       2.656847076569e-17       3.795581831700e-17 
 1655       4.941499927574e-11       2.691596298265e-12      -3.969764381728e-12       0.000000000000e+00       7.989031538218e-16       2.560008891656e-17       3.776363845812e-17 
 1656       4.945244072492e-11       2.676660101037e-12      -4.010661395259e-12       0.000000000000e+00       7.969677239421e-16       2.465731205493e-17       3.756872246316e-17 
 1657       4.949269071808e-11       2.661486449063e-12      -4.050503226674e-12       0.000000000000e+00       7.950380195749e-16       2.373989887971e-17       3.737111094243e-17 
 1658       4.953567147399e-11       2.646080140951e-12      -4.089271356682e-12       0.000000000000e+00       7.931140165739e-16       2.284760592670e-17       3.717084317283e-17 
 1659       4.958130294096e-11       2.630447018250e-12      -4.126960544165e-12       0.000000000000e+00       7.911956984401e-16       2.198018563624e-17       3.696795240110e-17 
 1660       4.962950418041e-11       2.614593207925e-12      -4.163568879812e-12       0.000000000000e+00       7.892830504425e-16       2.113738826358e-17       3.676247049985e-17 
 1661       4.968019382916e-11       2.598524869066e-12      -4.199094459964e-12       0.000000000000e+00       7.873760576521e-16       2.031896251610e-17       3.655442952476e-17 
 1662       4.973329009878e-11       2.582248192940e-12      -4.233535386630e-12       0.000000000000e+00       7.854747049408e-16       1.952465555084e-17       3.634386171490e-17 
 1663       4.978871077494e-11       2.565769403040e-12      -4.266889767508e-12       0.000000000000e+00       7.835789769814e-16       1.875421297192e-17       3.613079949299e-17 
 1664       4.984637321673e-11       2.549094755134e-12      -4.299155715996e-12       0.000000000000e+00       7.816888582474e-16       1.800737882809e-17       3.591527546573e-17 
 1665       4.990619435602e-11       2.532230537313e-12      -4.330331351209e-12       0.000000000000e+00       7.798043330123e-16       1.728389561022e-17       3.569732242406e-17 
 1666       4.996809069682e-11       2.515183070044e-12      -4.360414797999e-12       0.000000000000e+00       7.779253853493e-16       1.658350424875e-17       3.547697334342e-17 
 1667       5.003197831456e-11       2.497958706217e-12      -4.389404186967e-12       0.000000000000e+00       7.760519991311e-16       1.590594411123e-17       3.525426138411e-17 
 1668       5.009777285552e-11       2.480563831195e-12      -4.417297654479e-12       0.000000000000e+00       7.741841580292e-16       1.525095299978e-17       3.502921989153e-17 
 1669       5.016538953612e-11       2.463004862865e-12      -4.444093342685e-12       0.000000000000e+00       7.723218455139e-16       1.461826714860e-17       3.480188239648e-17 
 1670       5.023474314225e-11       2.445288251685e-12      -4.469789399534e-12       0.000000000000e+00       7.704650448536e-16       1.400762122147e-17       3.457228261544e-17 
 1671       5.030574802866e-11       2.427420480735e-12      -4.494383978790e-12       0.000000000000e+00       7.686137391146e-16       1.341874830921e-17       3.434045445089e-17 
 1672       5.037831811830e-11       2.409408065768e-12      -4.517875240046e-12       0.000000000000e+00       7.667679111608e-16       1.285137992722e-17       3.410643199155e-17 
 1673       5.045236690159e-11       2.391257555258e-12      -4.540261348745e-12       0.000000000000e+00       7.649275436530e-16       1.230524601292e-17       3.387024951271e-17 
 1674       5.052780743588e-11       2.372975530447e-12      -4.561540476192e-12       0.000000000000e+00       7.630926190488e-16       1.178007492328e-17       3.363194147653e-17 
 1675       5.060455234468e-11       2.354568605399e-12      -4.581710799571e-12       0.000000000000e+00       7.612631196022e-16       1.127559343230e-17       3.339154253226e-17 
 1676       5.068251381710e-11       2.336043427050e-12      -4.600770501962e-12       0.000000000000e+00       7.594390273631e-16       1.079152672852e-17       3.314908751660e-17 
 1677       5.076160360711e-11       2.317406675251e-12      -4.618717772356e-12       0.000000000000e+00       7.576203241770e-16       1.032759841248e-17       3.290461145396e-17 
 1678       5.084173303295e-11       2.298665062825e-12      -4.635550805674e-12       0.000000000000e+00       7.558069916846e-16       9.883530494221e-18       3.265814955676e-17 
 1679       5.092281297643e-11       2.279825335612e-12      -4.651267802779e-12       0.000000000000e+00       7.539990113216e-16       9.459043390816e-18       3.240973722569e-17 
 1680       5.100475388231e-11       2.260894272522e-12      -4.665866970494e-12       0.000000000000e+00       7.521963643178e-16       9.053855923810e-18       3.215941005004e-17 
 1681       5.108746575758e-11       2.241878685579e-12      -4.679346521620e-12       0.000000000000e+00       7.503990316975e-16       8.667685316746e-18       3.190720380796e-17 
 1682       5.117085817090e-11       2.222785419977e-12      -4.691704674949e-12       0.000000000000e+00       7.486069942784e-16       8.300247192645e-18       3.165315446676e-17 
 1683       5.125484025186e-11       2.203621354126e-12      -4.702939655282e-12       0.000000000000e+00       7.468202326716e-16       7.951255571500e-18       3.139729818319e-17 
 1684       5.133932069035e-11       2.184393399702e-12      -4.713049693445e-12       0.000000000000e+00       7.450387272811e-16       7.620422867774e-18       3.113967130376e-17 
 1685       5.142420773593e-11       2.165108501697e-12      -4.722033026305e-12       0.000000000000e+00       7.432624583037e-16       7.307459887886e-18       3.088031036497e-17 
 1686       5.150940919712e-11       2.145773638468e-12      -4.729887896785e-12       0.000000000000e+00       7.414914057282e-16       7.012075827706e-18       3.061925209367e-17 
 1687       5.159483244081e-11       2.126395821787e-12      -4.736612553881e-12       0.000000000000e+00       7.397255493351e-16       6.733978270052e-18       3.035653340729e-17 
 1688       5.168038439153e-11       2.106982096892e-12      -4.742205252680e-12       0.000000000000e+00       7.379648686966e-16       6.472873182175e-18       3.009219141416e-17 
 1689       5.176597153085e-11       2.087539542533e-12      -4.746664254373e-12       0.000000000000e+00       7.362093431758e-16       6.228464913258e-18       2.982626341380e-17 
 1690       5.185149989672e-11       2.068075271023e-12      -4.749987826273e-12       0.000000000000e+00       7.344589519265e-16       6.000456191905e-18       2.955878689719e-17 
 1691       5.193687508278e-11       2.048596428292e-12      -4.752174241831e-12       0.000000000000e+00       7.327136738927e-16       5.788548123635e-18       2.928979954706e-17 
 1692       5.202200223771e-11       2.029110193928e-12      -4.753221780651e-12       0.000000000000e+00       7.309734878087e-16       5.592440188376e-18       2.901933923823e-17 
 1693       5.210678606460e-11       2.009623781235e-12      -4.753128728508e-12       0.000000000000e+00       7.292383721978e-16       5.411830237956e-18       2.874744403780e-17 
 1694       5.219113082030e-11       1.990144437276e-12      -4.751893377362e-12       0.000000000000e+00       7.275083053730e-16       5.246414493596e-18       2.847415220555e-17 
 1695       5.227494031469e-11       1.970679442928e-12      -4.749514025376e-12       0.000000000000e+00       7.257832654357e-16       5.095887543403e-18       2.819950219414e-17 
 1696       5.235811791013e-11       1.951236112927e-12      -4.745988976931e-12       0.000000000000e+00       7.240632302759e-16       4.959942339861e-18       2.792353264945e-17 
 1697       5.244057406473e-11       1.931821396694e-12      -4.741318994350e-12       0.000000000000e+00       7.223481792187e-16       4.838265269519e-18       2.764628119411e-17 
 1698       5.252224903484e-11       1.912440676942e-12      -4.735514676149e-12       0.000000000000e+00       7.206380979811e-16       4.730521320599e-18       2.736778076602e-17 
 1699       5.260309036706e-11       1.893098960806e-12      -4.728589142430e-12       0.000000000000e+00       7.189329737574e-16       4.636368782508e-18       2.708806324885e-17 
 1700       5.268304537157e-11       1.873801278166e-12      -4.720555589070e-12       0.000000000000e+00       7.172327935751e-16       4.555464159333e-18       2.680716068612e-17 
 1701       5.276206112186e-11       1.854552681681e-12      -4.711427287836e-12       0.000000000000e+00       7.155375442955e-16       4.487462167127e-18       2.652510528150e-17 
 1702       5.284008445435e-11       1.835358246815e-12      -4.701217586505e-12       0.000000000000e+00       7.138472126124e-16       4.432015731193e-18       2.624192939896e-17 
 1703       5.291706196805e-11       1.816223071879e-12      -4.689939908981e-12       0.000000000000e+00       7.121617850526e-16       4.388775983377e-18       2.595766556310e-17 
 1704       5.299294002423e-11       1.797152278057e-12      -4.677607755416e-12       0.000000000000e+00       7.104812479751e-16       4.357392259353e-18       2.567234645935e-17 
 1705       5.306766474607e-11       1.778151009441e-12      -4.664234702323e-12       0.000000000000e+00       7.088055875708e-16       4.337512095907e-18       2.538600493417e-17 
 1706       5.314118201833e-11       1.759224433066e-12      -4.649834402699e-12       0.000000000000e+00       7.071347898628e-16       4.328781228232e-18       2.509867399535e-17 
 1707       5.321343748698e-11       1.740377738941e-12      -4.634420586142e-12       0.000000000000e+00       7.054688407050e-16       4.330843587210e-18       2.481038681223e-17 
 1708       5.328437655889e-11       1.721616140080e-12      -4.618007058968e-12       0.000000000000e+00       7.038077257830e-16       4.343341296698e-18       2.452117671592e-17 
 1709       5.335394440145e-11       1.702944872541e-12      -4.600607704331e-12       0.000000000000e+00       7.021514306128e-16       4.365914670823e-18       2.423107719955e-17 
 1710       5.342208594229e-11       1.684369195451e-12      -4.582236482340e-12       0.000000000000e+00       7.004999405410e-16       4.398202211260e-18       2.394012191850e-17 
 1711       5.348874586886e-11       1.665894391045e-12      -4.562907430176e-12       0.000000000000e+00       6.988532407447e-16       4.439840604528e-18       2.364834469068e-17 
 1712       5.355386862814e-11       1.647525764699e-12      -4.542634662216e-12       0.000000000000e+00       6.972113162303e-16       4.490464719272e-18       2.335577949669e-17 
 1713       5.361739842628e-11       1.629268644956e-12      -4.521432370142e-12       0.000000000000e+00       6.955741518343e-16       4.549707603552e-18       2.306246048014e-17 
 1714       5.367927922828e-11       1.611128383567e-12      -4.499314823068e-12       0.000000000000e+00       6.939417322222e-16       4.617200482131e-18       2.276842194783e-17 
 1715       5.373945475760e-11       1.593110355522e-12      -4.476296367652e-12       0.000000000000e+00       6.923140418884e-16       4.692572753763e-18       2.247369837002e-17 
 1716       5.379786849587e-11       1.575219959077e-12      -4.452391428220e-12       0.000000000000e+00       6.906910651562e-16       4.775451988477e-18       2.217832438066e-17 
 1717       5.385446368250e-11       1.557462615797e-12      -4.427614506877e-12       0.000000000000e+00       6.890727861770e-16       4.865463924871e-18       2.188233477762e-17 
 1718       5.390918331439e-11       1.539843770580e-12      -4.401980183634e-12       0.000000000000e+00       6.874591889303e-16       4.962232467392e-18       2.158576452295e-17 
 1719       5.396197014553e-11       1.522368891695e-12      -4.375503116516e-12       0.000000000000e+00       6.858502572234e-16       5.065379683628e-18       2.128864874308e-17 
 1720       5.401276668672e-11       1.505043470811e-12      -4.348198041691e-12       0.000000000000e+00       6.842459746909e-16       5.174525801596e-18       2.099102272911e-17 
 1721       5.406151520517e-11       1.487873023037e-12      -4.320079773580e-12       0.000000000000e+00       6.826463247944e-16       5.289289207027e-18       2.069292193699e-17 
 1722       5.410815772418e-11       1.470863086945e-12      -4.291163204979e-12       0.000000000000e+00       6.810512908227e-16       5.409286440655e-18       2.039438198783e-17 
 1723       5.415263602283e-11       1.454019224612e-12      -4.261463307177e-12       0.000000000000e+00       6.794608558905e-16       5.534132195502e-18       2.009543866805e-17 
 1724       5.419489163557e-11       1.437347021647e-12      -4.230995130072e-12       0.000000000000e+00       6.778750029392e-16       5.663439314170e-18       1.979612792970e-17 
 1725       5.423486585194e-11       1.420852087228e-12      -4.199773802293e-12       0.000000000000e+00       6.762937147357e-16       5.796818786124e-18       1.949648589066e-17 
 1726       5.427249971621e-11       1.404540054131e-12      -4.167814531316e-12       0.000000000000e+00       6.747169738727e-16       5.933879744983e-18       1.919654883487e-17 
 1727       5.430773402700e-11       1.388416578767e-12      -4.135132603581e-12       0.000000000000e+00       6.731447627679e-16       6.074229465805e-18       1.889635321259e-17 
 1728       5.434050933699e-11       1.372487341210e-12      -4.101743384613e-12       0.000000000000e+00       6.715770636642e-16       6.217473362376e-18       1.859593564062e-17 
 1729       5.437076595257e-11       1.356758045235e-12      -4.067662319138e-12       0.000000000000e+00       6.700138586288e-16       6.363214984495e-18       1.829533290257e-17 
 1730       5.439844393345e-11       1.341234418349e-12      -4.032904931204e-12       0.000000000000e+00       6.684551295537e-16       6.511056015265e-18       1.799458194906e-17 
 1731       5.442348309237e-11       1.325922211822e-12      -3.997486824295e-12       0.000000000000e+00       6.669008581544e-16       6.660596268380e-18       1.769371989796e-17 
 1732       5.444582299475e-11       1.310827200724e-12      -3.961423681454e-12       0.000000000000e+00       6.653510259704e-16       6.811433685408e-18       1.739278403468e-17 
 1733       5.446540295831e-11       1.295955183952e-12      -3.924731265397e-12       0.000000000000e+00       6.638056143645e-16       6.963164333084e-18       1.709181181234e-17 
 1734       5.448216205279e-11       1.281311984271e-12      -3.887425418634e-12       0.000000000000e+00       6.622646045225e-16       7.115382400595e-18       1.679084085205e-17 
 1735       5.449603909954e-11       1.266903448337e-12      -3.849522063586e-12       0.000000000000e+00       6.607279774532e-16       7.267680196867e-18       1.648990894315e-17 
 1736       5.450698276423e-11       1.252734683060e-12      -3.811037590809e-12       0.000000000000e+00       6.591957153768e-16       7.419750561042e-18       1.618905134620e-17 
 1737       5.451498192850e-11       1.238807757548e-12      -3.771990027003e-12       0.000000000000e+00       6.576678059057e-16       7.571695043226e-18       1.588829267675e-17 
 1738       5.452003557362e-11       1.225123981853e-12      -3.732397877082e-12       0.000000000000e+00       6.561442378983e-16       7.723718315874e-18       1.558765495365e-17 
 1739       5.452214271074e-11       1.211684668900e-12      -3.692279737095e-12       0.000000000000e+00       6.546250000731e-16       7.876025997738e-18       1.528716029020e-17 
 1740       5.452130238099e-11       1.198491134483e-12      -3.651654294366e-12       0.000000000000e+00       6.531100810086e-16       8.028824655231e-18       1.498683089427e-17 
 1741       5.451751365552e-11       1.185544697275e-12      -3.610540327619e-12       0.000000000000e+00       6.515994691424e-16       8.182321803787e-18       1.468668906843e-17 
 1742       5.451077563557e-11       1.172846678823e-12      -3.568956707120e-12       0.000000000000e+00       6.500931527718e-16       8.336725909226e-18       1.438675721010e-17 
 1743       5.450108745250e-11       1.160398403556e-12      -3.526922394803e-12       0.000000000000e+00       6.485911200527e-16       8.492246389115e-18       1.408705781167e-17 
 1744       5.448844826790e-11       1.148201198785e-12      -3.484456444409e-12       0.000000000000e+00       6.470933590002e-16       8.649093614136e-18       1.378761346062e-17 
 1745       5.447285727360e-11       1.136256394708e-12      -3.441578001620e-12       0.000000000000e+00       6.455998574875e-16       8.807478909443e-18       1.348844683965e-17 
 1746       5.445431369177e-11       1.124565324408e-12      -3.398306304188e-12       0.000000000000e+00       6.441106032462e-16       8.967614556029e-18       1.318958072686e-17 
 1747       5.443281677492e-11       1.113129323861e-12      -3.354660682072e-12       0.000000000000e+00       6.426255838660e-16       9.129713792087e-18       1.289103799580e-17 
 1748       5.440836580605e-11       1.101949731934e-12      -3.310660557573e-12       0.000000000000e+00       6.411447867942e-16       9.293990814374e-18       1.259284161566e-17 
 1749       5.438096009862e-11       1.091027890391e-12      -3.266325445464e-12       0.000000000000e+00       6.396681993356e-16       9.460660779576e-18       1.229501465140e-17 
 1750       5.435059899667e-11       1.080365143892e-12      -3.221674953127e-12       0.000000000000e+00       6.381958086523e-16       9.629939805665e-18       1.199758026384e-17 
 1751       5.431728187484e-11       1.069962839999e-12      -3.176728780683e-12       0.000000000000e+00       6.367276017633e-16       9.802044973269e-18       1.170056170984e-17 
 1752       5.428100813845e-11       1.059822329177e-12      -3.131506721129e-12       0.000000000000e+00       6.352635655445e-16       9.977194327030e-18       1.140398234239e-17 
 1753       5.424177722358e-11       1.049944964797e-12      -3.086028660473e-12       0.000000000000e+00       6.338036867279e-16       1.015560687697e-17       1.110786561078e-17 
 1754       5.419958859706e-11       1.040332103136e-12      -3.040314577861e-12       0.000000000000e+00       6.323479519022e-16       1.033750259986e-17       1.081223506067e-17 
 1755       5.415444175661e-11       1.030985103384e-12      -2.994384545719e-12       0.000000000000e+00       6.308963475117e-16       1.052310244056e-17       1.051711433432e-17 
 1756       5.410633623085e-11       1.021905327643e-12      -2.948258729879e-12       0.000000000000e+00       6.294488598565e-16       1.071262831341e-17       1.022252717061e-17 
 1757       5.405527157938e-11       1.013094140931e-12      -2.901957389720e-12       0.000000000000e+00       6.280054750922e-16       1.090630310358e-17       9.928497405244e-18 
 1758       5.400124739282e-11       1.004552911186e-12      -2.855500878295e-12       0.000000000000e+00       6.265661792297e-16       1.110435066843e-17       9.635048970868e-18 
 1759       5.394426329290e-11       9.962830092636e-13      -2.808909642469e-12       0.000000000000e+00       6.251309581345e-16       1.130699583889e-17       9.342205897181e-18 
 1760       5.388431893247e-11       9.882858089453e-13      -2.762204223052e-12       0.000000000000e+00       6.236997975273e-16       1.151446442079e-17       9.049992311085e-18 
 1761       5.382141399562e-11       9.805626869376e-13      -2.715405254931e-12       0.000000000000e+00       6.222726829828e-16       1.172698319626e-17       8.758432436806e-18 
 1762       5.375554819771e-11       9.731150228757e-13      -2.668533467206e-12       0.000000000000e+00       6.208495999301e-16       1.194477992506e-17       8.467550596030e-18 
 1763       5.368672128540e-11       9.659441993259e-13      -2.621609683320e-12       0.000000000000e+00       6.194305336522e-16       1.216808334599e-17       8.177371208033e-18 
 1764       5.361493303677e-11       9.590516017880e-13      -2.574654821198e-12       0.000000000000e+00       6.180154692858e-16       1.239712317818e-17       7.887918789813e-18 
 1765       5.354018326133e-11       9.524386186979e-13      -2.527689893377e-12       0.000000000000e+00       6.166043918209e-16       1.263213012254e-17       7.599217956216e-18 
 1766       5.346247180009e-11       9.461066414302e-13      -2.480736007139e-12       0.000000000000e+00       6.151972861009e-16       1.287333586304e-17       7.311293420074e-18 
 1767       5.338179852566e-11       9.400570643006e-13      -2.433814364649e-12       0.000000000000e+00       6.137941368218e-16       1.312097306813e-17       7.024169992333e-18 
 1768       5.329816334223e-11       9.342912845687e-13      -2.386946263083e-12       0.000000000000e+00       6.123949285326e-16       1.337527539209e-17       6.737872582182e-18 
 1769       5.321156618571e-11       9.288107024404e-13      -2.340153094767e-12       0.000000000000e+00       6.109996456346e-16       1.363647747638e-17       6.452426197187e-18 
 1770       5.312200702375e-11       9.236167210702e-13      -2.293456347306e-12       0.000000000000e+00       6.096082723810e-16       1.390481495100e-17       6.167855943422e-18 
 1771       5.302948585577e-11       9.187107465643e-13      -2.246877603722e-12       0.000000000000e+00       6.082207928774e-16       1.418052443589e-17       5.884187025597e-18 
 1772       5.293400271311e-11       9.140941879826e-13      -2.200438542585e-12       0.000000000000e+00       6.068371910805e-16       1.446384354225e-17       5.601444747194e-18 
 1773       5.283555765898e-11       9.097684573415e-13      -2.154160938146e-12       0.000000000000e+00       6.054574507989e-16       1.475501087391e-17       5.319654510592e-18 
 1774       5.273415078859e-11       9.057349696164e-13      -2.108066660475e-12       0.000000000000e+00       6.040815556919e-16       1.505426602873e-17       5.038841817205e-18 
 1775       5.262978901542e-11       9.019944842553e-13      -2.062176134145e-12       0.000000000000e+00       6.027094904723e-16       1.536178593561e-17       4.759030525808e-18 
 1776       5.252250649100e-11       8.985451237784e-13      -2.016503700153e-12       0.000000000000e+00       6.013412445232e-16       1.567749328918e-17       4.480237611569e-18 
 1777       5.241234435358e-11       8.953843388491e-13      -1.971062216030e-12       0.000000000000e+00       5.999768083105e-16       1.600124653857e-17       4.202478364079e-18 
 1778       5.229934395751e-11       8.925095652578e-13      -1.925864593894e-12       0.000000000000e+00       5.986161721826e-16       1.633290340738e-17       3.925768125285e-18 
 1779       5.218354687353e-11       8.899182238994e-13      -1.880923800520e-12       0.000000000000e+00       5.972593263702e-16       1.667232089258e-17       3.650122289562e-18 
 1780       5.206499488915e-11       8.876077207511e-13      -1.836252857420e-12       0.000000000000e+00       5.959062609868e-16       1.701935526345e-17       3.375556303774e-18 
 1781       5.194373000889e-11       8.855754468491e-13      -1.791864840914e-12       0.000000000000e+00       5.945569660274e-16       1.737386206053e-17       3.102085667342e-18 
 1782       5.181979445465e-11       8.838187782671e-13      -1.747772882208e-12       0.000000000000e+00       5.932114313693e-16       1.773569609456e-17       2.829725932302e-18 
 1783       5.169323066601e-11       8.823350760929e-13      -1.703990167467e-12       0.000000000000e+00       5.918696467713e-16       1.810471144539e-17       2.558492703379e-18 
 1784       5.156408130057e-11       8.811216864062e-13      -1.660529937890e-12       0.000000000000e+00       5.905316018737e-16       1.848076146097e-17       2.288401638044e-18 
 1785       5.143238923421e-11       8.801759402563e-13      -1.617405489785e-12       0.000000000000e+00       5.891972861979e-16       1.886369875626e-17       2.019468446584e-18 
 1786       5.129819756149e-11       8.794951536393e-13      -1.574630174647e-12       0.000000000000e+00       5.878666891466e-16       1.925337521215e-17       1.751708892163e-18 
 1787       5.116154959589e-11       8.790766274755e-13      -1.532217399229e-12       0.000000000000e+00       5.865398000030e-16       1.964964197446e-17       1.485138790889e-18 
 1788       5.102248887017e-11       8.789176475874e-13      -1.490180625619e-12       0.000000000000e+00       5.852166079312e-16       2.005234945281e-17       1.219774011879e-18 
 1789       5.088105913670e-11       8.790154846762e-13      -1.448533371314e-12       0.000000000000e+00       5.838971019757e-16       2.046134731960e-17       9.556304773211e-19 
 1790       5.073730436773e-11       8.793673943006e-13      -1.407289209296e-12       0.000000000000e+00       5.825812710610e-16       2.087648450896e-17       6.927241625420e-19 
 1791       5.059126875575e-11       8.799706168529e-13      -1.366461768108e-12       0.000000000000e+00       5.812691039917e-16       2.129760921564e-17       4.310710960709e-19 
 1792       5.044299671378e-11       8.808223775376e-13      -1.326064731925e-12       0.000000000000e+00       5.799605894523e-16       2.172456889400e-17       1.706873597039e-19 
 1793       5.029253287572e-11       8.819198863481e-13      -1.286111840635e-12       0.000000000000e+00       5.786557160068e-16       2.215721025693e-17      -8.841091143100e-20 
 1794       5.013992209662e-11       8.832603380447e-13      -1.246616889908e-12       0.000000000000e+00       5.773544720985e-16       2.259537927479e-17      -3.462075288091e-19 
 1795       4.998520945305e-11       8.848409121319e-13      -1.207593731274e-12       0.000000000000e+00       5.760568460500e-16       2.303892117434e-17      -6.026862504444e-19 
 1796       4.982844024338e-11       8.866587728355e-13      -1.169056272199e-12       0.000000000000e+00       5.747628260627e-16       2.348768043769e-17      -8.578307808246e-19 
 1797       4.966965998812e-11       8.887110690807e-13      -1.131018476158e-12       0.000000000000e+00       5.734724002169e-16       2.394150080124e-17      -1.111624770846e-18 
 1798       4.950891443021e-11       8.909949344694e-13      -1.093494362712e-12       0.000000000000e+00       5.721855564714e-16       2.440022525464e-17      -1.364051817751e-18 
 1799       4.934624953538e-11       8.935074872572e-13      -1.056498007578e-12       0.000000000000e+00       5.709022826632e-16       2.486369603966e-17      -1.615095465060e-18 
 1800       4.918171149243e-11       8.962458303316e-13      -1.020043542712e-12       0.000000000000e+00       5.696225665077e-16       2.533175464923e-17      -1.864739202507e-18 
 1801       4.901534671356e-11       8.992070511889e-13      -9.841451563777e-13       0.000000000000e+00       5.683463955980e-16       2.580424182629e-17      -2.112966465979e-18 
 1802       4.884720183468e-11       9.023882219120e-13      -9.488170932238e-13       0.000000000000e+00       5.670737574050e-16       2.628099756277e-17      -2.359760637447e-18 
 1803       4.867732371577e-11       9.057863991478e-13      -9.140736543591e-13       0.000000000000e+00       5.658046392770e-16       2.676186109855e-17      -2.605105044903e-18 
 1804       4.850575944114e-11       9.093986240845e-13      -8.799291974269e-13       0.000000000000e+00       5.645390284396e-16       2.724667092035e-17      -2.848982962292e-18 
 1805       4.833255631976e-11       9.132219224295e-13      -8.463981366802e-13       0.000000000000e+00       5.632769119958e-16       2.773526476070e-17      -3.091377609455e-18 
 1806       4.815776188561e-11       9.172533043864e-13      -8.134949430573e-13       0.000000000000e+00       5.620182769250e-16       2.822747959690e-17      -3.332272152054e-18 
 1807       4.798142389798e-11       9.214897646327e-13      -7.812341442558e-13       0.000000000000e+00       5.607631100835e-16       2.872315164988e-17      -3.571649701517e-18 
 1808       4.780359034176e-11       9.259282822973e-13      -7.496303248084e-13       0.000000000000e+00       5.595113982042e-16       2.922211638326e-17      -3.809493314966e-18 
 1809       4.762430942782e-11       9.305658209380e-13      -7.186981261576e-13       0.000000000000e+00       5.582631278961e-16       2.972420850217e-17      -4.045785995157e-18 
 1810       4.744362959326e-11       9.353993285188e-13      -6.884522467307e-13       0.000000000000e+00       5.570182856441e-16       3.022926195227e-17      -4.280510690410e-18 
 1811       4.726159950176e-11       9.404257373876e-13      -6.589074420148e-13       0.000000000000e+00       5.557768578092e-16       3.073710991866e-17      -4.513650294552e-18 
 1812       4.707826804391e-11       9.456419642535e-13      -6.300785246321e-13       0.000000000000e+00       5.545388306280e-16       3.124758482481e-17      -4.745187646844e-18 
 1813       4.689368433751e-11       9.510449101643e-13      -6.019803644145e-13       0.000000000000e+00       5.533041902123e-16       3.176051833152e-17      -4.975105531921e-18 
 1814       4.670789815277e-11       9.566312436706e-13      -5.746255702581e-13       0.000000000000e+00       5.520729235010e-16       3.227577273837e-17      -5.203387734273e-18 
 1815       4.652096119110e-11       9.623967484502e-13      -5.480175150888e-13       0.000000000000e+00       5.508450211227e-16       3.279333546716e-17      -5.430022211109e-18 
 1816       4.633292581727e-11       9.683369703760e-13      -5.221572547786e-13       0.000000000000e+00       5.496204745559e-16       3.331322533857e-17      -5.654997944961e-18 
 1817       4.614384463579e-11       9.744474338214e-13      -4.970458412489e-13       0.000000000000e+00       5.483992751786e-16       3.383546123888e-17      -5.878303891430e-18 
 1818       4.595377049126e-11       9.807236416298e-13      -4.726843224612e-13       0.000000000000e+00       5.471814142685e-16       3.436006212009e-17      -6.099928979165e-18 
 1819       4.576275646871e-11       9.871610750845e-13      -4.490737424075e-13       0.000000000000e+00       5.459668830029e-16       3.488704699998e-17      -6.319862109833e-18 
 1820       4.557085589389e-11       9.937551938778e-13      -4.262151411007e-13       0.000000000000e+00       5.447556724583e-16       3.541643496220e-17      -6.538092158094e-18 
 1821       4.537812233366e-11       1.000501436081e-12      -4.041095545657e-13       0.000000000000e+00       5.435477736104e-16       3.594824515636e-17      -6.754607971574e-18 
 1822       4.518460959627e-11       1.007395218114e-12      -3.827580148290e-13       0.000000000000e+00       5.423431773337e-16       3.648249679812e-17      -6.969398370842e-18 
 1823       4.499037173174e-11       1.014431934713e-12      -3.621615499100e-13       0.000000000000e+00       5.411418744016e-16       3.701920916925e-17      -7.182452149377e-18 
 1824       4.479546303214e-11       1.021606958905e-12      -3.423211838112e-13       0.000000000000e+00       5.399438554861e-16       3.755840161773e-17      -7.393758073550e-18 
 1825       4.459993803199e-11       1.028915641971e-12      -3.232379365087e-13       0.000000000000e+00       5.387491111576e-16       3.810009355783e-17      -7.603304882590e-18 
 1826       4.440385150852e-11       1.036353313421e-12      -3.049128239427e-13       0.000000000000e+00       5.375576318849e-16       3.864430447023e-17      -7.811081288563e-18 
 1827       4.420725848209e-11       1.043915280959e-12      -2.873468580082e-13       0.000000000000e+00       5.363694080345e-16       3.919105390202e-17      -8.017075976343e-18 
 1828       4.401021421641e-11       1.051596830457e-12      -2.705410465452e-13       0.000000000000e+00       5.351844298713e-16       3.974036146687e-17      -8.221277603586e-18 
 1829       4.381277421900e-11       1.059393225920e-12      -2.544963933296e-13       0.000000000000e+00       5.340026875577e-16       4.029224684508e-17      -8.423674800704e-18 
 1830       4.361499424140e-11       1.067299709461e-12      -2.392138980635e-13       0.000000000000e+00       5.328241711535e-16       4.084672978363e-17      -8.624256170841e-18 
 1831       4.341693027962e-11       1.075311501265e-12      -2.246945563656e-13       0.000000000000e+00       5.316488706162e-16       4.140383009634e-17      -8.823010289841e-18 
 1832       4.321863857437e-11       1.083423799562e-12      -2.109393597620e-13       0.000000000000e+00       5.304767758004e-16       4.196356766389e-17      -9.019925706228e-18 
 1833       4.302017561147e-11       1.091631780597e-12      -1.979492956764e-13       0.000000000000e+00       5.293078764577e-16       4.252596243392e-17      -9.214990941176e-18 
 1834       4.282159812212e-11       1.099930598595e-12      -1.857253474211e-13       0.000000000000e+00       5.281421622366e-16       4.309103442113e-17      -9.408194488482e-18 
 1835       4.262296308331e-11       1.108315385739e-12      -1.742684941868e-13       0.000000000000e+00       5.269796226823e-16       4.365880370737e-17      -9.599524814544e-18 
 1836       4.242432771807e-11       1.116781252128e-12      -1.635797110338e-13       0.000000000000e+00       5.258202472365e-16       4.422929044167e-17      -9.788970358328e-18 
 1837       4.222574949585e-11       1.125323285759e-12      -1.536599688822e-13       0.000000000000e+00       5.246640252374e-16       4.480251484039e-17      -9.976519531350e-18 
 1838       4.202728613287e-11       1.133936552487e-12      -1.445102345024e-13       0.000000000000e+00       5.235109459191e-16       4.537849718727e-17      -1.016216071764e-17 
 1839       4.182899559239e-11       1.142616095999e-12      -1.361314705056e-13       0.000000000000e+00       5.223609984119e-16       4.595725783353e-17      -1.034588227373e-17 
 1840       4.163093608510e-11       1.151356937783e-12      -1.285246353345e-13       0.000000000000e+00       5.212141717420e-16       4.653881719792e-17      -1.052767252860e-17 
 1841       4.143316606945e-11       1.160154077097e-12      -1.216906832538e-13       0.000000000000e+00       5.200704548310e-16       4.712319576685e-17      -1.070751978370e-17 
 1842       4.123574425193e-11       1.169002490939e-12      -1.156305643403e-13       0.000000000000e+00       5.189298364963e-16       4.771041409445e-17      -1.088541231287e-17 
 1843       4.103872958748e-11       1.177897134017e-12      -1.103452244740e-13       0.000000000000e+00       5.177923054504e-16       4.830049280266e-17      -1.106133836233e-17 
 1844       4.084218127976e-11       1.186832938717e-12      -1.058356053282e-13       0.000000000000e+00       5.166578503009e-16       4.889345258129e-17      -1.123528615069e-17 
 1845       4.064615878152e-11       1.195804815075e-12      -1.021026443603e-13       0.000000000000e+00       5.155264595506e-16       4.948931418816e-17      -1.140724386889e-17 
 1846       4.045072179490e-11       1.204807650743e-12      -9.914727480216e-14       0.000000000000e+00       5.143981215968e-16       5.008809844911e-17      -1.157719968014e-17 
 1847       4.025593027180e-11       1.213836310963e-12      -9.697042565050e-14       0.000000000000e+00       5.132728247316e-16       5.068982625816e-17      -1.174514171999e-17 
 1848       4.006184441419e-11       1.222885638533e-12      -9.557302165769e-14       0.000000000000e+00       5.121505571416e-16       5.129451857753e-17      -1.191105809620e-17 
 1849       3.986852467447e-11       1.231950453779e-12      -9.495598332210e-14       0.000000000000e+00       5.110313069075e-16       5.190219643777e-17      -1.207493688879e-17 
 1850       3.967603175574e-11       1.241025554522e-12      -9.512022687862e-14       0.000000000000e+00       5.099150620043e-16       5.251288093782e-17      -1.223676614995e-17 
 1851       3.948442661222e-11       1.250105716050e-12      -9.606666428923e-14       0.000000000000e+00       5.088018103006e-16       5.312659324510e-17      -1.239653390409e-17 
 1852       3.929377044952e-11       1.259185691086e-12      -9.779620323349e-14       0.000000000000e+00       5.076915395591e-16       5.374335459560e-17      -1.255422814774e-17 
 1853       3.910411978635e-11       1.268260482639e-12      -1.003080325144e-13       0.000000000000e+00       5.065842382924e-16       5.436314829327e-17      -1.270983727155e-17 
 1854       3.891551159637e-11       1.277326164969e-12      -1.035944634902e-13       0.000000000000e+00       5.054798983398e-16       5.498580538002e-17      -1.286335132989e-17 
 1855       3.872797804967e-11       1.286379069043e-12      -1.076460478834e-13       0.000000000000e+00       5.043785123107e-16       5.561111806296e-17      -1.301476078120e-17 
 1856       3.854155144090e-11       1.295415510226e-12      -1.124532885978e-13       0.000000000000e+00       5.032800727298e-16       5.623887763188e-17      -1.316405606694e-17 
 1857       3.835626418945e-11       1.304431788255e-12      -1.180066396491e-13       0.000000000000e+00       5.021845720369e-16       5.686887445801e-17      -1.331122761154e-17 
 1858       3.817214883959e-11       1.313424187225e-12      -1.242965060955e-13       0.000000000000e+00       5.010920025868e-16       5.750089799276e-17      -1.345626582241e-17 
 1859       3.798923806067e-11       1.322388975560e-12      -1.313132439686e-13       0.000000000000e+00       5.000023566492e-16       5.813473676647e-17      -1.359916108992e-17 
 1860       3.780756464722e-11       1.331322405999e-12      -1.390471602036e-13       0.000000000000e+00       4.989156264084e-16       5.877017838722e-17      -1.373990378739e-17 
 1861       3.762716151915e-11       1.340220715574e-12      -1.474885125702e-13       0.000000000000e+00       4.978318039634e-16       5.940700953953e-17      -1.387848427110e-17 
 1862       3.744806172193e-11       1.349080125583e-12      -1.566275096031e-13       0.000000000000e+00       4.967508813277e-16       6.004501598311e-17      -1.401489288021e-17 
 1863       3.727029842670e-11       1.357896841578e-12      -1.664543105328e-13       0.000000000000e+00       4.956728504288e-16       6.068398255169e-17      -1.414911993685e-17 
 1864       3.709390493045e-11       1.366667053336e-12      -1.769590252160e-13       0.000000000000e+00       4.945977031086e-16       6.132369315170e-17      -1.428115574602e-17 
 1865       3.691891465621e-11       1.375386934847e-12      -1.881317140665e-13       0.000000000000e+00       4.935254311228e-16       6.196393076107e-17      -1.441099059563e-17 
 1866       3.674536115317e-11       1.384052644282e-12      -1.999623879854e-13       0.000000000000e+00       4.924560261412e-16       6.260447742796e-17      -1.453861475646e-17 
 1867       3.657327809686e-11       1.392660323982e-12      -2.124410082923e-13       0.000000000000e+00       4.913894797470e-16       6.324511426953e-17      -1.466401848217e-17 
 1868       3.640269928932e-11       1.401206100433e-12      -2.255574866554e-13       0.000000000000e+00       4.903257834372e-16       6.388562147072e-17      -1.478719200927e-17 
 1869       3.623365865922e-11       1.409686084243e-12      -2.393016850224e-13       0.000000000000e+00       4.892649286222e-16       6.452577828295e-17      -1.490812555712e-17 
 1870       3.606619026208e-11       1.418096370126e-12      -2.536634155511e-13       0.000000000000e+00       4.882069066255e-16       6.516536302294e-17      -1.502680932792e-17 
 1871       3.590032828039e-11       1.426433036878e-12      -2.686324405399e-13       0.000000000000e+00       4.871517086839e-16       6.580415307141e-17      -1.514323350668e-17 
 1872       3.573610702377e-11       1.434692147355e-12      -2.841984723586e-13       0.000000000000e+00       4.860993259472e-16       6.644192487189e-17      -1.525738826125e-17 
 1873       3.557356092916e-11       1.442869748455e-12      -3.003511733790e-13       0.000000000000e+00       4.850497494780e-16       6.707845392944e-17      -1.536926374224e-17 
 1874       3.541272456094e-11       1.450961871096e-12      -3.170801559055e-13       0.000000000000e+00       4.840029702515e-16       6.771351480940e-17      -1.547885008309e-17 
 1875       3.525363261113e-11       1.458964530194e-12      -3.343749821054e-13       0.000000000000e+00       4.829589791557e-16       6.834688113619e-17      -1.558613739998e-17 
 1876       3.509631989952e-11       1.466873724644e-12      -3.522251639401e-13       0.000000000000e+00       4.819177669908e-16       6.897832559202e-17      -1.569111579189e-17 
 1877       3.494082137386e-11       1.474685437298e-12      -3.706201630955e-13       0.000000000000e+00       4.808793244693e-16       6.960761991570e-17      -1.579377534052e-17 
 1878       3.478717211000e-11       1.482395634945e-12      -3.895493909123e-13       0.000000000000e+00       4.798436422160e-16       7.023453490132e-17      -1.589410611035e-17 
 1879       3.463540731204e-11       1.490000268287e-12      -4.090022083173e-13       0.000000000000e+00       4.788107107675e-16       7.085884039707e-17      -1.599209814856e-17 
 1880       3.448556231252e-11       1.497495271922e-12      -4.289679257531e-13       0.000000000000e+00       4.777805205724e-16       7.148030530400e-17      -1.608774148506e-17 
 1881       3.433767257256e-11       1.504876564323e-12      -4.494358031099e-13       0.000000000000e+00       4.767530619908e-16       7.209869757473e-17      -1.618102613248e-17 
 1882       3.419177368204e-11       1.512140047813e-12      -4.703950496548e-13       0.000000000000e+00       4.757283252946e-16       7.271378421223e-17      -1.627194208612e-17 
 1883       3.404790135972e-11       1.519281608548e-12      -4.918348239638e-13       0.000000000000e+00       4.747063006669e-16       7.332533126859e-17      -1.636047932399e-17 
 1884       3.390609145347e-11       1.526297116496e-12      -5.137442338511e-13       0.000000000000e+00       4.736869782022e-16       7.393310384376e-17      -1.644662780675e-17 
 1885       3.376637994034e-11       1.533182425413e-12      -5.361123363007e-13       0.000000000000e+00       4.726703479061e-16       7.453686608431e-17      -1.653037747776e-17 
 1886       3.362880292681e-11       1.539933372825e-12      -5.589281373968e-13       0.000000000000e+00       4.716563996951e-16       7.513638118218e-17      -1.661171826297e-17 
 1887       3.349339664890e-11       1.546545780007e-12      -5.821805922540e-13       0.000000000000e+00       4.706451233967e-16       7.573141137348e-17      -1.669064007103e-17 
 1888       3.336019747232e-11       1.553015451960e-12      -6.058586049485e-13       0.000000000000e+00       4.696365087489e-16       7.632171793716e-17      -1.676713279317e-17 
 1889       3.322924189268e-11       1.559338177392e-12      -6.299510284482e-13       0.000000000000e+00       4.686305454004e-16       7.690706119387e-17      -1.684118630327e-17 
 1890       3.310056653561e-11       1.565509728697e-12      -6.544466645439e-13       0.000000000000e+00       4.676272229104e-16       7.748720050463e-17      -1.691279045779e-17 
 1891       3.297420815692e-11       1.571525861934e-12      -6.793342637794e-13       0.000000000000e+00       4.666265307481e-16       7.806189426963e-17      -1.698193509579e-17 
 1892       3.285019701533e-11       1.577382858077e-12      -7.046022425876e-13       0.000000000000e+00       4.656284590147e-16       7.863094894812e-17      -1.704861196348e-17 
 1893       3.272853693413e-11       1.583079151398e-12      -7.302378324456e-13       0.000000000000e+00       4.646330006145e-16       7.919436653501e-17      -1.711282050421e-17 
 1894       3.260922508557e-11       1.588613713640e-12      -7.562279239999e-13       0.000000000000e+00       4.636401491002e-16       7.975219822256e-17      -1.717456211324e-17 
 1895       3.249225860433e-11       1.593985513883e-12      -7.825593491847e-13       0.000000000000e+00       4.626498979525e-16       8.030449548319e-17      -1.723383821728e-17 
 1896       3.237763458737e-11       1.599193518544e-12      -8.092188811436e-13       0.000000000000e+00       4.616622405800e-16       8.085131006983e-17      -1.729065027458e-17 
 1897       3.226535009393e-11       1.604236691373e-12      -8.361932341504e-13       0.000000000000e+00       4.606771703192e-16       8.139269401641e-17      -1.734499977494e-17 
 1898       3.215540214546e-11       1.609113993450e-12      -8.634690635303e-13       0.000000000000e+00       4.596946804341e-16       8.192869963819e-17      -1.739688823979e-17 
 1899       3.204778772554e-11       1.613824383183e-12      -8.910329655810e-13       0.000000000000e+00       4.587147641163e-16       8.245937953217e-17      -1.744631722222e-17 
 1900       3.194250377983e-11       1.618366816305e-12      -9.188714774941e-13       0.000000000000e+00       4.577374144851e-16       8.298478657751e-17      -1.749328830706e-17 
 1901       3.183954721601e-11       1.622740245870e-12      -9.469710772758e-13       0.000000000000e+00       4.567626245868e-16       8.350497393592e-17      -1.753780311092e-17 
 1902       3.173891490372e-11       1.626943622252e-12      -9.753181836686e-13       0.000000000000e+00       4.557903873951e-16       8.401999505207e-17      -1.757986328224e-17 
 1903       3.164060367447e-11       1.630975893141e-12      -1.003899156072e-12       0.000000000000e+00       4.548206958106e-16       8.452990365395e-17      -1.761947050135e-17 
 1904       3.154461032165e-11       1.634836003541e-12      -1.032700294464e-12       0.000000000000e+00       4.538535426610e-16       8.503475375332e-17      -1.765662648050e-17 
 1905       3.145093160038e-11       1.638522895768e-12      -1.061707839321e-12       0.000000000000e+00       4.528889207008e-16       8.553459964608e-17      -1.769133296396e-17 
 1906       3.135956422750e-11       1.642035509443e-12      -1.090907971542e-12       0.000000000000e+00       4.519268226114e-16       8.602949591266e-17      -1.772359172801e-17 
 1907       3.127050488151e-11       1.645372781497e-12      -1.120286812367e-12       0.000000000000e+00       4.509672410004e-16       8.651949741845e-17      -1.775340458106e-17 
 1908       3.118375020250e-11       1.648533646159e-12      -1.149830423298e-12       0.000000000000e+00       4.500101684024e-16       8.700465931419e-17      -1.778077336365e-17 
 1909       3.109929679206e-11       1.651517034963e-12      -1.179524806022e-12       0.000000000000e+00       4.490555972779e-16       8.748503703634e-17      -1.780569994854e-17 
 1910       3.101714121327e-11       1.654321876736e-12      -1.209355902330e-12       0.000000000000e+00       4.481035200139e-16       8.796068630751e-17      -1.782818624072e-17 
 1911       3.093727999061e-11       1.656947097601e-12      -1.239309594042e-12       0.000000000000e+00       4.471539289236e-16       8.843166313688e-17      -1.784823417751e-17 
 1912       3.085970960989e-11       1.659391620972e-12      -1.269371702922e-12       0.000000000000e+00       4.462068162459e-16       8.889802382052e-17      -1.786584572858e-17 
 1913       3.078442651821e-11       1.661654367554e-12      -1.299527990607e-12       0.000000000000e+00       4.452621741459e-16       8.935982494187e-17      -1.788102289603e-17 
 1914       3.071142712389e-11       1.663734255336e-12      -1.329764158519e-12       0.000000000000e+00       4.443199947143e-16       8.981712337212e-17      -1.789376771441e-17 
 1915       3.064070779640e-11       1.665630199591e-12      -1.360065847795e-12       0.000000000000e+00       4.433802699676e-16       9.026997627056e-17      -1.790408225080e-17 
 1916       3.057226486632e-11       1.667341112873e-12      -1.390418639201e-12       0.000000000000e+00       4.424429918477e-16       9.071844108505e-17      -1.791196860486e-17 
 1917       3.050609462525e-11       1.668865905013e-12      -1.420808053059e-12       0.000000000000e+00       4.415081522218e-16       9.116257555238e-17      -1.791742890885e-17 
 1918       3.044219332576e-11       1.670203483117e-12      -1.451219549164e-12       0.000000000000e+00       4.405757428828e-16       9.160243769866e-17      -1.792046532773e-17 
 1919       3.038055718136e-11       1.671352751566e-12      -1.481638526707e-12       0.000000000000e+00       4.396457555483e-16       9.203808583976e-17      -1.792108005920e-17 
 1920       3.032118236638e-11       1.672312612008e-12      -1.512050324195e-12       0.000000000000e+00       4.387181818613e-16       9.246957858165e-17      -1.791927533372e-17 
 1921       3.026406501596e-11       1.673081963358e-12      -1.542440219374e-12       0.000000000000e+00       4.377930133895e-16       9.289697482087e-17      -1.791505341461e-17 
 1922       3.020920122595e-11       1.673659701795e-12      -1.572793429148e-12       0.000000000000e+00       4.368702416257e-16       9.332033374487e-17      -1.790841659806e-17 
 1923       3.015658705288e-11       1.674044720762e-12      -1.603095109502e-12       0.000000000000e+00       4.359498579871e-16       9.373971483244e-17      -1.789936721323e-17 
 1924       3.010621851389e-11       1.674235910956e-12      -1.633330355421e-12       0.000000000000e+00       4.350318538157e-16       9.415517785410e-17      -1.788790762226e-17 
 1925       3.005809158664e-11       1.674232160334e-12      -1.663484200816e-12       0.000000000000e+00       4.341162203778e-16       9.456678287249e-17      -1.787404022033e-17 
 1926       3.001220220929e-11       1.674032354104e-12      -1.693541618437e-12       0.000000000000e+00       4.332029488641e-16       9.497459024279e-17      -1.785776743574e-17 
 1927       2.996854628042e-11       1.673635374724e-12      -1.723487519802e-12       0.000000000000e+00       4.322920303896e-16       9.537866061311e-17      -1.783909172993e-17 
 1928       2.992711965897e-11       1.673040101901e-12      -1.753306755113e-12       0.000000000000e+00       4.313834559933e-16       9.577905492489e-17      -1.781801559757e-17 
 1929       2.988791816418e-11       1.672245412586e-12      -1.782984113181e-12       0.000000000000e+00       4.304772166381e-16       9.617583441328e-17      -1.779454156658e-17 
 1930       2.985093757550e-11       1.671250180971e-12      -1.812504321344e-12       0.000000000000e+00       4.295733032111e-16       9.656906060758e-17      -1.776867219818e-17 
 1931       2.981616925504e-11       1.670053756498e-12      -1.841853112812e-12       0.000000000000e+00       4.286717071364e-16       9.695876353467e-17      -1.774041100429e-17 
 1932       2.978358697847e-11       1.668657401840e-12      -1.871020437705e-12       0.000000000000e+00       4.277724222217e-16       9.734484606522e-17      -1.770976520716e-17 
 1933       2.975316000415e-11       1.667062865813e-12      -1.899997276192e-12       0.000000000000e+00       4.268754428259e-16       9.772717884333e-17      -1.767674300074e-17 
 1934       2.972485744140e-11       1.665271906366e-12      -1.928774573239e-12       0.000000000000e+00       4.259807632464e-16       9.810563201696e-17      -1.764135263536e-17 
 1935       2.969864825035e-11       1.663286290596e-12      -1.957343238561e-12       0.000000000000e+00       4.250883777193e-16       9.848007523737e-17      -1.760360241779e-17 
 1936       2.967450124169e-11       1.661107794760e-12      -1.985694146579e-12       0.000000000000e+00       4.241982804192e-16       9.885037765846e-17      -1.756350071133e-17 
 1937       2.965238507646e-11       1.658738204289e-12      -2.013818136375e-12       0.000000000000e+00       4.233104654588e-16       9.921640793616e-17      -1.752105593592e-17 
 1938       2.963226826589e-11       1.656179313796e-12      -2.041706011647e-12       0.000000000000e+00       4.224249268894e-16       9.957803422781e-17      -1.747627656817e-17 
 1939       2.961411917119e-11       1.653432927093e-12      -2.069348540665e-12       0.000000000000e+00       4.215416587004e-16       9.993512419150e-17      -1.742917114149e-17 
 1940       2.959790600330e-11       1.650500857204e-12      -2.096736456226e-12       0.000000000000e+00       4.206606548191e-16       1.002875449855e-16      -1.737974824616e-17 
 1941       2.958359682276e-11       1.647384926374e-12      -2.123860455611e-12       0.000000000000e+00       4.197819091109e-16       1.006351632676e-16      -1.732801652938e-17 
 1942       2.957115953943e-11       1.644086966085e-12      -2.150711200539e-12       0.000000000000e+00       4.189054153791e-16       1.009778451945e-16      -1.727398469540e-17 
 1943       2.956056191237e-11       1.640608817065e-12      -2.177279317121e-12       0.000000000000e+00       4.180311673647e-16       1.013154564213e-16      -1.721766150558e-17 
 1944       2.955177154957e-11       1.636952329305e-12      -2.203555395820e-12       0.000000000000e+00       4.171591587464e-16       1.016478621005e-16      -1.715905577847e-17 
 1945       2.954475590779e-11       1.633119362069e-12      -2.229529991402e-12       0.000000000000e+00       4.162893831404e-16       1.019749268818e-16      -1.709817638988e-17 
 1946       2.953948229231e-11       1.629111783907e-12      -2.255193622895e-12       0.000000000000e+00       4.154218341006e-16       1.022965149113e-16      -1.703503227300e-17 
 1947       2.953591785680e-11       1.624931472667e-12      -2.280536773541e-12       0.000000000000e+00       4.145565051180e-16       1.026124898310e-16      -1.696963241846e-17 
 1948       2.953402960306e-11       1.620580315509e-12      -2.305549890755e-12       0.000000000000e+00       4.136933896211e-16       1.029227147779e-16      -1.690198587440e-17 
 1949       2.953378438083e-11       1.616060208917e-12      -2.330223386077e-12       0.000000000000e+00       4.128324809753e-16       1.032270523836e-16      -1.683210174656e-17 
 1950       2.953514888759e-11       1.611373058710e-12      -2.354547635131e-12       0.000000000000e+00       4.119737724835e-16       1.035253647736e-16      -1.675998919840e-17 
 1951       2.953808966838e-11       1.606520780058e-12      -2.378512977576e-12       0.000000000000e+00       4.111172573851e-16       1.038175135668e-16      -1.668565745112e-17 
 1952       2.954257311555e-11       1.601505297492e-12      -2.402109717069e-12       0.000000000000e+00       4.102629288567e-16       1.041033598746e-16      -1.660911578378e-17 
 1953       2.954856546862e-11       1.596328544918e-12      -2.425328121210e-12       0.000000000000e+00       4.094107800115e-16       1.043827643005e-16      -1.653037353339e-17 
 1954       2.955603281402e-11       1.590992465628e-12      -2.448158421508e-12       0.000000000000e+00       4.085608038996e-16       1.046555869396e-16      -1.644944009494e-17 
 1955       2.956494108492e-11       1.585499012315e-12      -2.470590813328e-12       0.000000000000e+00       4.077129935075e-16       1.049216873776e-16      -1.636632492157e-17 
 1956       2.957525606101e-11       1.579850147081e-12      -2.492615455853e-12       0.000000000000e+00       4.068673417581e-16       1.051809246904e-16      -1.628103752456e-17 
 1957       2.958694336831e-11       1.574047841458e-12      -2.514222472036e-12       0.000000000000e+00       4.060238415109e-16       1.054331574436e-16      -1.619358747348e-17 
 1958       2.959996847899e-11       1.568094076410e-12      -2.535401948554e-12       0.000000000000e+00       4.051824855616e-16       1.056782436915e-16      -1.610398439624e-17 
 1959       2.961429671112e-11       1.561990842356e-12      -2.556143935768e-12       0.000000000000e+00       4.043432666420e-16       1.059160409770e-16      -1.601223797917e-17 
 1960       2.962989322848e-11       1.555740139174e-12      -2.576438447676e-12       0.000000000000e+00       4.035061774200e-16       1.061464063304e-16      -1.591835796713e-17 
 1961       2.964672304039e-11       1.549343976219e-12      -2.596275461867e-12       0.000000000000e+00       4.026712104996e-16       1.063691962693e-16      -1.582235416356e-17 
 1962       2.966475100147e-11       1.542804372334e-12      -2.615644919480e-12       0.000000000000e+00       4.018383584206e-16       1.065842667976e-16      -1.572423643058e-17 
 1963       2.968394181148e-11       1.536123355861e-12      -2.634536725155e-12       0.000000000000e+00       4.010076136585e-16       1.067914734049e-16      -1.562401468907e-17 
 1964       2.970426001506e-11       1.529302964658e-12      -2.652940746995e-12       0.000000000000e+00       4.001789686246e-16       1.069906710662e-16      -1.552169891876e-17 
 1965       2.972567000158e-11       1.522345246106e-12      -2.670846816513e-12       0.000000000000e+00       3.993524156658e-16       1.071817142411e-16      -1.541729915829e-17 
 1966       2.974813600492e-11       1.515252257125e-12      -2.688244728595e-12       0.000000000000e+00       3.985279470644e-16       1.073644568729e-16      -1.531082550531e-17 
 1967       2.977162210324e-11       1.508026064188e-12      -2.705124241452e-12       0.000000000000e+00       3.977055550381e-16       1.075387523884e-16      -1.520228811656e-17 
 1968       2.979609221883e-11       1.500668743330e-12      -2.721475076575e-12       0.000000000000e+00       3.968852317400e-16       1.077044536971e-16      -1.509169720796e-17 
 1969       2.982151011786e-11       1.493182380161e-12      -2.737286918693e-12       0.000000000000e+00       3.960669692581e-16       1.078614131905e-16      -1.497906305467e-17 
 1970       2.984783929941e-11       1.485569241045e-12      -2.752551031177e-12       0.000000000000e+00       3.952507601623e-16       1.080095312977e-16      -1.486441032065e-17 
 1971       2.987504266184e-11       1.477832287986e-12      -2.767265115465e-12       0.000000000000e+00       3.944365991476e-16       1.081489025477e-16      -1.474782116342e-17 
 1972       2.990308283352e-11       1.469974667590e-12      -2.781428487656e-12       0.000000000000e+00       3.936244814025e-16       1.082796705909e-16      -1.462939244970e-17 
 1973       2.993192228324e-11       1.461999540266e-12      -2.795040466334e-12       0.000000000000e+00       3.928144020638e-16       1.084019797426e-16      -1.450922145557e-17 
 1974       2.996152331991e-11       1.453910080249e-12      -2.808100372583e-12       0.000000000000e+00       3.920063562161e-16       1.085159749837e-16      -1.438740586698e-17 
 1975       2.999184809248e-11       1.445709475611e-12      -2.820607529983e-12       0.000000000000e+00       3.912003388922e-16       1.086218019617e-16      -1.426404378027e-17 
 1976       3.002285858961e-11       1.437400928284e-12      -2.832561264622e-12       0.000000000000e+00       3.903963450728e-16       1.087196069914e-16      -1.413923370271e-17 
 1977       3.005451663957e-11       1.428987654077e-12      -2.843960905099e-12       0.000000000000e+00       3.895943696860e-16       1.088095370558e-16      -1.401307455300e-17 
 1978       3.008678390998e-11       1.420472882690e-12      -2.854805782528e-12       0.000000000000e+00       3.887944076082e-16       1.088917398074e-16      -1.388566566184e-17 
 1979       3.011962190758e-11       1.411859857738e-12      -2.865095230548e-12       0.000000000000e+00       3.879964536629e-16       1.089663635683e-16      -1.375710677240e-17 
 1980       3.015299197811e-11       1.403151836765e-12      -2.874828585323e-12       0.000000000000e+00       3.872005026215e-16       1.090335573319e-16      -1.362749804091e-17 
 1981       3.018685530601e-11       1.394352091263e-12      -2.884005185550e-12       0.000000000000e+00       3.864065492026e-16       1.090934707631e-16      -1.349694003712e-17 
 1982       3.022117291427e-11       1.385463906689e-12      -2.892624372465e-12       0.000000000000e+00       3.856145880725e-16       1.091462541996e-16      -1.336553374487e-17 
 1983       3.025590566422e-11       1.376490582484e-12      -2.900685489848e-12       0.000000000000e+00       3.848246138445e-16       1.091920586527e-16      -1.323338056258e-17 
 1984       3.029101425531e-11       1.367435432092e-12      -2.908187884027e-12       0.000000000000e+00       3.840366210792e-16       1.092310358080e-16      -1.310058230381e-17 
 1985       3.032645922489e-11       1.358301782973e-12      -2.915130903886e-12       0.000000000000e+00       3.832506042845e-16       1.092633380265e-16      -1.296724119778e-17 
 1986       3.036220094805e-11       1.349092976628e-12      -2.921513900866e-12       0.000000000000e+00       3.824665579150e-16       1.092891183452e-16      -1.283345988987e-17 
 1987       3.039819963737e-11       1.339812368611e-12      -2.927336228976e-12       0.000000000000e+00       3.816844763728e-16       1.093085304784e-16      -1.269934144216e-17 
 1988       3.043441534276e-11       1.330463328551e-12      -2.932597244795e-12       0.000000000000e+00       3.809043540063e-16       1.093217288181e-16      -1.256498933396e-17 
 1989       3.047080795118e-11       1.321049240166e-12      -2.937296307479e-12       0.000000000000e+00       3.801261851112e-16       1.093288684353e-16      -1.243050746233e-17 
 1990       3.050733718653e-11       1.311573501285e-12      -2.941432778762e-12       0.000000000000e+00       3.793499639295e-16       1.093301050806e-16      -1.229600014262e-17 
 1991       3.054396260936e-11       1.302039523862e-12      -2.945006022969e-12       0.000000000000e+00       3.785756846501e-16       1.093255951851e-16      -1.216157210896e-17 
 1992       3.058064361672e-11       1.292450733997e-12      -2.948015407017e-12       0.000000000000e+00       3.778033414085e-16       1.093154958614e-16      -1.202732851482e-17 
 1993       3.061733944193e-11       1.282810571952e-12      -2.950460300417e-12       0.000000000000e+00       3.770329282865e-16       1.092999649044e-16      -1.189337493352e-17 
 1994       3.065400915436e-11       1.273122492171e-12      -2.952340075287e-12       0.000000000000e+00       3.762644393124e-16       1.092791607923e-16      -1.175981735876e-17 
 1995       3.069061165928e-11       1.263389963295e-12      -2.953654106352e-12       0.000000000000e+00       3.754978684606e-16       1.092532426871e-16      -1.162676220513e-17 
 1996       3.072710569759e-11       1.253616468183e-12      -2.954401770952e-12       0.000000000000e+00       3.747332096521e-16       1.092223704361e-16      -1.149431630867e-17 
 1997       3.076344984564e-11       1.243805503926e-12      -2.954582449044e-12       0.000000000000e+00       3.739704567538e-16       1.091867045721e-16      -1.136258692736e-17 
 1998       3.079960251505e-11       1.233960581869e-12      -2.954195523214e-12       0.000000000000e+00       3.732096035786e-16       1.091464063148e-16      -1.123168174165e-17 
 1999       3.083552195245e-11       1.224085227627e-12      -2.953240378674e-12       0.000000000000e+00       3.724506438855e-16       1.091016375714e-16      -1.110170885501e-17 
 2000       3.087116623932e-11       1.214182981103e-12      -2.951716403274e-12       0.000000000000e+00       3.716935713795e-16       1.090525609376e-16      -1.097277679443e-17 
 2001       3.090649329177e-11       1.204257396505e-12      -2.949622987504e-12       0.000000000000e+00       3.709383797111e-16       1.089993396984e-16      -1.084499451096e-17 
 2002       3.094146086034e-11       1.194312042366e-12      -2.946959524501e-12       0.000000000000e+00       3.701850624769e-16       1.089421378289e-16      -1.071847138023e-17 
 2003       3.097602652978e-11       1.184350501561e-12      -2.943725410054e-12       0.000000000000e+00       3.694336132188e-16       1.088811199956e-16      -1.059331720297e-17 
 2004       3.101014771883e-11       1.174376371324e-12      -2.939920042608e-12       0.000000000000e+00       3.686840254244e-16       1.088164515566e-16      -1.046964220554e-17 
 2005       3.104378168009e-11       1.164393263265e-12      -2.935542823274e-12       0.000000000000e+00       3.679362925270e-16       1.087482985630e-16      -1.034755704046e-17 
 2006       3.107688549971e-11       1.154404803394e-12      -2.930593155826e-12       0.000000000000e+00       3.671904079050e-16       1.086768277597e-16      -1.022717278692e-17 
 2007       3.110941609726e-11       1.144414632129e-12      -2.925070446717e-12       0.000000000000e+00       3.664463648821e-16       1.086022065861e-16      -1.010860095134e-17 
 2008       3.114133022549e-11       1.134426404324e-12      -2.918974105074e-12       0.000000000000e+00       3.657041567276e-16       1.085246031770e-16      -9.991953467837e-18 
 2009       3.117258797521e-11       1.124443612582e-12      -2.912304761965e-12       0.000000000000e+00       3.649637771337e-16       1.084441246637e-16      -9.877305239056e-18 
 2010       3.120316331823e-11       1.114469055784e-12      -2.905067937868e-12       0.000000000000e+00       3.642252216546e-16       1.083606315828e-16      -9.764581459029e-18 
 2011       3.123303364080e-11       1.104505366723e-12      -2.897270401929e-12       0.000000000000e+00       3.634884862779e-16       1.082739221172e-16      -9.653669470416e-18 
 2012       3.126217624542e-11       1.094555188471e-12      -2.888918955176e-12       0.000000000000e+00       3.627535669477e-16       1.081837936716e-16      -9.544456149145e-18 
 2013       3.129056835078e-11       1.084621174382e-12      -2.880020430561e-12       0.000000000000e+00       3.620204595643e-16       1.080900428723e-16      -9.436827903822e-18 
 2014       3.131818709159e-11       1.074705988111e-12      -2.870581693003e-12       0.000000000000e+00       3.612891599843e-16       1.079924655659e-16      -9.330670675144e-18 
 2015       3.134500951853e-11       1.064812303625e-12      -2.860609639425e-12       0.000000000000e+00       3.605596640204e-16       1.078908568182e-16      -9.225869935312e-18 
 2016       3.137101259814e-11       1.054942805217e-12      -2.850111198803e-12       0.000000000000e+00       3.598319674414e-16       1.077850109135e-16      -9.122310687442e-18 
 2017       3.139617321269e-11       1.045100187513e-12      -2.839093332200e-12       0.000000000000e+00       3.591060659720e-16       1.076747213538e-16      -9.019877464978e-18 
 2018       3.142046816012e-11       1.035287155493e-12      -2.827563032813e-12       0.000000000000e+00       3.583819552929e-16       1.075597808572e-16      -8.918454331101e-18 
 2019       3.144387415389e-11       1.025506424498e-12      -2.815527326011e-12       0.000000000000e+00       3.576596310407e-16       1.074399813576e-16      -8.817924878147e-18 
 2020       3.146636782293e-11       1.015760720243e-12      -2.802993269382e-12       0.000000000000e+00       3.569390888079e-16       1.073151140035e-16      -8.718172227014e-18 
 2021       3.148792571152e-11       1.006052778831e-12      -2.789967952767e-12       0.000000000000e+00       3.562203241424e-16       1.071849691569e-16      -8.619079026575e-18 
 2022       3.150852427915e-11       9.963853467677e-13      -2.776458498308e-12       0.000000000000e+00       3.555033325482e-16       1.070493363926e-16      -8.520527453092e-18 
 2023       3.152813990049e-11       9.867611809694e-13      -2.762472060486e-12       0.000000000000e+00       3.547881094846e-16       1.069080044971e-16      -8.422399209626e-18 
 2024       3.154674886522e-11       9.771830487792e-13      -2.748015826166e-12       0.000000000000e+00       3.540746503665e-16       1.067607614676e-16      -8.324575525450e-18 
 2025       3.156432737798e-11       9.676537279785e-13      -2.733097014635e-12       0.000000000000e+00       3.533629505643e-16       1.066073945112e-16      -8.226937155461e-18 
 2026       3.158085155822e-11       9.581760067996e-13      -2.717722877646e-12       0.000000000000e+00       3.526530054036e-16       1.064476900438e-16      -8.129364379592e-18 
 2027       3.159629744017e-11       9.487526839386e-13      -2.701900699458e-12       0.000000000000e+00       3.519448101657e-16       1.062814336892e-16      -8.031737002225e-18 
 2028       3.161064097265e-11       9.393865685679e-13      -2.685637796880e-12       0.000000000000e+00       3.512383600869e-16       1.061084102782e-16      -7.933934351601e-18 
 2029       3.162385801903e-11       9.300804803491e-13      -2.668941519309e-12       0.000000000000e+00       3.505336503585e-16       1.059284038475e-16      -7.835835279233e-18 
 2030       3.163592435712e-11       9.208372494452e-13      -2.651819248776e-12       0.000000000000e+00       3.498306761274e-16       1.057411976389e-16      -7.737318159319e-18 
 2031       3.164681567905e-11       9.116597165338e-13      -2.634278399986e-12       0.000000000000e+00       3.491294324952e-16       1.055465740982e-16      -7.638260888153e-18 
 2032       3.165650759117e-11       9.025507328194e-13      -2.616326420356e-12       0.000000000000e+00       3.484299145185e-16       1.053443148744e-16      -7.538540883538e-18 
 2033       3.166497561398e-11       8.935131600460e-13      -2.597970790064e-12       0.000000000000e+00       3.477321172090e-16       1.051342008186e-16      -7.438035084196e-18 
 2034       3.167219518198e-11       8.845498705100e-13      -2.579219022081e-12       0.000000000000e+00       3.470360355330e-16       1.049160119830e-16      -7.336619949184e-18 
 2035       3.167814164361e-11       8.756637470729e-13      -2.560078662224e-12       0.000000000000e+00       3.463416644117e-16       1.046895276204e-16      -7.234171457302e-18 
 2036       3.168279026114e-11       8.668576831736e-13      -2.540557289188e-12       0.000000000000e+00       3.456489987211e-16       1.044545261824e-16      -7.130565106506e-18 
 2037       3.168611621053e-11       8.581345828415e-13      -2.520662514592e-12       0.000000000000e+00       3.449580332917e-16       1.042107853194e-16      -7.025675913322e-18 
 2038       3.168809458139e-11       8.494973607085e-13      -2.500401983021e-12       0.000000000000e+00       3.442687629086e-16       1.039580818788e-16      -6.919378412256e-18 
 2039       3.168870037683e-11       8.409489420226e-13      -2.479783372065e-12       0.000000000000e+00       3.435811823115e-16       1.036961919047e-16      -6.811546655209e-18 
 2040       3.168790851339e-11       8.324922626596e-13      -2.458814392364e-12       0.000000000000e+00       3.428952861943e-16       1.034248906365e-16      -6.702054210884e-18 
 2041       3.168569382091e-11       8.241302691365e-13      -2.437502787646e-12       0.000000000000e+00       3.422110692055e-16       1.031439525081e-16      -6.590774164203e-18 
 2042       3.168203104245e-11       8.158659186237e-13      -2.415856334774e-12       0.000000000000e+00       3.415285259478e-16       1.028531511471e-16      -6.477579115716e-18 
 2043       3.167689483419e-11       8.077021789579e-13      -2.393882843780e-12       0.000000000000e+00       3.408476509781e-16       1.025522593736e-16      -6.362341181015e-18 
 2044       3.167025976532e-11       7.996420286544e-13      -2.371590157913e-12       0.000000000000e+00       3.401684388076e-16       1.022410491992e-16      -6.244931990144e-18 
 2045       3.166210031792e-11       7.916884569204e-13      -2.348986153680e-12       0.000000000000e+00       3.394908839014e-16       1.019192918265e-16      -6.125222687014e-18 
 2046       3.165239088689e-11       7.838444636669e-13      -2.326078740882e-12       0.000000000000e+00       3.388149806787e-16       1.015867576475e-16      -6.003083928812e-18 
 2047       3.164110577985e-11       7.761130595221e-13      -2.302875862665e-12       0.000000000000e+00       3.381407235127e-16       1.012432162432e-16      -5.878385885416e-18 
 2048       3.162822384777e-11       7.684968917856e-13      -2.279385717479e-12       0.000000000000e+00       3.374681070371e-16       1.008885390193e-16      -5.751040265462e-18 
 2049       3.161374241344e-11       7.609971193465e-13      -2.255617426642e-12       0.000000000000e+00       3.367971270687e-16       1.005230079178e-16      -5.621126724076e-18 
 2050       3.159766344234e-11       7.536145297499e-13      -2.231580371634e-12       0.000000000000e+00       3.361277796911e-16       1.001470089103e-16      -5.488767357424e-18 
 2051       3.157998892099e-11       7.463499125262e-13      -2.207283972654e-12       0.000000000000e+00       3.354600609490e-16       9.976092956282e-17      -5.354084758692e-18 
 2052       3.156072085697e-11       7.392040591932e-13      -2.182737688661e-12       0.000000000000e+00       3.347939668478e-16       9.936515903788e-17      -5.217202018701e-18 
 2053       3.153986127892e-11       7.321777632584e-13      -2.157951017431e-12       0.000000000000e+00       3.341294933536e-16       9.896008809669e-17      -5.078242726519e-18 
 2054       3.151741223659e-11       7.252718202204e-13      -2.132933495599e-12       0.000000000000e+00       3.334666363934e-16       9.854610910099e-17      -4.937330970077e-18 
 2055       3.149337580090e-11       7.184870275714e-13      -2.107694698707e-12       0.000000000000e+00       3.328053918548e-16       9.812361601499e-17      -4.794591336780e-18 
 2056       3.146775406393e-11       7.118241847986e-13      -2.082244241257e-12       0.000000000000e+00       3.321457555857e-16       9.769300440746e-17      -4.650148914123e-18 
 2057       3.144054913895e-11       7.052840933866e-13      -2.056591776754e-12       0.000000000000e+00       3.314877233949e-16       9.725467145358e-17      -4.504129290305e-18 
 2058       3.141176316048e-11       6.988675568193e-13      -2.030746997754e-12       0.000000000000e+00       3.308312910514e-16       9.680901593703e-17      -4.356658554840e-18 
 2059       3.138139828431e-11       6.925753805816e-13      -2.004719635915e-12       0.000000000000e+00       3.301764542849e-16       9.635643825192e-17      -4.207863299176e-18 
 2060       3.134945668753e-11       6.864083721617e-13      -1.978519462046e-12       0.000000000000e+00       3.295232087850e-16       9.589734040475e-17      -4.057870617305e-18 
 2061       3.131594056855e-11       6.803673410526e-13      -1.952156286147e-12       0.000000000000e+00       3.288715502020e-16       9.543212601643e-17      -3.906808106376e-18 
 2062       3.128085214713e-11       6.744530987548e-13      -1.925639957468e-12       0.000000000000e+00       3.282214741462e-16       9.496120032423e-17      -3.754803867313e-18 
 2063       3.124419366445e-11       6.686664587774e-13      -1.898980364548e-12       0.000000000000e+00       3.275729761881e-16       9.448497018378e-17      -3.601986505425e-18 
 2064       3.120596738309e-11       6.630082366406e-13      -1.872187435269e-12       0.000000000000e+00       3.269260518584e-16       9.400384407103e-17      -3.448485131022e-18 
 2065       3.116617558709e-11       6.574792498777e-13      -1.845271136900e-12       0.000000000000e+00       3.262806966478e-16       9.351823208422e-17      -3.294429360028e-18 
 2066       3.112482058196e-11       6.520803180365e-13      -1.818241476146e-12       0.000000000000e+00       3.256369060068e-16       9.302854594591e-17      -3.139949314596e-18 
 2067       3.108190469475e-11       6.468122626821e-13      -1.791108499198e-12       0.000000000000e+00       3.249946753462e-16       9.253519900488e-17      -2.985175623721e-18 
 2068       3.103743027403e-11       6.416759073980e-13      -1.763882291779e-12       0.000000000000e+00       3.243540000363e-16       9.203860623818e-17      -2.830239423852e-18 
 2069       3.099139968997e-11       6.366720777888e-13      -1.736572979193e-12       0.000000000000e+00       3.237148754074e-16       9.153918425307e-17      -2.675272359510e-18 
 2070       3.094381533432e-11       6.318016014815e-13      -1.709190726371e-12       0.000000000000e+00       3.230772967496e-16       9.103735128901e-17      -2.520406583899e-18 
 2071       3.089467962050e-11       6.270653081281e-13      -1.681745737921e-12       0.000000000000e+00       3.224412593124e-16       9.053352721964e-17      -2.365774759519e-18 
 2072       3.084399498357e-11       6.224640294070e-13      -1.654248258177e-12       0.000000000000e+00       3.218067583054e-16       9.002813355474e-17      -2.211510058785e-18 
 2073       3.079176388031e-11       6.179985990252e-13      -1.626708571243e-12       0.000000000000e+00       3.211737888973e-16       8.952159344224e-17      -2.057746164634e-18 
 2074       3.073798878922e-11       6.136698527205e-13      -1.599137001046e-12       0.000000000000e+00       3.205423462166e-16       8.901433167019e-17      -1.904617271142e-18 
 2075       3.068267221056e-11       6.094786282631e-13      -1.571543911379e-12       0.000000000000e+00       3.199124253510e-16       8.850677466870e-17      -1.752258084142e-18 
 2076       3.062581666641e-11       6.054257654574e-13      -1.543939705953e-12       0.000000000000e+00       3.192840213480e-16       8.799935051197e-17      -1.600803821828e-18 
 2077       3.056742470064e-11       6.015121061446e-13      -1.516334828443e-12       0.000000000000e+00       3.186571292139e-16       8.749248892026e-17      -1.450390215380e-18 
 2078       3.050749887898e-11       5.977384942042e-13      -1.488739762536e-12       0.000000000000e+00       3.180317439148e-16       8.698662126183e-17      -1.301153509570e-18 
 2079       3.044604178907e-11       5.941057755560e-13      -1.461165031980e-12       0.000000000000e+00       3.174078603756e-16       8.648218055496e-17      -1.153230463379e-18 
 2080       3.038305604044e-11       5.906147981622e-13      -1.433621200631e-12       0.000000000000e+00       3.167854734806e-16       8.597960146992e-17      -1.006758350611e-18 
 2081       3.031854426459e-11       5.872664120290e-13      -1.406118872501e-12       0.000000000000e+00       3.161645780730e-16       8.547932033092e-17      -8.618749605041e-19 
 2082       3.025250911497e-11       5.840614692093e-13      -1.378668691808e-12       0.000000000000e+00       3.155451689552e-16       8.498177511814e-17      -7.187185983498e-19 
 2083       3.018495326707e-11       5.810008238037e-13      -1.351281343020e-12       0.000000000000e+00       3.149272408885e-16       8.448740546965e-17      -5.774280861014e-19 
 2084       3.011587941841e-11       5.780853319633e-13      -1.323967550907e-12       0.000000000000e+00       3.143107885931e-16       8.399665268345e-17      -4.381427629907e-19 
 2085       3.004529028857e-11       5.753158518912e-13      -1.296738080586e-12       0.000000000000e+00       3.136958067481e-16       8.350995971939e-17      -3.010024861412e-19 
 2086       2.997318861924e-11       5.726932438445e-13      -1.269603737573e-12       0.000000000000e+00       3.130822899913e-16       8.302777120118e-17      -1.661476311820e-19 
 2087       2.989958027015e-11       5.702180304779e-13      -1.242574658269e-12       0.000000000000e+00       3.124702332773e-16       8.255042777955e-17      -3.369078049925e-20 
 2088       2.982448353045e-11       5.678893752656e-13      -1.215658175903e-12       0.000000000000e+00       3.118596329540e-16       8.207784840784e-17       9.636843029542e-20 
 2089       2.974791987270e-11       5.657060969180e-13      -1.188860939722e-12       0.000000000000e+00       3.112504856935e-16       8.160984584189e-17       2.240587548629e-19 
 2090       2.966991086301e-11       5.636670083825e-13      -1.162189623212e-12       0.000000000000e+00       3.106427881345e-16       8.114623207558e-17       3.494090781655e-19 
 2091       2.959047816115e-11       5.617709168356e-13      -1.135650924131e-12       0.000000000000e+00       3.100365368826e-16       8.068681833991e-17       4.724484166323e-19 
 2092       2.950964352069e-11       5.600166236763e-13      -1.109251564533e-12       0.000000000000e+00       3.094317285101e-16       8.023141510209e-17       5.932059183251e-19 
 2093       2.942742878906e-11       5.584029245177e-13      -1.082998290800e-12       0.000000000000e+00       3.088283595559e-16       7.977983206458e-17       7.117108631044e-19 
 2094       2.934385590774e-11       5.569286091806e-13      -1.056897873670e-12       0.000000000000e+00       3.082264265257e-16       7.933187816419e-17       8.279926627950e-19 
 2095       2.925894691233e-11       5.555924616854e-13      -1.030957108264e-12       0.000000000000e+00       3.076259258913e-16       7.888736157111e-17       9.420808613515e-19 
 2096       2.917272393266e-11       5.543932602451e-13      -1.005182814115e-12       0.000000000000e+00       3.070268540915e-16       7.844608968800e-17       1.054005135025e-18 
 2097       2.908520919296e-11       5.533297772576e-13      -9.795818351967e-13       0.000000000000e+00       3.064292075313e-16       7.800786914909e-17       1.163795292527e-18 
 2098       2.899642501191e-11       5.524007792988e-13      -9.541610399524e-13       0.000000000000e+00       3.058329825821e-16       7.757250581920e-17       1.271481275199e-18 
 2099       2.890639380278e-11       5.516050271144e-13      -9.289273213221e-13       0.000000000000e+00       3.052381755818e-16       7.713980479283e-17       1.377093157172e-18 
 2100       2.881513807358e-11       5.509412756134e-13      -9.038875967725e-13       0.000000000000e+00       3.046447828344e-16       7.670957039322e-17       1.480661145539e-18 
 2101       2.872268042712e-11       5.504082738601e-13      -8.790488083241e-13       0.000000000000e+00       3.040528006103e-16       7.628160617146e-17       1.582215580518e-18 
 2102       2.862904356118e-11       5.500047650669e-13      -8.544179225808e-13       0.000000000000e+00       3.034622251461e-16       7.585571490551e-17       1.681786935615e-18 
 2103       2.853425026857e-11       5.497294865869e-13      -8.300019307574e-13       0.000000000000e+00       3.028730526444e-16       7.543169859928e-17       1.779405817794e-18 
 2104       2.843832343729e-11       5.495811699066e-13      -8.058078487088e-13       0.000000000000e+00       3.022852792742e-16       7.500935848171e-17       1.875102967642e-18 
 2105       2.834128605066e-11       5.495585406383e-13      -7.818427169579e-13       0.000000000000e+00       3.016989011702e-16       7.458849500586e-17       1.968909259533e-18 
 2106       2.824316118736e-11       5.496603185128e-13      -7.581136007243e-13       0.000000000000e+00       3.011139144335e-16       7.416890784793e-17       2.060855701793e-18 
 2107       2.814397202162e-11       5.498852173722e-13      -7.346275899527e-13       0.000000000000e+00       3.005303151307e-16       7.375039590637e-17       2.150973436871e-18 
 2108       2.804374182333e-11       5.502319451622e-13      -7.113917993416e-13       0.000000000000e+00       2.999480992947e-16       7.333275730094e-17       2.239293741499e-18 
 2109       2.794249395810e-11       5.506992039247e-13      -6.884133683712e-13       0.000000000000e+00       2.993672629240e-16       7.291578937175e-17       2.325848026861e-18 
 2110       2.784025188743e-11       5.512856897909e-13      -6.656994613324e-13       0.000000000000e+00       2.987878019831e-16       7.249928867838e-17       2.410667838757e-18 
 2111       2.773703916881e-11       5.519900929732e-13      -6.432572673548e-13       0.000000000000e+00       2.982097124022e-16       7.208305099893e-17       2.493784857771e-18 
 2112       2.763287945585e-11       5.528110977583e-13      -6.210940004356e-13       0.000000000000e+00       2.976329900770e-16       7.166687132905e-17       2.575230899433e-18 
 2113       2.752779649836e-11       5.537473824996e-13      -5.992168994677e-13       0.000000000000e+00       2.970576308692e-16       7.125054388107e-17       2.655037914391e-18 
 2114       2.742181414249e-11       5.547976196100e-13      -5.776332282683e-13       0.000000000000e+00       2.964836306059e-16       7.083386208305e-17       2.733237988569e-18 
 2115       2.731495633086e-11       5.559604755543e-13      -5.563502756073e-13       0.000000000000e+00       2.959109850797e-16       7.041661857782e-17       2.809863343340e-18 
 2116       2.720724710266e-11       5.572346108418e-13      -5.353753552357e-13       0.000000000000e+00       2.953396900488e-16       6.999860522207e-17       2.884946335687e-18 
 2117       2.709871059374e-11       5.586186800189e-13      -5.147158059144e-13       0.000000000000e+00       2.947697412370e-16       6.957961308545e-17       2.958519458371e-18 
 2118       2.698937103679e-11       5.601113316622e-13      -4.943789914419e-13       0.000000000000e+00       2.942011343333e-16       6.915943244959e-17       3.030615340095e-18 
 2119       2.687925276139e-11       5.617112083702e-13      -4.743723006838e-13       0.000000000000e+00       2.936338649920e-16       6.873785280719e-17       3.101266745672e-18 
 2120       2.676838019417e-11       5.634169467567e-13      -4.547031476001e-13       0.000000000000e+00       2.930679288331e-16       6.831466286110e-17       3.170506576190e-18 
 2121       2.665677785892e-11       5.652271774429e-13      -4.353789712745e-13       0.000000000000e+00       2.925033214413e-16       6.788965052336e-17       3.238367869177e-18 
 2122       2.654447037667e-11       5.671405250505e-13      -4.164072359428e-13       0.000000000000e+00       2.919400383670e-16       6.746260291432e-17       3.304883798766e-18 
 2123       2.643148246587e-11       5.691556081937e-13      -3.977954310206e-13       0.000000000000e+00       2.913780751254e-16       6.703330636165e-17       3.370087675865e-18 
 2124       2.631783894243e-11       5.712710394724e-13      -3.795510711327e-13       0.000000000000e+00       2.908174271972e-16       6.660154639945e-17       3.434012948318e-18 
 2125       2.620356471991e-11       5.734854254642e-13      -3.616816961409e-13       0.000000000000e+00       2.902580900277e-16       6.616710776732e-17       3.496693201073e-18 
 2126       2.608868500517e-11       5.757972347908e-13      -3.441937464497e-13       0.000000000000e+00       2.897000593225e-16       6.572983538422e-17       3.558162845458e-18 
 2127       2.597322588668e-11       5.782044013366e-13      -3.270891804005e-13       0.000000000000e+00       2.891433319343e-16       6.528981773102e-17       3.618459191872e-18 
 2128       2.585721375050e-11       5.807047182833e-13      -3.103688336434e-13       0.000000000000e+00       2.885879049818e-16       6.484720472878e-17       3.677620391697e-18 
 2129       2.574067508520e-11       5.832959697773e-13      -2.940335417441e-13       0.000000000000e+00       2.880337755553e-16       6.440214687925e-17       3.735684749663e-18 
 2130       2.562363648197e-11       5.859759309191e-13      -2.780841401826e-13       0.000000000000e+00       2.874809407164e-16       6.395479526558e-17       3.792690724039e-18 
 2131       2.550612463475e-11       5.887423677525e-13      -2.625214643519e-13       0.000000000000e+00       2.869293974984e-16       6.350530155299e-17       3.848676926809e-18 
 2132       2.538816634035e-11       5.915930372535e-13      -2.473463495562e-13       0.000000000000e+00       2.863791429058e-16       6.305381798944e-17       3.903682123863e-18 
 2133       2.526978849857e-11       5.945256873194e-13      -2.325596310102e-13       0.000000000000e+00       2.858301739145e-16       6.260049740636e-17       3.957745235178e-18 
 2134       2.515101811231e-11       5.975380567581e-13      -2.181621438369e-13       0.000000000000e+00       2.852824874718e-16       6.214549321932e-17       4.010905335000e-18 
 2135       2.503188228773e-11       6.006278752770e-13      -2.041547230668e-13       0.000000000000e+00       2.847360804962e-16       6.168895942868e-17       4.063201652033e-18 
 2136       2.491240823430e-11       6.037928634722e-13      -1.905382036363e-13       0.000000000000e+00       2.841909498776e-16       6.123105062034e-17       4.114673569620e-18 
 2137       2.479262326502e-11       6.070307328177e-13      -1.773134203862e-13       0.000000000000e+00       2.836470924769e-16       6.077192196640e-17       4.165360625925e-18 
 2138       2.467255479644e-11       6.103391856542e-13      -1.644812080606e-13       0.000000000000e+00       2.831045051262e-16       6.031172922582e-17       4.215302514122e-18 
 2139       2.455223034884e-11       6.137159151785e-13      -1.520424013052e-13       0.000000000000e+00       2.825631846288e-16       5.985062874514e-17       4.264539082576e-18 
 2140       2.443167754636e-11       6.171586054327e-13      -1.399978346658e-13       0.000000000000e+00       2.820231277590e-16       5.938877745919e-17       4.313110335028e-18 
 2141       2.431092411708e-11       6.206649312927e-13      -1.283483425875e-13       0.000000000000e+00       2.814843312621e-16       5.892633289172e-17       4.361056430778e-18 
 2142       2.418999789317e-11       6.242325584582e-13      -1.170947594128e-13       0.000000000000e+00       2.809467918544e-16       5.846345315611e-17       4.408417684870e-18 
 2143       2.406892681101e-11       6.278591434408e-13      -1.062379193801e-13       0.000000000000e+00       2.804105062233e-16       5.800029695609e-17       4.455234568276e-18 
 2144       2.394773891128e-11       6.315423335542e-13      -9.577865662285e-14       0.000000000000e+00       2.798754710268e-16       5.753702358638e-17       4.501547708081e-18 
 2145       2.382646233913e-11       6.352797669021e-13      -8.571780516760e-14       0.000000000000e+00       2.793416828941e-16       5.707379293340e-17       4.547397887665e-18 
 2146       2.370512534428e-11       6.390690723686e-13      -7.605619893296e-14       0.000000000000e+00       2.788091384249e-16       5.661076547598e-17       4.592826046887e-18 
 2147       2.358375628112e-11       6.429078696061e-13      -6.679467172803e-14       0.000000000000e+00       2.782778341899e-16       5.614810228600e-17       4.637873282273e-18 
 2148       2.346238360887e-11       6.467937690252e-13      -5.793405725107e-14       0.000000000000e+00       2.777477667305e-16       5.568596502910e-17       4.682580847196e-18 
 2149       2.334103589166e-11       6.507243717836e-13      -4.947518908808e-14       0.000000000000e+00       2.772189325587e-16       5.522451596538e-17       4.726990152059e-18 
 2150       2.321974179871e-11       6.546972697750e-13      -4.141890071141e-14       0.000000000000e+00       2.766913281571e-16       5.476391795007e-17       4.771142764486e-18 
 2151       2.309853010437e-11       6.587100456183e-13      -3.376602547838e-14       0.000000000000e+00       2.761649499793e-16       5.430433443424e-17       4.815080409497e-18 
 2152       2.297742968832e-11       6.627602726472e-13      -2.651739662984e-14       0.000000000000e+00       2.756397944489e-16       5.384592946545e-17       4.858844969699e-18 
 2153       2.285646953564e-11       6.668455148983e-13      -1.967384728883e-14       0.000000000000e+00       2.751158579604e-16       5.338886768847e-17       4.902478485468e-18 
 2154       2.273567873695e-11       6.709633271011e-13      -1.323621045912e-14       0.000000000000e+00       2.745931368787e-16       5.293331434597e-17       4.946023155131e-18 
 2155       2.261508648855e-11       6.751112546668e-13      -7.205319023876e-15       0.000000000000e+00       2.740716275392e-16       5.247943527916e-17       4.989521335154e-18 
 2156       2.249472209249e-11       6.792868336773e-13      -1.582005744228e-15       0.000000000000e+00       2.735513262475e-16       5.202739692855e-17       5.033015540321e-18 
 2157       2.237461495675e-11       6.834875908743e-13       3.632896742124e-15       0.000000000000e+00       2.730322292797e-16       5.157736633457e-17       5.076548443923e-18 
 2158       2.225479459531e-11       6.877110436487e-13       8.438555922297e-15       0.000000000000e+00       2.725143328822e-16       5.112951113832e-17       5.120162877939e-18 
 2159       2.213529062833e-11       6.919547000293e-13       1.283413940963e-14       0.000000000000e+00       2.719976332718e-16       5.068399958219e-17       5.163901833223e-18 
 2160       2.201613278220e-11       6.962160586723e-13       1.681881494507e-14       0.000000000000e+00       2.714821266352e-16       5.024100051061e-17       5.207808459683e-18 
 2161       2.189735088973e-11       7.004926088500e-13       2.039175039859e-14       0.000000000000e+00       2.709678091296e-16       4.980068337069e-17       5.251926066470e-18 
 2162       2.177897489021e-11       7.047818304402e-13       2.355211377055e-14       0.000000000000e+00       2.704546768823e-16       4.936321821295e-17       5.296298122161e-18 
 2163       2.166103482959e-11       7.090811939154e-13       2.629907319312e-14       0.000000000000e+00       2.699427259905e-16       4.892877569196e-17       5.340968254940e-18 
 2164       2.154356086056e-11       7.133881603314e-13       2.863179693169e-14       0.000000000000e+00       2.694319525217e-16       4.849752706707e-17       5.385980252788e-18 
 2165       2.142658095017e-11       7.177002925048e-13       3.055031605287e-14       0.000000000000e+00       2.689223528002e-16       4.806960579250e-17       5.431367336402e-18 
 2166       2.131011398552e-11       7.220155893867e-13       3.205811880121e-14       0.000000000000e+00       2.684139242703e-16       4.764499200240e-17       5.477119898339e-18 
 2167       2.119417662169e-11       7.263321539283e-13       3.315957376750e-14       0.000000000000e+00       2.679066646386e-16       4.722362724609e-17       5.523217546106e-18 
 2168       2.107878557010e-11       7.306480820897e-13       3.385906883829e-14       0.000000000000e+00       2.674005715885e-16       4.680545282744e-17       5.569639809521e-18 
 2169       2.096395759856e-11       7.349614628322e-13       3.416101121942e-14       0.000000000000e+00       2.668956427793e-16       4.639040980454e-17       5.616366140626e-18 
 2170       2.084970953132e-11       7.392703781100e-13       3.406982745944e-14       0.000000000000e+00       2.663918758465e-16       4.597843898946e-17       5.663375913595e-18 
 2171       2.073605824917e-11       7.435729028625e-13       3.358996347311e-14       0.000000000000e+00       2.658892684018e-16       4.556948094791e-17       5.710648424640e-18 
 2172       2.062302068947e-11       7.478671050060e-13       3.272588456488e-14       0.000000000000e+00       2.653878180332e-16       4.516347599896e-17       5.758162891928e-18 
 2173       2.051061384621e-11       7.521510454258e-13       3.148207545234e-14       0.000000000000e+00       2.648875223045e-16       4.476036421475e-17       5.805898455483e-18 
 2174       2.039885477012e-11       7.564227779679e-13       2.986304028968e-14       0.000000000000e+00       2.643883787559e-16       4.436008542017e-17       5.853834177100e-18 
 2175       2.028776056866e-11       7.606803494311e-13       2.787330269121e-14       0.000000000000e+00       2.638903849032e-16       4.396257919260e-17       5.901949040253e-18 
 2176       2.017734840614e-11       7.649217995592e-13       2.551740575480e-14       0.000000000000e+00       2.633935382386e-16       4.356778486160e-17       5.950221950006e-18 
 2177       2.006763550377e-11       7.691451610325e-13       2.279991208533e-14       0.000000000000e+00       2.628978362300e-16       4.317564150860e-17       5.998631732921e-18 
 2178       1.995863913970e-11       7.733484594599e-13       1.972540381821e-14       0.000000000000e+00       2.624032763213e-16       4.278608796662e-17       6.047157136967e-18 
 2179       1.985037664912e-11       7.775297133711e-13       1.629848264284e-14       0.000000000000e+00       2.619098559323e-16       4.239906281998e-17       6.095776831433e-18 
 2180       1.974286542427e-11       7.816869342084e-13       1.252376982603e-14       0.000000000000e+00       2.614175724587e-16       4.201450440400e-17       6.144469406833e-18 
 2181       1.963612291458e-11       7.858181263183e-13       8.405906235556e-15       0.000000000000e+00       2.609264232719e-16       4.163235080467e-17       6.193213374818e-18 
 2182       1.953016662664e-11       7.899212869441e-13       3.949552363563e-15       0.000000000000e+00       2.604364057191e-16       4.125253985842e-17       6.241987168087e-18 
 2183       1.942501412435e-11       7.939944062173e-13      -8.406116499284e-16       0.000000000000e+00       2.599475171234e-16       4.087500915179e-17       6.290769140294e-18 
 2184       1.932068302891e-11       7.980354671499e-13      -5.959885993561e-15       0.000000000000e+00       2.594597547834e-16       4.049969602110e-17       6.339537565958e-18 
 2185       1.921719101895e-11       8.020424456260e-13      -1.140355116117e-14       0.000000000000e+00       2.589731159735e-16       4.012653755224e-17       6.388270640375e-18 
 2186       1.911455583052e-11       8.060133103943e-13      -1.716686792830e-14       0.000000000000e+00       2.584875979437e-16       3.975547058028e-17       6.436946479521e-18 
 2187       1.901279525722e-11       8.099460230593e-13      -2.324507732875e-14       0.000000000000e+00       2.580031979198e-16       3.938643168924e-17       6.485543119973e-18 
 2188       1.891192715022e-11       8.138385380741e-13      -2.963340063109e-14       0.000000000000e+00       2.575199131028e-16       3.901935721178e-17       6.534038518805e-18 
 2189       1.881196941835e-11       8.176888027315e-13      -3.632703931519e-14       0.000000000000e+00       2.570377406695e-16       3.865418322888e-17       6.582410553509e-18 
 2190       1.871294002814e-11       8.214947571566e-13      -4.332117504876e-14       0.000000000000e+00       2.565566777722e-16       3.829084556959e-17       6.630637021898e-18 
 2191       1.861485700388e-11       8.252543342985e-13      -5.061096966386e-14       0.000000000000e+00       2.560767215386e-16       3.792927981068e-17       6.678695642018e-18 
 2192       1.851773842772e-11       8.289654599222e-13      -5.819156513343e-14       0.000000000000e+00       2.555978690718e-16       3.756942127639e-17       6.726564052057e-18 
 2193       1.842160243969e-11       8.326260526006e-13      -6.605808354784e-14       0.000000000000e+00       2.551201174505e-16       3.721120503810e-17       6.774219810253e-18 
 2194       1.832646723779e-11       8.362340237066e-13      -7.420562709140e-14       0.000000000000e+00       2.546434637285e-16       3.685456591408e-17       6.821640394807e-18 
 2195       1.823235107802e-11       8.397872774047e-13      -8.262927801888e-14       0.000000000000e+00       2.541679049352e-16       3.649943846914e-17       6.868803203791e-18 
 2196       1.813927227451e-11       8.432837106433e-13      -9.132409863206e-14       0.000000000000e+00       2.536934380750e-16       3.614575701439e-17       6.915685555056e-18 
 2197       1.804724919949e-11       8.467212131465e-13      -1.002851312562e-13       0.000000000000e+00       2.532200601278e-16       3.579345560687e-17       6.962264686144e-18 
 2198       1.795630028344e-11       8.500976674060e-13      -1.095073982168e-13       0.000000000000e+00       2.527477680486e-16       3.544246804936e-17       7.008517754194e-18 
 2199       1.786644401509e-11       8.534109486732e-13      -1.189859018157e-13       0.000000000000e+00       2.522765587678e-16       3.509272788997e-17       7.054421835857e-18 
 2200       1.777769894151e-11       8.566589249510e-13      -1.287156243079e-13       0.000000000000e+00       2.518064291906e-16       3.474416842195e-17       7.099953927201e-18 
 2201       1.769008366817e-11       8.598394569859e-13      -1.386915278781e-13       0.000000000000e+00       2.513373761977e-16       3.439672268329e-17       7.145090943622e-18 
 2202       1.760361685901e-11       8.629503982597e-13      -1.489085546173e-13       0.000000000000e+00       2.508693966446e-16       3.405032345654e-17       7.189809719754e-18 
 2203       1.751831723650e-11       8.659895949818e-13      -1.593616264990e-13       0.000000000000e+00       2.504024873620e-16       3.370490326841e-17       7.234087009378e-18 
 2204       1.743420045738e-11       8.689551408606e-13      -1.700454369709e-13       0.000000000000e+00       2.499366452803e-16       3.336041922703e-17       7.277895523236e-18 
 2205       1.735126971725e-11       8.718461432849e-13      -1.809538242633e-13       0.000000000000e+00       2.494718678042e-16       3.301692771450e-17       7.321192013881e-18 
 2206       1.726952508371e-11       8.746619622159e-13      -1.920803938714e-13       0.000000000000e+00       2.490081524407e-16       3.267451018984e-17       7.363929111504e-18 
 2207       1.718896661499e-11       8.774019558673e-13      -2.034187265336e-13       0.000000000000e+00       2.485454966743e-16       3.233324839688e-17       7.406059278657e-18 
 2208       1.710959435993e-11       8.800654807041e-13      -2.149623782029e-13       0.000000000000e+00       2.480838979670e-16       3.199322436460e-17       7.447534810060e-18 
 2209       1.703140835798e-11       8.826518914402e-13      -2.267048800184e-13       0.000000000000e+00       2.476233537586e-16       3.165452040738e-17       7.488307832420e-18 
 2210       1.695440863914e-11       8.851605410374e-13      -2.386397382767e-13       0.000000000000e+00       2.471638614664e-16       3.131721912541e-17       7.528330304235e-18 
 2211       1.687859522400e-11       8.875907807028e-13      -2.507604344030e-13       0.000000000000e+00       2.467054184851e-16       3.098140340493e-17       7.567554015614e-18 
 2212       1.680396812371e-11       8.899419598878e-13      -2.630604249229e-13       0.000000000000e+00       2.462480221868e-16       3.064715641857e-17       7.605930588079e-18 
 2213       1.673052733994e-11       8.922134262859e-13      -2.755331414334e-13       0.000000000000e+00       2.457916699214e-16       3.031456162570e-17       7.643411474387e-18 
 2214       1.665827286490e-11       8.944045258311e-13      -2.881719905745e-13       0.000000000000e+00       2.453363590158e-16       2.998370277271e-17       7.679947958334e-18 
 2215       1.658720468129e-11       8.965146026959e-13      -3.009703540007e-13       0.000000000000e+00       2.448820867746e-16       2.965466389335e-17       7.715491154570e-18 
 2216       1.651732276232e-11       8.985429992899e-13      -3.139215883519e-13       0.000000000000e+00       2.444288504795e-16       2.932752930902e-17       7.749992008410e-18 
 2217       1.644862707168e-11       9.004890562580e-13      -3.270190252254e-13       0.000000000000e+00       2.439766473898e-16       2.900238362912e-17       7.783401295647e-18 
 2218       1.638111756353e-11       9.023521124782e-13      -3.402559711467e-13       0.000000000000e+00       2.435254747419e-16       2.867931175136e-17       7.815669622362e-18 
 2219       1.631479418247e-11       9.041315050605e-13      -3.536257075415e-13       0.000000000000e+00       2.430753297493e-16       2.835839886207e-17       7.846747424736e-18 
 2220       1.624965686355e-11       9.058265693444e-13      -3.671214907065e-13       0.000000000000e+00       2.426262096032e-16       2.803973043651e-17       7.876584968863e-18 
 2221       1.618570553223e-11       9.074366388980e-13      -3.807365517811e-13       0.000000000000e+00       2.421781114716e-16       2.772339223921e-17       7.905132350561e-18 
 2222       1.612294010439e-11       9.089610455154e-13      -3.944640967186e-13       0.000000000000e+00       2.417310324997e-16       2.740947032428e-17       7.932339495183e-18 
 2223       1.606136048629e-11       9.103991192155e-13      -4.082973062580e-13       0.000000000000e+00       2.412849698100e-16       2.709805103571e-17       7.958156157428e-18 
 2224       1.600096657460e-11       9.117501882402e-13      -4.222293358948e-13       0.000000000000e+00       2.408399205019e-16       2.678922100772e-17       7.982531921158e-18 
 2225       1.594175825633e-11       9.130135790521e-13      -4.362533158527e-13       0.000000000000e+00       2.403958816521e-16       2.648306716506e-17       8.005416199203e-18 
 2226       1.588373540884e-11       9.141886163335e-13      -4.503623510550e-13       0.000000000000e+00       2.399528503142e-16       2.617967672331e-17       8.026758233174e-18 
 2227       1.582689789983e-11       9.152746229843e-13      -4.645495210959e-13       0.000000000000e+00       2.395108235188e-16       2.587913718923e-17       8.046507093281e-18 
 2228       1.577124558734e-11       9.162709201199e-13      -4.788078802120e-13       0.000000000000e+00       2.390697982735e-16       2.558153636108e-17       8.064611678135e-18 
 2229       1.571677831969e-11       9.171768270702e-13      -4.931304572534e-13       0.000000000000e+00       2.386297715628e-16       2.528696232889e-17       8.081020714569e-18 
 2230       1.566349593552e-11       9.179916613770e-13      -5.075102556555e-13       0.000000000000e+00       2.381907403481e-16       2.499550347484e-17       8.095682757443e-18 
 2231       1.561139826373e-11       9.187147387929e-13      -5.219402534100e-13       0.000000000000e+00       2.377527015679e-16       2.470724847353e-17       8.108546189458e-18 
 2232       1.556048512349e-11       9.193453732793e-13      -5.364134030365e-13       0.000000000000e+00       2.373156521371e-16       2.442228629233e-17       8.119559220970e-18 
 2233       1.551075632422e-11       9.198828770045e-13      -5.509226315538e-13       0.000000000000e+00       2.368795889480e-16       2.414070619168e-17       8.128669889797e-18 
 2234       1.546221166557e-11       9.203265603422e-13      -5.654608404512e-13       0.000000000000e+00       2.364445088691e-16       2.386259772541e-17       8.135826061036e-18 
 2235       1.541485093744e-11       9.206757318696e-13      -5.800209056603e-13       0.000000000000e+00       2.360104087461e-16       2.358805074106e-17       8.140975426871e-18 
 2236       1.536867391989e-11       9.209296983656e-13      -5.945956775256e-13       0.000000000000e+00       2.355772854012e-16       2.331715538020e-17       8.144065506385e-18 
 2237       1.532368038321e-11       9.210877648090e-13      -6.091779807769e-13       0.000000000000e+00       2.351451356334e-16       2.305000207876e-17       8.145043645374e-18 
 2238       1.527987008786e-11       9.211492343771e-13      -6.237606144997e-13       0.000000000000e+00       2.347139562181e-16       2.278668156731e-17       8.143857016157e-18 
 2239       1.523724278445e-11       9.211134084436e-13      -6.383363521071e-13       0.000000000000e+00       2.342837439077e-16       2.252728487142e-17       8.140452617387e-18 
 2240       1.519579821375e-11       9.209795865767e-13      -6.528979413113e-13       0.000000000000e+00       2.338544954310e-16       2.227190331197e-17       8.134777273866e-18 
 2241       1.515553610666e-11       9.207470665379e-13      -6.674381040947e-13       0.000000000000e+00       2.334262074933e-16       2.202062850542e-17       8.126777636352e-18 
 2242       1.511645618421e-11       9.204151442797e-13      -6.819495366811e-13       0.000000000000e+00       2.329988767766e-16       2.177355236422e-17       8.116400181376e-18 
 2243       1.507855598836e-11       9.199833541081e-13      -6.964253575562e-13       0.000000000000e+00       2.325725001426e-16       2.153074182641e-17       8.103609662890e-18 
 2244       1.504182435903e-11       9.194521908867e-13      -7.108604547798e-13       0.000000000000e+00       2.321470752445e-16       2.129216286395e-17       8.088444599238e-18 
 2245       1.500624791449e-11       9.188223925427e-13      -7.252501474098e-13       0.000000000000e+00       2.317225999193e-16       2.105775597907e-17       8.070962147969e-18 
 2246       1.497181321656e-11       9.180947003352e-13      -7.395897382349e-13       0.000000000000e+00       2.312990719848e-16       2.082746142956e-17       8.051219687135e-18 
 2247       1.493850677057e-11       9.172698588587e-13      -7.538745137556e-13       0.000000000000e+00       2.308764892394e-16       2.060121922853e-17       8.029274815539e-18 
 2248       1.490631502531e-11       9.163486160475e-13      -7.680997441675e-13       0.000000000000e+00       2.304548494624e-16       2.037896914407e-17       8.005185352989e-18 
 2249       1.487522437291e-11       9.153317231793e-13      -7.822606833422e-13       0.000000000000e+00       2.300341504135e-16       2.016065069902e-17       7.979009340548e-18 
 2250       1.484522114883e-11       9.142199348796e-13      -7.963525688103e-13       0.000000000000e+00       2.296143898333e-16       1.994620317064e-17       7.950805040788e-18 
 2251       1.481629163175e-11       9.130140091252e-13      -8.103706217429e-13       0.000000000000e+00       2.291955654431e-16       1.973556559034e-17       7.920630938039e-18 
 2252       1.478842204353e-11       9.117147072484e-13      -8.243100469338e-13       0.000000000000e+00       2.287776749445e-16       1.952867674343e-17       7.888545738642e-18 
 2253       1.476159854915e-11       9.103227939410e-13      -8.381660327818e-13       0.000000000000e+00       2.283607160199e-16       1.932547516876e-17       7.854608371200e-18 
 2254       1.473580725663e-11       9.088390372583e-13      -8.519337512722e-13       0.000000000000e+00       2.279446863323e-16       1.912589915851e-17       7.818877986830e-18 
 2255       1.471103421694e-11       9.072642086227e-13      -8.656083579596e-13       0.000000000000e+00       2.275295835250e-16       1.892988675788e-17       7.781413959415e-18 
 2256       1.468726542398e-11       9.055990828283e-13      -8.791849919494e-13       0.000000000000e+00       2.271154052220e-16       1.873737576478e-17       7.742275885856e-18 
 2257       1.466448681449e-11       9.038444380443e-13      -8.926587758802e-13       0.000000000000e+00       2.267021490277e-16       1.854830372958e-17       7.701523586323e-18 
 2258       1.464268426799e-11       9.020010558192e-13      -9.060248159055e-13       0.000000000000e+00       2.262898125269e-16       1.836260795481e-17       7.659217104504e-18 
 2259       1.462184360670e-11       9.000697210848e-13      -9.192782016762e-13       0.000000000000e+00       2.258783932848e-16       1.818022549488e-17       7.615416707863e-18 
 2260       1.460195059550e-11       8.980512221601e-13      -9.324140063223e-13       0.000000000000e+00       2.254678888472e-16       1.800109315578e-17       7.570182887885e-18 
 2261       1.458299094182e-11       8.959463507551e-13      -9.454272864353e-13       0.000000000000e+00       2.250582967400e-16       1.782514749483e-17       7.523576360333e-18 
 2262       1.456495029564e-11       8.937559019754e-13      -9.583130820498e-13       0.000000000000e+00       2.246496144696e-16       1.765232482037e-17       7.475658065495e-18 
 2263       1.454781424936e-11       8.914806743252e-13      -9.710664166262e-13       0.000000000000e+00       2.242418395227e-16       1.748256119146e-17       7.426489168440e-18 
 2264       1.453156833777e-11       8.891214697121e-13      -9.836822970322e-13       0.000000000000e+00       2.238349693662e-16       1.731579241764e-17       7.376131059264e-18 
 2265       1.451619803796e-11       8.866790934507e-13      -9.961557135250e-13       0.000000000000e+00       2.234290014472e-16       1.715195405860e-17       7.324645353350e-18 
 2266       1.450168876928e-11       8.841543542665e-13      -1.008481639734e-12       0.000000000000e+00       2.230239331934e-16       1.699098142393e-17       7.272093891611e-18 
 2267       1.448802589327e-11       8.815480643002e-13      -1.020655032641e-12       0.000000000000e+00       2.226197620122e-16       1.683280957282e-17       7.218538740748e-18 
 2268       1.447519471357e-11       8.788610391111e-13      -1.032670832565e-12       0.000000000000e+00       2.222164852915e-16       1.667737331378e-17       7.164042193496e-18 
 2269       1.446318047587e-11       8.760940976819e-13      -1.044523963142e-12       0.000000000000e+00       2.218141003993e-16       1.652460720434e-17       7.108666768882e-18 
 2270       1.445196836786e-11       8.732480624217e-13      -1.056209331309e-12       0.000000000000e+00       2.214126046837e-16       1.637444555079e-17       7.052475212472e-18 
 2271       1.444154351911e-11       8.703237591709e-13      -1.067721827283e-12       0.000000000000e+00       2.210119954729e-16       1.622682240788e-17       6.995530496623e-18 
 2272       1.443189100109e-11       8.673220172042e-13      -1.079056324546e-12       0.000000000000e+00       2.206122700751e-16       1.608167157854e-17       6.937895820738e-18 
 2273       1.442299582702e-11       8.642436692356e-13      -1.090207679828e-12       0.000000000000e+00       2.202134257787e-16       1.593892661359e-17       6.879634611514e-18 
 2274       1.441484295184e-11       8.610895514215e-13      -1.101170733083e-12       0.000000000000e+00       2.198154598519e-16       1.579852081148e-17       6.820810523194e-18 
 2275       1.440741727216e-11       8.578605033653e-13      -1.111940307480e-12       0.000000000000e+00       2.194183695432e-16       1.566038721795e-17       6.761487437821e-18 
 2276       1.440070362616e-11       8.545573681207e-13      -1.122511209376e-12       0.000000000000e+00       2.190221520807e-16       1.552445862582e-17       6.701729465489e-18 
 2277       1.439468679355e-11       8.511809921965e-13      -1.132878228306e-12       0.000000000000e+00       2.186268046727e-16       1.539066757464e-17       6.641600944592e-18 
 2278       1.438935149550e-11       8.477322255599e-13      -1.143036136958e-12       0.000000000000e+00       2.182323245073e-16       1.525894635043e-17       6.581166442079e-18 
 2279       1.438468239454e-11       8.442119216405e-13      -1.152979691161e-12       0.000000000000e+00       2.178387087526e-16       1.512922698543e-17       6.520490753703e-18 
 2280       1.438066409456e-11       8.406209373349e-13      -1.162703629864e-12       0.000000000000e+00       2.174459545564e-16       1.500144125776e-17       6.459638904275e-18 
 2281       1.437728114067e-11       8.369601330097e-13      -1.172202675118e-12       0.000000000000e+00       2.170540590464e-16       1.487552069114e-17       6.398676147914e-18 
 2282       1.437451775845e-11       8.332304764210e-13      -1.181472275282e-12       0.000000000000e+00       2.166630195715e-16       1.475141411345e-17       6.337662433153e-18 
 2283       1.437235706979e-11       8.294333551898e-13      -1.190510839889e-12       0.000000000000e+00       2.162728344275e-16       1.462914045584e-17       6.276635758946e-18 
 2284       1.437078187189e-11       8.255702663386e-13      -1.199317519079e-12       0.000000000000e+00       2.158835021358e-16       1.450873629176e-17       6.215628712381e-18 
 2285       1.436977489743e-11       8.216427125655e-13      -1.207891461682e-12       0.000000000000e+00       2.154950212027e-16       1.439023830903e-17       6.154673994256e-18 
 2286       1.436931881450e-11       8.176522022507e-13      -1.216231815216e-12       0.000000000000e+00       2.151073901193e-16       1.427368330999e-17       6.093804419203e-18 
 2287       1.436939622659e-11       8.136002494621e-13      -1.224337725883e-12       0.000000000000e+00       2.147206073616e-16       1.415910821159e-17       6.033052915809e-18 
 2288       1.436998967242e-11       8.094883739628e-13      -1.232208338572e-12       0.000000000000e+00       2.143346713901e-16       1.404655004552e-17       5.972452526747e-18 
 2289       1.437108162596e-11       8.053181012162e-13      -1.239842796856e-12       0.000000000000e+00       2.139495806502e-16       1.393604595834e-17       5.912036408893e-18 
 2290       1.437265449630e-11       8.010909623936e-13      -1.247240242993e-12       0.000000000000e+00       2.135653335719e-16       1.382763321158e-17       5.851837833454e-18 
 2291       1.437469062758e-11       7.968084943794e-13      -1.254399817922e-12       0.000000000000e+00       2.131819285699e-16       1.372134918188e-17       5.791890186091e-18 
 2292       1.437717229897e-11       7.924722397786e-13      -1.261320661266e-12       0.000000000000e+00       2.127993640436e-16       1.361723136110e-17       5.732226967044e-18 
 2293       1.438008172453e-11       7.880837469220e-13      -1.268001911329e-12       0.000000000000e+00       2.124176383770e-16       1.351531735643e-17       5.672881791254e-18 
 2294       1.438340105317e-11       7.836445698736e-13      -1.274442705095e-12       0.000000000000e+00       2.120367499388e-16       1.341564489055e-17       5.613888388492e-18 
 2295       1.438711236861e-11       7.791562684362e-13      -1.280642178228e-12       0.000000000000e+00       2.116566970822e-16       1.331825180168e-17       5.555280603476e-18 
 2296       1.439119768923e-11       7.746204081583e-13      -1.286599465071e-12       0.000000000000e+00       2.112774781450e-16       1.322317604377e-17       5.497092396002e-18 
 2297       1.439563896806e-11       7.700385603400e-13      -1.292313698646e-12       0.000000000000e+00       2.108990914496e-16       1.313045568658e-17       5.439357841063e-18 
 2298       1.440041809271e-11       7.654123020397e-13      -1.297784010652e-12       0.000000000000e+00       2.105215353029e-16       1.304012891583e-17       5.382111128977e-18 
 2299       1.440551688526e-11       7.607432160805e-13      -1.303009531462e-12       0.000000000000e+00       2.101448079964e-16       1.295223403327e-17       5.325386565509e-18 
 2300       1.441091710219e-11       7.560328910560e-13      -1.307989390129e-12       0.000000000000e+00       2.097689078058e-16       1.286680945685e-17       5.269218571995e-18 
 2301       1.441660043435e-11       7.512829213375e-13      -1.312722714377e-12       0.000000000000e+00       2.093938329916e-16       1.278389372081e-17       5.213641685469e-18 
 2302       1.442254850686e-11       7.464949070796e-13      -1.317208630607e-12       0.000000000000e+00       2.090195817986e-16       1.270352547583e-17       5.158690558781e-18 
 2303       1.442874287902e-11       7.416704542270e-13      -1.321446263891e-12       0.000000000000e+00       2.086461524562e-16       1.262574348911e-17       5.104399960728e-18 
 2304       1.443516504428e-11       7.368111745209e-13      -1.325434737974e-12       0.000000000000e+00       2.082735431778e-16       1.255058664452e-17       5.050804776176e-18 
 2305       1.444179643013e-11       7.319186855050e-13      -1.329173175274e-12       0.000000000000e+00       2.079017521617e-16       1.247809394270e-17       4.997940006181e-18 
 2306       1.444861839804e-11       7.269946105321e-13      -1.332660696879e-12       0.000000000000e+00       2.075307775901e-16       1.240830450121e-17       4.945840768117e-18 
 2307       1.445561224341e-11       7.220405787704e-13      -1.335896422546e-12       0.000000000000e+00       2.071606176299e-16       1.234125755461e-17       4.894542295798e-18 
 2308       1.446275919547e-11       7.170582252101e-13      -1.338879470701e-12       0.000000000000e+00       2.067912704322e-16       1.227699245462e-17       4.844079939604e-18 
 2309       1.447004041720e-11       7.120491906694e-13      -1.341608958442e-12       0.000000000000e+00       2.064227341322e-16       1.221554867020e-17       4.794489166603e-18 
 2310       1.447743700531e-11       7.070151218009e-13      -1.344084001529e-12       0.000000000000e+00       2.060550068498e-16       1.215696578770e-17       4.745805560676e-18 
 2311       1.448492999009e-11       7.019576710982e-13      -1.346303714392e-12       0.000000000000e+00       2.056880866887e-16       1.210128351097e-17       4.698064822642e-18 
 2312       1.449250033541e-11       6.968784969021e-13      -1.348267210128e-12       0.000000000000e+00       2.053219717373e-16       1.204854166148e-17       4.651302770381e-18 
 2313       1.450012893861e-11       6.917792634071e-13      -1.349973600496e-12       0.000000000000e+00       2.049566600678e-16       1.199878017845e-17       4.605555338960e-18 
 2314       1.450779663043e-11       6.866616406675e-13      -1.351421995921e-12       0.000000000000e+00       2.045921497367e-16       1.195203911893e-17       4.560858580755e-18 
 2315       1.451548417496e-11       6.815273046039e-13      -1.352611505491e-12       0.000000000000e+00       2.042284387850e-16       1.190835865798e-17       4.517248665574e-18 
 2316       1.452317226954e-11       6.763779370097e-13      -1.353541236958e-12       0.000000000000e+00       2.038655252374e-16       1.186777908875e-17       4.474761880785e-18 
 2317       1.453084154469e-11       6.712152255573e-13      -1.354210296733e-12       0.000000000000e+00       2.035034071031e-16       1.183034082260e-17       4.433434631440e-18 
 2318       1.453847256407e-11       6.660408638044e-13      -1.354617789890e-12       0.000000000000e+00       2.031420823750e-16       1.179608438925e-17       4.393303440394e-18 
 2319       1.454604582436e-11       6.608565512005e-13      -1.354762820164e-12       0.000000000000e+00       2.027815490306e-16       1.176505043685e-17       4.354404948434e-18 
 2320       1.455354175524e-11       6.556639930933e-13      -1.354644489946e-12       0.000000000000e+00       2.024218050310e-16       1.173727973217e-17       4.316775914402e-18 
 2321       1.456094212993e-11       6.504648373520e-13      -1.354262497929e-12       0.000000000000e+00       2.020628483699e-16       1.171279462714e-17       4.280435126569e-18 
 2322       1.456823430682e-11       6.452604837887e-13      -1.353618936138e-12       0.000000000000e+00       2.017046772180e-16       1.169154333084e-17       4.245329011811e-18 
 2323       1.457540701447e-11       6.400522735474e-13      -1.352716504232e-12       0.000000000000e+00       2.013472897792e-16       1.167345528622e-17       4.211385683587e-18 
 2324       1.458244894336e-11       6.348415523830e-13      -1.351557912902e-12       0.000000000000e+00       2.009906842424e-16       1.165845967146e-17       4.178532999255e-18 
 2325       1.458934874581e-11       6.296296706663e-13      -1.350145883888e-12       0.000000000000e+00       2.006348587813e-16       1.164648539962e-17       4.146698559790e-18 
 2326       1.459609503596e-11       6.244179833884e-13      -1.348483149988e-12       0.000000000000e+00       2.002798115548e-16       1.163746111838e-17       4.115809709511e-18 
 2327       1.460267638974e-11       6.192078501663e-13      -1.346572455073e-12       0.000000000000e+00       1.999255407066e-16       1.163131520974e-17       4.085793535800e-18 
 2328       1.460908134482e-11       6.140006352476e-13      -1.344416554098e-12       0.000000000000e+00       1.995720443652e-16       1.162797578971e-17       4.056576868822e-18 
 2329       1.461529840056e-11       6.087977075152e-13      -1.342018213113e-12       0.000000000000e+00       1.992193206442e-16       1.162737070806e-17       4.028086281249e-18 
 2330       1.462131601798e-11       6.036004404927e-13      -1.339380209280e-12       0.000000000000e+00       1.988673676419e-16       1.162942754796e-17       4.000248087979e-18 
 2331       1.462712261973e-11       5.984102123489e-13      -1.336505330881e-12       0.000000000000e+00       1.985161834414e-16       1.163407362576e-17       3.972988345859e-18 
 2332       1.463270659001e-11       5.932284059033e-13      -1.333396377333e-12       0.000000000000e+00       1.981657661108e-16       1.164123599065e-17       3.946232853405e-18 
 2333       1.463805627458e-11       5.880564086303e-13      -1.330056159200e-12       0.000000000000e+00       1.978161137030e-16       1.165084142437e-17       3.919907150524e-18 
 2334       1.464315998068e-11       5.828956126649e-13      -1.326487498204e-12       0.000000000000e+00       1.974672242554e-16       1.166281644094e-17       3.893936518238e-18 
 2335       1.464800597701e-11       5.777474148072e-13      -1.322693227241e-12       0.000000000000e+00       1.971190957905e-16       1.167708728635e-17       3.868245978399e-18 
 2336       1.465258249368e-11       5.726132165274e-13      -1.318676190388e-12       0.000000000000e+00       1.967717263154e-16       1.169357993829e-17       3.842760293419e-18 
 2337       1.465687772217e-11       5.674944239709e-13      -1.314439242922e-12       0.000000000000e+00       1.964251138218e-16       1.171222010582e-17       3.817403965983e-18 
 2338       1.466087981530e-11       5.623924479633e-13      -1.309985251328e-12       0.000000000000e+00       1.960792562864e-16       1.173293322909e-17       3.792101238776e-18 
 2339       1.466457688717e-11       5.573087040148e-13      -1.305317093312e-12       0.000000000000e+00       1.957341516702e-16       1.175564447908e-17       3.766776094201e-18 
 2340       1.466795701314e-11       5.522446123261e-13      -1.300437657814e-12       0.000000000000e+00       1.953897979193e-16       1.178027875726e-17       3.741352254104e-18 
 2341       1.467100822978e-11       5.472015977923e-13      -1.295349845023e-12       0.000000000000e+00       1.950461929641e-16       1.180676069533e-17       3.715753179492e-18 
 2342       1.467371853483e-11       5.421810900088e-13      -1.290056566384e-12       0.000000000000e+00       1.947033347197e-16       1.183501465492e-17       3.689902070255e-18 
 2343       1.467607588713e-11       5.371845232755e-13      -1.284560744617e-12       0.000000000000e+00       1.943612210859e-16       1.186496472727e-17       3.663721864890e-18 
 2344       1.467806820666e-11       5.322133366022e-13      -1.278865313723e-12       0.000000000000e+00       1.940198499469e-16       1.189653473299e-17       3.637135240218e-18 
 2345       1.467968337439e-11       5.272689737134e-13      -1.272973219002e-12       0.000000000000e+00       1.936792191718e-16       1.192964822172e-17       3.610064611111e-18 
 2346       1.468090923233e-11       5.223528830533e-13      -1.266887417063e-12       0.000000000000e+00       1.933393266139e-16       1.196422847186e-17       3.582432130207e-18 
 2347       1.468173358345e-11       5.174665177906e-13      -1.260610875834e-12       0.000000000000e+00       1.930001701111e-16       1.200019849027e-17       3.554159687636e-18 
 2348       1.468214419165e-11       5.126113358237e-13      -1.254146574580e-12       0.000000000000e+00       1.926617474859e-16       1.203748101198e-17       3.525168910741e-18 
 2349       1.468212878169e-11       5.077887997852e-13      -1.247497503912e-12       0.000000000000e+00       1.923240565452e-16       1.207599849991e-17       3.495381163797e-18 
 2350       1.468167503919e-11       5.030003770477e-13      -1.240666665800e-12       0.000000000000e+00       1.919870950805e-16       1.211567314454e-17       3.464717547735e-18 
 2351       1.468077061058e-11       4.982475397276e-13      -1.233657073585e-12       0.000000000000e+00       1.916508608675e-16       1.215642686366e-17       3.433098899860e-18 
 2352       1.467940310304e-11       4.935317646911e-13      -1.226471751992e-12       0.000000000000e+00       1.913153516665e-16       1.219818130205e-17       3.400445793576e-18 
 2353       1.467756008446e-11       4.888545335584e-13      -1.219113737144e-12       0.000000000000e+00       1.909805652221e-16       1.224085783120e-17       3.366678538107e-18 
 2354       1.467522908344e-11       4.842173327093e-13      -1.211586076572e-12       0.000000000000e+00       1.906464992635e-16       1.228437754901e-17       3.331717178216e-18 
 2355       1.467239758918e-11       4.796216532875e-13      -1.203891829229e-12       0.000000000000e+00       1.903131515039e-16       1.232866127951e-17       3.295481493928e-18 
 2356       1.466905305152e-11       4.750689912058e-13      -1.196034065500e-12       0.000000000000e+00       1.899805196412e-16       1.237362957254e-17       3.257891000250e-18 
 2357       1.466518288083e-11       4.705608471515e-13      -1.188015867221e-12       0.000000000000e+00       1.896486013574e-16       1.241920270350e-17       3.218864946895e-18 
 2358       1.466077444799e-11       4.660987265906e-13      -1.179840327682e-12       0.000000000000e+00       1.893173943188e-16       1.246530067300e-17       3.178322318002e-18 
 2359       1.465581508440e-11       4.616841397731e-13      -1.171510551649e-12       0.000000000000e+00       1.889868961762e-16       1.251184320664e-17       3.136181831856e-18 
 2360       1.465029409701e-11       4.573184347687e-13      -1.163029823717e-12       0.000000000000e+00       1.886571046882e-16       1.255876811212e-17       3.092383452435e-18 
 2361       1.464420882755e-11       4.530022954304e-13      -1.154402114512e-12       0.000000000000e+00       1.883280180945e-16       1.260608647592e-17       3.046953070441e-18 
 2362       1.463755863083e-11       4.487362403262e-13      -1.145631577657e-12       0.000000000000e+00       1.879996347448e-16       1.265382780851e-17       2.999938222988e-18 
 2363       1.463034286304e-11       4.445207894268e-13      -1.136722381726e-12       0.000000000000e+00       1.876719529758e-16       1.270202171806e-17       2.951386618400e-18 
 2364       1.462256088174e-11       4.403564641068e-13      -1.127678710260e-12       0.000000000000e+00       1.873449711108e-16       1.275069791056e-17       2.901346136394e-18 
 2365       1.461421204584e-11       4.362437871467e-13      -1.118504761783e-12       0.000000000000e+00       1.870186874600e-16       1.279988618989e-17       2.849864828270e-18 
 2366       1.460529571562e-11       4.321832827334e-13      -1.109204749816e-12       0.000000000000e+00       1.866931003199e-16       1.284961645796e-17       2.796990917087e-18 
 2367       1.459581125273e-11       4.281754764622e-13      -1.099782902898e-12       0.000000000000e+00       1.863682079739e-16       1.289991871478e-17       2.742772797857e-18 
 2368       1.458575802021e-11       4.242208953380e-13      -1.090243464596e-12       0.000000000000e+00       1.860440086920e-16       1.295082305859e-17       2.687259037724e-18 
 2369       1.457513538247e-11       4.203200677764e-13      -1.080590693528e-12       0.000000000000e+00       1.857205007309e-16       1.300235968594e-17       2.630498376149e-18 
 2370       1.456394270528e-11       4.164735236055e-13      -1.070828863372e-12       0.000000000000e+00       1.853976823336e-16       1.305455889182e-17       2.572539725098e-18 
 2371       1.455217935582e-11       4.126817940667e-13      -1.060962262887e-12       0.000000000000e+00       1.850755517302e-16       1.310745106973e-17       2.513432169222e-18 
 2372       1.453984470263e-11       4.089454118166e-13      -1.050995195928e-12       0.000000000000e+00       1.847541071368e-16       1.316106671180e-17       2.453224966045e-18 
 2373       1.452693811565e-11       4.052649109278e-13      -1.040931981461e-12       0.000000000000e+00       1.844333467564e-16       1.321543640891e-17       2.391967546149e-18 
 2374       1.451345896622e-11       4.016408268910e-13      -1.030776953581e-12       0.000000000000e+00       1.841132687785e-16       1.327059085073e-17       2.329709513356e-18 
 2375       1.449940662706e-11       3.980736966156e-13      -1.020534461524e-12       0.000000000000e+00       1.837938713791e-16       1.332656082592e-17       2.266500644914e-18 
 2376       1.448478047228e-11       3.945640584313e-13      -1.010208869691e-12       0.000000000000e+00       1.834751527205e-16       1.338337722215e-17       2.202390891683e-18 
 2377       1.446957987739e-11       3.911124520897e-13      -9.998045576550e-13       0.000000000000e+00       1.831571109518e-16       1.344107102622e-17       2.137430378318e-18 
 2378       1.445380421931e-11       3.877194187655e-13      -9.893259201832e-13       0.000000000000e+00       1.828397442084e-16       1.349967332420e-17       2.071669403453e-18 
 2379       1.443745287637e-11       3.843855010577e-13      -9.787773672509e-13       0.000000000000e+00       1.825230506121e-16       1.355921530149e-17       2.005158439889e-18 
 2380       1.442052522827e-11       3.811112429911e-13      -9.681633240580e-13       0.000000000000e+00       1.822070282712e-16       1.361972824295e-17       1.937948134774e-18 
 2381       1.440302065617e-11       3.778971900176e-13      -9.574882310453e-13       0.000000000000e+00       1.818916752804e-16       1.368124353299e-17       1.870089309793e-18 
 2382       1.438493854260e-11       3.747438890177e-13      -9.467565439100e-13       0.000000000000e+00       1.815769897208e-16       1.374379265566e-17       1.801632961347e-18 
 2383       1.436627827151e-11       3.716518883016e-13      -9.359727336225e-13       0.000000000000e+00       1.812629696599e-16       1.380740719479e-17       1.732630260743e-18 
 2384       1.434703922829e-11       3.686217376108e-13      -9.251412864423e-13       0.000000000000e+00       1.809496131515e-16       1.387211883405e-17       1.663132554374e-18 
 2385       1.432722079973e-11       3.656539881193e-13      -9.142667039338e-13       0.000000000000e+00       1.806369182358e-16       1.393795935709e-17       1.593191363907e-18 
 2386       1.430682237404e-11       3.627491924350e-13      -9.033535029829e-13       0.000000000000e+00       1.803248829393e-16       1.400496064761e-17       1.522858386468e-18 
 2387       1.428584334087e-11       3.599079046010e-13      -8.924062158128e-13       0.000000000000e+00       1.800135052747e-16       1.407315468949e-17       1.452185494822e-18 
 2388       1.426428309128e-11       3.571306800971e-13      -8.814293900002e-13       0.000000000000e+00       1.797027832412e-16       1.414257356686e-17       1.381224737563e-18 
 2389       1.424214101777e-11       3.544180758410e-13      -8.704275884915e-13       0.000000000000e+00       1.793927148242e-16       1.421324946426e-17       1.310028339296e-18 
 2390       1.421941651427e-11       3.517706501896e-13      -8.594053896188e-13       0.000000000000e+00       1.790832979952e-16       1.428521466666e-17       1.238648700823e-18 
 2391       1.419610897615e-11       3.491889629407e-13      -8.483673871160e-13       0.000000000000e+00       1.787745307122e-16       1.435850155964e-17       1.167138399326e-18 
 2392       1.417221780021e-11       3.466735753339e-13      -8.373181901350e-13       0.000000000000e+00       1.784664109192e-16       1.443314262946e-17       1.095550188553e-18 
 2393       1.414774238469e-11       3.442250500524e-13      -8.262624232619e-13       0.000000000000e+00       1.781589365464e-16       1.450917046314e-17       1.023936999003e-18 
 2394       1.412268212928e-11       3.418439512238e-13      -8.152047265328e-13       0.000000000000e+00       1.778521055105e-16       1.458661774862e-17       9.523519381077e-19 
 2395       1.409703643512e-11       3.395308444221e-13      -8.041497554504e-13       0.000000000000e+00       1.775459157139e-16       1.466551727479e-17       8.808482904208e-19 
 2396       1.407080470479e-11       3.372862966685e-13      -7.931021809995e-13       0.000000000000e+00       1.772403650455e-16       1.474590193167e-17       8.094795177992e-19 
 2397       1.404398634232e-11       3.351108764331e-13      -7.820666896638e-13       0.000000000000e+00       1.769354513803e-16       1.482780471045e-17       7.382992595890e-19 
 2398       1.401658075319e-11       3.330051536361e-13      -7.710479834414e-13       0.000000000000e+00       1.766311725792e-16       1.491125870361e-17       6.673613328099e-19 
 2399       1.398858878019e-11       3.309695337245e-13      -7.600505079386e-13       0.000000000000e+00       1.763275266908e-16       1.499627626567e-17       5.967174992030e-19 
 2400       1.396001702045e-11       3.290037587925e-13      -7.490776348036e-13       0.000000000000e+00       1.760245125567e-16       1.508278635612e-17       5.264107511107e-19 
 2401       1.393087353475e-11       3.271074034189e-13      -7.381324743352e-13       0.000000000000e+00       1.757221292096e-16       1.517069681424e-17       4.564819849873e-19 
 2402       1.390116641411e-11       3.252800403134e-13      -7.272181469625e-13       0.000000000000e+00       1.754203756725e-16       1.525991516347e-17       3.869722309530e-19 
 2403       1.387090377982e-11       3.235212403146e-13      -7.163377832555e-13       0.000000000000e+00       1.751192509582e-16       1.535034861105e-17       3.179226529319e-19 
 2404       1.384009378345e-11       3.218305723874e-13      -7.054945239358e-13       0.000000000000e+00       1.748187540697e-16       1.544190404769e-17       2.493745487902e-19 
 2405       1.380874460692e-11       3.202076036214e-13      -6.946915198865e-13       0.000000000000e+00       1.745188840000e-16       1.553448804725e-17       1.813693504743e-19 
 2406       1.377686446252e-11       3.186518992285e-13      -6.839319321633e-13       0.000000000000e+00       1.742196397321e-16       1.562800686640e-17       1.139486241490e-19 
 2407       1.374446159293e-11       3.171630225412e-13      -6.732189320045e-13       0.000000000000e+00       1.739210202392e-16       1.572236644427e-17       4.715407033551e-20 
 2408       1.371154427125e-11       3.157405350098e-13      -6.625557008414e-13       0.000000000000e+00       1.736230244842e-16       1.581747240217e-17      -1.897247595016e-20 
 2409       1.367812080107e-11       3.143839962010e-13      -6.519454303092e-13       0.000000000000e+00       1.733256514203e-16       1.591323004320e-17      -8.438904505939e-20 
 2410       1.364419951644e-11       3.130929637952e-13      -6.413913222571e-13       0.000000000000e+00       1.730288999904e-16       1.600954435195e-17      -1.490535325726e-19 
 2411       1.360978878198e-11       3.118669935850e-13      -6.308965887587e-13       0.000000000000e+00       1.727327691275e-16       1.610631999416e-17      -2.129236991613e-19 
 2412       1.357489699284e-11       3.107056394726e-13      -6.204644521227e-13       0.000000000000e+00       1.724372577547e-16       1.620346131641e-17      -2.759571704498e-19 
 2413       1.353953257476e-11       3.096084534679e-13      -6.100981449031e-13       0.000000000000e+00       1.721423647847e-16       1.630087234575e-17      -3.381114368770e-19 
 2414       1.350370398415e-11       3.085749856863e-13      -5.998009099099e-13       0.000000000000e+00       1.718480891204e-16       1.639845678938e-17      -3.993438535584e-19 
 2415       1.346741970802e-11       3.076047843468e-13      -5.895760002193e-13       0.000000000000e+00       1.715544296545e-16       1.649611803434e-17      -4.596116401483e-19 
 2416       1.343068826411e-11       3.066973957698e-13      -5.794266791843e-13       0.000000000000e+00       1.712613852697e-16       1.659375914717e-17      -5.188718807009e-19 
 2417       1.339351820088e-11       3.058523643747e-13      -5.693562204453e-13       0.000000000000e+00       1.709689548383e-16       1.669128287354e-17      -5.770815235327e-19 
 2418       1.335591809753e-11       3.050692326783e-13      -5.593679079401e-13       0.000000000000e+00       1.706771372228e-16       1.678859163800e-17      -6.341973810844e-19 
 2419       1.331789656406e-11       3.043475412923e-13      -5.494650359146e-13       0.000000000000e+00       1.703859312754e-16       1.688558754355e-17      -6.901761297825e-19 
 2420       1.327946224130e-11       3.036868289214e-13      -5.396509089336e-13       0.000000000000e+00       1.700953358382e-16       1.698217237139e-17      -7.449743099013e-19 
 2421       1.324062380092e-11       3.030866323612e-13      -5.299288418905e-13       0.000000000000e+00       1.698053497431e-16       1.707824758053e-17      -7.985483254249e-19 
 2422       1.320138994548e-11       3.025464864958e-13      -5.203021600185e-13       0.000000000000e+00       1.695159718118e-16       1.717371430750e-17      -8.508544439087e-19 
 2423       1.316176940847e-11       3.020659242963e-13      -5.107741989005e-13       0.000000000000e+00       1.692272008558e-16       1.726847336601e-17      -9.018487963416e-19 
 2424       1.312177095431e-11       3.016444768180e-13      -5.013483044797e-13       0.000000000000e+00       1.689390356765e-16       1.736242524658e-17      -9.514873770079e-19 
 2425       1.308140337844e-11       3.012816731987e-13      -4.920278330705e-13       0.000000000000e+00       1.686514750649e-16       1.745547011626e-17      -9.997260433488e-19 
 2426       1.304067550728e-11       3.009770406566e-13      -4.828161513680e-13       0.000000000000e+00       1.683645178020e-16       1.754750781827e-17      -1.046520515825e-18 
 2427       1.299959619832e-11       3.007301044879e-13      -4.737166364595e-13       0.000000000000e+00       1.680781626583e-16       1.763843787169e-17      -1.091826377777e-18 
 2428       1.295817434013e-11       3.005403880652e-13      -4.647326758341e-13       0.000000000000e+00       1.677924083942e-16       1.772815947109e-17      -1.135599075289e-18 
 2429       1.291641885239e-11       3.004074128349e-13      -4.558676673937e-13       0.000000000000e+00       1.675072537598e-16       1.781657148624e-17      -1.177793917049e-18 
 2430       1.287433868593e-11       3.003306983153e-13      -4.471250194632e-13       0.000000000000e+00       1.672226974949e-16       1.790357246174e-17      -1.218366074214e-18 
 2431       1.283194282278e-11       3.003097620945e-13      -4.385081508011e-13       0.000000000000e+00       1.669387383290e-16       1.798906061672e-17      -1.257270580265e-18 
 2432       1.278924027614e-11       3.003441198283e-13      -4.300204906096e-13       0.000000000000e+00       1.666553749812e-16       1.807293384450e-17      -1.294462330877e-18 
 2433       1.274624009050e-11       3.004332852381e-13      -4.216654785455e-13       0.000000000000e+00       1.663726061605e-16       1.815508971226e-17      -1.329896083775e-18 
 2434       1.270295134160e-11       3.005767701087e-13      -4.134465647304e-13       0.000000000000e+00       1.660904305652e-16       1.823542546067e-17      -1.363526458598e-18 
 2435       1.265938313649e-11       3.007740842864e-13      -4.053672097612e-13       0.000000000000e+00       1.658088468837e-16       1.831383800363e-17      -1.395307936763e-18 
 2436       1.261554461359e-11       3.010247356766e-13      -3.974308847206e-13       0.000000000000e+00       1.655278537937e-16       1.839022392789e-17      -1.425194861322e-18 
 2437       1.257144494266e-11       3.013282302419e-13      -3.896410711873e-13       0.000000000000e+00       1.652474499627e-16       1.846447949270e-17      -1.453141436828e-18 
 2438       1.252709354230e-11       3.016839931581e-13      -3.820007790179e-13       0.000000000000e+00       1.649676340447e-16       1.853654814930e-17      -1.479123920017e-18 
 2439       1.248250073354e-11       3.020911317682e-13      -3.745110965046e-13       0.000000000000e+00       1.646884046719e-16       1.860656341166e-17      -1.503207337768e-18 
 2440       1.243767709023e-11       3.025486712009e-13      -3.671726315308e-13       0.000000000000e+00       1.644097604631e-16       1.867470684309e-17      -1.525479169560e-18 
 2441       1.239263322199e-11       3.030556330787e-13      -3.599859930100e-13       0.000000000000e+00       1.641317000266e-16       1.874116061503e-17      -1.546027193344e-18 
 2442       1.234737977429e-11       3.036110355148e-13      -3.529517908866e-13       0.000000000000e+00       1.638542219603e-16       1.880610750766e-17      -1.564939485855e-18 
 2443       1.230192742845e-11       3.042138931094e-13      -3.460706361363e-13       0.000000000000e+00       1.635773248514e-16       1.886973091055e-17      -1.582304422919e-18 
 2444       1.225628690171e-11       3.048632169456e-13      -3.393431407673e-13       0.000000000000e+00       1.633010072766e-16       1.893221482328e-17      -1.598210679763e-18 
 2445       1.221046894724e-11       3.055580145862e-13      -3.327699178207e-13       0.000000000000e+00       1.630252678023e-16       1.899374385606e-17      -1.612747231329e-18 
 2446       1.216448435418e-11       3.062972900697e-13      -3.263515813712e-13       0.000000000000e+00       1.627501049840e-16       1.905450323036e-17      -1.626003352577e-18 
 2447       1.211834394770e-11       3.070800439065e-13      -3.200887465282e-13       0.000000000000e+00       1.624755173669e-16       1.911467877953e-17      -1.638068618799e-18 
 2448       1.207205858901e-11       3.079052730756e-13      -3.139820294359e-13       0.000000000000e+00       1.622015034854e-16       1.917445694946e-17      -1.649032905929e-18 
 2449       1.202563917542e-11       3.087719710205e-13      -3.080320472745e-13       0.000000000000e+00       1.619280618635e-16       1.923402479917e-17      -1.658986390848e-18 
 2450       1.197909664036e-11       3.096791276460e-13      -3.022394182608e-13       0.000000000000e+00       1.616551910146e-16       1.929357000143e-17      -1.668019551702e-18 
 2451       1.193244195341e-11       3.106257293137e-13      -2.966047616488e-13       0.000000000000e+00       1.613828894412e-16       1.935328084345e-17      -1.676223168203e-18 
 2452       1.188568612037e-11       3.116107588392e-13      -2.911286977305e-13       0.000000000000e+00       1.611111556354e-16       1.941334622744e-17      -1.683688321944e-18 
 2453       1.183884018326e-11       3.126331954878e-13      -2.858118478368e-13       0.000000000000e+00       1.608399880787e-16       1.947395567126e-17      -1.690506396706e-18 
 2454       1.179191522039e-11       3.136920149711e-13      -2.806548343379e-13       0.000000000000e+00       1.605693852418e-16       1.953529930905e-17      -1.696769078771e-18 
 2455       1.174492234635e-11       3.147861894431e-13      -2.756582806439e-13       0.000000000000e+00       1.602993455847e-16       1.959756789187e-17      -1.702568357228e-18 
 2456       1.169787271212e-11       3.159146874967e-13      -2.708228112063e-13       0.000000000000e+00       1.600298675569e-16       1.966095278830e-17      -1.707996524284e-18 
 2457       1.165077750503e-11       3.170764741598e-13      -2.661490515178e-13       0.000000000000e+00       1.597609495971e-16       1.972564598510e-17      -1.713146175574e-18 
 2458       1.160364794884e-11       3.182705108919e-13      -2.616376281134e-13       0.000000000000e+00       1.594925901331e-16       1.979184008779e-17      -1.718110210473e-18 
 2459       1.155649530378e-11       3.194957555799e-13      -2.572891685714e-13       0.000000000000e+00       1.592247875822e-16       1.985972832134e-17      -1.722981832400e-18 
 2460       1.150933086656e-11       3.207511625351e-13      -2.531043015136e-13       0.000000000000e+00       1.589575403510e-16       1.992950453074e-17      -1.727854549132e-18 
 2461       1.146216597042e-11       3.220356824890e-13      -2.490836566064e-13       0.000000000000e+00       1.586908468352e-16       2.000136318165e-17      -1.732822173116e-18 
 2462       1.141501198520e-11       3.233482625894e-13      -2.452278645611e-13       0.000000000000e+00       1.584247054198e-16       2.007549936104e-17      -1.737978821770e-18 
 2463       1.136788031730e-11       3.246878463976e-13      -2.415375571353e-13       0.000000000000e+00       1.581591144789e-16       2.015210877780e-17      -1.743418917802e-18 
 2464       1.132078240979e-11       3.260533738838e-13      -2.380133671330e-13       0.000000000000e+00       1.578940723760e-16       2.023138776337e-17      -1.749237189514e-18 
 2465       1.127372974243e-11       3.274437814237e-13      -2.346559284054e-13       0.000000000000e+00       1.576295774636e-16       2.031353327238e-17      -1.755528671115e-18 
 2466       1.122673383168e-11       3.288580017950e-13      -2.314658758519e-13       0.000000000000e+00       1.573656280836e-16       2.039874288325e-17      -1.762388703027e-18 
 2467       1.117980623074e-11       3.302949641735e-13      -2.284438454206e-13       0.000000000000e+00       1.571022225669e-16       2.048721479885e-17      -1.769912932200e-18 
 2468       1.113295852964e-11       3.317535941295e-13      -2.255904741093e-13       0.000000000000e+00       1.568393592336e-16       2.057914784710e-17      -1.778197312415e-18 
 2469       1.108620235521e-11       3.332328136239e-13      -2.229063999656e-13       0.000000000000e+00       1.565770363929e-16       2.067474148161e-17      -1.787338104601e-18 
 2470       1.103954937114e-11       3.347315410048e-13      -2.203922620882e-13       0.000000000000e+00       1.563152523431e-16       2.077419578232e-17      -1.797431877137e-18 
 2471       1.099301127805e-11       3.362486910038e-13      -2.180487006276e-13       0.000000000000e+00       1.560540053719e-16       2.087771145609e-17      -1.808575506169e-18 
 2472       1.094659981347e-11       3.377831747318e-13      -2.158763567864e-13       0.000000000000e+00       1.557932937557e-16       2.098548983737e-17      -1.820866175916e-18 
 2473       1.090032675193e-11       3.393338996759e-13      -2.138758728204e-13       0.000000000000e+00       1.555331157602e-16       2.109773288880e-17      -1.834401378977e-18 
 2474       1.085420390495e-11       3.408997696957e-13      -2.120478920390e-13       0.000000000000e+00       1.552734696402e-16       2.121464320185e-17      -1.849278916647e-18 
 2475       1.080824312111e-11       3.424796850189e-13      -2.103930588064e-13       0.000000000000e+00       1.550143536395e-16       2.133642399744e-17      -1.865596899222e-18 
 2476       1.076245628609e-11       3.440725422384e-13      -2.089120185418e-13       0.000000000000e+00       1.547557659908e-16       2.146327912656e-17      -1.883453746311e-18 
 2477       1.071685445278e-11       3.456772671158e-13      -2.076050181695e-13       0.000000000000e+00       1.544977050202e-16       2.159533207420e-17      -1.902919232652e-18 
 2478       1.067144522606e-11       3.472929132124e-13      -2.064707048865e-13       0.000000000000e+00       1.542401694595e-16       2.173238244662e-17      -1.923947437918e-18 
 2479       1.062623536265e-11       3.489185638339e-13      -2.055073202954e-13       0.000000000000e+00       1.539831581352e-16       2.187414804582e-17      -1.946463282943e-18 
 2480       1.058123163963e-11       3.505532992729e-13      -2.047130993033e-13       0.000000000000e+00       1.537266698653e-16       2.202034573461e-17      -1.970391437235e-18 
 2481       1.053644085445e-11       3.521961968054e-13      -2.040862701149e-13       0.000000000000e+00       1.534707034584e-16       2.217069143563e-17      -1.995656318713e-18 
 2482       1.049186982496e-11       3.538463306883e-13      -2.036250542250e-13       0.000000000000e+00       1.532152577142e-16       2.232490013039e-17      -2.022182093454e-18 
 2483       1.044752538941e-11       3.555027721560e-13      -2.033276664118e-13       0.000000000000e+00       1.529603314234e-16       2.248268585836e-17      -2.049892675437e-18 
 2484       1.040341440649e-11       3.571645894174e-13      -2.031923147298e-13       0.000000000000e+00       1.527059233677e-16       2.264376171594e-17      -2.078711726284e-18 
 2485       1.035954375537e-11       3.588308476530e-13      -2.032172005024e-13       0.000000000000e+00       1.524520323197e-16       2.280783985558e-17      -2.108562655007e-18 
 2486       1.031592033564e-11       3.605006090117e-13      -2.034005183149e-13       0.000000000000e+00       1.521986570429e-16       2.297463148475e-17      -2.139368617748e-18 
 2487       1.027255106743e-11       3.621729326077e-13      -2.037404560077e-13       0.000000000000e+00       1.519457962920e-16       2.314384686505e-17      -2.171052517526e-18 
 2488       1.022944289137e-11       3.638468745175e-13      -2.042351946689e-13       0.000000000000e+00       1.516934488122e-16       2.331519531121e-17      -2.203537003979e-18 
 2489       1.018660276862e-11       3.655214877769e-13      -2.048829086271e-13       0.000000000000e+00       1.514416133400e-16       2.348838519016e-17      -2.236744473108e-18 
 2490       1.014403768088e-11       3.671958223780e-13      -2.056817654449e-13       0.000000000000e+00       1.511902886026e-16       2.366312392006e-17      -2.270597067019e-18 
 2491       1.010175463046e-11       3.688689252659e-13      -2.066299259111e-13       0.000000000000e+00       1.509394733181e-16       2.383911796933e-17      -2.305016673670e-18 
 2492       1.005976064023e-11       3.705398403359e-13      -2.077255440340e-13       0.000000000000e+00       1.506891661956e-16       2.401607285574e-17      -2.339924926610e-18 
 2493       1.001806275369e-11       3.722076084304e-13      -2.089667670342e-13       0.000000000000e+00       1.504393659348e-16       2.419369314538e-17      -2.375243204729e-18 
 2494       9.976668034972e-12       3.738712673356e-13      -2.103517353376e-13       0.000000000000e+00       1.501900712267e-16       2.437168245179e-17      -2.410892631994e-18 
 2495       9.935583568852e-12       3.755298517787e-13      -2.118785825681e-13       0.000000000000e+00       1.499412807526e-16       2.454974343494e-17      -2.446794077199e-18 
 2496       9.894816460790e-12       3.771823934250e-13      -2.135454355408e-13       0.000000000000e+00       1.496929931851e-16       2.472757780030e-17      -2.482868153705e-18 
 2497       9.854373836937e-12       3.788279208744e-13      -2.153504142545e-13       0.000000000000e+00       1.494452071873e-16       2.490488629788e-17      -2.519035219186e-18 
 2498       9.814262844155e-12       3.804654596586e-13      -2.172916318851e-13       0.000000000000e+00       1.491979214134e-16       2.508136872126e-17      -2.555215375370e-18 
 2499       9.774490650041e-12       3.820940322380e-13      -2.193671947782e-13       0.000000000000e+00       1.489511345082e-16       2.525672390667e-17      -2.591328467785e-18 
 2500       9.735064442947e-12       3.837126579987e-13      -2.215752024420e-13       0.000000000000e+00       1.487048451073e-16       2.543064973198e-17      -2.627294085501e-18 
 2501       9.695991431995e-12       3.853203532495e-13      -2.239137475401e-13       0.000000000000e+00       1.484590518372e-16       2.560284311580e-17      -2.663031560874e-18 
 2502       9.657278847103e-12       3.869161312187e-13      -2.263809158850e-13       0.000000000000e+00       1.482137533149e-16       2.577300001648e-17      -2.698459969292e-18 
 2503       9.618933939001e-12       3.884990020509e-13      -2.289747864302e-13       0.000000000000e+00       1.479689481485e-16       2.594081543119e-17      -2.733498128914e-18 
 2504       9.580963979253e-12       3.900679728044e-13      -2.316934312636e-13       0.000000000000e+00       1.477246349367e-16       2.610598339492e-17      -2.768064600416e-18 
 2505       9.543376260276e-12       3.916220474479e-13      -2.345349156003e-13       0.000000000000e+00       1.474808122689e-16       2.626819697956e-17      -2.802077686738e-18 
 2506       9.506178095359e-12       3.931602268571e-13      -2.374972977756e-13       0.000000000000e+00       1.472374787251e-16       2.642714829295e-17      -2.835455432821e-18 
 2507       9.469376818687e-12       3.946815088125e-13      -2.405786292376e-13       0.000000000000e+00       1.469946328763e-16       2.658252847788e-17      -2.868115625355e-18 
 2508       9.432979785356e-12       3.961848879953e-13      -2.437769545405e-13       0.000000000000e+00       1.467522732840e-16       2.673402771116e-17      -2.899975792523e-18 
 2509       9.396994371396e-12       3.976693559853e-13      -2.470903113371e-13       0.000000000000e+00       1.465103985004e-16       2.688133520269e-17      -2.930953203741e-18 
 2510       9.361427973789e-12       3.991339012571e-13      -2.505167303721e-13       0.000000000000e+00       1.462690070686e-16       2.702413919446e-17      -2.960964869406e-18 
 2511       9.326288010492e-12       4.005775091775e-13      -2.540542354747e-13       0.000000000000e+00       1.460280975219e-16       2.716212695961e-17      -2.989927540636e-18 
 2512       9.291581920453e-12       4.019991620024e-13      -2.577008435519e-13       0.000000000000e+00       1.457876683847e-16       2.729498480147e-17      -3.017757709015e-18 
 2513       9.257317163635e-12       4.033978388734e-13      -2.614545645807e-13       0.000000000000e+00       1.455477181719e-16       2.742239805262e-17      -3.044371606339e-18 
 2514       9.223501221033e-12       4.047725158153e-13      -2.653134016017e-13       0.000000000000e+00       1.453082453890e-16       2.754405107392e-17      -3.069685204355e-18 
 2515       9.190141594695e-12       4.061221657326e-13      -2.692753507119e-13       0.000000000000e+00       1.450692485320e-16       2.765962725356e-17      -3.093614214508e-18 
 2516       9.157244530085e-12       4.074458649864e-13      -2.733382785380e-13       0.000000000000e+00       1.448307262377e-16       2.776888921470e-17      -3.116093375255e-18 
 2517       9.124811175005e-12       4.087431138101e-13      -2.774995538934e-13       0.000000000000e+00       1.445926777335e-16       2.787191995046e-17      -3.137134437186e-18 
 2518       9.092841398358e-12       4.100135177521e-13      -2.817564139635e-13       0.000000000000e+00       1.443551023901e-16       2.796888309041e-17      -3.156768514857e-18 
 2519       9.061335065769e-12       4.112566812649e-13      -2.861060866210e-13       0.000000000000e+00       1.441179995716e-16       2.805994281994e-17      -3.175026829971e-18 
 2520       9.030292039587e-12       4.124722077036e-13      -2.905457904164e-13       0.000000000000e+00       1.438813686355e-16       2.814526388087e-17      -3.191940711495e-18 
 2521       8.999712178873e-12       4.136596993250e-13      -2.950727345685e-13       0.000000000000e+00       1.436452089327e-16       2.822501157198e-17      -3.207541595759e-18 
 2522       8.969595339400e-12       4.148187572866e-13      -2.996841189552e-13       0.000000000000e+00       1.434095198076e-16       2.829935174957e-17      -3.221861026573e-18 
 2523       8.939941373649e-12       4.159489816457e-13      -3.043771341039e-13       0.000000000000e+00       1.431743005978e-16       2.836845082806e-17      -3.234930655332e-18 
 2524       8.910750130803e-12       4.170499713578e-13      -3.091489611821e-13       0.000000000000e+00       1.429395506346e-16       2.843247578050e-17      -3.246782241125e-18 
 2525       8.882021456743e-12       4.181213242764e-13      -3.139967719880e-13       0.000000000000e+00       1.427052692425e-16       2.849159413920e-17      -3.257447650846e-18 
 2526       8.853755194046e-12       4.191626371513e-13      -3.189177289413e-13       0.000000000000e+00       1.424714557393e-16       2.854597399621e-17      -3.266958859304e-18 
 2527       8.825951181977e-12       4.201735056279e-13      -3.239089850732e-13       0.000000000000e+00       1.422381094365e-16       2.859578400398e-17      -3.275347949328e-18 
 2528       8.798609256489e-12       4.211535242458e-13      -3.289676840179e-13       0.000000000000e+00       1.420052296385e-16       2.864119337583e-17      -3.282647111879e-18 
 2529       8.771729250215e-12       4.221022864384e-13      -3.340909600021e-13       0.000000000000e+00       1.417728156435e-16       2.868237188658e-17      -3.288888646161e-18 
 2530       8.745310992465e-12       4.230193845313e-13      -3.392759378365e-13       0.000000000000e+00       1.415408667428e-16       2.871948987309e-17      -3.294104959724e-18 
 2531       8.719354309224e-12       4.239044097415e-13      -3.445197329061e-13       0.000000000000e+00       1.413093822210e-16       2.875271823483e-17      -3.298328568579e-18 
 2532       8.693859023145e-12       4.247569521761e-13      -3.498194511603e-13       0.000000000000e+00       1.410783613563e-16       2.878222843443e-17      -3.301592097305e-18 
 2533       8.668824953545e-12       4.255766008320e-13      -3.551721891043e-13       0.000000000000e+00       1.408478034198e-16       2.880819249824e-17      -3.303928279158e-18 
 2534       8.644251916402e-12       4.263629435937e-13      -3.605750337890e-13       0.000000000000e+00       1.406177076764e-16       2.883078301694e-17      -3.305369956180e-18 
 2535       8.620139724351e-12       4.271155672335e-13      -3.660250628022e-13       0.000000000000e+00       1.403880733839e-16       2.885017314602e-17      -3.305950079308e-18 
 2536       8.596488186677e-12       4.278340574096e-13      -3.715193442584e-13       0.000000000000e+00       1.401588997937e-16       2.886653660645e-17      -3.305701708483e-18 
 2537       8.573297109314e-12       4.285179986652e-13      -3.770549367902e-13       0.000000000000e+00       1.399301861501e-16       2.888004768514e-17      -3.304658012761e-18 
 2538       8.550566294839e-12       4.291669744280e-13      -3.826288895383e-13       0.000000000000e+00       1.397019316912e-16       2.889088123557e-17      -3.302852270419e-18 
 2539       8.528295542469e-12       4.297805670084e-13      -3.882382421425e-13       0.000000000000e+00       1.394741356480e-16       2.889921267833e-17      -3.300317869067e-18 
 2540       8.506484648056e-12       4.303583575991e-13      -3.938800247319e-13       0.000000000000e+00       1.392467972448e-16       2.890521800170e-17      -3.297088305754e-18 
 2541       8.485133404081e-12       4.308999262737e-13      -3.995512579157e-13       0.000000000000e+00       1.390199156992e-16       2.890907376219e-17      -3.293197187081e-18 
 2542       8.464241599653e-12       4.314048519858e-13      -4.052489527739e-13       0.000000000000e+00       1.387934902222e-16       2.891095708510e-17      -3.288678229306e-18 
 2543       8.443809020503e-12       4.318727125678e-13      -4.109701108475e-13       0.000000000000e+00       1.385675200178e-16       2.891104566512e-17      -3.283565258458e-18 
 2544       8.423835448981e-12       4.323030847303e-13      -4.167117241296e-13       0.000000000000e+00       1.383420042834e-16       2.890951776688e-17      -3.277892210440e-18 
 2545       8.404320664049e-12       4.326955440604e-13      -4.224707750554e-13       0.000000000000e+00       1.381169422095e-16       2.890655222547e-17      -3.271693131143e-18 
 2546       8.385264441279e-12       4.330496650213e-13      -4.282442364934e-13       0.000000000000e+00       1.378923329799e-16       2.890232844708e-17      -3.265002176553e-18 
 2547       8.366666552850e-12       4.333650209510e-13      -4.340290717354e-13       0.000000000000e+00       1.376681757715e-16       2.889702640949e-17      -3.257853612862e-18 
 2548       8.348526767539e-12       4.336411840610e-13      -4.398222344875e-13       0.000000000000e+00       1.374444697545e-16       2.889082666268e-17      -3.250281816572e-18 
 2549       8.330844850724e-12       4.338777254358e-13      -4.456206688606e-13       0.000000000000e+00       1.372212140923e-16       2.888391032939e-17      -3.242321274612e-18 
 2550       8.313620564371e-12       4.340742150315e-13      -4.514213093609e-13       0.000000000000e+00       1.369984079414e-16       2.887645910565e-17      -3.234006584440e-18 
 2551       8.296853667039e-12       4.342302216747e-13      -4.572210808803e-13       0.000000000000e+00       1.367760504515e-16       2.886865526140e-17      -3.225372454156e-18 
 2552       8.280543913867e-12       4.343453130620e-13      -4.630168986876e-13       0.000000000000e+00       1.365541407655e-16       2.886068164099e-17      -3.216453702611e-18 
 2553       8.264691056576e-12       4.344190557582e-13      -4.688056684182e-13       0.000000000000e+00       1.363326780194e-16       2.885272166379e-17      -3.207285259513e-18 
 2554       8.249294843463e-12       4.344510151958e-13      -4.745842860656e-13       0.000000000000e+00       1.361116613423e-16       2.884495932474e-17      -3.197902165539e-18 
 2555       8.234354103282e-12       4.344408670736e-13      -4.803498071904e-13       0.000000000000e+00       1.358910898066e-16       2.883754135881e-17      -3.188331968434e-18 
 2556       8.219863991157e-12       4.343887322529e-13      -4.860999556286e-13       0.000000000000e+00       1.356709622770e-16       2.883046349635e-17      -3.178571863462e-18 
 2557       8.205818726879e-12       4.342948437785e-13      -4.918326176801e-13       0.000000000000e+00       1.354512775605e-16       2.882368355699e-17      -3.168611422161e-18 
 2558       8.192212509563e-12       4.341594356542e-13      -4.975456731484e-13       0.000000000000e+00       1.352320344563e-16       2.881715922639e-17      -3.158440184422e-18 
 2559       8.179039517626e-12       4.339827428442e-13      -5.032369953341e-13       0.000000000000e+00       1.350132317558e-16       2.881084805611e-17      -3.148047658462e-18 
 2560       8.166293908769e-12       4.337650012735e-13      -5.089044510284e-13       0.000000000000e+00       1.347948682423e-16       2.880470746348e-17      -3.137423320790e-18 
 2561       8.153969819952e-12       4.335064478295e-13      -5.145459005073e-13       0.000000000000e+00       1.345769426916e-16       2.879869473148e-17      -3.126556616180e-18 
 2562       8.142061367378e-12       4.332073203628e-13      -5.201591975249e-13       0.000000000000e+00       1.343594538715e-16       2.879276700858e-17      -3.115436957636e-18 
 2563       8.130562646466e-12       4.328678576879e-13      -5.257421893071e-13       0.000000000000e+00       1.341424005417e-16       2.878688130866e-17      -3.104053726365e-18 
 2564       8.119467731835e-12       4.324882995846e-13      -5.312927165455e-13       0.000000000000e+00       1.339257814543e-16       2.878099451080e-17      -3.092396271746e-18 
 2565       8.108770677281e-12       4.320688867990e-13      -5.368086133908e-13       0.000000000000e+00       1.337095953534e-16       2.877506335922e-17      -3.080453911296e-18 
 2566       8.098465515754e-12       4.316098610444e-13      -5.422877074469e-13       0.000000000000e+00       1.334938409753e-16       2.876904446313e-17      -3.068215930645e-18 
 2567       8.088546259340e-12       4.311114650022e-13      -5.477278197643e-13       0.000000000000e+00       1.332785170482e-16       2.876289429657e-17      -3.055671583500e-18 
 2568       8.079006899239e-12       4.305739423230e-13      -5.531267648338e-13       0.000000000000e+00       1.330636222924e-16       2.875656919831e-17      -3.042810091618e-18 
 2569       8.069841405742e-12       4.299975376278e-13      -5.584823505803e-13       0.000000000000e+00       1.328491554205e-16       2.875002537169e-17      -3.029620644772e-18 
 2570       8.061043728215e-12       4.293824965087e-13      -5.637923783564e-13       0.000000000000e+00       1.326351151368e-16       2.874321888453e-17      -3.016092400725e-18 
 2571       8.052607795070e-12       4.287290655302e-13      -5.690546429362e-13       0.000000000000e+00       1.324215001381e-16       2.873610566896e-17      -3.002214485196e-18 
 2572       8.044527513751e-12       4.280374922301e-13      -5.742669325089e-13       0.000000000000e+00       1.322083091128e-16       2.872864152130e-17      -2.987975991829e-18 
 2573       8.036796770710e-12       4.273080251203e-13      -5.794270286726e-13       0.000000000000e+00       1.319955407415e-16       2.872078210194e-17      -2.973365982166e-18 
 2574       8.029409431387e-12       4.265409136881e-13      -5.845327064279e-13       0.000000000000e+00       1.317831936970e-16       2.871248293519e-17      -2.958373485610e-18 
 2575       8.022359340186e-12       4.257364083972e-13      -5.895817341714e-13       0.000000000000e+00       1.315712666439e-16       2.870369940916e-17      -2.942987499403e-18 
 2576       8.015640320458e-12       4.248947606886e-13      -5.945718736900e-13       0.000000000000e+00       1.313597582388e-16       2.869438677562e-17      -2.927196988587e-18 
 2577       8.009246174478e-12       4.240162229814e-13      -5.995008801539e-13       0.000000000000e+00       1.311486671303e-16       2.868450014989e-17      -2.910990885980e-18 
 2578       8.003170683422e-12       4.231010486744e-13      -6.043665021107e-13       0.000000000000e+00       1.309379919592e-16       2.867399451068e-17      -2.894358092139e-18 
 2579       7.997407607351e-12       4.221494921465e-13      -6.091664814791e-13       0.000000000000e+00       1.307277313581e-16       2.866282469996e-17      -2.877287475337e-18 
 2580       7.991950685184e-12       4.211618087582e-13      -6.138985535423e-13       0.000000000000e+00       1.305178839514e-16       2.865094542287e-17      -2.859767871524e-18 
 2581       7.986793634681e-12       4.201382548521e-13      -6.185604469420e-13       0.000000000000e+00       1.303084483558e-16       2.863831124753e-17      -2.841788084305e-18 
 2582       7.981930152421e-12       4.190790877545e-13      -6.231498836718e-13       0.000000000000e+00       1.300994231797e-16       2.862487660495e-17      -2.823336884901e-18 
 2583       7.977353913780e-12       4.179845657759e-13      -6.276645790714e-13       0.000000000000e+00       1.298908070236e-16       2.861059578887e-17      -2.804403012124e-18 
 2584       7.973058572911e-12       4.168549482123e-13      -6.321022418197e-13       0.000000000000e+00       1.296825984798e-16       2.859542295567e-17      -2.784975172347e-18 
 2585       7.969037762722e-12       4.156904953461e-13      -6.364605739288e-13       0.000000000000e+00       1.294747961325e-16       2.857931212418e-17      -2.765042039466e-18 
 2586       7.965285094856e-12       4.144914684472e-13      -6.407372707376e-13       0.000000000000e+00       1.292673985581e-16       2.856221717559e-17      -2.744592254880e-18 
 2587       7.961794159668e-12       4.132581297740e-13      -6.449300209058e-13       0.000000000000e+00       1.290604043245e-16       2.854409185333e-17      -2.723614427452e-18 
 2588       7.958558526207e-12       4.119907425741e-13      -6.490365064069e-13       0.000000000000e+00       1.288538119917e-16       2.852488976288e-17      -2.702097133481e-18 
 2589       7.955571742193e-12       4.106895710859e-13      -6.530544025228e-13       0.000000000000e+00       1.286476201116e-16       2.850456437170e-17      -2.680028916673e-18 
 2590       7.952827333994e-12       4.093548805391e-13      -6.569813778366e-13       0.000000000000e+00       1.284418272279e-16       2.848306900906e-17      -2.657398288107e-18 
 2591       7.950318806610e-12       4.079869371561e-13      -6.608150942271e-13       0.000000000000e+00       1.282364318762e-16       2.846035686593e-17      -2.634193726210e-18 
 2592       7.948039643646e-12       4.065860081526e-13      -6.645532068618e-13       0.000000000000e+00       1.280314325840e-16       2.843638099483e-17      -2.610403676720e-18 
 2593       7.945983307297e-12       4.051523617389e-13      -6.681933641912e-13       0.000000000000e+00       1.278268278706e-16       2.841109430973e-17      -2.586016552658e-18 
 2594       7.944143115845e-12       4.036863249225e-13      -6.717335247834e-13       0.000000000000e+00       1.276226164005e-16       2.838446656810e-17      -2.561030040908e-18 
 2595       7.942511875455e-12       4.021884572701e-13      -6.751729097975e-13       0.000000000000e+00       1.274187974451e-16       2.835653542222e-17      -2.535479079417e-18 
 2596       7.941082246260e-12       4.006593781283e-13      -6.785110558748e-13       0.000000000000e+00       1.272153704237e-16       2.832735565584e-17      -2.509408037869e-18 
 2597       7.939846864628e-12       3.990997089136e-13      -6.817474987848e-13       0.000000000000e+00       1.270123347500e-16       2.829698222827e-17      -2.482861425549e-18 
 2598       7.938798343136e-12       3.975100731140e-13      -6.848817734248e-13       0.000000000000e+00       1.268096898326e-16       2.826547027455e-17      -2.455883891486e-18 
 2599       7.937929270546e-12       3.958910962910e-13      -6.879134138189e-13       0.000000000000e+00       1.266074350747e-16       2.823287510565e-17      -2.428520224582e-18 
 2600       7.937232211785e-12       3.942434060821e-13      -6.908419531176e-13       0.000000000000e+00       1.264055698741e-16       2.819925220861e-17      -2.400815353752e-18 
 2601       7.936699707922e-12       3.925676322024e-13      -6.936669235972e-13       0.000000000000e+00       1.262040936231e-16       2.816465724673e-17      -2.372814348053e-18 
 2602       7.936324276139e-12       3.908644064468e-13      -6.963878566588e-13       0.000000000000e+00       1.260030057088e-16       2.812914605972e-17      -2.344562416827e-18 
 2603       7.936098409715e-12       3.891343626921e-13      -6.990042828279e-13       0.000000000000e+00       1.258023055129e-16       2.809277466390e-17      -2.316104909829e-18 
 2604       7.936014577999e-12       3.873781368990e-13      -7.015157317538e-13       0.000000000000e+00       1.256019924117e-16       2.805559925236e-17      -2.287487317370e-18 
 2605       7.936065226385e-12       3.855963671142e-13      -7.039217322087e-13       0.000000000000e+00       1.254020657758e-16       2.801767619511e-17      -2.258755270444e-18 
 2606       7.936242776292e-12       3.837896934721e-13      -7.062218120874e-13       0.000000000000e+00       1.252025249709e-16       2.797906203929e-17      -2.229954540870e-18 
 2607       7.936539625142e-12       3.819587581975e-13      -7.084154984062e-13       0.000000000000e+00       1.250033693570e-16       2.793981350931e-17      -2.201131041422e-18 
 2608       7.936948146331e-12       3.801042056069e-13      -7.105023173024e-13       0.000000000000e+00       1.248045982886e-16       2.789998750702e-17      -2.172330825970e-18 
 2609       7.937460689212e-12       3.782266821112e-13      -7.124817940340e-13       0.000000000000e+00       1.246062111150e-16       2.785964111192e-17      -2.143600089609e-18 
 2610       7.938069579066e-12       3.763268362172e-13      -7.143534529786e-13       0.000000000000e+00       1.244082071799e-16       2.781883158127e-17      -2.114985168801e-18 
 2611       7.938767117084e-12       3.744053185300e-13      -7.161168176328e-13       0.000000000000e+00       1.242105858216e-16       2.777761635032e-17      -2.086532541503e-18 
 2612       7.939545580341e-12       3.724627817551e-13      -7.177714106117e-13       0.000000000000e+00       1.240133463730e-16       2.773605303246e-17      -2.058288827309e-18 
 2613       7.940397221773e-12       3.704998806998e-13      -7.193167536481e-13       0.000000000000e+00       1.238164881616e-16       2.769419941935e-17      -2.030300787580e-18 
 2614       7.941314270153e-12       3.685172722763e-13      -7.207523675922e-13       0.000000000000e+00       1.236200105092e-16       2.765211348118e-17      -2.002615325585e-18 
 2615       7.942288930069e-12       3.665156155027e-13      -7.220777724102e-13       0.000000000000e+00       1.234239127324e-16       2.760985336674e-17      -1.975279486628e-18 
 2616       7.943313381902e-12       3.644955715057e-13      -7.232924871845e-13       0.000000000000e+00       1.232281941422e-16       2.756747740368e-17      -1.948340458193e-18 
 2617       7.944379781799e-12       3.624578035224e-13      -7.243960301125e-13       0.000000000000e+00       1.230328540442e-16       2.752504409861e-17      -1.921845570072e-18 
 2618       7.945480261653e-12       3.604029769025e-13      -7.253879185059e-13       0.000000000000e+00       1.228378917383e-16       2.748261213732e-17      -1.895842294502e-18 
 2619       7.946606929078e-12       3.583317591099e-13      -7.262676687905e-13       0.000000000000e+00       1.226433065192e-16       2.744024038494e-17      -1.870378246304e-18 
 2620       7.947751867388e-12       3.562448197255e-13      -7.270347965052e-13       0.000000000000e+00       1.224490976759e-16       2.739798788609e-17      -1.845501183013e-18 
 2621       7.948907135570e-12       3.541428304485e-13      -7.276888163013e-13       0.000000000000e+00       1.222552644920e-16       2.735591386507e-17      -1.821259005015e-18 
 2622       7.950064768264e-12       3.520264650988e-13      -7.282292419420e-13       0.000000000000e+00       1.220618062455e-16       2.731407772603e-17      -1.797699755685e-18 
 2623       7.951216775739e-12       3.498963996191e-13      -7.286555863018e-13       0.000000000000e+00       1.218687222090e-16       2.727253905313e-17      -1.774871621521e-18 
 2624       7.952355143867e-12       3.477533120769e-13      -7.289673613655e-13       0.000000000000e+00       1.216760116495e-16       2.723135761074e-17      -1.752822932274e-18 
 2625       7.953471834105e-12       3.455978826661e-13      -7.291640782279e-13       0.000000000000e+00       1.214836738284e-16       2.719059334357e-17      -1.731602161093e-18 
 2626       7.954558783468e-12       3.434307937099e-13      -7.292452470932e-13       0.000000000000e+00       1.212917080017e-16       2.715030637687e-17      -1.711257924651e-18 
 2627       7.955607904506e-12       3.412527296620e-13      -7.292103772739e-13       0.000000000000e+00       1.211001134198e-16       2.711055701658e-17      -1.691838983287e-18 
 2628       7.956611085281e-12       3.390643771093e-13      -7.290589771905e-13       0.000000000000e+00       1.209088893275e-16       2.707140574955e-17      -1.673394241139e-18 
 2629       7.957560189346e-12       3.368664247734e-13      -7.287905543708e-13       0.000000000000e+00       1.207180349641e-16       2.703291324363e-17      -1.655972746275e-18 
 2630       7.958447055717e-12       3.346595635130e-13      -7.284046154490e-13       0.000000000000e+00       1.205275495633e-16       2.699514034791e-17      -1.639623690837e-18 
 2631       7.959263498855e-12       3.324444863259e-13      -7.279006661654e-13       0.000000000000e+00       1.203374323533e-16       2.695814809288e-17      -1.624396411169e-18 
 2632       7.960001308640e-12       3.302218883508e-13      -7.272782113655e-13       0.000000000000e+00       1.201476825566e-16       2.692199769055e-17      -1.610340387956e-18 
 2633       7.960652840334e-12       3.279924512548e-13      -7.265370268130e-13       0.000000000000e+00       1.199582994079e-16       2.688673187756e-17      -1.597484271438e-18 
 2634       7.961212788113e-12       3.257567962951e-13      -7.256779762804e-13       0.000000000000e+00       1.197692822066e-16       2.685231883052e-17      -1.585772829339e-18 
 2635       7.961676421353e-12       3.235155310001e-13      -7.247021990017e-13       0.000000000000e+00       1.195806302645e-16       2.681870793906e-17      -1.575129648535e-18 
 2636       7.962038995524e-12       3.212692647627e-13      -7.236108382750e-13       0.000000000000e+00       1.193923428880e-16       2.678584843447e-17      -1.565478077898e-18 
 2637       7.962295752184e-12       3.190186088414e-13      -7.224050414671e-13       0.000000000000e+00       1.192044193784e-16       2.675368938956e-17      -1.556741228072e-18 
 2638       7.962441918957e-12       3.167641763626e-13      -7.210859600171e-13       0.000000000000e+00       1.190168590315e-16       2.672217971851e-17      -1.548841971240e-18 
 2639       7.962472709526e-12       3.145065823223e-13      -7.196547494410e-13       0.000000000000e+00       1.188296611380e-16       2.669126817671e-17      -1.541702940899e-18 
 2640       7.962383323617e-12       3.122464435876e-13      -7.181125693349e-13       0.000000000000e+00       1.186428249832e-16       2.666090336062e-17      -1.535246531635e-18 
 2641       7.962168946987e-12       3.099843788989e-13      -7.164605833799e-13       0.000000000000e+00       1.184563498470e-16       2.663103370758e-17      -1.529394898888e-18 
 2642       7.961824751413e-12       3.077210088712e-13      -7.146999593459e-13       0.000000000000e+00       1.182702350041e-16       2.660160749573e-17      -1.524069958734e-18 
 2643       7.961345894672e-12       3.054569559963e-13      -7.128318690952e-13       0.000000000000e+00       1.180844797238e-16       2.657257284380e-17      -1.519193387650e-18 
 2644       7.960727520539e-12       3.031928446444e-13      -7.108574885870e-13       0.000000000000e+00       1.178990832702e-16       2.654387771095e-17      -1.514686622288e-18 
 2645       7.959964758763e-12       3.009293010656e-13      -7.087779978815e-13       0.000000000000e+00       1.177140449019e-16       2.651546989669e-17      -1.510470859249e-18 
 2646       7.959052725061e-12       2.986669533921e-13      -7.065945811435e-13       0.000000000000e+00       1.175293638722e-16       2.648729704064e-17      -1.506467054856e-18 
 2647       7.957986521101e-12       2.964064316399e-13      -7.043084266470e-13       0.000000000000e+00       1.173450394291e-16       2.645930662245e-17      -1.502595924923e-18 
 2648       7.956761234493e-12       2.941483677103e-13      -7.019207267787e-13       0.000000000000e+00       1.171610708152e-16       2.643144596160e-17      -1.498777944529e-18 
 2649       7.955371938771e-12       2.918933953920e-13      -6.994326780426e-13       0.000000000000e+00       1.169774572678e-16       2.640366221728e-17      -1.494933347791e-18 
 2650       7.953813693385e-12       2.896421503625e-13      -6.968454810635e-13       0.000000000000e+00       1.167941980187e-16       2.637590238820e-17      -1.490982127638e-18 
 2651       7.952081543684e-12       2.873952701902e-13      -6.941603405913e-13       0.000000000000e+00       1.166112922944e-16       2.634811331250e-17      -1.486844035579e-18 
 2652       7.950170520904e-12       2.851533943361e-13      -6.913784655053e-13       0.000000000000e+00       1.164287393161e-16       2.632024166754e-17      -1.482438581477e-18 
 2653       7.948075642157e-12       2.829171641555e-13      -6.885010688178e-13       0.000000000000e+00       1.162465382995e-16       2.629223396976e-17      -1.477685033325e-18 
 2654       7.945791910414e-12       2.806872228998e-13      -6.855293676782e-13       0.000000000000e+00       1.160646884549e-16       2.626403657456e-17      -1.472502417013e-18 
 2655       7.943314314497e-12       2.784642157184e-13      -6.824645833775e-13       0.000000000000e+00       1.158831889872e-16       2.623559567612e-17      -1.466809516104e-18 
 2656       7.940637829061e-12       2.762487896600e-13      -6.793079413519e-13       0.000000000000e+00       1.157020390961e-16       2.620685730724e-17      -1.460524871604e-18 
 2657       7.937757414585e-12       2.740415936751e-13      -6.760606711868e-13       0.000000000000e+00       1.155212379755e-16       2.617776733923e-17      -1.453566781737e-18 
 2658       7.934668017356e-12       2.718432786172e-13      -6.727240066212e-13       0.000000000000e+00       1.153407848143e-16       2.614827148171e-17      -1.445853301715e-18 
 2659       7.931364569458e-12       2.696544972448e-13      -6.692991855515e-13       0.000000000000e+00       1.151606787956e-16       2.611831528248e-17      -1.437302243511e-18 
 2660       7.927841988757e-12       2.674759042231e-13      -6.657874500357e-13       0.000000000000e+00       1.149809190973e-16       2.608784412739e-17      -1.427831175632e-18 
 2661       7.924095178889e-12       2.653081561260e-13      -6.621900462972e-13       0.000000000000e+00       1.148015048918e-16       2.605680324014e-17      -1.417357422892e-18 
 2662       7.920119029248e-12       2.631519114374e-13      -6.585082247290e-13       0.000000000000e+00       1.146224353460e-16       2.602513768217e-17      -1.405798066181e-18 
 2663       7.915908414972e-12       2.610078305534e-13      -6.547432398980e-13       0.000000000000e+00       1.144437096215e-16       2.599279235248e-17      -1.393069942242e-18 
 2664       7.911458196929e-12       2.588765757839e-13      -6.508963505484e-13       0.000000000000e+00       1.142653268743e-16       2.595971198751e-17      -1.379089643439e-18 
 2665       7.906763221704e-12       2.567588113545e-13      -6.469688196065e-13       0.000000000000e+00       1.140872862550e-16       2.592584116096e-17      -1.363773517534e-18 
 2666       7.901818321590e-12       2.546552034080e-13      -6.429619141840e-13       0.000000000000e+00       1.139095869087e-16       2.589112428365e-17      -1.347037667455e-18 
 2667       7.896618314569e-12       2.525664200064e-13      -6.388769055827e-13       0.000000000000e+00       1.137322279750e-16       2.585550560335e-17      -1.328797951069e-18 
 2668       7.891158004301e-12       2.504931311328e-13      -6.347150692983e-13       0.000000000000e+00       1.135552085881e-16       2.581892920467e-17      -1.308969980959e-18 
 2669       7.885432180115e-12       2.484360086927e-13      -6.304776850242e-13       0.000000000000e+00       1.133785278766e-16       2.578133900887e-17      -1.287469124189e-18 
 2670       7.879435616989e-12       2.463957265161e-13      -6.261660366559e-13       0.000000000000e+00       1.132021849638e-16       2.574267877373e-17      -1.264210502085e-18 
 2671       7.873163075544e-12       2.443729603595e-13      -6.217814122948e-13       0.000000000000e+00       1.130261789672e-16       2.570289209337e-17      -1.239108989997e-18 
 2672       7.866610165441e-12       2.423683213906e-13      -6.173251970732e-13       0.000000000000e+00       1.128505090124e-16       2.566193125650e-17      -1.212109982007e-18 
 2673       7.859775940789e-12       2.403821562423e-13      -6.127991521768e-13       0.000000000000e+00       1.126751742722e-16       2.561978387436e-17      -1.183281869696e-18 
 2674       7.852660318940e-12       2.384147458667e-13      -6.082051373593e-13       0.000000000000e+00       1.125001739276e-16       2.557644639842e-17      -1.152724069756e-18 
 2675       7.845263218362e-12       2.364663719528e-13      -6.035450182662e-13       0.000000000000e+00       1.123255071542e-16       2.553191527521e-17      -1.120536305389e-18 
 2676       7.837584558645e-12       2.345373169269e-13      -5.988206664404e-13       0.000000000000e+00       1.121511731224e-16       2.548618694637e-17      -1.086818606588e-18 
 2677       7.829624260497e-12       2.326278639538e-13      -5.940339593280e-13       0.000000000000e+00       1.119771709972e-16       2.543925784863e-17      -1.051671310434e-18 
 2678       7.821382245751e-12       2.307382969368e-13      -5.891867802834e-13       0.000000000000e+00       1.118034999384e-16       2.539112441379e-17      -1.015195061381e-18 
 2679       7.812858437363e-12       2.288689005187e-13      -5.842810185756e-13       0.000000000000e+00       1.116301591003e-16       2.534178306876e-17      -9.774908115443e-19 
 2680       7.804052759414e-12       2.270199600827e-13      -5.793185693931e-13       0.000000000000e+00       1.114571476322e-16       2.529123023549e-17      -9.386598209941e-19 
 2681       7.794965137114e-12       2.251917617524e-13      -5.743013338500e-13       0.000000000000e+00       1.112844646777e-16       2.523946233104e-17      -8.988036580408e-19 
 2682       7.785595496799e-12       2.233845923930e-13      -5.692312189914e-13       0.000000000000e+00       1.111121093753e-16       2.518647576752e-17      -8.580241995261e-19 
 2683       7.775943765936e-12       2.215987396119e-13      -5.641101377991e-13       0.000000000000e+00       1.109400808581e-16       2.513226695213e-17      -8.164236311117e-19 
 2684       7.766009873122e-12       2.198344917591e-13      -5.589400091970e-13       0.000000000000e+00       1.107683782540e-16       2.507683228713e-17      -7.741044475688e-19 
 2685       7.755793748090e-12       2.180921379279e-13      -5.537227580570e-13       0.000000000000e+00       1.105970006854e-16       2.502016816983e-17      -7.311694530674e-19 
 2686       7.745295321703e-12       2.163719679558e-13      -5.484603152045e-13       0.000000000000e+00       1.104259472692e-16       2.496227099263e-17      -6.877217614651e-19 
 2687       7.734514525963e-12       2.146742724251e-13      -5.431546174238e-13       0.000000000000e+00       1.102552171173e-16       2.490313714297e-17      -6.438647965971e-19 
 2688       7.723451294008e-12       2.129993426632e-13      -5.378076074638e-13       0.000000000000e+00       1.100848093359e-16       2.484276300334e-17      -5.997022925647e-19 
 2689       7.712105560113e-12       2.113474707437e-13      -5.324212340440e-13       0.000000000000e+00       1.099147230261e-16       2.478114495132e-17      -5.553382940251e-19 
 2690       7.700477259697e-12       2.097189494868e-13      -5.269974518596e-13       0.000000000000e+00       1.097449572834e-16       2.471827935949e-17      -5.108771564804e-19 
 2691       7.688566329315e-12       2.081140724600e-13      -5.215382215871e-13       0.000000000000e+00       1.095755111981e-16       2.465416259551e-17      -4.664235465670e-19 
 2692       7.676372706671e-12       2.065331339787e-13      -5.160455098903e-13       0.000000000000e+00       1.094063838550e-16       2.458879102209e-17      -4.220824423447e-19 
 2693       7.663896330609e-12       2.049764291072e-13      -5.105212894256e-13       0.000000000000e+00       1.092375743335e-16       2.452216099696e-17      -3.779591335862e-19 
 2694       7.651137141120e-12       2.034442536589e-13      -5.049675388479e-13       0.000000000000e+00       1.090690817076e-16       2.445426887289e-17      -3.341592220658e-19 
 2695       7.638095079344e-12       2.019369041970e-13      -4.993862428156e-13       0.000000000000e+00       1.089009050460e-16       2.438511099771e-17      -2.907886218497e-19 
 2696       7.624770087568e-12       2.004546780356e-13      -4.937793919970e-13       0.000000000000e+00       1.087330434118e-16       2.431468371426e-17      -2.479535595840e-19 
 2697       7.611162109230e-12       1.989978732398e-13      -4.881489830753e-13       0.000000000000e+00       1.085654958628e-16       2.424298336043e-17      -2.057605747850e-19 
 2698       7.597271088920e-12       1.975667886268e-13      -4.824970187544e-13       0.000000000000e+00       1.083982614514e-16       2.417000626911e-17      -1.643165201279e-19 
 2699       7.583096972380e-12       1.961617237663e-13      -4.768255077647e-13       0.000000000000e+00       1.082313392245e-16       2.409574876825e-17      -1.237285617362e-19 
 2700       7.568639706509e-12       1.947829789809e-13      -4.711364648682e-13       0.000000000000e+00       1.080647282236e-16       2.402020718079e-17      -8.410417947091e-20 
 2701       7.553899239360e-12       1.934308553477e-13      -4.654319108647e-13       0.000000000000e+00       1.078984274847e-16       2.394337782471e-17      -4.555116721994e-20 
 2702       7.538875520143e-12       1.921056546977e-13      -4.597138725971e-13       0.000000000000e+00       1.077324360385e-16       2.386525701300e-17      -8.177633187252e-21 
 2703       7.523568499230e-12       1.908076796174e-13      -4.539843829570e-13       0.000000000000e+00       1.075667529099e-16       2.378584105367e-17       2.790799981785e-20 
 2704       7.507978128152e-12       1.895372334492e-13      -4.482454808903e-13       0.000000000000e+00       1.074013771188e-16       2.370512624972e-17       6.259699409147e-20 
 2705       7.492104359601e-12       1.882946202916e-13      -4.424992114028e-13       0.000000000000e+00       1.072363076793e-16       2.362310889917e-17       9.578029674586e-20 
 2706       7.475947147433e-12       1.870801450008e-13      -4.367476255659e-13       0.000000000000e+00       1.070715436001e-16       2.353978529507e-17       1.273485394201e-19 
 2707       7.459506446670e-12       1.858941131903e-13      -4.309927805223e-13       0.000000000000e+00       1.069070838845e-16       2.345515172542e-17       1.571920379911e-19 
 2708       7.442782213499e-12       1.847368312322e-13      -4.252367394913e-13       0.000000000000e+00       1.067429275303e-16       2.336920447327e-17       1.852007922838e-19 
 2709       7.425774405275e-12       1.836086062579e-13      -4.194815717746e-13       0.000000000000e+00       1.065790735296e-16       2.328193981663e-17       2.112644857825e-19 
 2710       7.408482980523e-12       1.825097461583e-13      -4.137293527618e-13       0.000000000000e+00       1.064155208694e-16       2.319335402853e-17       2.352724853413e-19 
 2711       7.390908540634e-12       1.814404861565e-13      -4.079820631690e-13       0.000000000000e+00       1.062522686577e-16       2.310344606951e-17       2.571477021407e-19 
 2712       7.373054258733e-12       1.804007680892e-13      -4.022412861473e-13       0.000000000000e+00       1.060893165062e-16       2.301222568113e-17       2.769483749809e-19 
 2713       7.354923961236e-12       1.793904599344e-13      -3.965085085494e-13       0.000000000000e+00       1.059266641498e-16       2.291970533622e-17       2.947668362324e-19 
 2714       7.336521487108e-12       1.784094291305e-13      -3.907852215517e-13       0.000000000000e+00       1.057643113204e-16       2.282589755029e-17       3.106957007878e-19 
 2715       7.317850687879e-12       1.774575425761e-13      -3.850729206587e-13       0.000000000000e+00       1.056022577463e-16       2.273081488164e-17       3.248278663245e-19 
 2716       7.298915427654e-12       1.765346666292e-13      -3.793731057067e-13       0.000000000000e+00       1.054405031529e-16       2.263446993134e-17       3.372565135685e-19 
 2717       7.279719583124e-12       1.756406671068e-13      -3.736872808676e-13       0.000000000000e+00       1.052790472620e-16       2.253687534334e-17       3.480751065577e-19 
 2718       7.260267043579e-12       1.747754092844e-13      -3.680169546534e-13       0.000000000000e+00       1.051178897923e-16       2.243804380442e-17       3.573773929054e-19 
 2719       7.240561710924e-12       1.739387578952e-13      -3.623636399196e-13       0.000000000000e+00       1.049570304592e-16       2.233798804432e-17       3.652574040636e-19 
 2720       7.220607499681e-12       1.731305771300e-13      -3.567288538696e-13       0.000000000000e+00       1.047964689746e-16       2.223672083573e-17       3.718094555865e-19 
 2721       7.200408337011e-12       1.723507306362e-13      -3.511141180581e-13       0.000000000000e+00       1.046362050473e-16       2.213425499435e-17       3.771281473938e-19 
 2722       7.179968162722e-12       1.715990815174e-13      -3.455209583959e-13       0.000000000000e+00       1.044762383829e-16       2.203060337892e-17       3.813083640343e-19 
 2723       7.159290929278e-12       1.708754923332e-13      -3.399509051530e-13       0.000000000000e+00       1.043165686833e-16       2.192577889127e-17       3.844452749491e-19 
 2724       7.138380601816e-12       1.701798250981e-13      -3.344054929630e-13       0.000000000000e+00       1.041571956475e-16       2.181979447634e-17       3.866343347351e-19 
 2725       7.117241158155e-12       1.695119412813e-13      -3.288862608271e-13       0.000000000000e+00       1.039981189710e-16       2.171266312227e-17       3.879712834084e-19 
 2726       7.095876588808e-12       1.688717018060e-13      -3.233947521179e-13       0.000000000000e+00       1.038393383460e-16       2.160439786039e-17       3.885521466676e-19 
 2727       7.074290896996e-12       1.682589670490e-13      -3.179325145834e-13       0.000000000000e+00       1.036808534613e-16       2.149501176529e-17       3.884732361577e-19 
 2728       7.052488098658e-12       1.676735968403e-13      -3.125011003511e-13       0.000000000000e+00       1.035226640025e-16       2.138451795484e-17       3.878311497327e-19 
 2729       7.030472222462e-12       1.671154504619e-13      -3.071020659315e-13       0.000000000000e+00       1.033647696518e-16       2.127292959026e-17       3.867227717198e-19 
 2730       7.008247309820e-12       1.665843866480e-13      -3.017369722229e-13       0.000000000000e+00       1.032071700882e-16       2.116025987612e-17       3.852452731821e-19 
 2731       6.985817414898e-12       1.660802635842e-13      -2.964073845143e-13       0.000000000000e+00       1.030498649870e-16       2.104652206043e-17       3.834961121827e-19 
 2732       6.963186604627e-12       1.656029389067e-13      -2.911148724904e-13       0.000000000000e+00       1.028928540206e-16       2.093172943464e-17       3.815730340476e-19 
 2733       6.940358958717e-12       1.651522697020e-13      -2.858610102348e-13       0.000000000000e+00       1.027361368578e-16       2.081589533371e-17       3.795740716292e-19 
 2734       6.917338569669e-12       1.647281125066e-13      -2.806473762342e-13       0.000000000000e+00       1.025797131642e-16       2.069903313613e-17       3.775975455701e-19 
 2735       6.894129542785e-12       1.643303233058e-13      -2.754755533825e-13       0.000000000000e+00       1.024235826017e-16       2.058115626397e-17       3.757420645658e-19 
 2736       6.870735996180e-12       1.639587575338e-13      -2.703471289848e-13       0.000000000000e+00       1.022677448293e-16       2.046227818292e-17       3.741065256289e-19 
 2737       6.847162060797e-12       1.636132700729e-13      -2.652636947609e-13       0.000000000000e+00       1.021121995024e-16       2.034241240235e-17       3.727901143519e-19 
 2738       6.823411880416e-12       1.632937152526e-13      -2.602268468498e-13       0.000000000000e+00       1.019569462730e-16       2.022157247530e-17       3.718923051708e-19 
 2739       6.799489611666e-12       1.629999468499e-13      -2.552381858133e-13       0.000000000000e+00       1.018019847899e-16       2.009977199858e-17       3.715128616286e-19 
 2740       6.775399424037e-12       1.627318180880e-13      -2.502993166403e-13       0.000000000000e+00       1.016473146982e-16       1.997702461277e-17       3.717518366388e-19 
 2741       6.751145499896e-12       1.624891816359e-13      -2.454118487502e-13       0.000000000000e+00       1.014929356401e-16       1.985334400229e-17       3.727095727485e-19 
 2742       6.726732034493e-12       1.622718896083e-13      -2.405773959976e-13       0.000000000000e+00       1.013388472540e-16       1.972874389542e-17       3.744867024019e-19 
 2743       6.702163235974e-12       1.620797935644e-13      -2.357975766756e-13       0.000000000000e+00       1.011850491752e-16       1.960323806434e-17       3.771841482039e-19 
 2744       6.677443325398e-12       1.619127445079e-13      -2.310740135202e-13       0.000000000000e+00       1.010315410353e-16       1.947684032520e-17       3.809031231835e-19 
 2745       6.652576536743e-12       1.617705928863e-13      -2.264083337140e-13       0.000000000000e+00       1.008783224628e-16       1.934956453812e-17       3.857451310568e-19 
 2746       6.627567116922e-12       1.616531885899e-13      -2.218021688903e-13       0.000000000000e+00       1.007253930827e-16       1.922142460726e-17       3.918119664910e-19 
 2747       6.602419325790e-12       1.615603809522e-13      -2.172571551369e-13       0.000000000000e+00       1.005727525165e-16       1.909243448087e-17       3.992057153673e-19 
 2748       6.577137436163e-12       1.614920187484e-13      -2.127749330003e-13       0.000000000000e+00       1.004204003825e-16       1.896260815127e-17       4.080287550448e-19 
 2749       6.551725733824e-12       1.614479501954e-13      -2.083571474895e-13       0.000000000000e+00       1.002683362954e-16       1.883195965498e-17       4.183837546232e-19 
 2750       6.526188630561e-12       1.614279820594e-13      -2.040052417864e-13       0.000000000000e+00       1.001165597918e-16       1.870050952724e-17       4.303438946623e-19 
 2751       6.500531003907e-12       1.614317567414e-13      -1.997198371683e-13       0.000000000000e+00       9.996507010572e-17       1.856830420324e-17       4.438633525417e-19 
 2752       6.474757859234e-12       1.614588745364e-13      -1.955013497912e-13       0.000000000000e+00       9.981386639157e-17       1.843539672031e-17       4.588663409261e-19 
 2753       6.448874216905e-12       1.615089344637e-13      -1.913501966841e-13       0.000000000000e+00       9.966294779922e-17       1.830184027293e-17       4.752768448081e-19 
 2754       6.422885112288e-12       1.615815342664e-13      -1.872667957496e-13       0.000000000000e+00       9.951231347373e-17       1.816768821280e-17       4.930186212982e-19 
 2755       6.396795595773e-12       1.616762704098e-13      -1.832515657648e-13       0.000000000000e+00       9.936196255546e-17       1.803299404908e-17       5.120151994169e-19 
 2756       6.370610732782e-12       1.617927380805e-13      -1.793049263820e-13       0.000000000000e+00       9.921189417998e-17       1.789781144845e-17       5.321898798850e-19 
 2757       6.344335603783e-12       1.619305311849e-13      -1.754272981292e-13       0.000000000000e+00       9.906210747813e-17       1.776219423530e-17       5.534657349151e-19 
 2758       6.317975304306e-12       1.620892423483e-13      -1.716191024107e-13       0.000000000000e+00       9.891260157599e-17       1.762619639186e-17       5.757656080023e-19 
 2759       6.291534944955e-12       1.622684629135e-13      -1.678807615081e-13       0.000000000000e+00       9.876337559488e-17       1.748987205835e-17       5.990121137153e-19 
 2760       6.265019651424e-12       1.624677829398e-13      -1.642126985811e-13       0.000000000000e+00       9.861442865135e-17       1.735327553310e-17       6.231276374877e-19 
 2761       6.238434564505e-12       1.626867912016e-13      -1.606153376674e-13       0.000000000000e+00       9.846575985717e-17       1.721646127274e-17       6.480343354086e-19 
 2762       6.211784840110e-12       1.629250751873e-13      -1.570891036843e-13       0.000000000000e+00       9.831736831934e-17       1.707948389229e-17       6.736541340139e-19 
 2763       6.185075649278e-12       1.631822210981e-13      -1.536344224289e-13       0.000000000000e+00       9.816925314008e-17       1.694239816534e-17       6.999087300774e-19 
 2764       6.158312178190e-12       1.634578138469e-13      -1.502517205789e-13       0.000000000000e+00       9.802141341680e-17       1.680525902418e-17       7.267195904015e-19 
 2765       6.131499628187e-12       1.637514370570e-13      -1.469414256933e-13       0.000000000000e+00       9.787384824216e-17       1.666812155994e-17       7.540079516088e-19 
 2766       6.104643215778e-12       1.640626730610e-13      -1.437039662131e-13       0.000000000000e+00       9.772655670397e-17       1.653104102276e-17       7.816948199323e-19 
 2767       6.077748172657e-12       1.643911028992e-13      -1.405397714618e-13       0.000000000000e+00       9.757953788528e-17       1.639407282188e-17       8.097009710072e-19 
 2768       6.050819745717e-12       1.647363063192e-13      -1.374492716463e-13       0.000000000000e+00       9.743279086430e-17       1.625727252584e-17       8.379469496617e-19 
 2769       6.023863197061e-12       1.650978617740e-13      -1.344328978578e-13       0.000000000000e+00       9.728631471445e-17       1.612069586259e-17       8.663530697077e-19 
 2770       5.996883804019e-12       1.654753464212e-13      -1.314910820719e-13       0.000000000000e+00       9.714010850430e-17       1.598439871964e-17       8.948394137322e-19 
 2771       5.969886859160e-12       1.658683361214e-13      -1.286242571498e-13       0.000000000000e+00       9.699417129764e-17       1.584843714422e-17       9.233258328884e-19 
 2772       5.942877670305e-12       1.662764054377e-13      -1.258328568385e-13       0.000000000000e+00       9.684850215339e-17       1.571286734340e-17       9.517319466862e-19 
 2773       5.915861560542e-12       1.666991276336e-13      -1.231173157723e-13       0.000000000000e+00       9.670310012566e-17       1.557774568424e-17       9.799771427840e-19 
 2774       5.888843868239e-12       1.671360746728e-13      -1.204780694724e-13       0.000000000000e+00       9.655796426370e-17       1.544312869394e-17       1.007980576779e-18 
 2775       5.861829947061e-12       1.675868172171e-13      -1.179155543486e-13       0.000000000000e+00       9.641309361194e-17       1.530907305998e-17       1.035661171999e-18 
 2776       5.834825165976e-12       1.680509246257e-13      -1.154302076993e-13       0.000000000000e+00       9.626848720994e-17       1.517563563027e-17       1.062937619292e-18 
 2777       5.807834909277e-12       1.685279649542e-13      -1.130224677126e-13       0.000000000000e+00       9.612414409242e-17       1.504287341328e-17       1.089728376819e-18 
 2778       5.780864576591e-12       1.690175049526e-13      -1.106927734666e-13       0.000000000000e+00       9.598006328922e-17       1.491084357819e-17       1.115951669844e-18 
 2779       5.753919582895e-12       1.695191100652e-13      -1.084415649306e-13       0.000000000000e+00       9.583624382533e-17       1.477960345503e-17       1.141525490526e-18 
 2780       5.727005358527e-12       1.700323444284e-13      -1.062692829653e-13       0.000000000000e+00       9.569268472088e-17       1.464921053485e-17       1.166367597708e-18 
 2781       5.700127349204e-12       1.705567708701e-13      -1.041763693237e-13       0.000000000000e+00       9.554938499109e-17       1.451972246982e-17       1.190395516711e-18 
 2782       5.673291016031e-12       1.710919509085e-13      -1.021632666518e-13       0.000000000000e+00       9.540634364633e-17       1.439119707339e-17       1.213526539121e-18 
 2783       5.646501835518e-12       1.716374447505e-13      -1.002304184894e-13       0.000000000000e+00       9.526355969207e-17       1.426369232046e-17       1.235677722584e-18 
 2784       5.619765299591e-12       1.721928112910e-13      -9.837826927035e-14       0.000000000000e+00       9.512103212890e-17       1.413726634748e-17       1.256765890596e-18 
 2785       5.593086915610e-12       1.727576081112e-13      -9.660726432380e-14       0.000000000000e+00       9.497875995250e-17       1.401197745262e-17       1.276707632292e-18 
 2786       5.566472206379e-12       1.733313914780e-13      -9.491784987452e-14       0.000000000000e+00       9.483674215366e-17       1.388788409593e-17       1.295419302239e-18 
 2787       5.539926710160e-12       1.739137163423e-13      -9.331047304369e-14       0.000000000000e+00       9.469497771826e-17       1.376504489942e-17       1.312817020226e-18 
 2788       5.513455980687e-12       1.745041363381e-13      -9.178558184961e-14       0.000000000000e+00       9.455346562725e-17       1.364351864729e-17       1.328816671058e-18 
 2789       5.487065226909e-12       1.751022103623e-13      -9.034344040140e-14       0.000000000000e+00       9.441220500013e-17       1.352335910794e-17       1.343356481427e-18 
 2790       5.460758230105e-12       1.757075223553e-13      -8.898357341849e-14       0.000000000000e+00       9.427119552597e-17       1.340459947019e-17       1.356464880491e-18 
 2791       5.434538421108e-12       1.763196616222e-13      -8.770531879569e-14       0.000000000000e+00       9.413043703463e-17       1.328726782569e-17       1.368192995215e-18 
 2792       5.408409240071e-12       1.769382162594e-13      -8.650801214301e-14       0.000000000000e+00       9.398992935349e-17       1.317139233954e-17       1.378592105795e-18 
 2793       5.382374136472e-12       1.775627731542e-13      -8.539098678358e-14       0.000000000000e+00       9.384967230748e-17       1.305700125040e-17       1.387713645793e-18 
 2794       5.356436569128e-12       1.781929179831e-13      -8.435357375145e-14       0.000000000000e+00       9.370966571905e-17       1.294412287057e-17       1.395609202274e-18 
 2795       5.330600006196e-12       1.788282352110e-13      -8.339510178941e-14       0.000000000000e+00       9.356990940819e-17       1.283278558601e-17       1.402330515952e-18 
 2796       5.304867925187e-12       1.794683080903e-13      -8.251489734685e-14       0.000000000000e+00       9.343040319242e-17       1.272301785644e-17       1.407929481323e-18 
 2797       5.279243812973e-12       1.801127186593e-13      -8.171228457762e-14       0.000000000000e+00       9.329114688679e-17       1.261484821536e-17       1.412458146807e-18 
 2798       5.253731165792e-12       1.807610477415e-13      -8.098658533780e-14       0.000000000000e+00       9.315214030384e-17       1.250830527018e-17       1.415968714885e-18 
 2799       5.228333489259e-12       1.814128749445e-13      -8.033711918363e-14       0.000000000000e+00       9.301338325367e-17       1.240341770222e-17       1.418513542242e-18 
 2800       5.203054298374e-12       1.820677786586e-13      -7.976320336926e-14       0.000000000000e+00       9.287487554388e-17       1.230021426680e-17       1.420145139903e-18 
 2801       5.177897117530e-12       1.827253360561e-13      -7.926415284464e-14       0.000000000000e+00       9.273661697956e-17       1.219872379333e-17       1.420916173374e-18 
 2802       5.152865480519e-12       1.833851230899e-13      -7.883928025335e-14       0.000000000000e+00       9.259860736335e-17       1.209897518531e-17       1.420879462778e-18 
 2803       5.127962930545e-12       1.840467144927e-13      -7.848789593041e-14       0.000000000000e+00       9.246084649536e-17       1.200099742045e-17       1.420087983001e-18 
 2804       5.103193020228e-12       1.847096837755e-13      -7.820930790016e-14       0.000000000000e+00       9.232333417324e-17       1.190481955072e-17       1.418594863821e-18 
 2805       5.078559311611e-12       1.853736032270e-13      -7.800282187407e-14       0.000000000000e+00       9.218607019211e-17       1.181047070239e-17       1.416453390059e-18 
 2806       5.054065376175e-12       1.860380439121e-13      -7.786774124858e-14       0.000000000000e+00       9.204905434461e-17       1.171798007613e-17       1.413717001708e-18 
 2807       5.029714794839e-12       1.867025756712e-13      -7.780336710295e-14       0.000000000000e+00       9.191228642086e-17       1.162737694703e-17       1.410439294078e-18 
 2808       5.005511157974e-12       1.873667671185e-13      -7.780899819708e-14       0.000000000000e+00       9.177576620848e-17       1.153869066471e-17       1.406674017935e-18 
 2809       4.981458065409e-12       1.880301856415e-13      -7.788393096937e-14       0.000000000000e+00       9.163949349259e-17       1.145195065335e-17       1.402475079635e-18 
 2810       4.957559126437e-12       1.886923973999e-13      -7.802745953453e-14       0.000000000000e+00       9.150346805577e-17       1.136718641178e-17       1.397896541271e-18 
 2811       4.933817959829e-12       1.893529673240e-13      -7.823887568144e-14       0.000000000000e+00       9.136768967810e-17       1.128442751351e-17       1.392992620807e-18 
 2812       4.910238193835e-12       1.900114591141e-13      -7.851746887099e-14       0.000000000000e+00       9.123215813715e-17       1.120370360683e-17       1.387817692218e-18 
 2813       4.886823466199e-12       1.906674352390e-13      -7.886252623390e-14       0.000000000000e+00       9.109687320795e-17       1.112504441485e-17       1.382426285629e-18 
 2814       4.863577424162e-12       1.913204569355e-13      -7.927333256856e-14       0.000000000000e+00       9.096183466301e-17       1.104847973556e-17       1.376873087456e-18 
 2815       4.840503724473e-12       1.919700842065e-13      -7.974917033888e-14       0.000000000000e+00       9.082704227232e-17       1.097403944192e-17       1.371212940544e-18 
 2816       4.817606033394e-12       1.926158758209e-13      -8.028931967212e-14       0.000000000000e+00       9.069249580334e-17       1.090175348189e-17       1.365500844307e-18 
 2817       4.794888026715e-12       1.932573893114e-13      -8.089305835673e-14       0.000000000000e+00       9.055819502098e-17       1.083165187854e-17       1.359791954864e-18 
 2818       4.772353389753e-12       1.938941809743e-13      -8.155966184020e-14       0.000000000000e+00       9.042413968762e-17       1.076376473005e-17       1.354141585183e-18 
 2819       4.750005817367e-12       1.945258058680e-13      -8.228840322685e-14       0.000000000000e+00       9.029032956311e-17       1.069812220983e-17       1.348605205218e-18 
 2820       4.727849013965e-12       1.951518178121e-13      -8.307855327575e-14       0.000000000000e+00       9.015676440475e-17       1.063475456655e-17       1.343238442046e-18 
 2821       4.705886693508e-12       1.957717693860e-13      -8.392938039847e-14       0.000000000000e+00       9.002344396728e-17       1.057369212423e-17       1.338097080010e-18 
 2822       4.684122579525e-12       1.963852119282e-13      -8.484015065697e-14       0.000000000000e+00       8.989036800293e-17       1.051496528227e-17       1.333237060857e-18 
 2823       4.662560405114e-12       1.969916955348e-13      -8.581012776143e-14       0.000000000000e+00       8.975753626134e-17       1.045860451555e-17       1.328714483874e-18 
 2824       4.641203912956e-12       1.975907690588e-13      -8.683857306809e-14       0.000000000000e+00       8.962494848961e-17       1.040464037447e-17       1.324585606033e-18 
 2825       4.620056855321e-12       1.981819801087e-13      -8.792474557706e-14       0.000000000000e+00       8.949260443229e-17       1.035310348502e-17       1.320906842126e-18 
 2826       4.599122994073e-12       1.987648750479e-13      -8.906790193020e-14       0.000000000000e+00       8.936050383136e-17       1.030402454884e-17       1.317734764905e-18 
 2827       4.578406100685e-12       1.993389989927e-13      -9.026729640893e-14       0.000000000000e+00       8.922864642623e-17       1.025743434328e-17       1.315126105222e-18 
 2828       4.557909389501e-12       1.999039371553e-13      -9.152210775472e-14       0.000000000000e+00       8.909703189029e-17       1.021333721192e-17       1.313123861295e-18 
 2829       4.537633814314e-12       2.004594391055e-13      -9.283121922096e-14       0.000000000000e+00       8.896565964008e-17       1.017163138588e-17       1.311715547647e-18 
 2830       4.517579762986e-12       2.010052951498e-13      -9.419343737774e-14       0.000000000000e+00       8.883452902511e-17       1.013218824999e-17       1.310874730228e-18 
 2831       4.497747623387e-12       2.015412950467e-13      -9.560756518248e-14       0.000000000000e+00       8.870363939123e-17       1.009487881453e-17       1.310574897580e-18 
 2832       4.478137783390e-12       2.020672280057e-13      -9.707240197667e-14       0.000000000000e+00       8.857299008065e-17       1.005957371493e-17       1.310789460770e-18 
 2833       4.458750630877e-12       2.025828826869e-13      -9.858674348261e-14       0.000000000000e+00       8.844258043189e-17       1.002614321141e-17       1.311491753322e-18 
 2834       4.439586553732e-12       2.030880472010e-13      -1.001493818002e-13       0.000000000000e+00       8.831240977984e-17       9.994457188651e-18       1.312655031141e-18 
 2835       4.420645939849e-12       2.035825091081e-13      -1.017591054035e-13       0.000000000000e+00       8.818247745568e-17       9.964385155455e-18       1.314252472454e-18 
 2836       4.401929177122e-12       2.040660554181e-13      -1.034146991377e-13       0.000000000000e+00       8.805278278696e-17       9.935796244429e-18       1.316257177730e-18 
 2837       4.383436653453e-12       2.045384725894e-13      -1.051149442159e-13       0.000000000000e+00       8.792332509752e-17       9.908559211637e-18       1.318642169621e-18 
 2838       4.365168756748e-12       2.049995465288e-13      -1.068586182155e-13       0.000000000000e+00       8.779410370753e-17       9.882542436270e-18       1.321380392885e-18 
 2839       4.347125874915e-12       2.054490625912e-13      -1.086444950751e-13       0.000000000000e+00       8.766511793348e-17       9.857613920312e-18       1.324444714321e-18 
 2840       4.329308395866e-12       2.058868055787e-13      -1.104713450915e-13       0.000000000000e+00       8.753636708818e-17       9.833641288205e-18       1.327807922700e-18 
 2841       4.311716707519e-12       2.063125597407e-13      -1.123379349163e-13       0.000000000000e+00       8.740785048072e-17       9.810491786515e-18       1.331442728692e-18 
 2842       4.294351197792e-12       2.067261087729e-13      -1.142430275522e-13       0.000000000000e+00       8.727956741651e-17       9.788032283600e-18       1.335321764802e-18 
 2843       4.277212254607e-12       2.071272358168e-13      -1.161853823504e-13       0.000000000000e+00       8.715151719726e-17       9.766129269273e-18       1.339417585297e-18 
 2844       4.260300265887e-12       2.075157234600e-13      -1.181637550071e-13       0.000000000000e+00       8.702369912098e-17       9.744648854471e-18       1.343702666139e-18 
 2845       4.243615619559e-12       2.078913537347e-13      -1.201768975600e-13       0.000000000000e+00       8.689611248196e-17       9.723456770919e-18       1.348149404915e-18 
 2846       4.227158703549e-12       2.082539081179e-13      -1.222235583853e-13       0.000000000000e+00       8.676875657079e-17       9.702418370796e-18       1.352730120767e-18 
 2847       4.210929905788e-12       2.086031675308e-13      -1.243024821944e-13       0.000000000000e+00       8.664163067434e-17       9.681398626403e-18       1.357417054325e-18 
 2848       4.194929614204e-12       2.089389123383e-13      -1.264124100306e-13       0.000000000000e+00       8.651473407576e-17       9.660262129827e-18       1.362182367636e-18 
 2849       4.179158216728e-12       2.092609223482e-13      -1.285520792660e-13       0.000000000000e+00       8.638806605447e-17       9.638873092605e-18       1.366998144096e-18 
 2850       4.163616101291e-12       2.095689768115e-13      -1.307202235978e-13       0.000000000000e+00       8.626162588617e-17       9.617095345398e-18       1.371836388379e-18 
 2851       4.148303655823e-12       2.098628544211e-13      -1.329155730456e-13       0.000000000000e+00       8.613541284283e-17       9.594792337646e-18       1.376669026371e-18 
 2852       4.133221268255e-12       2.101423333119e-13      -1.351368539476e-13       0.000000000000e+00       8.600942619268e-17       9.571827137242e-18       1.381467905099e-18 
 2853       4.118369326517e-12       2.104071910599e-13      -1.373827889580e-13       0.000000000000e+00       8.588366520022e-17       9.548062430197e-18       1.386204792659e-18 
 2854       4.103748218536e-12       2.106572046822e-13      -1.396520970430e-13       0.000000000000e+00       8.575812912619e-17       9.523360520302e-18       1.390851378154e-18 
 2855       4.089358332242e-12       2.108921506361e-13      -1.419434934781e-13       0.000000000000e+00       8.563281722760e-17       9.497583328799e-18       1.395379271618e-18 
 2856       4.075200055559e-12       2.111118048188e-13      -1.442556898445e-13       0.000000000000e+00       8.550772875770e-17       9.470592394041e-18       1.399760003949e-18 
 2857       4.061273776410e-12       2.113159425672e-13      -1.465873940261e-13       0.000000000000e+00       8.538286296598e-17       9.442248871165e-18       1.403965026843e-18 
 2858       4.047579882719e-12       2.115043386569e-13      -1.489373102061e-13       0.000000000000e+00       8.525821909820e-17       9.412413531753e-18       1.407965712719e-18 
 2859       4.034118762402e-12       2.116767673020e-13      -1.513041388636e-13       0.000000000000e+00       8.513379639632e-17       9.380946763501e-18       1.411733354655e-18 
 2860       4.020890803376e-12       2.118330021548e-13      -1.536865767707e-13       0.000000000000e+00       8.500959409856e-17       9.347708569880e-18       1.415239166316e-18 
 2861       4.007896393553e-12       2.119728163049e-13      -1.560833169889e-13       0.000000000000e+00       8.488561143935e-17       9.312558569809e-18       1.418454281887e-18 
 2862       3.995135920843e-12       2.120959822793e-13      -1.584930488660e-13       0.000000000000e+00       8.476184764937e-17       9.275355997317e-18       1.421349756001e-18 
 2863       3.982609773149e-12       2.122022720413e-13      -1.609144580329e-13       0.000000000000e+00       8.463830195550e-17       9.235959701209e-18       1.423896563673e-18 
 2864       3.970318338373e-12       2.122914569906e-13      -1.633462264002e-13       0.000000000000e+00       8.451497358085e-17       9.194228144731e-18       1.426065600227e-18 
 2865       3.958262004410e-12       2.123633079624e-13      -1.657870321549e-13       0.000000000000e+00       8.439186174474e-17       9.150019405240e-18       1.427827681232e-18 
 2866       3.946441159152e-12       2.124175952272e-13      -1.682355497575e-13       0.000000000000e+00       8.426896566271e-17       9.103191173867e-18       1.429153542427e-18 
 2867       3.934855752786e-12       2.124541373266e-13      -1.706905060394e-13       0.000000000000e+00       8.414628463469e-17       9.053652371911e-18       1.430020347128e-18 
 2868       3.923503982270e-12       2.124729478548e-13      -1.731508488170e-13       0.000000000000e+00       8.402381831010e-17       9.001518288756e-18       1.430431244885e-18 
 2869       3.912383600136e-12       2.124740894263e-13      -1.756155791330e-13       0.000000000000e+00       8.390156642412e-17       8.946956235791e-18       1.430395912596e-18 
 2870       3.901492351575e-12       2.124576249073e-13      -1.780836952302e-13       0.000000000000e+00       8.377952870959e-17       8.890134002077e-18       1.429924056139e-18 
 2871       3.890827974425e-12       2.124236174163e-13      -1.805541925501e-13       0.000000000000e+00       8.365770489703e-17       8.831219854768e-18       1.429025410398e-18 
 2872       3.880388199171e-12       2.123721303241e-13      -1.830260637295e-13       0.000000000000e+00       8.353609471463e-17       8.770382539529e-18       1.427709739285e-18 
 2873       3.870170748931e-12       2.123032272543e-13      -1.854982985988e-13       0.000000000000e+00       8.341469788824e-17       8.707791280955e-18       1.425986835771e-18 
 2874       3.860173339457e-12       2.122169720835e-13      -1.879698841790e-13       0.000000000000e+00       8.329351414137e-17       8.643615782992e-18       1.423866521908e-18 
 2875       3.850393679120e-12       2.121134289412e-13      -1.904398046796e-13       0.000000000000e+00       8.317254319521e-17       8.578026229355e-18       1.421358648857e-18 
 2876       3.840829468911e-12       2.119926622106e-13      -1.929070414960e-13       0.000000000000e+00       8.305178476857e-17       8.511193283946e-18       1.418473096911e-18 
 2877       3.831478402428e-12       2.118547365282e-13      -1.953705732073e-13       0.000000000000e+00       8.293123857795e-17       8.443288091278e-18       1.415219775524e-18 
 2878       3.822338165873e-12       2.116997167846e-13      -1.978293755735e-13       0.000000000000e+00       8.281090433749e-17       8.374482276886e-18       1.411608623336e-18 
 2879       3.813406438045e-12       2.115276681245e-13      -2.002824215332e-13       0.000000000000e+00       8.269078175898e-17       8.304947947757e-18       1.407649608198e-18 
 2880       3.804680890332e-12       2.113386559470e-13      -2.027286812013e-13       0.000000000000e+00       8.257087055186e-17       8.234857692741e-18       1.403352727198e-18 
 2881       3.796159186704e-12       2.111327459056e-13      -2.051671218665e-13       0.000000000000e+00       8.245117042320e-17       8.164384582971e-18       1.398728006687e-18 
 2882       3.787838983710e-12       2.109100039089e-13      -2.075967079886e-13       0.000000000000e+00       8.233168107775e-17       8.093702172289e-18       1.393785502306e-18 
 2883       3.779717930464e-12       2.106704961205e-13      -2.100164011964e-13       0.000000000000e+00       8.221240221785e-17       8.022984497656e-18       1.388535299008e-18 
 2884       3.771793668647e-12       2.104142889592e-13      -2.124251602852e-13       0.000000000000e+00       8.209333354352e-17       7.952406079579e-18       1.382987511090e-18 
 2885       3.764063832493e-12       2.101414490996e-13      -2.148219412142e-13       0.000000000000e+00       8.197447475239e-17       7.882141922525e-18       1.377152282212e-18 
 2886       3.756526048787e-12       2.098520434719e-13      -2.172056971041e-13       0.000000000000e+00       8.185582553972e-17       7.812367515343e-18       1.371039785429e-18 
 2887       3.749177936855e-12       2.095461392626e-13      -2.195753782348e-13       0.000000000000e+00       8.173738559842e-17       7.743258831684e-18       1.364660223212e-18 
 2888       3.742017108562e-12       2.092238039143e-13      -2.219299320429e-13       0.000000000000e+00       8.161915461900e-17       7.674992330418e-18       1.358023827476e-18 
 2889       3.735041168298e-12       2.088851051261e-13      -2.242683031190e-13       0.000000000000e+00       8.150113228962e-17       7.607744956054e-18       1.351140859607e-18 
 2890       3.728247712978e-12       2.085301108541e-13      -2.265894332057e-13       0.000000000000e+00       8.138331829605e-17       7.541694139160e-18       1.344021610485e-18 
 2891       3.721634332032e-12       2.081588893113e-13      -2.288922611949e-13       0.000000000000e+00       8.126571232167e-17       7.477017796781e-18       1.336676400512e-18 
 2892       3.715198607399e-12       2.077715089679e-13      -2.311757231253e-13       0.000000000000e+00       8.114831404749e-17       7.413894332862e-18       1.329115579636e-18 
 2893       3.708938113521e-12       2.073680385518e-13      -2.334387521801e-13       0.000000000000e+00       8.103112315213e-17       7.352502638660e-18       1.321349527380e-18 
 2894       3.702850417334e-12       2.069485470484e-13      -2.356802786846e-13       0.000000000000e+00       8.091413931181e-17       7.293022093172e-18       1.313388652863e-18 
 2895       3.696933078264e-12       2.065131037013e-13      -2.378992301036e-13       0.000000000000e+00       8.079736220038e-17       7.235632563547e-18       1.305243394832e-18 
 2896       3.691183648218e-12       2.060617780122e-13      -2.400945310391e-13       0.000000000000e+00       8.068079148928e-17       7.180514405511e-18       1.296924221680e-18 
 2897       3.685599671580e-12       2.055946397414e-13      -2.422651032276e-13       0.000000000000e+00       8.056442684756e-17       7.127848463782e-18       1.288441631481e-18 
 2898       3.680178685201e-12       2.051117589079e-13      -2.444098655382e-13       0.000000000000e+00       8.044826794185e-17       7.077816072490e-18       1.279806152006e-18 
 2899       3.674918218396e-12       2.046132057894e-13      -2.465277339694e-13       0.000000000000e+00       8.033231443642e-17       7.030599055599e-18       1.271028340759e-18 
 2900       3.669815792933e-12       2.040990509233e-13      -2.486176216473e-13       0.000000000000e+00       8.021656599311e-17       6.986379727324e-18       1.262118784993e-18 
 2901       3.664868923030e-12       2.035693651059e-13      -2.506784388231e-13       0.000000000000e+00       8.010102227134e-17       6.945340892551e-18       1.253088101744e-18 
 2902       3.660075115345e-12       2.030242193936e-13      -2.527090928700e-13       0.000000000000e+00       7.998568292814e-17       6.907665847256e-18       1.243946937852e-18 
 2903       3.655431868974e-12       2.024636851024e-13      -2.547084882818e-13       0.000000000000e+00       7.987054761812e-17       6.873538378923e-18       1.234705969986e-18 
 2904       3.650936675439e-12       2.018878338089e-13      -2.566755266694e-13       0.000000000000e+00       7.975561599349e-17       6.843142766967e-18       1.225375904676e-18 
 2905       3.646587018685e-12       2.012967373496e-13      -2.586091067593e-13       0.000000000000e+00       7.964088770402e-17       6.816663783150e-18       1.215967478332e-18 
 2906       3.642380273895e-12       2.006904953104e-13      -2.605082470448e-13       0.000000000000e+00       7.952636239422e-17       6.794224508407e-18       1.206490156202e-18 
 2907       3.638313403406e-12       2.000693176434e-13      -2.623724544225e-13       0.000000000000e+00       7.941203969478e-17       6.775699440113e-18       1.196948222023e-18 
 2908       3.634383259247e-12       1.994334424662e-13      -2.642013574089e-13       0.000000000000e+00       7.929791923104e-17       6.760900443732e-18       1.187344668711e-18 
 2909       3.630586684170e-12       1.987831086129e-13      -2.659945836546e-13       0.000000000000e+00       7.918400062590e-17       6.749638850394e-18       1.177682497654e-18 
 2910       3.626920511639e-12       1.981185556338e-13      -2.677517599430e-13       0.000000000000e+00       7.907028349976e-17       6.741725456434e-18       1.167964718716e-18 
 2911       3.623381565825e-12       1.974400237966e-13      -2.694725121901e-13       0.000000000000e+00       7.895676747055e-17       6.736970522926e-18       1.158194350244e-18 
 2912       3.619966661595e-12       1.967477540869e-13      -2.711564654435e-13       0.000000000000e+00       7.884345215370e-17       6.735183775221e-18       1.148374419080e-18 
 2913       3.616672604505e-12       1.960419882088e-13      -2.728032438818e-13       0.000000000000e+00       7.873033716219e-17       6.736174402480e-18       1.138507960562e-18 
 2914       3.613496190793e-12       1.953229685853e-13      -2.744124708138e-13       0.000000000000e+00       7.861742210647e-17       6.739751057214e-18       1.128598018536e-18 
 2915       3.610434207367e-12       1.945909383594e-13      -2.759837686781e-13       0.000000000000e+00       7.850470659453e-17       6.745721854816e-18       1.118647645362e-18 
 2916       3.607483431802e-12       1.938461413945e-13      -2.775167590421e-13       0.000000000000e+00       7.839219023185e-17       6.753894373100e-18       1.108659901918e-18 
 2917       3.604640632330e-12       1.930888222748e-13      -2.790110626013e-13       0.000000000000e+00       7.827987262143e-17       6.764075651835e-18       1.098637857615e-18 
 2918       3.601902567827e-12       1.923192263065e-13      -2.804662991788e-13       0.000000000000e+00       7.816775336375e-17       6.776072192281e-18       1.088584590396e-18 
 2919       3.599265987815e-12       1.915375995177e-13      -2.818820877245e-13       0.000000000000e+00       7.805583205680e-17       6.789689956726e-18       1.078503186750e-18 
 2920       3.596727632442e-12       1.907441886598e-13      -2.832580463144e-13       0.000000000000e+00       7.794410829607e-17       6.804734368023e-18       1.068396741714e-18 
 2921       3.594284232485e-12       1.899392412074e-13      -2.845937921498e-13       0.000000000000e+00       7.783258167455e-17       6.821010309124e-18       1.058268358884e-18 
 2922       3.591932509332e-12       1.891230053596e-13      -2.858889415570e-13       0.000000000000e+00       7.772125178269e-17       6.838322122615e-18       1.048121150421e-18 
 2923       3.589669174981e-12       1.882957300401e-13      -2.871431099858e-13       0.000000000000e+00       7.761011820846e-17       6.856473610254e-18       1.037958237058e-18 
 2924       3.587490932030e-12       1.874576648981e-13      -2.883559120098e-13       0.000000000000e+00       7.749918053730e-17       6.875268032509e-18       1.027782748109e-18 
 2925       3.585394473666e-12       1.866090603090e-13      -2.895269613250e-13       0.000000000000e+00       7.738843835213e-17       6.894508108089e-18       1.017597821474e-18 
 2926       3.583376483660e-12       1.857501673748e-13      -2.906558707492e-13       0.000000000000e+00       7.727789123337e-17       6.913996013483e-18       1.007406603647e-18 
 2927       3.581433636358e-12       1.848812379249e-13      -2.917422522216e-13       0.000000000000e+00       7.716753875891e-17       6.933533382495e-18       9.972122497247e-19 
 2928       3.579562596671e-12       1.840025245166e-13      -2.927857168018e-13       0.000000000000e+00       7.705738050408e-17       6.952921305782e-18       9.870179234136e-19 
 2929       3.577760020072e-12       1.831142804359e-13      -2.937858746693e-13       0.000000000000e+00       7.694741604174e-17       6.971960330387e-18       9.768267970356e-19 
 2930       3.576022552581e-12       1.822167596981e-13      -2.947423351226e-13       0.000000000000e+00       7.683764494219e-17       6.990450459277e-18       9.666420515367e-19 
 2931       3.574346830761e-12       1.813102170481e-13      -2.956547065787e-13       0.000000000000e+00       7.672806677318e-17       7.008191150878e-18       9.564668764942e-19 
 2932       3.572729481711e-12       1.803949079617e-13      -2.965225965722e-13       0.000000000000e+00       7.661868109996e-17       7.024981318612e-18       9.463044701239e-19 
 2933       3.571167123053e-12       1.794710886455e-13      -2.973456117550e-13       0.000000000000e+00       7.650948748521e-17       7.040619330431e-18       9.361580392874e-19 
 2934       3.569656362929e-12       1.785390160382e-13      -2.981233578949e-13       0.000000000000e+00       7.640048548910e-17       7.054903008355e-18       9.260307994995e-19 
 2935       3.568193799989e-12       1.775989478106e-13      -2.988554398756e-13       0.000000000000e+00       7.629167466923e-17       7.067629628008e-18       9.159259749356e-19 
 2936       3.566776023385e-12       1.766511423667e-13      -2.995414616957e-13       0.000000000000e+00       7.618305458067e-17       7.078595918152e-18       9.058467984391e-19 
 2937       3.565399612763e-12       1.756958588441e-13      -3.001810264679e-13       0.000000000000e+00       7.607462477594e-17       7.087598060225e-18       8.957965115283e-19 
 2938       3.564061138253e-12       1.747333571148e-13      -3.007737364186e-13       0.000000000000e+00       7.596638480499e-17       7.094431687875e-18       8.857783644044e-19 
 2939       3.562757160463e-12       1.737638977857e-13      -3.013191928869e-13       0.000000000000e+00       7.585833421524e-17       7.098891886500e-18       8.757956159583e-19 
 2940       3.561484230468e-12       1.727877421992e-13      -3.018169963240e-13       0.000000000000e+00       7.575047255155e-17       7.100773192777e-18       8.658515337781e-19 
 2941       3.560238889806e-12       1.718051524340e-13      -3.022667462926e-13       0.000000000000e+00       7.564279935620e-17       7.099869594205e-18       8.559493941568e-19 
 2942       3.559017670466e-12       1.708163913056e-13      -3.026680414660e-13       0.000000000000e+00       7.553531416893e-17       7.095974528638e-18       8.460924820990e-19 
 2943       3.557817094881e-12       1.698217223669e-13      -3.030204796278e-13       0.000000000000e+00       7.542801652690e-17       7.088880883820e-18       8.362840913287e-19 
 2944       3.556633675923e-12       1.688214099089e-13      -3.033236576706e-13       0.000000000000e+00       7.532090596473e-17       7.078380996922e-18       8.265275242965e-19 
 2945       3.555464085011e-12       1.678157244208e-13      -3.035773152815e-13       0.000000000000e+00       7.521398201957e-17       7.064338808203e-18       8.168262805744e-19 
 2946       3.554305657398e-12       1.668049589975e-13      -3.037817667791e-13       0.000000000000e+00       7.510724424658e-17       7.046906714927e-18       8.071846230485e-19 
 2947       3.553155889381e-12       1.657894130152e-13      -3.039374714222e-13       0.000000000000e+00       7.500069220355e-17       7.026309794989e-18       7.976070145571e-19 
 2948       3.552012270408e-12       1.647693866793e-13      -3.040448899213e-13       0.000000000000e+00       7.489432544578e-17       7.002773751280e-18       7.880979297681e-19 
 2949       3.550872283065e-12       1.637451810261e-13      -3.041044844390e-13       0.000000000000e+00       7.478814352607e-17       6.976524912219e-18       7.786618551899e-19 
 2950       3.549733403076e-12       1.627170979227e-13      -3.041167185919e-13       0.000000000000e+00       7.468214599473e-17       6.947790232289e-18       7.693032891806e-19 
 2951       3.548593099292e-12       1.616854400682e-13      -3.040820574517e-13       0.000000000000e+00       7.457633239955e-17       6.916797292566e-18       7.600267419585e-19 
 2952       3.547448833689e-12       1.606505109942e-13      -3.040009675465e-13       0.000000000000e+00       7.447070228583e-17       6.883774301259e-18       7.508367356116e-19 
 2953       3.546298061362e-12       1.596126150656e-13      -3.038739168618e-13       0.000000000000e+00       7.436525519636e-17       6.848950094242e-18       7.417378041078e-19 
 2954       3.545138230516e-12       1.585720574810e-13      -3.037013748423e-13       0.000000000000e+00       7.425999067142e-17       6.812554135586e-18       7.327344933049e-19 
 2955       3.543966782463e-12       1.575291442741e-13      -3.034838123930e-13       0.000000000000e+00       7.415490824878e-17       6.774816518094e-18       7.238313609602e-19 
 2956       3.542781151617e-12       1.564841823137e-13      -3.032217018802e-13       0.000000000000e+00       7.405000746370e-17       6.735967963836e-18       7.150329767410e-19 
 2957       3.541578765484e-12       1.554374793046e-13      -3.029155171331e-13       0.000000000000e+00       7.394528784891e-17       6.696239824682e-18       7.063439222338e-19 
 2958       3.540357044660e-12       1.543893437887e-13      -3.025657334453e-13       0.000000000000e+00       7.384074893462e-17       6.655864082836e-18       6.977687909551e-19 
 2959       3.539113402824e-12       1.533400851451e-13      -3.021728275752e-13       0.000000000000e+00       7.373639024855e-17       6.615073351371e-18       6.893121883607e-19 
 2960       3.537845246732e-12       1.522900135914e-13      -3.017372777485e-13       0.000000000000e+00       7.363221131584e-17       6.574100874762e-18       6.809787318559e-19 
 2961       3.536549976211e-12       1.512394401837e-13      -3.012595636584e-13       0.000000000000e+00       7.352821165915e-17       6.533180529419e-18       6.727730508055e-19 
 2962       3.535224984153e-12       1.501886768182e-13      -3.007401664677e-13       0.000000000000e+00       7.342439079860e-17       6.492546824222e-18       6.646997865434e-19 
 2963       3.533867656512e-12       1.491380362310e-13      -3.001795688095e-13       0.000000000000e+00       7.332074825175e-17       6.452434901057e-18       6.567635923832e-19 
 2964       3.532475372292e-12       1.480878319996e-13      -2.995782547888e-13       0.000000000000e+00       7.321728353367e-17       6.413080535345e-18       6.489691336273e-19 
 2965       3.531045503548e-12       1.470383785429e-13      -2.989367099840e-13       0.000000000000e+00       7.311399615685e-17       6.374720136582e-18       6.413210875778e-19 
 2966       3.529575415376e-12       1.459899911227e-13      -2.982554214474e-13       0.000000000000e+00       7.301088563127e-17       6.337590748868e-18       6.338241435455e-19 
 2967       3.528062465908e-12       1.449429858434e-13      -2.975348777075e-13       0.000000000000e+00       7.290795146434e-17       6.301930051442e-18       6.264830028605e-19 
 2968       3.526504006307e-12       1.438976796538e-13      -2.967755687695e-13       0.000000000000e+00       7.280519316096e-17       6.267976359220e-18       6.193023788820e-19 
 2969       3.524897380759e-12       1.428543903469e-13      -2.959779861170e-13       0.000000000000e+00       7.270261022346e-17       6.235968623323e-18       6.122869970080e-19 
 2970       3.523239926473e-12       1.418134365613e-13      -2.951426227130e-13       0.000000000000e+00       7.260020215161e-17       6.206146431614e-18       6.054415946855e-19 
 2971       3.521528973665e-12       1.407751377812e-13      -2.942699730016e-13       0.000000000000e+00       7.249796844265e-17       6.178750009233e-18       5.987709214206e-19 
 2972       3.519761845564e-12       1.397398143378e-13      -2.933605329090e-13       0.000000000000e+00       7.239590859124e-17       6.154020219129e-18       5.922797387878e-19 
 2973       3.517935858396e-12       1.387077874097e-13      -2.924147998447e-13       0.000000000000e+00       7.229402208951e-17       6.132198562594e-18       5.859728204407e-19 
 2974       3.516048321384e-12       1.376793790236e-13      -2.914332727029e-13       0.000000000000e+00       7.219230842702e-17       6.113527179798e-18       5.798549521215e-19 
 2975       3.514096536742e-12       1.366549120547e-13      -2.904164518640e-13       0.000000000000e+00       7.209076709074e-17       6.098248850322e-18       5.739309316711e-19 
 2976       3.512077799665e-12       1.356347102283e-13      -2.893648391956e-13       0.000000000000e+00       7.198939756512e-17       6.086606993695e-18       5.682055690390e-19 
 2977       3.509989398328e-12       1.346190981195e-13      -2.882789380539e-13       0.000000000000e+00       7.188819933200e-17       6.078845669921e-18       5.626836862931e-19 
 2978       3.507828613878e-12       1.336084011546e-13      -2.871592532850e-13       0.000000000000e+00       7.178717187068e-17       6.075209580022e-18       5.573701176301e-19 
 2979       3.505592720428e-12       1.326029456113e-13      -2.860062912260e-13       0.000000000000e+00       7.168631465787e-17       6.075944066565e-18       5.522697093849e-19 
 2980       3.503278985051e-12       1.316030586198e-13      -2.848205597068e-13       0.000000000000e+00       7.158562716770e-17       6.081295114198e-18       5.473873200409e-19 
 2981       3.500884667776e-12       1.306090681636e-13      -2.836025680506e-13       0.000000000000e+00       7.148510887173e-17       6.091509350185e-18       5.427278202398e-19 
 2982       3.498407021579e-12       1.296213030795e-13      -2.823528270761e-13       0.000000000000e+00       7.138475923895e-17       6.106834044940e-18       5.382960927916e-19 
 2983       3.495843292381e-12       1.286400930593e-13      -2.810718490979e-13       0.000000000000e+00       7.128457773574e-17       6.127517112559e-18       5.340970326846e-19 
 2984       3.493191559246e-12       1.276656666260e-13      -2.797599622097e-13       0.000000000000e+00       7.118456419555e-17       6.153730149581e-18       5.301341134899e-19 
 2985       3.490453259508e-12       1.266978445176e-13      -2.784167521329e-13       0.000000000000e+00       7.108471992973e-17       6.185337137541e-18       5.264050788683e-19 
 2986       3.487630676026e-12       1.257363448002e-13      -2.770416176310e-13       0.000000000000e+00       7.098504662211e-17       6.222124606192e-18       5.229062299357e-19 
 2987       3.484726098111e-12       1.247808847541e-13      -2.756339559777e-13       0.000000000000e+00       7.088554595991e-17       6.263878491662e-18       5.196338569386e-19 
 2988       3.481741821533e-12       1.238311808730e-13      -2.741931629562e-13       0.000000000000e+00       7.078621963368e-17       6.310384135956e-18       5.165842392440e-19 
 2989       3.478680148519e-12       1.228869488640e-13      -2.727186328578e-13       0.000000000000e+00       7.068706933736e-17       6.361426286447e-18       5.137536453307e-19 
 2990       3.475543387767e-12       1.219479036460e-13      -2.712097584807e-13       0.000000000000e+00       7.058809676823e-17       6.416789095377e-18       5.111383327797e-19 
 2991       3.472333854448e-12       1.210137593497e-13      -2.696659311287e-13       0.000000000000e+00       7.048930362695e-17       6.476256119353e-18       5.087345482649e-19 
 2992       3.469053870209e-12       1.200842293168e-13      -2.680865406101e-13       0.000000000000e+00       7.039069161756e-17       6.539610318844e-18       5.065385275434e-19 
 2993       3.465705763183e-12       1.191590260992e-13      -2.664709752365e-13       0.000000000000e+00       7.029226244747e-17       6.606634057678e-18       5.045464954467e-19 
 2994       3.462291867990e-12       1.182378614582e-13      -2.648186218216e-13       0.000000000000e+00       7.019401782745e-17       6.677109102538e-18       5.027546658708e-19 
 2995       3.458814525749e-12       1.173204463644e-13      -2.631288656798e-13       0.000000000000e+00       7.009595947167e-17       6.750816622464e-18       5.011592417673e-19 
 2996       3.455276084075e-12       1.164064909965e-13      -2.614010906252e-13       0.000000000000e+00       6.999808909766e-17       6.827537188344e-18       4.997564151335e-19 
 2997       3.451678897091e-12       1.154957047406e-13      -2.596346789703e-13       0.000000000000e+00       6.990040842634e-17       6.907050772412e-18       4.985423670037e-19 
 2998       3.448025325432e-12       1.145877961900e-13      -2.578290115247e-13       0.000000000000e+00       6.980291918203e-17       6.989136747751e-18       4.975132674390e-19 
 2999       3.444317736247e-12       1.136824731443e-13      -2.559834675940e-13       0.000000000000e+00       6.970562309242e-17       7.073573887782e-18       4.966652755189e-19 
 3000       3.440558503211e-12       1.127794426084e-13      -2.540974249787e-13       0.000000000000e+00       6.960852188860e-17       7.160140365769e-18       4.959945393309e-19 
