# dimensionless total lensed [l(l+1)/2pi] C_l's
# for l=2 to 2500, i.e. number of multipoles equal to 2499
#
# -> if you prefer output in CAMB/HealPix/LensPix units/order, set 'format' to 'camb' in input file
# -> if you don't want to see such a header, set 'headers' to 'no' in input file
# -> for CMB lensing (phi), these are C_l^phi-phi for the lensing potential.
#    Remember the conversion factors:
#    C_l^dd (deflection) = l(l+1) C_l^phi-phi
#    C_l^gg (shear/convergence) = 1/4 (l(l+1))^2 C_l^phi-phi
#
# 1:l     2:TT                     3:EE                     4:TE                     5:BB                     6:phiphi                 7:TPhi                   8:Ephi               
    2       1.381341744226e-10       4.175826773057e-15       3.515670808267e-13       2.323592819929e-19       8.285959804987e-09       4.560819974067e-10      -1.840536643447e-12 
    3       1.306090253482e-10       5.350738823632e-15       3.951459403636e-13       4.648063188665e-19       5.086968936183e-09       3.225668458269e-10      -1.393793195044e-12 
    4       1.235440073694e-10       4.626594994993e-15       3.695226975866e-13       7.748707603078e-19       3.522976272292e-09       2.438425223395e-10      -9.121458056440e-13 
    5       1.182607334242e-10       3.085420432691e-15       3.146794045170e-13       1.162665613601e-18       2.621510705571e-09       1.923939850100e-10      -5.066439193400e-13 
    6       1.146401461817e-10       1.725241321451e-15       2.534364589148e-13       1.628328769741e-18       2.042587635265e-09       1.563949559378e-10      -2.079556350827e-13 
    7       1.122828569678e-10       9.333111924457e-16       1.989897789163e-13       2.172020878072e-18       1.644359382589e-09       1.299943139514e-10      -1.757526978045e-14 
    8       1.109087584153e-10       6.037252173522e-16       1.571115561955e-13       2.793922911433e-18       1.356594591962e-09       1.099894075832e-10       7.944461222897e-14 
    9       1.102698329866e-10       4.858381116794e-16       1.290808085694e-13       3.494233479347e-18       1.140656432531e-09       9.448252597181e-11       1.064459767028e-13 
   10       1.101359011807e-10       4.149682325906e-16       1.135730493297e-13       4.273165952005e-18       9.737543393897e-10       8.220687066513e-11       8.927583863818e-14 
   11       1.104479137363e-10       3.497404101929e-16       1.079303143026e-13       5.130945461271e-18       8.334466120481e-10       7.302021186088e-11       5.202265706309e-14 
   12       1.110546979434e-10       3.058089978750e-16       1.090956268293e-13       6.067805846559e-18       7.284105753941e-10       6.456669555143e-11       1.226568260174e-14 
   13       1.119057006817e-10       2.941678177120e-16       1.143866229166e-13       7.083986613153e-18       6.421613110224e-10       5.770063373084e-11      -1.799996754672e-14 
   14       1.129532963201e-10       3.068443852859e-16       1.217829388026e-13       8.179729968429e-18       5.703862130564e-10       5.172041577455e-11      -3.451792137787e-14 
   15       1.141846456718e-10       3.321007171645e-16       1.299964696079e-13       9.355277997537e-18       5.099614563617e-10       4.668983141922e-11      -3.749774819568e-14 
   16       1.155249394300e-10       3.674167745030e-16       1.383648019471e-13       1.061087003456e-17       4.585756420349e-10       4.235384444334e-11      -3.090285387557e-14 
   17       1.170012575683e-10       4.183300385417e-16       1.466660569074e-13       1.194674027813e-17       4.144862520974e-10       3.856974643902e-11      -1.993081477870e-14 
   18       1.185506180787e-10       4.902662870866e-16       1.551615872953e-13       1.336311559875e-17       3.762160464324e-10       3.526911790864e-11      -9.467900404819e-15 
   19       1.201843444853e-10       5.835498099104e-16       1.640745545725e-13       1.486021422439e-17       3.431478774299e-10       3.240473015958e-11      -2.114100657950e-15 
   20       1.218951132173e-10       6.961796629524e-16       1.735445698702e-13       1.643824324996e-17       3.140215698504e-10       2.986222995795e-11       4.241085403233e-16 
   21       1.236842439807e-10       8.275212338593e-16       1.835225503345e-13       1.809739903226e-17       2.883792836268e-10       2.759564513025e-11      -1.288838324026e-15 
   22       1.255257577861e-10       9.770891742385e-16       1.938202464331e-13       1.983786463352e-17       2.656039472499e-10       2.554800865077e-11      -5.507918307618e-15 
   23       1.274259982635e-10       1.145052911409e-15       2.041145807678e-13       2.165981181100e-17       2.453909039278e-10       2.371071021807e-11      -1.047971044918e-14 
   24       1.293791670906e-10       1.331627508147e-15       2.139929981867e-13       2.356339802008e-17       2.272788857699e-10       2.206697101771e-11      -1.433717636750e-14 
   25       1.313800689495e-10       1.537028532188e-15       2.231478315885e-13       2.554876902782e-17       2.110223712392e-10       2.059457661165e-11      -1.626948144182e-14 
   26       1.334110728466e-10       1.761627196810e-15       2.313154895053e-13       2.761605686213e-17       1.963033711295e-10       1.925674369781e-11      -1.595142574716e-14 
   27       1.354817736355e-10       2.007054987793e-15       2.384244293239e-13       2.976538668463e-17       1.830456666533e-10       1.804421695763e-11      -1.389536279700e-14 
   28       1.375948436500e-10       2.275568731223e-15       2.444862392585e-13       3.199686998769e-17       1.710886857085e-10       1.694158171423e-11      -1.110504623476e-14 
   29       1.397393564551e-10       2.569449274478e-15       2.495434719057e-13       3.431060480011e-17       1.601421992437e-10       1.592244855275e-11      -8.700296505886e-15 
   30       1.419219148860e-10       2.889788185492e-15       2.536443851813e-13       3.670668797519e-17       1.501459038011e-10       1.498577466943e-11      -7.069817262372e-15 
   31       1.441442410880e-10       3.237210779666e-15       2.568627591720e-13       3.918520640654e-17       1.410256263179e-10       1.413164288330e-11      -6.393753843932e-15 
   32       1.463982922541e-10       3.612288562396e-15       2.592662253721e-13       4.174623641449e-17       1.326371122258e-10       1.335308721562e-11      -6.759495020887e-15 
   33       1.486835347869e-10       4.015958444309e-15       2.607741098376e-13       4.438985503580e-17       1.249347088904e-10       1.264354585328e-11      -7.814635866229e-15 
   34       1.509935918258e-10       4.449247757262e-15       2.612458012840e-13       4.711613216497e-17       1.178502483025e-10       1.199070525606e-11      -8.971471814956e-15 
   35       1.533171647084e-10       4.913147412012e-15       2.605318432647e-13       4.992513040988e-17       1.112783376412e-10       1.137875150735e-11      -9.639300842074e-15 
   36       1.556612229390e-10       5.408558825793e-15       2.585298134621e-13       5.281691589652e-17       1.052019473981e-10       1.080558978378e-11      -9.755641904816e-15 
   37       1.580343699179e-10       5.936322911456e-15       2.551460417266e-13       5.579155096894e-17       9.960205867791e-11       1.027077643218e-11      -9.435352737873e-15 
   38       1.604398691740e-10       6.497229160242e-15       2.502801696067e-13       5.884909128102e-17       9.441969308975e-11       9.770555536978e-12      -8.833726261889e-15 
   39       1.628767248906e-10       7.092003648789e-15       2.438494475354e-13       6.198958755582e-17       8.957719016185e-11       9.299645919622e-12      -8.125271245037e-15 
   40       1.653449510056e-10       7.721277619292e-15       2.358728132093e-13       6.521309167386e-17       8.505973481755e-11       8.858102181001e-12      -7.424104888160e-15 
   41       1.678410083043e-10       8.385601661069e-15       2.264146431577e-13       6.851965260003e-17       8.085545744547e-11       8.446265237408e-12      -6.841402102075e-15 
   42       1.703557145526e-10       9.085448422026e-15       2.155638006536e-13       7.190931486638e-17       7.693110714453e-11       8.062708701077e-12      -6.508370973788e-15 
   43       1.728787079444e-10       9.821273977116e-15       2.034000598639e-13       7.538211758042e-17       7.324435247881e-11       7.704940017575e-12      -6.535727548631e-15 
   44       1.754147403065e-10       1.059373556849e-14       1.898775586641e-13       7.893809084008e-17       6.978952360256e-11       7.372135408701e-12      -6.874331970993e-15 
   45       1.779715820481e-10       1.140353409543e-14       1.749073604722e-13       8.257725837190e-17       6.656310403853e-11       7.062994225968e-12      -7.413010936986e-15 
   46       1.805552758980e-10       1.225135374420e-14       1.583884732837e-13       8.629963855821e-17       6.354999664080e-11       6.774856728722e-12      -8.014980385030e-15 
   47       1.831699296017e-10       1.313786161624e-14       1.402070334480e-13       9.010524446935e-17       6.072262067142e-11       6.503602212765e-12      -8.516344803963e-15 
   48       1.858176999302e-10       1.406361938992e-14       1.202589282037e-13       9.399408113339e-17       5.804940333906e-11       6.244838999736e-12      -8.770900965595e-15 
   49       1.884992230891e-10       1.502878972763e-14       9.852710864904e-14       9.796613636018e-17       5.552519174851e-11       5.998108768268e-12      -8.802985314265e-15 
   50       1.912129494652e-10       1.603334646957e-14       7.502466798755e-14       1.020213873860e-16       5.314786238378e-11       5.763692345844e-12      -8.695134027696e-15 
   51       1.939547702247e-10       1.707715063393e-14       4.977367583903e-14       1.061598033042e-16       5.090926193856e-11       5.541386247426e-12      -8.546380949809e-15 
   52       1.967178197697e-10       1.815994555701e-14       2.280555787113e-14       1.103813449562e-16       4.879478370221e-11       5.330466715341e-12      -8.473119369478e-15 
   53       1.994951445263e-10       1.928147552596e-14      -5.852391257193e-15       1.146859644408e-16       4.678795460485e-11       5.130001589221e-12      -8.579270450052e-15 
   54       2.022889697012e-10       2.044188867788e-14      -3.622241449893e-14       1.190736037448e-16       4.488655623250e-11       4.939962841329e-12      -8.855799043697e-15 
   55       2.051034711162e-10       2.164142923318e-14      -6.834190015562e-14       1.235441955702e-16       4.308991091710e-11       4.760337448403e-12      -9.256861043702e-15 
   56       2.079420418332e-10       2.288032338208e-14      -1.022507344417e-13       1.280976635640e-16       4.139402521235e-11       4.590783707689e-12      -9.727819447031e-15 
   57       2.108072147929e-10       2.415877960254e-14      -1.379915032652e-13       1.327339221934e-16       3.979137637026e-11       4.430609860891e-12      -1.020481920019e-14 
   58       2.137005854534e-10       2.547698897822e-14      -1.756096940089e-13       1.374528766206e-16       3.827069881761e-11       4.278752718130e-12      -1.061436204509e-14 
   59       2.166231263207e-10       2.683500758392e-14      -2.151409494825e-13       1.422544288462e-16       3.682008512761e-11       4.134065636492e-12      -1.089084400285e-14 
   60       2.195763915406e-10       2.823237102431e-14      -2.565689149442e-13       1.471384980869e-16       3.543761482781e-11       3.996309100514e-12      -1.103488935736e-14 
   61       2.225614558205e-10       2.966839078249e-14      -2.998579411248e-13       1.521050049180e-16       3.412282093216e-11       3.865352813691e-12      -1.106783623533e-14 
   62       2.255784843653e-10       3.114226067710e-14      -3.449649390527e-13       1.571538655073e-16       3.287349337194e-11       3.740875903306e-12      -1.101514507812e-14 
   63       2.286266687999e-10       3.265305318265e-14      -3.918391429265e-13       1.622849917034e-16       3.168557782799e-11       3.622356030980e-12      -1.090658239049e-14 
   64       2.317041630924e-10       3.419971574964e-14      -4.404218729852e-13       1.674982911228e-16       3.055307456303e-11       3.509058503226e-12      -1.077640448951e-14 
   65       2.348089976494e-10       3.578118545529e-14      -4.906591185491e-13       1.727936803717e-16       2.946969389505e-11       3.400238282509e-12      -1.065581490045e-14 
   66       2.379421905355e-10       3.739676944245e-14      -5.425429171300e-13       1.781711277680e-16       2.843445735695e-11       3.295820205613e-12      -1.054806717538e-14 
   67       2.411051825595e-10       3.904583871113e-14      -5.960783407044e-13       1.836306198505e-16       2.744710542391e-11       3.195843783512e-12      -1.044840217084e-14 
   68       2.442988812138e-10       4.072771653472e-14      -6.512715680248e-13       1.891721494899e-16       2.650639448558e-11       3.100258170485e-12      -1.035127736615e-14 
   69       2.475236239591e-10       4.244167809011e-14      -7.081300060977e-13       1.947957163442e-16       2.561004481512e-11       3.008917229924e-12      -1.025033449046e-14 
   70       2.507791415083e-10       4.418695008790e-14      -7.666624116609e-13       2.005013273135e-16       2.475468853831e-11       2.921574600144e-12      -1.013836714985e-14 
   71       2.540645211115e-10       4.596271040251e-14      -8.268790126610e-13       2.062889969950e-16       2.393581760266e-11       2.837878760199e-12      -1.000728845439e-14 
   72       2.573787918988e-10       4.776805301969e-14      -8.887831452265e-13       2.121587589342e-16       2.314894336842e-11       2.757468233230e-12      -9.850542146494e-15 
   73       2.607228925759e-10       4.960187591110e-14      -9.523440361872e-13       2.181107008659e-16       2.239344869284e-11       2.680289317686e-12      -9.670943731914e-15 
   74       2.640980168353e-10       5.146297086872e-14      -1.017518991365e-12       2.241449370914e-16       2.166938466788e-11       2.606330711702e-12      -9.474292958104e-15 
   75       2.675050026331e-10       5.335005513863e-14      -1.084261346172e-12       2.302615989719e-16       2.097630055922e-11       2.535526176497e-12      -9.267086688479e-15 
   76       2.709443096760e-10       5.526177025942e-14      -1.152520393373e-12       2.364608356298e-16       2.031321943794e-11       2.467751888436e-12      -9.056542317198e-15 
   77       2.744159969075e-10       5.719668090044e-14      -1.222241310857e-12       2.427428146503e-16       1.967861381217e-11       2.402823791081e-12      -8.850621183955e-15 
   78       2.779196999948e-10       5.915327370019e-14      -1.293365089404e-12       2.491077227831e-16       1.907038125886e-11       2.340494947251e-12      -8.658051988758e-15 
   79       2.814546088159e-10       6.112995610462e-14      -1.365828460452e-12       2.555557666438e-16       1.848582005541e-11       2.280452891079e-12      -8.488354206728e-15 
   80       2.850199104553e-10       6.312510756597e-14      -1.439569247184e-12       2.620871681773e-16       1.792230023341e-11       2.222397047220e-12      -8.349594888493e-15 
   81       2.886162563225e-10       6.513724593480e-14      -1.514543646931e-12       2.687021485968e-16       1.737946456068e-11       2.166292297804e-12      -8.241158908959e-15 
   82       2.922445099169e-10       6.716488797921e-14      -1.590711832326e-12       2.754009429235e-16       1.685736709989e-11       2.112154823757e-12      -8.159760021756e-15 
   83       2.959052902700e-10       6.920649940191e-14      -1.668032822328e-12       2.821838055717e-16       1.635580042361e-11       2.059974801655e-12      -8.101577682061e-15 
   84       2.995989580520e-10       7.126049464814e-14      -1.746464510419e-12       2.890510109538e-16       1.587428412422e-11       2.009715238502e-12      -8.062238487051e-15 
   85       3.033256016797e-10       7.332523671367e-14      -1.825963692805e-12       2.960028540847e-16       1.541205332378e-11       1.961310806512e-12      -8.036797616343e-15 
   86       3.070850234235e-10       7.539903695272e-14      -1.906486096615e-12       3.030396511861e-16       1.496804718388e-11       1.914666677893e-12      -8.019720272447e-15 
   87       3.108767255144e-10       7.748015488600e-14      -1.987986408100e-12       3.101617402916e-16       1.454089741559e-11       1.869657359629e-12      -8.004863121210e-15 
   88       3.146998962518e-10       7.956679800860e-14      -2.070418300831e-12       3.173694818505e-16       1.412891678928e-11       1.826125528256e-12      -7.985455732261e-15 
   89       3.185537209813e-10       8.165714672319e-14      -2.153733005098e-12       3.246632477821e-16       1.373050096389e-11       1.783920850948e-12      -7.955553653878e-15 
   90       3.224384012192e-10       8.374943404030e-14      -2.237874697452e-12       3.320433853506e-16       1.334543125964e-11       1.743025967722e-12      -7.914699320174e-15 
   91       3.263542705431e-10       8.584187808479e-14      -2.322784436517e-12       3.395102487108e-16       1.297375602917e-11       1.703448216867e-12      -7.863961495534e-15 
   92       3.303014750532e-10       8.793265826542e-14      -2.408401563673e-12       3.470642103795e-16       1.261539030669e-11       1.665180849665e-12      -7.804532166125e-15 
   93       3.342799643456e-10       9.001991545922e-14      -2.494663709396e-12       3.547056616675e-16       1.227011050985e-11       1.628202464210e-12      -7.737730027305e-15 
   94       3.382894824876e-10       9.210175219589e-14      -2.581506799601e-12       3.624350131108e-16       1.193754914172e-11       1.592476439243e-12      -7.665003971022e-15 
   95       3.423295589910e-10       9.417623284219e-14      -2.668865061992e-12       3.702526949022e-16       1.161718949271e-11       1.557950367979e-12      -7.587936573222e-15 
   96       3.463994997868e-10       9.624138378624e-14      -2.756671032401e-12       3.781591573228e-16       1.130836034249e-11       1.524555491927e-12      -7.508247581254e-15 
   97       3.504983781997e-10       9.829519362200e-14      -2.844855561135e-12       3.861548711735e-16       1.101023066192e-11       1.492206134727e-12      -7.427797401269e-15 
   98       3.546250259214e-10       1.003356133336e-13      -2.933347819322e-12       3.942403282066e-16       1.072180431501e-11       1.460799135971e-12      -7.348590585632e-15 
   99       3.587783227236e-10       1.023606034413e-13      -3.022076687027e-12       4.024160442690e-16       1.044214837053e-11       1.430238469170e-12      -7.272373893712e-15 
  100       3.629581319256e-10       1.043682826616e-13      -3.110975128239e-12       4.106825683088e-16       1.017112638820e-11       1.400514298158e-12      -7.199357975969e-15 
  101       3.671644812763e-10       1.063568007438e-13      -3.199976450237e-12       4.190404754523e-16       9.908759637168e-12       1.371634118662e-12      -7.129320263657e-15 
  102       3.713972707012e-10       1.083242941312e-13      -3.289012999895e-12       4.274903648638e-16       9.655000317023e-12       1.343598315531e-12      -7.061992833414e-15 
  103       3.756562668978e-10       1.102688867148e-13      -3.378016186776e-12       4.360328602102e-16       9.409729091385e-12       1.316399901823e-12      -6.997060980404e-15 
  104       3.799410979304e-10       1.121886905866e-13      -3.466916506230e-12       4.446686101257e-16       9.172752621456e-12       1.290024257899e-12      -6.934161791460e-15 
  105       3.842512478259e-10       1.140818067934e-13      -3.555643562483e-12       4.533982886756e-16       8.943801099591e-12       1.264448870510e-12      -6.872882718227e-15 
  106       3.885860511687e-10       1.159463260905e-13      -3.644126091730e-12       4.622225958210e-16       8.722525782856e-12       1.239643071890e-12      -6.812760150302e-15 
  107       3.929446876964e-10       1.177803296950e-13      -3.732291985231e-12       4.711422578830e-16       8.508496526598e-12       1.215567778840e-12      -6.753277988382e-15 
  108       3.973261768948e-10       1.195818900397e-13      -3.820068312403e-12       4.801580280072e-16       8.301199318007e-12       1.192175231823e-12      -6.693866217399e-15 
  109       4.017293725930e-10       1.213490715266e-13      -3.907381343912e-12       4.892706866283e-16       8.100033809679e-12       1.169408734049e-12      -6.633899479668e-15 
  110       4.061531555009e-10       1.230799791404e-13      -3.994157086060e-12       4.984810233440e-16       7.904448665936e-12       1.147215761601e-12      -6.572824217095e-15 
  111       4.105970504197e-10       1.247729097430e-13      -4.080322912115e-12       5.077897789070e-16       7.714372580139e-12       1.125589760482e-12      -6.510561652474e-15 
  112       4.150606782737e-10       1.264262216415e-13      -4.165806183946e-12       5.171976966439e-16       7.529834059097e-12       1.104533235293e-12      -6.447153950711e-15 
  113       4.195435618100e-10       1.280382896700e-13      -4.250533787184e-12       5.267055406600e-16       7.350827441952e-12       1.084044728346e-12      -6.382640098540e-15 
  114       4.240451221388e-10       1.296075064125e-13      -4.334432159351e-12       5.363140961209e-16       7.177311788169e-12       1.064118690171e-12      -6.317055741238e-15 
  115       4.285646752747e-10       1.311322834277e-13      -4.417427317969e-12       5.460241695342e-16       7.009209765525e-12       1.044745350010e-12      -6.250433019352e-15 
  116       4.331014286768e-10       1.326110524726e-13      -4.499444888682e-12       5.558365890311e-16       6.846406538101e-12       1.025910586321e-12      -6.182800405414e-15 
  117       4.376544777896e-10       1.340422667266e-13      -4.580410133376e-12       5.657522046482e-16       6.688748654270e-12       1.007595797279e-12      -6.114182540668e-15 
  118       4.422228025837e-10       1.354244020152e-13      -4.660247978294e-12       5.757718886090e-16       6.536042934683e-12       9.897777712726e-13      -6.044600071781e-15 
  119       4.468052640964e-10       1.367559580345e-13      -4.738883042155e-12       5.858965356057e-16       6.388055360265e-12       9.724285574076e-13      -5.974069487573e-15 
  120       4.514006009723e-10       1.380354595748e-13      -4.816239664276e-12       5.961270630808e-16       6.244509960199e-12       9.555153360056e-13      -5.902602955733e-15 
  121       4.560074260041e-10       1.392614577445e-13      -4.892241932684e-12       6.064644115089e-16       6.105087699916e-12       9.390002891050e-13      -5.830208159538e-15 
  122       4.606242226731e-10       1.404325311944e-13      -4.966813712240e-12       6.169095446782e-16       5.969425369090e-12       9.228404709613e-13      -5.756888134578e-15 
  123       4.652495270365e-10       1.415473349573e-13      -5.039879638880e-12       6.274634097492e-16       5.837193968131e-12       9.069978578546e-13      -5.682669745520e-15 
  124       4.698825044167e-10       1.426047507138e-13      -5.111368171796e-12       6.381268116354e-16       5.708346432986e-12       8.914710806500e-13      -5.607693168504e-15 
  125       4.745224327526e-10       1.436037561765e-13      -5.181208946521e-12       6.489005246549e-16       5.582896406282e-12       8.762671106565e-13      -5.532132428809e-15 
  126       4.791685212058e-10       1.445433806023e-13      -5.249331875559e-12       6.597853314262e-16       5.460840806321e-12       8.613913579385e-13      -5.456167742981e-15 
  127       4.838199081603e-10       1.454227063911e-13      -5.315667184108e-12       6.707820228338e-16       5.342159340552e-12       8.468476219049e-13      -5.379985580885e-15 
  128       4.884756592213e-10       1.462408706848e-13      -5.380145445775e-12       6.818913979929e-16       5.226814019045e-12       8.326380418984e-13      -5.303778727760e-15 
  129       4.931347652138e-10       1.469970669651e-13      -5.442697618298e-12       6.931142642148e-16       5.114748667952e-12       8.187630477850e-13      -5.227746346278e-15 
  130       4.977961401817e-10       1.476905466529e-13      -5.503255079264e-12       7.044514369723e-16       5.005888442984e-12       8.052213105428e-13      -5.152094038596e-15 
  131       5.024586193871e-10       1.483206207065e-13      -5.561749661834e-12       7.159037398646e-16       4.900139342876e-12       7.920096928519e-13      -5.077033908412e-15 
  132       5.071209573087e-10       1.488866612202e-13      -5.618113690455e-12       7.274720045827e-16       4.797387722857e-12       7.791231996832e-13      -5.002784623022e-15 
  133       5.117818256409e-10       1.493881030231e-13      -5.672280016584e-12       7.391570708747e-16       4.697499808122e-12       7.665549288875e-13      -4.929571475370e-15 
  134       5.164398112929e-10       1.498244452777e-13      -5.724182054407e-12       7.509597865105e-16       4.600321207299e-12       7.542960217854e-13      -4.857626446112e-15 
  135       5.210934143877e-10       1.501952530781e-13      -5.773753816558e-12       7.628810072475e-16       4.505676425920e-12       7.423356137560e-13      -4.787188265663e-15 
  136       5.257410462605e-10       1.505001590493e-13      -5.820929949840e-12       7.749215967959e-16       4.413368379887e-12       7.306607848264e-13      -4.718502476257e-15 
  137       5.303811665158e-10       1.507388921657e-13      -5.865646380596e-12       7.870823996650e-16       4.323220218475e-12       7.192591357333e-13      -4.651761375818e-15 
  138       5.350127144394e-10       1.509113641905e-13      -5.907842250603e-12       7.993641566080e-16       4.235206707647e-12       7.081269215540e-13      -4.586916704373e-15 
  139       5.396347186421e-10       1.510175952539e-13      -5.947458250159e-12       8.117675803209e-16       4.149335582980e-12       6.972616699701e-13      -4.523847602010e-15 
  140       5.442461608995e-10       1.510576891899e-13      -5.984436065630e-12       8.242933815709e-16       4.065606244046e-12       6.866595988720e-13      -4.462418671335e-15 
  141       5.488459750338e-10       1.510318353081e-13      -6.018718419038e-12       8.369422689894e-16       3.984009536424e-12       6.763155836125e-13      -4.402479657951e-15 
  142       5.534330457951e-10       1.509403101646e-13      -6.050249107646e-12       8.497149488652e-16       3.904527533720e-12       6.662231242602e-13      -4.343865130925e-15 
  143       5.580062077431e-10       1.507834793337e-13      -6.078973043551e-12       8.626121249373e-16       3.827133319579e-12       6.563743128533e-13      -4.286394163267e-15 
  144       5.625642441287e-10       1.505617991791e-13      -6.104836293275e-12       8.756344981883e-16       3.751790769702e-12       6.467598006532e-13      -4.229870012401e-15 
  145       5.671058857754e-10       1.502758186256e-13      -6.127786117349e-12       8.887827666374e-16       3.678454333864e-12       6.373687653981e-13      -4.174079800640e-15 
  146       5.716298099612e-10       1.499261809299e-13      -6.147771009905e-12       9.020576251332e-16       3.607068817930e-12       6.281888785567e-13      -4.118794195657e-15 
  147       5.761346392997e-10       1.495136254526e-13      -6.164740738267e-12       9.154597651471e-16       3.537569165870e-12       6.192062725820e-13      -4.063767090964e-15 
  148       5.806189406218e-10       1.490389894292e-13      -6.178646382535e-12       9.289898745663e-16       3.469880241774e-12       6.104055081646e-13      -4.008735286379e-15 
  149       5.850812238577e-10       1.485032097417e-13      -6.189440375181e-12       9.426486374868e-16       3.403916611871e-12       6.017695414863e-13      -3.953418168504e-15 
  150       5.895199409177e-10       1.479073246899e-13      -6.197076540632e-12       9.564367340066e-16       3.339582326542e-12       5.932796914743e-13      -3.897517391199e-15 
  151       5.939334845745e-10       1.472524757626e-13      -6.201510134862e-12       9.703548400185e-16       3.276770702341e-12       5.849156070543e-13      -3.840716556052e-15 
  152       5.983201873442e-10       1.465399094093e-13      -6.202697884984e-12       9.844036270037e-16       3.215364104004e-12       5.766552344041e-13      -3.782680892857e-15 
  153       6.026784429621e-10       1.457709622090e-13      -6.200598260713e-12       9.985837069835e-16       3.155258267028e-12       5.684798961782e-13      -3.723138519848e-15 
  154       6.070070858666e-10       1.449470110983e-13      -6.195172233853e-12       1.012895462056e-15       3.096438267678e-12       5.603901292565e-13      -3.662133394682e-15 
  155       6.113050450147e-10       1.440695218735e-13      -6.186382665211e-12       1.027339198548e-15       3.038909230669e-12       5.523912633277e-13      -3.599795372220e-15 
  156       6.155712239687e-10       1.431400670502e-13      -6.174194119484e-12       1.041915199953e-15       2.982672330940e-12       5.444884345515e-13      -3.536260832744e-15 
  157       6.198045004013e-10       1.421603275498e-13      -6.158572906033e-12       1.056623726440e-15       2.927724700655e-12       5.366865788474e-13      -3.471672777918e-15 
  158       6.240037256019e-10       1.411320943865e-13      -6.139487119654e-12       1.071465014372e-15       2.874059336204e-12       5.289904251836e-13      -3.406180926737e-15 
  159       6.281677239828e-10       1.400572703541e-13      -6.116906681345e-12       1.086439275817e-15       2.821665005202e-12       5.214044888652e-13      -3.339941811487e-15 
  160       6.322952925846e-10       1.389378717128e-13      -6.090803379078e-12       1.101546698062e-15       2.770526153487e-12       5.139330648231e-13      -3.273118873697e-15 
  161       6.363852005823e-10       1.377760298760e-13      -6.061150908570e-12       1.116787443129e-15       2.720622812124e-12       5.065802209026e-13      -3.205882560094e-15 
  162       6.404361887914e-10       1.365739930974e-13      -6.027924914049e-12       1.132161647285e-15       2.671930504402e-12       4.993497911519e-13      -3.138410418562e-15 
  163       6.444469691738e-10       1.353341281575e-13      -5.991103029032e-12       1.147669420559e-15       2.624420152833e-12       4.922453691109e-13      -3.070887194091e-15 
  164       6.484162243433e-10       1.340589220505e-13      -5.950664917085e-12       1.163310846255e-15       2.578057986156e-12       4.852703010998e-13      -3.003504924735e-15 
  165       6.523426070722e-10       1.327509836711e-13      -5.906592312604e-12       1.179085980466e-15       2.532805446331e-12       4.784276795073e-13      -2.936463037570e-15 
  166       6.562247397967e-10       1.314130455015e-13      -5.858869061574e-12       1.194994851584e-15       2.488619095544e-12       4.717203360801e-13      -2.869968444642e-15 
  167       6.600612141231e-10       1.300479652983e-13      -5.807481162350e-12       1.211037459821e-15       2.445450523204e-12       4.651508352107e-13      -2.804235638929e-15 
  168       6.638505903336e-10       1.286587277788e-13      -5.752416806418e-12       1.227213776716e-15       2.403246252945e-12       4.587214672264e-13      -2.739486790293e-15 
  169       6.675913968921e-10       1.272484463083e-13      -5.693666419171e-12       1.243523744653e-15       2.361947649624e-12       4.524342416779e-13      -2.675951841432e-15 
  170       6.712821299506e-10       1.258203645870e-13      -5.631222700678e-12       1.259967276374e-15       2.321490826320e-12       4.462908806278e-13      -2.613868603842e-15 
  171       6.749213521506e-10       1.243777594542e-13      -5.565079923519e-12       1.276544230241e-15       2.281819570576e-12       4.402923296533e-13      -2.553431882606e-15 
  172       6.785079993089e-10       1.229236366765e-13      -5.495231675242e-12       1.293254334743e-15       2.242925527292e-12       4.344372591492e-13      -2.494635889644e-15 
  173       6.820410984762e-10       1.214610129085e-13      -5.421673004921e-12       1.310097256735e-15       2.204811203710e-12       4.287234246195e-13      -2.437418813407e-15 
  174       6.855196708543e-10       1.199930135655e-13      -5.344401186599e-12       1.327072624539e-15       2.167477212188e-12       4.231481291013e-13      -2.381712496122e-15 
  175       6.889427317075e-10       1.185228741071e-13      -5.263415757029e-12       1.344180027358e-15       2.130922230309e-12       4.177082144858e-13      -2.327442321784e-15 
  176       6.923092902734e-10       1.170539413205e-13      -5.178718553409e-12       1.361419014696e-15       2.095142961008e-12       4.124000528390e-13      -2.274527104154e-15 
  177       6.956183496738e-10       1.155896746037e-13      -5.090313751126e-12       1.378789095765e-15       2.060134092680e-12       4.072195377227e-13      -2.222878974751e-15 
  178       6.988689068263e-10       1.141336472493e-13      -4.998207901492e-12       1.396289738906e-15       2.025888259309e-12       4.021620755156e-13      -2.172403270846e-15 
  179       7.020599523547e-10       1.126895477273e-13      -4.902409969483e-12       1.413920371001e-15       1.992396000576e-12       3.972225767340e-13      -2.122998423457e-15 
  180       7.051904705006e-10       1.112611809693e-13      -4.802931371480e-12       1.431680376889e-15       1.959645721982e-12       3.923954473529e-13      -2.074555845344e-15 
  181       7.082594390341e-10       1.098524696509e-13      -4.699786013005e-12       1.449569098780e-15       1.927623654967e-12       3.876745801266e-13      -2.026959819005e-15 
  182       7.112658291649e-10       1.084674554761e-13      -4.592990326463e-12       1.467585835671e-15       1.896313817025e-12       3.830533459100e-13      -1.980087384664e-15 
  183       7.142086054535e-10       1.071103004600e-13      -4.482563308881e-12       1.485729842759e-15       1.865697971821e-12       3.785245849793e-13      -1.933808228272e-15 
  184       7.170867257221e-10       1.057852882123e-13      -4.368526559642e-12       1.504000330857e-15       1.835755589314e-12       3.740805983528e-13      -1.887984569498e-15 
  185       7.198991409659e-10       1.044968252209e-13      -4.250904318232e-12       1.522396465809e-15       1.806463805870e-12       3.697131391120e-13      -1.842471049727e-15 
  186       7.226447952636e-10       1.032494421353e-13      -4.129723501972e-12       1.540917367906e-15       1.777797384382e-12       3.654134037228e-13      -1.797114620047e-15 
  187       7.253226256891e-10       1.020477950498e-13      -4.005013743760e-12       1.559562111297e-15       1.749728674388e-12       3.611720233557e-13      -1.751754429251e-15 
  188       7.279315622222e-10       1.008966667869e-13      -3.876807429811e-12       1.578329723409e-15       1.722227572189e-12       3.569790552071e-13      -1.706221711828e-15 
  189       7.304705276596e-10       9.980096818079e-14      -3.745139737395e-12       1.597219184357e-15       1.695261480965e-12       3.528239738206e-13      -1.660339675956e-15 
  190       7.329384375261e-10       9.876573936077e-14      -3.610048672573e-12       1.616229426361e-15       1.668795270896e-12       3.486956624072e-13      -1.613923391501e-15 
  191       7.353342728996e-10       9.779594127582e-14      -3.471572882567e-12       1.635359333860e-15       1.642798223773e-12       3.445847235314e-13      -1.566820413378e-15 
  192       7.376573051717e-10       9.689581013032e-14      -3.329744830945e-12       1.654607745076e-15       1.617265531695e-12       3.404906228190e-13      -1.519036288054e-15 
  193       7.399068880134e-10       9.606945688492e-14      -3.184597181981e-12       1.673973449440e-15       1.592198337885e-12       3.364150656104e-13      -1.470618267088e-15 
  194       7.420823861257e-10       9.532107325368e-14      -3.036165010248e-12       1.693455186326e-15       1.567596880301e-12       3.323597246997e-13      -1.421615439475e-15 
  195       7.441831753897e-10       9.465493230112e-14      -2.884485831075e-12       1.713051644467e-15       1.543460474605e-12       3.283262392451e-13      -1.372078752940e-15 
  196       7.462086430159e-10       9.407538903924e-14      -2.729599631001e-12       1.732761461376e-15       1.519787497141e-12       3.243162136798e-13      -1.322061035230e-15 
  197       7.481581876940e-10       9.358688102449e-14      -2.571548898238e-12       1.752583222758e-15       1.496575367902e-12       3.203312166219e-13      -1.271617015401e-15 
  198       7.500312197422e-10       9.319392895480e-14      -2.410378653120e-12       1.772515461928e-15       1.473820533509e-12       3.163727797852e-13      -1.220803345114e-15 
  199       7.518271612574e-10       9.290113726659e-14      -2.246136478568e-12       1.792556659233e-15       1.451518450179e-12       3.124423968896e-13      -1.169678619921e-15 
  200       7.535454462644e-10       9.271319473177e-14      -2.078872550542e-12       1.812705241465e-15       1.429663566701e-12       3.085415225715e-13      -1.118303400556e-15 
  201       7.551855208659e-10       9.263487505476e-14      -1.908639668498e-12       1.832959581276e-15       1.408249307407e-12       3.046715712943e-13      -1.066740234230e-15 
  202       7.567468433917e-10       9.267103746949e-14      -1.735493285850e-12       1.853317996601e-15       1.387268055145e-12       3.008339162589e-13      -1.015053675916e-15 
  203       7.582288845487e-10       9.282662733639e-14      -1.559491540420e-12       1.873778750071e-15       1.366711134257e-12       2.970298883140e-13      -9.633103096450e-16 
  204       7.596311275705e-10       9.310667673945e-14      -1.380695284900e-12       1.894340048430e-15       1.346568793542e-12       2.932607748668e-13      -9.115787697931e-16 
  205       7.609530683667e-10       9.351630508317e-14      -1.199168117308e-12       1.915000041957e-15       1.326830189239e-12       2.895278187932e-13      -8.599297623735e-16 
  206       7.621942156732e-10       9.406071968960e-14      -1.014976411443e-12       1.935756823875e-15       1.307483367994e-12       2.858322173484e-13      -8.084360863275e-16 
  207       7.633540912011e-10       9.474521639534e-14      -8.281893473456e-13       1.956608429775e-15       1.288515249834e-12       2.821751210776e-13      -7.571726548147e-16 
  208       7.644322297869e-10       9.557518014856e-14      -6.388789417510e-13       1.977552837030e-15       1.269911611143e-12       2.785576327258e-13      -7.062165165038e-16 
  209       7.654281795418e-10       9.655608560600e-14      -4.471200785492e-13       1.998587964215e-15       1.251657067631e-12       2.749808061490e-13      -6.556468768638e-16 
  210       7.663415020018e-10       9.769349772996e-14      -2.529905392404e-13       2.019711670518e-15       1.233735057308e-12       2.714456452241e-13      -6.055451194540e-16 
  211       7.671717722766e-10       9.899307238533e-14      -5.657103339257e-14       2.040921755164e-15       1.216127823457e-12       2.679531027597e-13      -5.559948272153e-16 
  212       7.679185791999e-10       1.004605569366e-13       1.420547709016e-13       2.062215956829e-15       1.198816397610e-12       2.645040794064e-13      -5.070818037609e-16 
  213       7.685815636855e-10       1.021014599615e-13       3.428045399487e-13       2.083592025764e-15       1.181784302225e-12       2.610993734502e-13      -4.588785003158e-16 
  214       7.691605363670e-10       1.039200343425e-13       5.456105389006e-13       2.105047946798e-15       1.165028972196e-12       2.577395286821e-13      -4.113960825498e-16 
  215       7.696553681948e-10       1.059202266261e-13       7.504072046087e-13       2.126581730273e-15       1.148551072090e-12       2.544249741448e-13      -3.646291664839e-16 
  216       7.700659531927e-10       1.081060014612e-13       9.571268837892e-13       2.148191340306e-15       1.132350838565e-12       2.511560711153e-13      -3.185711022783e-16 
  217       7.703922087078e-10       1.104813413259e-13       1.165699813948e-12       2.169874694396e-15       1.116428073136e-12       2.479331118859e-13      -2.732139544702e-16 
  218       7.706340756608e-10       1.130502462526e-13       1.376054104305e-12       2.191629663027e-15       1.100782134940e-12       2.447563185455e-13      -2.285484822094e-16 
  219       7.707915187959e-10       1.158167335546e-13       1.588115716721e-12       2.213454069286e-15       1.085411933505e-12       2.416258417605e-13      -1.845641194959e-16 
  220       7.708645269317e-10       1.187848375513e-13       1.801808446617e-12       2.235345688464e-15       1.070315921511e-12       2.385417595563e-13      -1.412489554163e-16 
  221       7.708531132109e-10       1.219586092949e-13       2.017053903906e-12       2.257302247669e-15       1.055492087558e-12       2.355040760982e-13      -9.858971438053e-17 
  222       7.707573153505e-10       1.253421162958e-13       2.233771493914e-12       2.279321425430e-15       1.040937948931e-12       2.325127204725e-13      -5.657173635871e-17 
  223       7.705771958924e-10       1.289394422485e-13       2.451878398303e-12       2.301400851310e-15       1.026650544366e-12       2.295675454679e-13      -1.517895711793e-17 
  224       7.703128424534e-10       1.327546867581e-13       2.671289556002e-12       2.323538105514e-15       1.012626426814e-12       2.266683263565e-13       2.560611154106e-17 
  225       7.699643679754e-10       1.367919650652e-13       2.891917644125e-12       2.345730718495e-15       9.988616562082e-13       2.238147596749e-13       6.580240154709e-17 
  226       7.695319109756e-10       1.410554077729e-13       3.113673058899e-12       2.367976170563e-15       9.853517922302e-13       2.210064620056e-13       1.054303083218e-16 
  227       7.690156357970e-10       1.455491605721e-13       3.336463896590e-12       2.390271891497e-15       9.720918870727e-13       2.182429687577e-13       1.445117105428e-16 
  228       7.684157328583e-10       1.502773839674e-13       3.560195934423e-12       2.412615260148e-15       9.590764782069e-13       2.155237329486e-13       1.830699899071e-16 
  229       7.677324189042e-10       1.552442530033e-13       3.784772611514e-12       2.435003604053e-15       9.462995811481e-13       2.128481239847e-13       2.211300508941e-16 
  230       7.669659372558e-10       1.604539569901e-13       4.010095009788e-12       2.457434199039e-15       9.337546822207e-13       2.102154264430e-13       2.587183405293e-16 
  231       7.661165580607e-10       1.659106992294e-13       4.236061834908e-12       2.479904268836e-15       9.214347313238e-13       2.076248388516e-13       2.958628681468e-16 
  232       7.651845785430e-10       1.716186967406e-13       4.462569397198e-12       2.502410984682e-15       9.093321346969e-13       2.050754724715e-13       3.325932251532e-16 
  233       7.641703232541e-10       1.775821799864e-13       4.689511592568e-12       2.524951464931e-15       8.974387476855e-13       2.025663500774e-13       3.689406047906e-16 
  234       7.630741443224e-10       1.838053925989e-13       4.916779883439e-12       2.547522774666e-15       8.857458675061e-13       2.000964047391e-13       4.049378218997e-16 
  235       7.618964217037e-10       1.902925911055e-13       5.144263279669e-12       2.570121925304e-15       8.742442260125e-13       1.976644786023e-13       4.406193326835e-16 
  236       7.606375634315e-10       1.970480446548e-13       5.371848319474e-12       2.592745874204e-15       8.629239824607e-13       1.952693216701e-13       4.760212544699e-16 
  237       7.592980058671e-10       2.040760347425e-13       5.599419050357e-12       2.615391524277e-15       8.517747162747e-13       1.929095905838e-13       5.111813854755e-16 
  238       7.578782088367e-10       2.113804642346e-13       5.826863669261e-12       2.638055879773e-15       8.407874325189e-13       1.905840703285e-13       5.461307658012e-16 
  239       7.563786401976e-10       2.189636587190e-13       6.054094928855e-12       2.660736524916e-15       8.299607280915e-13       1.882923567720e-13       5.808677522371e-16 
  240       7.547997908223e-10       2.268274920040e-13       6.281030930537e-12       2.683431173505e-15       8.192949850700e-13       1.860342131125e-13       6.153824111482e-16 
  241       7.531421798656e-10       2.349737691977e-13       6.507588571397e-12       2.706137515285e-15       8.087903886306e-13       1.838093499289e-13       6.496648378884e-16 
  242       7.514063550042e-10       2.434042256096e-13       6.733683539184e-12       2.728853215883e-15       7.984469240595e-13       1.816174244328e-13       6.837051587187e-16 
  243       7.495928926762e-10       2.521205256519e-13       6.959230307288e-12       2.751575916747e-15       7.882643737648e-13       1.794580397190e-13       7.174935327254e-16 
  244       7.477023983201e-10       2.611242617417e-13       7.184142129708e-12       2.774303235086e-15       7.782423142880e-13       1.773307440180e-13       7.510201537389e-16 
  245       7.457355066149e-10       2.704169532025e-13       7.408331036025e-12       2.797032763805e-15       7.683801133156e-13       1.752350299465e-13       7.842752522517e-16 
  246       7.436928817191e-10       2.800000451658e-13       7.631707826377e-12       2.819762071444e-15       7.586769266909e-13       1.731703337596e-13       8.172490973370e-16 
  247       7.415752175102e-10       2.898749074728e-13       7.854182066434e-12       2.842488702117e-15       7.491316954250e-13       1.711360346017e-13       8.499319985667e-16 
  248       7.393832378241e-10       3.000428335762e-13       8.075662082366e-12       2.865210175447e-15       7.397431427091e-13       1.691314537582e-13       8.823143079305e-16 
  249       7.371176966949e-10       3.105050394418e-13       8.296054955821e-12       2.887923986510e-15       7.305097709256e-13       1.671558539068e-13       9.143864217534e-16 
  250       7.347793785938e-10       3.212626624500e-13       8.515266518899e-12       2.910627605765e-15       7.214298586601e-13       1.652084383692e-13       9.461387826147e-16 
  251       7.323690986688e-10       3.323167602980e-13       8.733201349118e-12       2.933318479000e-15       7.125014577125e-13       1.632883503623e-13       9.775618812661e-16 
  252       7.298877029843e-10       3.436683099007e-13       8.949762764399e-12       2.955994027264e-15       7.037223901091e-13       1.613946722495e-13       1.008646258550e-15 
  253       7.273360687603e-10       3.553182062932e-13       9.164852818026e-12       2.978651646808e-15       6.950902451138e-13       1.595264247927e-13       1.039382507318e-15 
  254       7.247151046119e-10       3.672672615319e-13       9.378372293631e-12       3.001288709022e-15       6.866023762401e-13       1.576825664032e-13       1.069761274350e-15 
  255       7.220257507888e-10       3.795162035963e-13       9.590220700161e-12       3.023902560373e-15       6.782558982621e-13       1.558619923931e-13       1.099773262270e-15 
  256       7.192689794146e-10       3.920656752911e-13       9.800296266851e-12       3.046490522345e-15       6.700476842268e-13       1.540635342273e-13       1.129409231469e-15 
  257       7.164457947265e-10       4.049162331471e-13       1.000849593820e-11       3.069049891374e-15       6.619743624652e-13       1.522859587745e-13       1.158660002018e-15 
  258       7.135572333143e-10       4.180683463237e-13       1.021471536895e-11       3.091577938787e-15       6.540323136040e-13       1.505279675587e-13       1.187516455590e-15 
  259       7.106043643604e-10       4.315223955099e-13       1.041884891903e-11       3.114071910742e-15       6.462176675773e-13       1.487881960107e-13       1.215969537379e-15 
  260       7.075882898788e-10       4.452786718265e-13       1.062078964859e-11       3.136529028162e-15       6.385263006381e-13       1.470652127194e-13       1.244010258014e-15 
  261       7.045101449548e-10       4.593373757273e-13       1.082042931289e-11       3.158946486677e-15       6.309538323701e-13       1.453575186835e-13       1.271629695482e-15 
  262       7.013710979841e-10       4.736986159014e-13       1.101765835736e-11       3.181321456562e-15       6.234956226988e-13       1.436635465629e-13       1.298818997045e-15 
  263       6.981723509127e-10       4.883624081742e-13       1.121236591251e-11       3.203651082669e-15       6.161467689038e-13       1.419816599297e-13       1.325569381155e-15 
  264       6.949151394760e-10       5.033286744095e-13       1.140443978894e-11       3.225932484373e-15       6.089021026297e-13       1.403101525203e-13       1.351872139378e-15 
  265       6.916007334383e-10       5.185972414112e-13       1.159376647228e-11       3.248162755507e-15       6.017561868982e-13       1.386472474864e-13       1.377718638309e-15 
  266       6.882303767467e-10       5.341675864399e-13       1.178023900417e-11       3.270339175079e-15       5.947043472337e-13       1.369914825812e-13       1.403101934024e-15 
  267       6.848051038980e-10       5.500380607199e-13       1.196378110946e-11       3.292459852241e-15       5.877458332205e-13       1.353428904294e-13       1.428021708591e-15 
  268       6.813259140662e-10       5.662066216296e-13       1.214432436939e-11       3.314523116225e-15       5.808808228116e-13       1.337018808924e-13       1.452479605354e-15 
  269       6.777938304269e-10       5.826710807714e-13       1.232180046183e-11       3.336527309009e-15       5.741094024364e-13       1.320688608080e-13       1.476477645162e-15 
  270       6.742099002960e-10       5.994291024450e-13       1.249614116956e-11       3.358470785606e-15       5.674315657600e-13       1.304442338939e-13       1.500018231005e-15 
  271       6.705751952668e-10       6.164782021208e-13       1.266727838860e-11       3.380351914364e-15       5.608472124415e-13       1.288284006516e-13       1.523104152659e-15 
  272       6.668908113488e-10       6.338157449139e-13       1.283514413649e-11       3.402169077256e-15       5.543561468932e-13       1.272217582692e-13       1.545738591334e-15 
  273       6.631578691049e-10       6.514389440572e-13       1.299967056057e-11       3.423920670177e-15       5.479580770395e-13       1.256247005257e-13       1.567925124307e-15 
  274       6.593775137898e-10       6.693448593752e-13       1.316078994633e-11       3.445605103235e-15       5.416526130753e-13       1.240376176939e-13       1.589667729574e-15 
  275       6.555509154874e-10       6.875303957577e-13       1.331843472564e-11       3.467220801049e-15       5.354392662255e-13       1.224608964443e-13       1.610970790488e-15 
  276       6.516792692493e-10       7.059923016328e-13       1.347253748511e-11       3.488766203041e-15       5.293174475034e-13       1.208949197484e-13       1.631839100406e-15 
  277       6.477637952324e-10       7.247271674412e-13       1.362303097434e-11       3.510239763728e-15       5.232864664696e-13       1.193400667825e-13       1.652277867325e-15 
  278       6.438057388367e-10       7.437314241093e-13       1.376984811425e-11       3.531639953022e-15       5.173455299909e-13       1.177967128309e-13       1.672292718533e-15 
  279       6.398063708437e-10       7.630013415226e-13       1.391292200535e-11       3.552965256517e-15       5.114937409995e-13       1.162652291896e-13       1.691889705247e-15 
  280       6.357669875536e-10       7.825330269997e-13       1.405218593606e-11       3.574214175790e-15       5.057300972511e-13       1.147459830697e-13       1.711075307256e-15 
  281       6.316889109239e-10       8.023224237657e-13       1.418757339100e-11       3.595385228690e-15       5.000534900845e-13       1.132393375011e-13       1.729856437566e-15 
  282       6.275734887069e-10       8.223653094255e-13       1.431901805930e-11       3.616476949634e-15       4.944627031800e-13       1.117456512360e-13       1.748240447042e-15 
  283       6.234220945879e-10       8.426572944379e-13       1.444645384285e-11       3.637487889904e-15       4.889564113184e-13       1.102652786523e-13       1.766235129051e-15 
  284       6.192361283227e-10       8.631938205885e-13       1.456981486467e-11       3.658416617934e-15       4.835331791399e-13       1.087985696570e-13       1.783848724106e-15 
  285       6.150170158759e-10       8.839701594638e-13       1.468903547715e-11       3.679261719612e-15       4.781914599029e-13       1.073458695901e-13       1.801089924504e-15 
  286       6.107662095589e-10       9.049814109244e-13       1.480405027037e-11       3.700021798570e-15       4.729295942429e-13       1.059075191279e-13       1.817967878977e-15 
  287       6.064851881672e-10       9.262225015787e-13       1.491479408040e-11       3.720695476478e-15       4.677458089311e-13       1.044838541864e-13       1.834492197329e-15 
  288       6.021754571192e-10       9.476881832567e-13       1.502120199758e-11       3.741281393341e-15       4.626382156336e-13       1.030752058251e-13       1.850672955079e-15 
  289       5.978385485932e-10       9.693730314828e-13       1.512320937484e-11       3.761778207788e-15       4.576048096702e-13       1.016819001503e-13       1.866520698109e-15 
  290       5.934760216662e-10       9.912714439505e-13       1.522075183599e-11       3.782184597372e-15       4.526434687730e-13       1.003042582187e-13       1.882046447300e-15 
  291       5.890894624510e-10       1.013377638995e-12       1.531376528401e-11       3.802499258862e-15       4.477519518455e-13       9.894259594101e-14       1.897261703180e-15 
  292       5.846804842347e-10       1.035685654067e-12       1.540218590937e-11       3.822720908533e-15       4.429278977214e-13       9.759722398527e-14       1.912178450565e-15 
  293       5.802507276163e-10       1.058189344206e-12       1.548595019827e-11       3.842848282469e-15       4.381688239234e-13       9.626844768056e-14       1.926809163204e-15 
  294       5.758018606449e-10       1.080882380515e-12       1.556499494102e-11       3.862880136847e-15       4.334721254220e-13       9.495656692042e-14       1.941166808417e-15 
  295       5.713355789574e-10       1.103758248633e-12       1.563925724027e-11       3.882815248240e-15       4.288350733945e-13       9.366187606641e-14       1.955264851742e-15 
  296       5.668536059163e-10       1.126810247209e-12       1.570867451935e-11       3.902652413905e-15       4.242548139839e-13       9.238466385161e-14       1.969117261580e-15 
  297       5.623575882641e-10       1.150031671472e-12       1.577319099037e-11       3.922390615817e-15       4.197289050183e-13       9.112515558898e-14       1.982735429128e-15 
  298       5.578487771812e-10       1.173416376972e-12       1.583277739010e-11       3.942029520990e-15       4.152569576345e-13       8.988333688110e-14       1.996118752737e-15 
  299       5.533283319605e-10       1.196958240321e-12       1.588741222162e-11       3.961569006099e-15       4.108390721983e-13       8.865912113484e-14       2.009263603968e-15 
  300       5.487974230881e-10       1.220650975302e-12       1.593707539818e-11       3.981008996457e-15       4.064753070411e-13       8.745240630868e-14       2.022166371420e-15 
  301       5.442572322390e-10       1.244488131591e-12       1.598174826018e-11       4.000349466528e-15       4.021656779477e-13       8.626307473804e-14       2.034823461192e-15 
  302       5.397089522736e-10       1.268463093486e-12       1.602141359229e-11       4.019590440446e-15       3.979101576447e-13       8.509099296054e-14       2.047231297342e-15 
  303       5.351537872338e-10       1.292569078626e-12       1.605605564046e-11       4.038731992528e-15       3.937086752888e-13       8.393601154132e-14       2.059386322349e-15 
  304       5.305929523397e-10       1.316799136720e-12       1.608566012901e-11       4.057774247792e-15       3.895611159550e-13       8.279796489833e-14       2.071284997571e-15 
  305       5.260276739849e-10       1.341146148270e-12       1.611021427766e-11       4.076717382473e-15       3.854673201249e-13       8.167667112765e-14       2.082923803710e-15 
  306       5.214591897340e-10       1.365602823293e-12       1.612970681859e-11       4.095561624540e-15       3.814270831749e-13       8.057193182872e-14       2.094299241268e-15 
  307       5.168887483178e-10       1.390161700050e-12       1.614412801352e-11       4.114307254210e-15       3.774401548642e-13       7.948353192972e-14       2.105407831010e-15 
  308       5.123176096300e-10       1.414815143767e-12       1.615346967074e-11       4.132954604466e-15       3.735062388235e-13       7.841123951280e-14       2.116246114425e-15 
  309       5.077470447236e-10       1.439555345363e-12       1.615772516218e-11       4.151504061573e-15       3.696249920430e-13       7.735480563941e-14       2.126810654183e-15 
  310       5.031783358068e-10       1.464374320170e-12       1.615688944044e-11       4.169956065593e-15       3.657960243606e-13       7.631396417560e-14       2.137098034601e-15 
  311       4.986127762396e-10       1.489263906660e-12       1.615095905589e-11       4.188311110902e-15       3.620188979500e-13       7.528843161727e-14       2.147104862100e-15 
  312       4.940516705298e-10       1.514215765171e-12       1.613993217370e-11       4.206569746705e-15       3.582931268096e-13       7.427790691553e-14       2.156827765667e-15 
  313       4.894963343291e-10       1.539221376630e-12       1.612380859089e-11       4.224732577556e-15       3.546181762498e-13       7.328207130196e-14       2.166263397312e-15 
  314       4.849480944300e-10       1.564272041275e-12       1.610258975340e-11       4.242800263869e-15       3.509934623821e-13       7.230058811391e-14       2.175408432534e-15 
  315       4.804082887614e-10       1.589358877384e-12       1.607627877315e-11       4.260773522438e-15       3.474183516066e-13       7.133310261980e-14       2.184259570780e-15 
  316       4.758782663851e-10       1.614472819997e-12       1.604488044507e-11       4.278653126949e-15       3.438921601010e-13       7.037924184440e-14       2.192813535902e-15 
  317       4.713593874921e-10       1.639604619641e-12       1.600840126418e-11       4.296439908501e-15       3.404141533081e-13       6.943861439417e-14       2.201067076622e-15 
  318       4.668530233988e-10       1.664744841055e-12       1.596684944265e-11       4.314134756120e-15       3.369835454247e-13       6.851081028250e-14       2.209016966989e-15 
  319       4.623605565432e-10       1.689883861914e-12       1.592023492684e-11       4.331738617275e-15       3.335994988892e-13       6.759540075504e-14       2.216660006844e-15 
  320       4.578833804812e-10       1.715011871552e-12       1.586856941434e-11       4.349252498393e-15       3.302611238704e-13       6.669193811500e-14       2.223993022275e-15 
  321       4.534228998831e-10       1.740118869690e-12       1.581186637109e-11       4.366677465378e-15       3.269674777556e-13       6.579995554843e-14       2.231012866083e-15 
  322       4.489805305292e-10       1.765194665157e-12       1.575014104836e-11       4.384014644125e-15       3.237175646385e-13       6.491896694950e-14       2.237716418237e-15 
  323       4.445576993069e-10       1.790228874618e-12       1.568341049985e-11       4.401265221037e-15       3.205103348079e-13       6.404846674585e-14       2.244100586341e-15 
  324       4.401558442061e-10       1.815210921296e-12       1.561169359873e-11       4.418430443540e-15       3.173446842356e-13       6.318792972384e-14       2.250162306090e-15 
  325       4.357764143163e-10       1.840130033696e-12       1.553501105473e-11       4.435511620601e-15       3.142194540650e-13       6.233681085385e-14       2.255898541729e-15 
  326       4.314208698222e-10       1.864975244332e-12       1.545338543112e-11       4.452510123242e-15       3.111334300988e-13       6.149454511560e-14       2.261306286521e-15 
  327       4.270906820000e-10       1.889735388449e-12       1.536684116187e-11       4.469427385060e-15       3.080853422880e-13       6.066054732343e-14       2.266382563199e-15 
  328       4.227873332143e-10       1.914399102750e-12       1.527540456860e-11       4.486264902738e-15       3.050738642192e-13       5.983421195159e-14       2.271124424433e-15 
  329       4.185123169135e-10       1.938954824119e-12       1.517910387772e-11       4.503024236564e-15       3.020976126039e-13       5.901491295955e-14       2.275528953285e-15 
  330       4.142671376267e-10       1.963390788345e-12       1.507796923743e-11       4.519707010949e-15       2.991551467658e-13       5.820200361729e-14       2.279593263677e-15 
  331       4.100533109594e-10       1.987695028849e-12       1.497203273482e-11       4.536314914937e-15       2.962449681295e-13       5.739481633060e-14       2.283314500842e-15 
  332       4.058722458051e-10       2.011856259330e-12       1.486132862111e-11       4.552849644168e-15       2.933658000464e-13       5.659279881831e-14       2.286690661178e-15 
  333       4.017248853086e-10       2.035866566878e-12       1.474589396342e-11       4.569312722881e-15       2.905174418056e-13       5.579592956459e-14       2.289723090343e-15 
  334       3.976120502273e-10       2.059718833888e-12       1.462576805480e-11       4.585705675152e-15       2.876999508893e-13       5.500432015460e-14       2.292414095068e-15 
  335       3.935345551721e-10       2.083405864425e-12       1.450099222583e-11       4.602030083199e-15       2.849133657903e-13       5.421808053123e-14       2.294766134956e-15 
  336       3.894932084760e-10       2.106920383907e-12       1.437160986188e-11       4.618287587843e-15       2.821577058045e-13       5.343731896837e-14       2.296781823827e-15 
  337       3.854888120620e-10       2.130255038786e-12       1.423766642041e-11       4.634479888953e-15       2.794329708233e-13       5.266214204423e-14       2.298463931070e-15 
  338       3.815221613122e-10       2.153402396236e-12       1.409920944823e-11       4.650608745902e-15       2.767391411263e-13       5.189265461465e-14       2.299815382991e-15 
  339       3.775940449356e-10       2.176354943834e-12       1.395628859879e-11       4.666675978022e-15       2.740761771737e-13       5.112895978636e-14       2.300839264167e-15 
  340       3.737052448369e-10       2.199105089247e-12       1.380895564945e-11       4.682683465051e-15       2.714440193989e-13       5.037115889029e-14       2.301538818792e-15 
  341       3.698565359848e-10       2.221645159910e-12       1.365726451881e-11       4.698633147589e-15       2.688425880011e-13       4.961935145487e-14       2.301917452029e-15 
  342       3.660486862801e-10       2.243967402718e-12       1.350127128393e-11       4.714527027551e-15       2.662717827375e-13       4.887363517934e-14       2.301978731357e-15 
  343       3.622824564247e-10       2.266063983703e-12       1.334103419765e-11       4.730367168618e-15       2.637314827161e-13       4.813410590701e-14       2.301726387927e-15 
  344       3.585585997896e-10       2.287926987722e-12       1.317661370586e-11       4.746155696691e-15       2.612215461885e-13       4.740085759858e-14       2.301164317905e-15 
  345       3.548778622832e-10       2.309548418141e-12       1.300807246479e-11       4.761894800343e-15       2.587418103416e-13       4.667398230543e-14       2.300296583828e-15 
  346       3.512409822202e-10       2.330920196515e-12       1.283547535827e-11       4.777586731270e-15       2.562920910910e-13       4.595357014293e-14       2.299127415948e-15 
  347       3.476486901895e-10       2.352034162277e-12       1.265888951505e-11       4.793233804746e-15       2.538721828731e-13       4.523970926371e-14       2.297661213587e-15 
  348       3.441017089229e-10       2.372882072419e-12       1.247838432604e-11       4.808838400075e-15       2.514818584376e-13       4.453248583095e-14       2.295902546486e-15 
  349       3.406007531634e-10       2.393455601176e-12       1.229403146164e-11       4.824402961043e-15       2.491208686401e-13       4.383198399173e-14       2.293856156150e-15 
  350       3.371465295336e-10       2.413746339710e-12       1.210590488895e-11       4.839929996371e-15       2.467889422347e-13       4.313828585027e-14       2.291526957206e-15 
  351       3.337397364041e-10       2.433745795798e-12       1.191408088915e-11       4.855422080166e-15       2.444857856666e-13       4.245147144123e-14       2.288920038746e-15 
  352       3.303810637621e-10       2.453445393507e-12       1.171863807469e-11       4.870881852377e-15       2.422110828642e-13       4.177161870304e-14       2.286040665682e-15 
  353       3.270711930794e-10       2.472836472888e-12       1.151965740663e-11       4.886312019245e-15       2.399644950322e-13       4.109880345118e-14       2.282894280093e-15 
  354       3.238107971813e-10       2.491910289654e-12       1.131722221188e-11       4.901715353757e-15       2.377456604436e-13       4.043309935146e-14       2.279486502574e-15 
  355       3.206005401147e-10       2.510658014864e-12       1.111141820054e-11       4.917094696095e-15       2.355541942327e-13       3.977457789331e-14       2.275823133590e-15 
  356       3.174410770164e-10       2.529070734610e-12       1.090233348312e-11       4.932452954094e-15       2.333896881873e-13       3.912330836314e-14       2.271910154822e-15 
  357       3.143330539819e-10       2.547139449698e-12       1.069005858786e-11       4.947793103692e-15       2.312517105414e-13       3.847935781754e-14       2.267753730519e-15 
  358       3.112771079333e-10       2.564855075334e-12       1.047468647800e-11       4.963118189381e-15       2.291398057675e-13       3.784279105665e-14       2.263360208847e-15 
  359       3.082738664884e-10       2.582208440806e-12       1.025631256906e-11       4.978431324662e-15       2.270534943694e-13       3.721367059743e-14       2.258736123241e-15 
  360       3.053239478283e-10       2.599190289172e-12       1.003503474612e-11       4.993735692498e-15       2.249922726746e-13       3.659205664693e-14       2.253888193751e-15 
  361       3.024279605665e-10       2.615791276937e-12       9.810953381133e-12       5.009034545763e-15       2.229556126269e-13       3.597800707565e-14       2.248823328395e-15 
  362       2.995865036167e-10       2.632001973744e-12       9.584171350152e-12       5.024331207699e-15       2.209429615788e-13       3.537157739077e-14       2.243548624510e-15 
  363       2.968001660618e-10       2.647812862053e-12       9.354794050658e-12       5.039629072365e-15       2.189537420840e-13       3.477282070946e-14       2.238071370099e-15 
  364       2.940695270218e-10       2.663214336829e-12       9.122929418820e-12       5.054931605093e-15       2.169873516901e-13       3.418178773224e-14       2.232399045180e-15 
  365       2.913951555226e-10       2.678196705223e-12       8.888687946787e-12       5.070242342937e-15       2.150431627312e-13       3.359852671616e-14       2.226539323142e-15 
  366       2.887776103642e-10       2.692750186255e-12       8.652182699961e-12       5.085564895128e-15       2.131205221200e-13       3.302308344819e-14       2.220500072088e-15 
  367       2.862174399891e-10       2.706864910502e-12       8.413529334290e-12       5.100902943526e-15       2.112187511408e-13       3.245550121850e-14       2.214289356188e-15 
  368       2.837151823506e-10       2.720530919780e-12       8.172846113539e-12       5.116260243072e-15       2.093371452417e-13       3.189582079372e-14       2.207915437032e-15 
  369       2.812713647817e-10       2.733738166825e-12       7.930253926580e-12       5.131640622242e-15       2.074749738274e-13       3.134408039025e-14       2.201386774973e-15 
  370       2.788865038629e-10       2.746476514983e-12       7.685876304672e-12       5.147047983498e-15       2.056314800514e-13       3.080031564757e-14       2.194712030484e-15 
  371       2.765610479654e-10       2.758737007352e-12       7.439830485264e-12       5.162485945890e-15       2.038060182679e-13       3.026454938280e-14       2.187898714337e-15 
  372       2.742952026704e-10       2.770515729613e-12       7.192200182724e-12       5.177956756517e-15       2.019984727385e-13       2.973676046703e-14       2.180949077197e-15 
  373       2.720890982656e-10       2.781810097621e-12       6.943061786804e-12       5.193462337390e-15       2.002088548901e-13       2.921691367968e-14       2.173864061955e-15 
  374       2.699428462732e-10       2.792617602363e-12       6.692493229472e-12       5.209004639582e-15       1.984371670470e-13       2.870496978186e-14       2.166644640560e-15 
  375       2.678565392691e-10       2.802935810746e-12       6.440573994406e-12       5.224585643370e-15       1.966834023424e-13       2.820088548080e-14       2.159291814195e-15 
  376       2.658302507010e-10       2.812762366381e-12       6.187385126496e-12       5.240207358378e-15       1.949475446312e-13       2.770461339429e-14       2.151806613450e-15 
  377       2.638640347071e-10       2.822094990375e-12       5.933009241336e-12       5.255871823716e-15       1.932295684018e-13       2.721610201504e-14       2.144190098501e-15 
  378       2.619579259347e-10       2.830931482117e-12       5.677530534724e-12       5.271581108120e-15       1.915294386885e-13       2.673529567514e-14       2.136443359280e-15 
  379       2.601119393588e-10       2.839269720066e-12       5.421034792156e-12       5.287337310099e-15       1.898471109838e-13       2.626213451041e-14       2.128567515654e-15 
  380       2.583260701004e-10       2.847107662539e-12       5.163609398330e-12       5.303142558072e-15       1.881825311504e-13       2.579655442490e-14       2.120563717600e-15 
  381       2.566002932455e-10       2.854443348496e-12       4.905343346634e-12       5.318999010510e-15       1.865356353336e-13       2.533848705519e-14       2.112433145377e-15 
  382       2.549345636633e-10       2.861274898333e-12       4.646327248651e-12       5.334908856080e-15       1.849063498735e-13       2.488785973490e-14       2.104177009703e-15 
  383       2.533288158249e-10       2.867600514665e-12       4.386653343652e-12       5.350874313782e-15       1.832945912172e-13       2.444459545905e-14       2.095796551933e-15 
  384       2.517829636220e-10       2.873418483117e-12       4.126415508094e-12       5.366897633094e-15       1.817002658308e-13       2.400861284846e-14       2.087293044228e-15 
  385       2.502969001850e-10       2.878727173108e-12       3.865709265116e-12       5.382981094114e-15       1.801232701120e-13       2.357982611421e-14       2.078667789736e-15 
  386       2.488704977021e-10       2.883525038642e-12       3.604631794040e-12       5.399127007698e-15       1.785634903022e-13       2.315814502199e-14       2.069922122763e-15 
  387       2.475036072377e-10       2.887810619097e-12       3.343281939862e-12       5.415337715603e-15       1.770208023985e-13       2.274347485657e-14       2.061057408951e-15 
  388       2.461960585507e-10       2.891582540007e-12       3.081760222756e-12       5.431615590630e-15       1.754950720661e-13       2.233571638616e-14       2.052075045451e-15 
  389       2.449476599134e-10       2.894839513856e-12       2.820168847565e-12       5.447963036764e-15       1.739861545508e-13       2.193476582684e-14       2.042976461098e-15 
  390       2.437581979299e-10       2.897580340861e-12       2.558611713302e-12       5.464382489316e-15       1.724938945905e-13       2.154051480700e-14       2.033763116591e-15 
  391       2.426274373547e-10       2.899803909763e-12       2.297194422647e-12       5.480876415062e-15       1.710181263280e-13       2.115285033170e-14       2.024436504659e-15 
  392       2.415551209112e-10       2.901509198613e-12       2.036024291441e-12       5.497447312389e-15       1.695586732232e-13       2.077165474710e-14       2.014998150245e-15 
  393       2.405409691104e-10       2.902695275561e-12       1.775210358188e-12       5.514097711433e-15       1.681153479651e-13       2.039680570489e-14       2.005449610676e-15 
  394       2.395846800692e-10       2.903361299640e-12       1.514863393546e-12       5.530830174222e-15       1.666879523840e-13       2.002817612667e-14       1.995792475840e-15 
  395       2.386859293294e-10       2.903506521561e-12       1.255095909830e-12       5.547647294815e-15       1.652762773639e-13       1.966563416840e-14       1.986028368362e-15 
  396       2.378443696759e-10       2.903130284493e-12       9.960221705071e-13       5.564551699448e-15       1.638801027548e-13       1.930904318475e-14       1.976158943774e-15 
  397       2.370596309553e-10       2.902232024857e-12       7.377581996908e-13       5.581546046670e-15       1.624991972844e-13       1.895826169359e-14       1.966185890699e-15 
  398       2.363313198946e-10       2.900811273108e-12       4.804217916422e-13       5.598633027490e-15       1.611333184711e-13       1.861314334030e-14       1.956110931016e-15 
  399       2.356590199196e-10       2.898867654527e-12       2.241325202654e-13       5.615815365513e-15       1.597822125355e-13       1.827353686230e-14       1.945935820045e-15 
  400       2.350422909737e-10       2.896400890009e-12      -3.098825139567e-14       5.633095817087e-15       1.584456143131e-13       1.793928605336e-14       1.935662346715e-15 
  401       2.344806693362e-10       2.893410796845e-12      -2.848173616595e-13       5.650477171438e-15       1.571232471662e-13       1.761022972805e-14       1.925292333740e-15 
  402       2.339736674410e-10       2.889897289519e-12      -5.372298407102e-13       5.667962250817e-15       1.558148228963e-13       1.728620168616e-14       1.914827637798e-15 
  403       2.335207736953e-10       2.885860380486e-12      -7.880989011002e-13       5.685553910641e-15       1.545200416566e-13       1.696703067710e-14       1.904270149703e-15 
  404       2.331214522977e-10       2.881300180968e-12      -1.037295928253e-12       5.703255039630e-15       1.532385918633e-13       1.665254036430e-14       1.893621794581e-15 
  405       2.327751430574e-10       2.876216901736e-12      -1.284690470967e-12       5.721068559952e-15       1.519701501090e-13       1.634254928964e-14       1.882884532043e-15 
  406       2.324812612121e-10       2.870610853900e-12      -1.530150231916e-12       5.738997427365e-15       1.507143810740e-13       1.603687083786e-14       1.872060356365e-15 
  407       2.322391972473e-10       2.864482449696e-12      -1.773541058156e-12       5.757044631356e-15       1.494709374390e-13       1.573531320093e-14       1.861151296659e-15 
  408       2.320483167140e-10       2.857832203277e-12      -2.014726931622e-12       5.775213195285e-15       1.482394597971e-13       1.543767934254e-14       1.850159417049e-15 
  409       2.319079600481e-10       2.850660731495e-12      -2.253569959639e-12       5.793506176522e-15       1.470195765663e-13       1.514376696241e-14       1.839086816846e-15 
  410       2.318174865082e-10       2.842969431920e-12      -2.489944542794e-12       5.811926216614e-15       1.458109691554e-13       1.485340546379e-14       1.827935418768e-15 
  411       2.317764080751e-10       2.834762541734e-12      -2.723780450833e-12       5.830474173911e-15       1.446135701851e-13       1.456656837086e-14       1.816706324965e-15 
  412       2.317842599390e-10       2.826045153305e-12      -2.955021253793e-12       5.849150442787e-15       1.434273721156e-13       1.428326482300e-14       1.805400438530e-15 
  413       2.318405566575e-10       2.816822544814e-12      -3.183610283030e-12       5.867955399061e-15       1.422523625848e-13       1.400350292228e-14       1.794018673420e-15 
  414       2.319447920067e-10       2.807100181526e-12      -3.409490631823e-12       5.886889399827e-15       1.410885243679e-13       1.372728972421e-14       1.782561954473e-15 
  415       2.320964388303e-10       2.796883717061e-12      -3.632605155969e-12       5.905952783268e-15       1.399358353353e-13       1.345463122850e-14       1.771031217442e-15 
  416       2.322949488902e-10       2.786178994658e-12      -3.852896474385e-12       5.925145868479e-15       1.387942684118e-13       1.318553236979e-14       1.759427409013e-15 
  417       2.325397527159e-10       2.774992048454e-12      -4.070306969704e-12       5.944468955290e-15       1.376637915349e-13       1.291999700849e-14       1.747751486830e-15 
  418       2.328302594552e-10       2.763329104745e-12      -4.284778788876e-12       5.963922324085e-15       1.365443676139e-13       1.265802792144e-14       1.736004419521e-15 
  419       2.331658567236e-10       2.751196583263e-12      -4.496253843768e-12       5.983506235621e-15       1.354359544883e-13       1.239962679276e-14       1.724187186721e-15 
  420       2.335459104543e-10       2.738601098443e-12      -4.704673811759e-12       6.003220930856e-15       1.343385048865e-13       1.214479420455e-14       1.712300779096e-15 
  421       2.339697647486e-10       2.725549460693e-12      -4.909980136343e-12       6.023066630761e-15       1.332519663846e-13       1.189352962769e-14       1.700346198368e-15 
  422       2.344367417255e-10       2.712048677664e-12      -5.112114027723e-12       6.043043536149e-15       1.321762813652e-13       1.164583141257e-14       1.688324457338e-15 
  423       2.349461413719e-10       2.698105955521e-12      -5.311016463418e-12       6.063151827489e-15       1.311113869756e-13       1.140169677990e-14       1.676236579912e-15 
  424       2.354972413925e-10       2.683728700212e-12      -5.506628188852e-12       6.083391664733e-15       1.300572150872e-13       1.116112181140e-14       1.664083601123e-15 
  425       2.360892970596e-10       2.668924518738e-12      -5.698889717961e-12       6.103763187135e-15       1.290136922535e-13       1.092410144062e-14       1.651866567157e-15 
  426       2.367215410634e-10       2.653701220424e-12      -5.887741333787e-12       6.124266513067e-15       1.279807396693e-13       1.069062944368e-14       1.639586535375e-15 
  427       2.373931833619e-10       2.638066818189e-12      -6.073123089080e-12       6.144901739851e-15       1.269582731291e-13       1.046069843003e-14       1.627244574340e-15 
  428       2.381034110307e-10       2.622029529812e-12      -6.254974806894e-12       6.165668943567e-15       1.259462029859e-13       1.023429983323e-14       1.614841763841e-15 
  429       2.388513881131e-10       2.605597779211e-12      -6.433236081190e-12       6.186568178885e-15       1.249444341100e-13       1.001142390166e-14       1.602379194912e-15 
  430       2.396362554701e-10       2.588780197702e-12      -6.607846277428e-12       6.207599478879e-15       1.239528658473e-13       9.792059689347e-15       1.589857969864e-15 
  431       2.404571306305e-10       2.571585625279e-12      -6.778744533176e-12       6.228762854852e-15       1.229713919784e-13       9.576195046687e-15       1.577279202304e-15 
  432       2.413131076405e-10       2.554023111875e-12      -6.945869758699e-12       6.250058296154e-15       1.219999006772e-13       9.363816611214e-15       1.564644017160e-15 
  433       2.422032569141e-10       2.536101918640e-12      -7.109160637563e-12       6.271485770006e-15       1.210382744694e-13       9.154909798361e-15       1.551953550706e-15 
  434       2.431266250830e-10       2.517831519206e-12      -7.268555627234e-12       6.293045221317e-15       1.200863901913e-13       8.949458792225e-15       1.539208950587e-15 
  435       2.440822348461e-10       2.499221600958e-12      -7.423992959675e-12       6.314736572511e-15       1.191441189488e-13       8.747446536326e-15       1.526411375840e-15 
  436       2.450690848204e-10       2.480282066305e-12      -7.575410641947e-12       6.336559723341e-15       1.182113260753e-13       8.548854724366e-15       1.513561996922e-15 
  437       2.460861493900e-10       2.461023033951e-12      -7.722746456805e-12       6.358514550715e-15       1.172878710913e-13       8.353663790995e-15       1.500661995732e-15 
  438       2.471323785567e-10       2.441454840160e-12      -7.865937963301e-12       6.380600908517e-15       1.163736076624e-13       8.161852902567e-15       1.487712565636e-15 
  439       2.482066977900e-10       2.421588040033e-12      -8.004922497379e-12       6.402818627423e-15       1.154683835586e-13       7.973399947907e-15       1.474714911488e-15 
  440       2.493080078766e-10       2.401433408772e-12      -8.139637172476e-12       6.425167514728e-15       1.145720406122e-13       7.788281529066e-15       1.461670249662e-15 
  441       2.504351847709e-10       2.381001942954e-12      -8.270018880120e-12       6.447647354163e-15       1.136844146773e-13       7.606472952088e-15       1.448579808066e-15 
  442       2.515870794445e-10       2.360304861800e-12      -8.396004290529e-12       6.470257905719e-15       1.128053355880e-13       7.427948217768e-15       1.435444826176e-15 
  443       2.527625177368e-10       2.339353608442e-12      -8.517529853213e-12       6.492998905466e-15       1.119346271171e-13       7.252680012415e-15       1.422266555051e-15 
  444       2.539603002044e-10       2.318159851198e-12      -8.634531797566e-12       6.515870065373e-15       1.110721069351e-13       7.080639698609e-15       1.409046257366e-15 
  445       2.551792019713e-10       2.296735484839e-12      -8.746946133472e-12       6.538871073132e-15       1.102175865687e-13       6.911797305970e-15       1.395785207429e-15 
  446       2.564179725789e-10       2.275092631859e-12      -8.854708651901e-12       6.562001591978e-15       1.093708713593e-13       6.746121521912e-15       1.382484691209e-15 
  447       2.576753358361e-10       2.253243643746e-12      -8.957754925506e-12       6.585261260507e-15       1.085317604220e-13       6.583579682408e-15       1.369146006360e-15 
  448       2.589499896690e-10       2.231201102251e-12      -9.056020309225e-12       6.608649692501e-15       1.077000466042e-13       6.424137762751e-15       1.355770462242e-15 
  449       2.602407291255e-10       2.208977311361e-12      -9.149451374284e-12       6.632166246412e-15       1.068755517426e-13       6.267763291867e-15       1.342359343843e-15 
  450       2.615468200773e-10       2.186582752525e-12      -9.238040616427e-12       6.655809325956e-15       1.060582337753e-13       6.114434217921e-15       1.328913802183e-15 
  451       2.628676373193e-10       2.164027581922e-12      -9.321792872366e-12       6.679577056530e-15       1.052480830157e-13       5.964130311512e-15       1.315434960409e-15 
  452       2.642025424318e-10       2.141322136205e-12      -9.400713995275e-12       6.703467513182e-15       1.044450871471e-13       5.816830260573e-15       1.301923949583e-15 
  453       2.655508837037e-10       2.118476933468e-12      -9.474810862184e-12       6.727478720296e-15       1.036492312024e-13       5.672511662872e-15       1.288381908682e-15 
  454       2.669119960555e-10       2.095502674216e-12      -9.544091381364e-12       6.751608651280e-15       1.028604975438e-13       5.531151018507e-15       1.274809984606e-15 
  455       2.682852009625e-10       2.072410242329e-12      -9.608564499725e-12       6.775855228245e-15       1.020788658423e-13       5.392723722405e-15       1.261209332179e-15 
  456       2.696698063779e-10       2.049210706031e-12      -9.668240210195e-12       6.800216321693e-15       1.013043130575e-13       5.257204056818e-15       1.247581114148e-15 
  457       2.710651066559e-10       2.025915318858e-12      -9.723129559116e-12       6.824689750200e-15       1.005368134171e-13       5.124565183823e-15       1.233926501190e-15 
  458       2.724703824750e-10       2.002535520626e-12      -9.773244653631e-12       6.849273280099e-15       9.977633839660e-14       4.994779137817e-15       1.220246671915e-15 
  459       2.738849007607e-10       1.979082938397e-12      -9.818598669074e-12       6.873964625167e-15       9.902285669923e-14       4.867816818018e-15       1.206542812865e-15 
  460       2.753079146092e-10       1.955569387447e-12      -9.859205856359e-12       6.898761446306e-15       9.827633423519e-14       4.743647980957e-15       1.192816118519e-15 
  461       2.767386632100e-10       1.932006872234e-12      -9.895081549369e-12       6.923661351229e-15       9.753673410151e-14       4.622241232983e-15       1.179067791298e-15 
  462       2.781763717695e-10       1.908407587366e-12      -9.926242172348e-12       6.948661894145e-15       9.680401656171e-14       4.503564022754e-15       1.165299041563e-15 
  463       2.796202514336e-10       1.884783918567e-12      -9.952705247286e-12       6.973760575441e-15       9.607813902539e-14       4.387582633739e-15       1.151511087620e-15 
  464       2.810694992112e-10       1.861148443646e-12      -9.974489401310e-12       6.998954841367e-15       9.535905602794e-14       4.274262176712e-15       1.137705155725e-15 
  465       2.825232978975e-10       1.837513933463e-12      -9.991614374076e-12       7.024242083722e-15       9.464671921015e-14       4.163566582254e-15       1.123882480083e-15 
  466       2.839808159963e-10       1.813893352899e-12      -1.000410102516e-11       7.049619639536e-15       9.394107729787e-14       4.055458593246e-15       1.110044302851e-15 
  467       2.854412076443e-10       1.790299861821e-12      -1.001197134143e-11       7.075084790754e-15       9.324207608171e-14       3.949899757370e-15       1.096191874146e-15 
  468       2.869036125330e-10       1.766746816050e-12      -1.001524844446e-11       7.100634763923e-15       9.254965839663e-14       3.846850419605e-15       1.082326452040e-15 
  469       2.883671558330e-10       1.743247768331e-12      -1.001395659791e-11       7.126266729872e-15       9.186376410162e-14       3.746269714725e-15       1.068449302568e-15 
  470       2.898309481160e-10       1.719816469295e-12      -1.000812121491e-11       7.151977803400e-15       9.118433005937e-14       3.648115559797e-15       1.054561699729e-15 
  471       2.912940852788e-10       1.696466868435e-12      -9.997768865452e-12       7.177765042960e-15       9.051129011589e-14       3.552344646676e-15       1.040664925491e-15 
  472       2.927556484662e-10       1.673213115064e-12      -9.982927283781e-12       7.203625450338e-15       8.984457508020e-14       3.458912434508e-15       1.026760269788e-15 
  473       2.942147039937e-10       1.650069559290e-12      -9.963625375784e-12       7.229555970346e-15       8.918411270393e-14       3.367773142222e-15       1.012849030529e-15 
  474       2.956703032711e-10       1.627050752980e-12      -9.939893226379e-12       7.255553490498e-15       8.852982766105e-14       3.278879741032e-15       9.989325135987e-16 
  475       2.971214827255e-10       1.604171450728e-12      -9.911762106906e-12       7.281614840697e-15       8.788164152744e-14       3.192183946930e-15       9.850120328578e-16 
  476       2.985672637244e-10       1.581446610822e-12      -9.879264482512e-12       7.307736792923e-15       8.723947276062e-14       3.107636213189e-15       9.710889101489e-16 
  477       3.000066524988e-10       1.558891396215e-12      -9.842434019545e-12       7.333916060912e-15       8.660323667935e-14       3.025185722855e-15       9.571644752978e-16 
  478       3.014386400663e-10       1.536521175487e-12      -9.801305592942e-12       7.360149299841e-15       8.597284544328e-14       2.944780381250e-15       9.432400661164e-16 
  479       3.028622021543e-10       1.514351523816e-12      -9.755915293616e-12       7.386433106016e-15       8.534820803266e-14       2.866366808466e-15       9.293170284057e-16 
  480       3.042762991231e-10       1.492398223946e-12      -9.706300435848e-12       7.412764016551e-15       8.472923022794e-14       2.789890331863e-15       9.153967159582e-16 
  481       3.056798758890e-10       1.470677267152e-12      -9.652499564677e-12       7.439138509056e-15       8.411581458943e-14       2.715294978568e-15       9.014804905607e-16 
  482       3.070718618475e-10       1.449204854210e-12      -9.594552463286e-12       7.465553001320e-15       8.350786043698e-14       2.642523467972e-15       8.875697219974e-16 
  483       3.084511707963e-10       1.427997396363e-12      -9.532500160394e-12       7.492003850995e-15       8.290526382961e-14       2.571517204226e-15       8.736657880520e-16 
  484       3.098167008585e-10       1.407071516290e-12      -9.466384937644e-12       7.518487355281e-15       8.230791754518e-14       2.502216268743e-15       8.597700745110e-16 
  485       3.111673344057e-10       1.386444049071e-12      -9.396250336994e-12       7.544999750607e-15       8.171571106001e-14       2.434559412689e-15       8.458839751663e-16 
  486       3.125019379813e-10       1.366132043156e-12      -9.322141168105e-12       7.571537212321e-15       8.112853052858e-14       2.368484049486e-15       8.320088918178e-16 
  487       3.138193622232e-10       1.346152761335e-12      -9.244103515731e-12       7.598095854369e-15       8.054625876314e-14       2.303926247310e-15       8.181462342760e-16 
  488       3.151185839161e-10       1.326522055846e-12      -9.162186752448e-12       7.624671904054e-15       7.996879443203e-14       2.240832059027e-15       8.042973506398e-16 
  489       3.163991369597e-10       1.307249438475e-12      -9.076449627822e-12       7.651262232677e-15       7.939611032529e-14       2.179191898746e-15       7.904633158362e-16 
  490       3.176606940937e-10       1.288342865432e-12      -8.986954375285e-12       7.677863840089e-15       7.882819678554e-14       2.119007175061e-15       7.766451367835e-16 
  491       3.189029259251e-10       1.269810350071e-12      -8.893764731575e-12       7.704473680822e-15       7.826504263565e-14       2.060279044446e-15       7.628438215142e-16 
  492       3.201255009224e-10       1.251659963038e-12      -8.796945945140e-12       7.731088663858e-15       7.770663516813e-14       2.003008409456e-15       7.490603791429e-16 
  493       3.213280854107e-10       1.233899832421e-12      -8.696564784529e-12       7.757705652406e-15       7.715296013440e-14       1.947195916929e-15       7.352958198342e-16 
  494       3.225103435659e-10       1.216538143903e-12      -8.592689546794e-12       7.784321463672e-15       7.660400173413e-14       1.892841956178e-15       7.215511547698e-16 
  495       3.236719374096e-10       1.199583140908e-12      -8.485390065888e-12       7.810932868629e-15       7.605974260455e-14       1.839946657198e-15       7.078273961170e-16 
  496       3.248125268036e-10       1.183043124754e-12      -8.374737721060e-12       7.837536591795e-15       7.552016380976e-14       1.788509888856e-15       6.941255569954e-16 
  497       3.259317694442e-10       1.166926454800e-12      -8.260805445254e-12       7.864129310998e-15       7.498524483007e-14       1.738531257099e-15       6.804466514454e-16 
  498       3.270293208575e-10       1.151241548600e-12      -8.143667733508e-12       7.890707657153e-15       7.445496355130e-14       1.690010103144e-15       6.667916943954e-16 
  499       3.281048343930e-10       1.135996882047e-12      -8.023400651351e-12       7.917268214035e-15       7.392929625409e-14       1.642945501684e-15       6.531617016297e-16 
  500       3.291579612194e-10       1.121200989529e-12      -7.900081843200e-12       7.943807518048e-15       7.340821760325e-14       1.597336259082e-15       6.395576897561e-16 
  501       3.301883503179e-10       1.106862464078e-12      -7.773790540758e-12       7.970322057998e-15       7.289170063703e-14       1.553180911573e-15       6.259806761735e-16 
  502       3.311956484778e-10       1.092989957513e-12      -7.644607571413e-12       7.996808274867e-15       7.237971675649e-14       1.510477723461e-15       6.124316790397e-16 
  503       3.321795002908e-10       1.079592180601e-12      -7.512615366633e-12       8.023262561583e-15       7.187223571478e-14       1.469224685318e-15       5.989117172390e-16 
  504       3.331395481454e-10       1.066677903199e-12      -7.377897970369e-12       8.049681262795e-15       7.136922560647e-14       1.429419512183e-15       5.854218103499e-16 
  505       3.340754322215e-10       1.054255954404e-12      -7.240541047446e-12       8.076060674642e-15       7.087065285688e-14       1.391059641763e-15       5.719629786129e-16 
  506       3.349867904854e-10       1.042335222708e-12      -7.100631891967e-12       8.102397044527e-15       7.037648221137e-14       1.354142232627e-15       5.585362428977e-16 
  507       3.358732586840e-10       1.030924656145e-12      -6.958259435705e-12       8.128686570890e-15       6.988667672467e-14       1.318664162409e-15       5.451426246716e-16 
  508       3.367344703394e-10       1.020033262440e-12      -6.813514256507e-12       8.154925402979e-15       6.940119775023e-14       1.284622026005e-15       5.317831459666e-16 
  509       3.375700567439e-10       1.009670109160e-12      -6.666488586686e-12       8.181109640623e-15       6.892000492949e-14       1.252012133774e-15       5.184588293474e-16 
  510       3.383796469540e-10       9.998443238635e-13      -6.517276321423e-12       8.207235334001e-15       6.844305618119e-14       1.220830509733e-15       5.051706978787e-16 
  511       3.391628677855e-10       9.905650942523e-13      -6.365973027161e-12       8.233298483421e-15       6.797030769077e-14       1.191072889758e-15       4.919197750934e-16 
  512       3.399193438079e-10       9.818416683188e-13      -6.212675950006e-12       8.259295039086e-15       6.750171389958e-14       1.162734719783e-15       4.787070849598e-16 
  513       3.406486973389e-10       9.736833544975e-13      -6.057484024126e-12       8.285220900868e-15       6.703722749429e-14       1.135811154001e-15       4.655336518496e-16 
  514       3.413505484392e-10       9.660995218147e-13      -5.900497880141e-12       8.311071918083e-15       6.657679939613e-14       1.110297053058e-15       4.524005005053e-16 
  515       3.420245149070e-10       9.590996000381e-13      -5.741819853532e-12       8.336843889259e-15       6.612037875028e-14       1.086186982253e-15       4.393086560082e-16 
  516       3.426702122724e-10       9.526930798272e-13      -5.581553993029e-12       8.362532561911e-15       6.566791291513e-14       1.063475209741e-15       4.262591437458e-16 
  517       3.432872537924e-10       9.468895128826e-13      -5.419806069013e-12       8.388133632312e-15       6.521934745163e-14       1.042155704728e-15       4.132529893795e-16 
  518       3.438752504452e-10       9.416985120969e-13      -5.256683581915e-12       8.413642745267e-15       6.477462611259e-14       1.022222135669e-15       4.002912188124e-16 
  519       3.444338109249e-10       9.371297517037e-13      -5.092295770612e-12       8.439055493881e-15       6.433369083201e-14       1.003667868471e-15       3.873748581570e-16 
  520       3.449625416360e-10       9.331929674281e-13      -4.926753620824e-12       8.464367419338e-15       6.389648171440e-14       9.864859646872e-16       3.745049337027e-16 
  521       3.454610466882e-10       9.298979566365e-13      -4.760169873514e-12       8.489574010667e-15       6.346293702408e-14       9.706691797199e-16       3.616824718835e-16 
  522       3.459289278907e-10       9.272545784864e-13      -4.592659033283e-12       8.514670704517e-15       6.303299317452e-14       9.562099610163e-16       3.489084992459e-16 
  523       3.463657847471e-10       9.252727540766e-13      -4.424337376770e-12       8.539652884929e-15       6.260658471763e-14       9.431004462685e-16       3.361840424164e-16 
  524       3.467712144498e-10       9.239624665970e-13      -4.255322961051e-12       8.564515883109e-15       6.218364433313e-14       9.313324616125e-16       3.235101280690e-16 
  525       3.471448118748e-10       9.233337614785e-13      -4.085735632031e-12       8.589254977197e-15       6.176410281778e-14       9.208975198267e-16       3.108877828933e-16 
  526       3.474861695758e-10       9.233967465430e-13      -3.915697032849e-12       8.613865392045e-15       6.134788907479e-14       9.117868185309e-16       2.983180335618e-16 
  527       3.477949702535e-10       9.241597955019e-13      -3.745321955679e-12       8.638342787133e-15       6.093494137512e-14       9.039903781262e-16       2.858019200499e-16 
  528       3.480712669797e-10       9.256241036042e-13      -3.574692117532e-12       8.662684735614e-15       6.052524150515e-14       8.974944330999e-16       2.733405360648e-16 
  529       3.483152107008e-10       9.277889819344e-13      -3.403881676818e-12       8.686889285667e-15       6.011878154096e-14       8.922839651274e-16       2.609349896693e-16 
  530       3.485269584981e-10       9.306536398412e-13      -3.232965829088e-12       8.710954476026e-15       5.971555265580e-14       8.883435546473e-16       2.485863900042e-16 
  531       3.487066736223e-10       9.342171843125e-13      -3.062020811696e-12       8.734878335961e-15       5.931554511423e-14       8.856573786899e-16       2.362958472617e-16 
  532       3.488545255283e-10       9.384786193508e-13      -2.891123908462e-12       8.758658885259e-15       5.891874826638e-14       8.842092087041e-16       2.240644726585e-16 
  533       3.489706899089e-10       9.434368453478e-13      -2.720353454342e-12       8.782294134212e-15       5.852515054204e-14       8.839824083864e-16       2.118933784098e-16 
  534       3.490553487302e-10       9.490906584600e-13      -2.549788840086e-12       8.805782083596e-15       5.813473944488e-14       8.849599315077e-16       1.997836777024e-16 
  535       3.491086902653e-10       9.554387499839e-13      -2.379510516908e-12       8.829120724653e-15       5.774750154664e-14       8.871243197417e-16       1.877364846682e-16 
  536       3.491309091294e-10       9.624797057305e-13      -2.209600001147e-12       8.852308039077e-15       5.736342248129e-14       8.904577004926e-16       1.757529143576e-16 
  537       3.491222063139e-10       9.702120054011e-13      -2.040139878934e-12       8.875341998995e-15       5.698248693920e-14       8.949417847229e-16       1.638340827128e-16 
  538       3.490827892208e-10       9.786340219618e-13      -1.871213810854e-12       8.898220566948e-15       5.660467866135e-14       9.005578647812e-16       1.519811065417e-16 
  539       3.490128716974e-10       9.877440210195e-13      -1.702906536613e-12       8.920941695878e-15       5.622998043348e-14       9.072868122301e-16       1.401951034909e-16 
  540       3.489126740709e-10       9.975401601960e-13      -1.535303879700e-12       8.943503329108e-15       5.585837408028e-14       9.151090756740e-16       1.284771920191e-16 
  541       3.487824231826e-10       1.008020488504e-12      -1.368492752056e-12       8.965903400322e-15       5.548984045958e-14       9.240046785871e-16       1.168284913709e-16 
  542       3.486223524223e-10       1.019182945721e-12      -1.202561158732e-12       8.988139833555e-15       5.512435945651e-14       9.339532171408e-16       1.052501215499e-16 
  543       3.484327017631e-10       1.031025361767e-12      -1.037598202560e-12       9.010210543169e-15       5.476190997767e-14       9.449338580321e-16       9.374320329227e-17 
  544       3.482137177958e-10       1.043545456075e-12      -8.736940888136e-13       9.032113433839e-15       5.440246994536e-14       9.569253363110e-16       8.230885804026e-17 
  545       3.479656537632e-10       1.056740836973e-12      -7.109401298727e-13       9.053846400535e-15       5.404601629169e-14       9.699059532084e-16       7.094820791544e-17 
  546       3.476887695946e-10       1.070609001051e-12      -5.494287498904e-13       9.075407328506e-15       5.369252495281e-14       9.838535739640e-16       5.966237569227e-17 
  547       3.473833319404e-10       1.085147332543e-12      -3.892534894555e-13       9.096794093259e-15       5.334197086308e-14       9.987456256545e-16       4.845248477150e-17 
  548       3.470496142066e-10       1.100353102699e-12      -2.305090102579e-13       9.118004560547e-15       5.299432794921e-14       1.014559095021e-15       3.731965915358e-17 
  549       3.466878965891e-10       1.116223469159e-12      -7.329109975290e-14       9.139036586349e-15       5.264956912452e-14       1.031270526295e-15       2.626502341213e-17 
  550       3.462984661084e-10       1.132755475332e-12       8.230332417429e-14       9.159888016851e-15       5.230766628301e-14       1.048856019032e-15       1.528970266736e-17 
  551       3.458816166439e-10       1.149946049766e-12       2.361762085438e-13       9.180556688432e-15       5.196859029363e-14       1.067291225933e-15       4.394822559481e-18 
  552       3.454376489684e-10       1.167792005527e-12       3.882283606168e-13       9.201040427645e-15       5.163231099444e-14       1.086551350674e-15      -6.418490777826e-18 
  553       3.449668707826e-10       1.186290039576e-12       5.383594432306e-13       9.221337051200e-15       5.129879718674e-14       1.106611145737e-15      -1.714911074401e-17 
  554       3.444695967496e-10       1.205436732135e-12       6.864679701344e-13       9.241444365949e-15       5.096801662930e-14       1.127444910233e-15      -2.779591029819e-17 
  555       3.439461485294e-10       1.225228546074e-12       8.324513013248e-13       9.261360168862e-15       5.063993603252e-14       1.149026487734e-15      -3.835776198575e-17 
  556       3.433968548133e-10       1.245661826278e-12       9.762056383809e-13       9.281082247020e-15       5.031452105263e-14       1.171329264098e-15      -4.883353796489e-17 
  557       3.428220513585e-10       1.266732799023e-12       1.117626019800e-12       9.300608377588e-15       4.999173628583e-14       1.194326165300e-15      -5.922211003317e-17 
  558       3.422220810223e-10       1.288437571355e-12       1.256606316333e-12       9.319936327805e-15       4.967154526248e-14       1.217989655255e-15      -6.952234965413e-17 
  559       3.415972937969e-10       1.310772130462e-12       1.393039226320e-12       9.339063854960e-15       4.935391044131e-14       1.242291733651e-15      -7.973312798381e-17 
  560       3.409480468437e-10       1.333732343050e-12       1.526816271025e-12       9.357988706383e-15       4.903879320357e-14       1.267203933774e-15      -8.985331589735e-17 
  561       3.402747045280e-10       1.357313954717e-12       1.657827789973e-12       9.376708619420e-15       4.872615384722e-14       1.292697320334e-15      -9.988178401554e-17 
  562       3.395776384530e-10       1.381512589331e-12       1.785962936283e-12       9.395221321419e-15       4.841595158109e-14       1.318742487297e-15      -1.098174027314e-16 
  563       3.388572274946e-10       1.406323748401e-12       1.911109672006e-12       9.413524529715e-15       4.810814451909e-14       1.345309555712e-15      -1.196590422366e-16 
  564       3.381138578362e-10       1.431742810456e-12       2.033154763459e-12       9.431615951608e-15       4.780268967436e-14       1.372368171537e-15      -1.294055725485e-16 
  565       3.373479230024e-10       1.457765030417e-12       2.151983776560e-12       9.449493284351e-15       4.749954295346e-14       1.399887503466e-15      -1.390558635360e-16 
  566       3.365598328423e-10       1.484384759782e-12       2.267495047404e-12       9.467154694105e-15       4.719866587820e-14       1.427839312492e-15      -1.486090174576e-16 
  567       3.357500406614e-10       1.511593086383e-12       2.379641998367e-12       9.484600266404e-15       4.690004595281e-14       1.456207251770e-15      -1.580650730935e-16 
  568       3.349190168553e-10       1.539380132676e-12       2.488391901440e-12       9.501830592972e-15       4.660367680923e-14       1.484977801713e-15      -1.674243197804e-16 
  569       3.340672400631e-10       1.567735828521e-12       2.593712002050e-12       9.518846296287e-15       4.630955152363e-14       1.514137218894e-15      -1.766870666533e-16 
  570       3.331951972043e-10       1.596649910267e-12       2.695569519624e-12       9.535648029739e-15       4.601766261305e-14       1.543671535020e-15      -1.858536427587e-16 
  571       3.323033835176e-10       1.626111919837e-12       2.793931648152e-12       9.552236477796e-15       4.572800203211e-14       1.573566555908e-15      -1.949243971686e-16 
  572       3.313923025978e-10       1.656111203812e-12       2.888765556745e-12       9.568612356162e-15       4.544056116973e-14       1.603807860459e-15      -2.038996990933e-16 
  573       3.304624664344e-10       1.686636912514e-12       2.980038390194e-12       9.584776411941e-15       4.515533084581e-14       1.634380799641e-15      -2.127799379954e-16 
  574       3.295143954489e-10       1.717677999089e-12       3.067717269539e-12       9.600729423798e-15       4.487230130790e-14       1.665270495458e-15      -2.215655237034e-16 
  575       3.285486185328e-10       1.749223218593e-12       3.151769292623e-12       9.616472202124e-15       4.459146222793e-14       1.696461839933e-15      -2.302568865247e-16 
  576       3.275656730856e-10       1.781261127071e-12       3.232161534655e-12       9.632005589190e-15       4.431280269889e-14       1.727939494077e-15      -2.388544773596e-16 
  577       3.265661050522e-10       1.813780080649e-12       3.308861048771e-12       9.647330459319e-15       4.403631123153e-14       1.759687886875e-15      -2.473587678145e-16 
  578       3.255504689611e-10       1.846768234609e-12       3.381834866598e-12       9.662447719041e-15       4.376197575103e-14       1.791691214253e-15      -2.557702503155e-16 
  579       3.245193279622e-10       1.880213542477e-12       3.451049998810e-12       9.677358307254e-15       4.348978359374e-14       1.823933438059e-15      -2.640894382222e-16 
  580       3.234732538643e-10       1.914103755109e-12       3.516473435694e-12       9.692063195393e-15       4.321972150382e-14       1.856398285041e-15      -2.723168659406e-16 
  581       3.224128271733e-10       1.948426419770e-12       3.578072147707e-12       9.706563387585e-15       4.295177562998e-14       1.889069245820e-15      -2.804530890371e-16 
  582       3.213386371298e-10       1.983168879220e-12       3.635813086041e-12       9.720859920813e-15       4.268593152216e-14       1.921929573867e-15      -2.884986843519e-16 
  583       3.202512817469e-10       2.018318270798e-12       3.689663183181e-12       9.734953865080e-15       4.242217412821e-14       1.954962284483e-15      -2.964542501124e-16 
  584       3.191513678483e-10       2.053861525506e-12       3.739589353467e-12       9.748846323567e-15       4.216048779060e-14       1.988150153769e-15      -3.043204060468e-16 
  585       3.180395111058e-10       2.089785367091e-12       3.785558493655e-12       9.762538432797e-15       4.190085624312e-14       2.021475717610e-15      -3.120977934975e-16 
  586       3.169163360772e-10       2.126076311131e-12       3.827537483480e-12       9.776031362797e-15       4.164326260755e-14       2.054921270643e-15      -3.197870755348e-16 
  587       3.157824762442e-10       2.162720664117e-12       3.865493186214e-12       9.789326317262e-15       4.138768939038e-14       2.088468865241e-15      -3.273889370703e-16 
  588       3.146385740504e-10       2.199704522540e-12       3.899392449231e-12       9.802424533710e-15       4.113411847949e-14       2.122100310486e-15      -3.349040849702e-16 
  589       3.134852809386e-10       2.237013771968e-12       3.929202104562e-12       9.815327283652e-15       4.088253114084e-14       2.155797171146e-15      -3.423332481693e-16 
  590       3.123232573891e-10       2.274634086137e-12       3.954888969463e-12       9.828035872748e-15       4.063290801520e-14       2.189540766649e-15      -3.496771777841e-16 
  591       3.111531729574e-10       2.312550926031e-12       3.976419846972e-12       9.840551640972e-15       4.038522911478e-14       2.223312170065e-15      -3.569366472264e-16 
  592       3.099757063119e-10       2.350749538968e-12       3.993761526471e-12       9.852875962772e-15       4.013947381998e-14       2.257092207075e-15      -3.641124523168e-16 
  593       3.087915452718e-10       2.389214957679e-12       4.006880784247e-12       9.865010247234e-15       3.989562087608e-14       2.290861454956e-15      -3.712054113983e-16 
  594       3.076013868449e-10       2.427931999398e-12       4.015744384053e-12       9.876955938240e-15       3.965364838991e-14       2.324600241548e-15      -3.782163654499e-16 
  595       3.064059372657e-10       2.466885264943e-12       4.020319077672e-12       9.888714514637e-15       3.941353382653e-14       2.358288644240e-15      -3.851461781997e-16 
  596       3.052059120326e-10       2.506059137797e-12       4.020571605471e-12       9.900287490389e-15       3.917525400600e-14       2.391906488937e-15      -3.919957362389e-16 
  597       3.040020359464e-10       2.545437783198e-12       4.016468696971e-12       9.911676414748e-15       3.893878509997e-14       2.425433349046e-15      -3.987659491348e-16 
  598       3.027950431475e-10       2.585005147215e-12       4.007977071401e-12       9.922882872410e-15       3.870410262847e-14       2.458848544444e-15      -4.054577495450e-16 
  599       3.015856771544e-10       2.624744955840e-12       3.995063438263e-12       9.933908483679e-15       3.847118145655e-14       2.492131140460e-15      -4.120720933300e-16 
  600       3.003746909009e-10       2.664640714065e-12       3.977694497891e-12       9.944754904631e-15       3.823999579097e-14       2.525259946847e-15      -4.186099596676e-16 
  601       2.991628467743e-10       2.704675704969e-12       3.955836942014e-12       9.955423827270e-15       3.801051917695e-14       2.558213516764e-15      -4.250723511659e-16 
  602       2.979509166530e-10       2.744832988803e-12       3.929457454315e-12       9.965916979696e-15       3.778272449478e-14       2.590970145746e-15      -4.314602939769e-16 
  603       2.967396819446e-10       2.785095402069e-12       3.898522710996e-12       9.976236126264e-15       3.755658395661e-14       2.623507870687e-15      -4.377748379099e-16 
  604       2.955299336233e-10       2.825445556609e-12       3.862999381333e-12       9.986383067744e-15       3.733206910304e-14       2.655804468811e-15      -4.440170565453e-16 
  605       2.943224090979e-10       2.865866695554e-12       3.822864913259e-12       9.996359781988e-15       3.710915500438e-14       2.687841997659e-15      -4.501877085924e-16 
  606       2.931176010669e-10       2.906345285674e-12       3.778140174194e-12       1.000616884930e-14       3.688783298179e-14       2.719620537186e-15      -4.562862127769e-16 
  607       2.919159441354e-10       2.946868485638e-12       3.728857597292e-12       1.001581303763e-14       3.666809818588e-14       2.751144776544e-15      -4.623116484939e-16 
  608       2.907178775858e-10       2.987423294166e-12       3.675050471637e-12       1.002529516319e-14       3.644994541806e-14       2.782419503479e-15      -4.682630923316e-16 
  609       2.895238453950e-10       3.027996549389e-12       3.616752946343e-12       1.003461809070e-14       3.623336912858e-14       2.813449604797e-15      -4.741396180741e-16 
  610       2.883342962514e-10       3.068574928215e-12       3.554000034637e-12       1.004378473355e-14       3.601836341462e-14       2.844240066827e-15      -4.799402967042e-16 
  611       2.871496835722e-10       3.109144945693e-12       3.486827617956e-12       1.005279805404e-14       3.580492201836e-14       2.874795975883e-15      -4.856641964057e-16 
  612       2.859704655207e-10       3.149692954378e-12       3.415272450035e-12       1.006166106358e-14       3.559303832506e-14       2.905122518728e-15      -4.913103825662e-16 
  613       2.847971050228e-10       3.190205143694e-12       3.339372161000e-12       1.007037682288e-14       3.538270536111e-14       2.935224983035e-15      -4.968779177798e-16 
  614       2.836300697851e-10       3.230667539298e-12       3.259165261458e-12       1.007894844219e-14       3.517391579209e-14       2.965108757848e-15      -5.023658618497e-16 
  615       2.824698323113e-10       3.271066002447e-12       3.174691146587e-12       1.008737908148e-14       3.496666192089e-14       2.994779334051e-15      -5.077732717905e-16 
  616       2.813168699195e-10       3.311386229358e-12       3.085990100228e-12       1.009567195067e-14       3.476093568575e-14       3.024242304823e-15      -5.130992018314e-16 
  617       2.801716647597e-10       3.351613750576e-12       2.993103298980e-12       1.010383030982e-14       3.455672865831e-14       3.053503366108e-15      -5.183427034185e-16 
  618       2.790347038305e-10       3.391733930335e-12       2.896072816282e-12       1.011185746934e-14       3.435403204171e-14       3.082568317071e-15      -5.235028252174e-16 
  619       2.779064789964e-10       3.431731965925e-12       2.794941626516e-12       1.011975679020e-14       3.415283666867e-14       3.111443060567e-15      -5.285786131159e-16 
  620       2.767874870051e-10       3.471592887055e-12       2.689753609085e-12       1.012753168416e-14       3.395313299952e-14       3.140133603597e-15      -5.335691102268e-16 
  621       2.756782295045e-10       3.511301555218e-12       2.580553552517e-12       1.013518561394e-14       3.375491112031e-14       3.168646057777e-15      -5.384733568902e-16 
  622       2.745792130598e-10       3.550842663051e-12       2.467387158545e-12       1.014272209345e-14       3.355816074086e-14       3.196986639798e-15      -5.432903906764e-16 
  623       2.734909491707e-10       3.590200733708e-12       2.350301046207e-12       1.015014468799e-14       3.336287119283e-14       3.225161671888e-15      -5.480192463884e-16 
  624       2.724139542888e-10       3.629360120215e-12       2.229342755930e-12       1.015745701448e-14       3.316903142781e-14       3.253177582276e-15      -5.526589560646e-16 
  625       2.713487498341e-10       3.668305004840e-12       2.104560753626e-12       1.016466274162e-14       3.297663001535e-14       3.281040905653e-15      -5.572085489813e-16 
  626       2.702958622129e-10       3.707019398455e-12       1.976004434781e-12       1.017176559015e-14       3.278565514109e-14       3.308758283638e-15      -5.616670516557e-16 
  627       2.692558228344e-10       3.745487139899e-12       1.843724128546e-12       1.017876933302e-14       3.259609460478e-14       3.336336465236e-15      -5.660334878479e-16 
  628       2.682291681283e-10       3.783691895347e-12       1.707771101829e-12       1.018567779564e-14       3.240793581836e-14       3.363782307307e-15      -5.703068785641e-16 
  629       2.672164395613e-10       3.821617157669e-12       1.568197563385e-12       1.019249485602e-14       3.222116580405e-14       3.391102775022e-15      -5.744862420591e-16 
  630       2.662181836549e-10       3.859246245796e-12       1.425056667909e-12       1.019922444505e-14       3.203577119242e-14       3.418304942330e-15      -5.785705938387e-16 
  631       2.652349520023e-10       3.896562304086e-12       1.278402520126e-12       1.020587054666e-14       3.185173822043e-14       3.445395992420e-15      -5.825589466626e-16 
  632       2.642673012855e-10       3.933548301686e-12       1.128290178879e-12       1.021243719807e-14       3.166905272953e-14       3.472383218182e-15      -5.864503105468e-16 
  633       2.633157932923e-10       3.970187031897e-12       9.747756612261e-13       1.021892848993e-14       3.148770016373e-14       3.499274022672e-15      -5.902436927665e-16 
  634       2.623809949339e-10       4.006461111537e-12       8.179159465276e-13       1.022534856660e-14       3.130766556763e-14       3.526075919574e-15      -5.939380978584e-16 
  635       2.614634782616e-10       4.042352980308e-12       6.577689805379e-13       1.023170162633e-14       3.112893358457e-14       3.552796533662e-15      -5.975325276239e-16 
  636       2.605638204841e-10       4.077844900159e-12       4.943936794969e-13       1.023799192145e-14       3.095148845462e-14       3.579443601261e-15      -6.010259811308e-16 
  637       2.596826039848e-10       4.112918954648e-12       3.278499342208e-13       1.024422375859e-14       3.077531401269e-14       3.606024970717e-15      -6.044174547170e-16 
  638       2.588204163386e-10       4.147557048310e-12       1.581986141935e-13       1.025040149892e-14       3.060039368660e-14       3.632548602849e-15      -6.077059419922e-16 
  639       2.579778503295e-10       4.181740906018e-12      -1.449842834250e-14       1.025652955830e-14       3.042671049514e-14       3.659022571421e-15      -6.108904338412e-16 
  640       2.571555039673e-10       4.215452072349e-12      -1.901783542949e-13       1.026261240753e-14       3.025424704614e-14       3.685455063600e-15      -6.139699184262e-16 
  641       2.563539805050e-10       4.248671910947e-12      -3.687773336306e-13       1.026865457255e-14       3.008298553457e-14       3.711854380419e-15      -6.169433811895e-16 
  642       2.555738884561e-10       4.281381603889e-12      -5.502305412844e-13       1.027466063462e-14       2.991290774056e-14       3.738228937241e-15      -6.198098048562e-16 
  643       2.548158416111e-10       4.313562151049e-12      -7.344721530683e-13       1.028063523057e-14       2.974399502750e-14       3.764587264222e-15      -6.225681694367e-16 
  644       2.540803734319e-10       4.345196424216e-12      -9.214340942936e-13       1.028658274999e-14       2.957623098984e-14       3.790935354949e-15      -6.252177717624e-16 
  645       2.533676780705e-10       4.376275381790e-12      -1.111042262834e-12       1.029250641890e-14       2.940960946601e-14       3.817268645553e-15      -6.277591920270e-16 
  646       2.526778635229e-10       4.406791993468e-12      -1.303220212498e-12       1.029840919575e-14       2.924412670301e-14       3.843579854996e-15      -6.301933491233e-16 
  647       2.520110367147e-10       4.436739198184e-12      -1.497890388140e-12       1.030429407266e-14       2.907977872197e-14       3.869861620161e-15      -6.325211831855e-16 
  648       2.513673034935e-10       4.466109904061e-12      -1.694974121203e-12       1.031016407556e-14       2.891656131691e-14       3.896106495546e-15      -6.347436556839e-16 
  649       2.507467686211e-10       4.494896988373e-12      -1.894391625270e-12       1.031602226429e-14       2.875447005366e-14       3.922306952961e-15      -6.368617495200e-16 
  650       2.501495357662e-10       4.523093297501e-12      -2.096061991615e-12       1.032187173272e-14       2.859350026867e-14       3.948455381225e-15      -6.388764691215e-16 
  651       2.495757074964e-10       4.550691646892e-12      -2.299903184744e-12       1.032771560888e-14       2.843364706781e-14       3.974544085865e-15      -6.407888405370e-16 
  652       2.490253852711e-10       4.577684821013e-12      -2.505832037954e-12       1.033355705509e-14       2.827490532525e-14       4.000565288806e-15      -6.425999115311e-16 
  653       2.484986694335e-10       4.604065573316e-12      -2.713764248873e-12       1.033939926804e-14       2.811726968229e-14       4.026511128076e-15      -6.443107516793e-16 
  654       2.479956592035e-10       4.629826626188e-12      -2.923614375011e-12       1.034524547897e-14       2.796073454617e-14       4.052373657496e-15      -6.459224524632e-16 
  655       2.475164526693e-10       4.654960670913e-12      -3.135295829310e-12       1.035109895374e-14       2.780529408894e-14       4.078144846381e-15      -6.474361273648e-16 
  656       2.470611467808e-10       4.679460367631e-12      -3.348720875693e-12       1.035696299296e-14       2.765094224627e-14       4.103816579233e-15      -6.488529119621e-16 
  657       2.466298373411e-10       4.703318345294e-12      -3.563800624610e-12       1.036284093213e-14       2.749767271629e-14       4.129380655441e-15      -6.501739640239e-16 
  658       2.462226189996e-10       4.726527201620e-12      -3.780445028588e-12       1.036873614176e-14       2.734547895844e-14       4.154828788976e-15      -6.514004636043e-16 
  659       2.458395852441e-10       4.749079503060e-12      -3.998562877779e-12       1.037465202746e-14       2.719435419231e-14       4.180152608086e-15      -6.525336131382e-16 
  660       2.454808283932e-10       4.770967784748e-12      -4.218061795511e-12       1.038059203009e-14       2.704429139643e-14       4.205343654996e-15      -6.535746375361e-16 
  661       2.451464395886e-10       4.792184550460e-12      -4.438848233832e-12       1.038655962586e-14       2.689528330717e-14       4.230393385602e-15      -6.545247842787e-16 
  662       2.448365087880e-10       4.812722272577e-12      -4.660827469062e-12       1.039255832648e-14       2.674732241754e-14       4.255293169170e-15      -6.553853235122e-16 
  663       2.445511247569e-10       4.832573392034e-12      -4.883903597343e-12       1.039859167923e-14       2.660040097601e-14       4.280034288030e-15      -6.561575481434e-16 
  664       2.442903750614e-10       4.851730318287e-12      -5.107979530181e-12       1.040466326714e-14       2.645451098541e-14       4.304607937274e-15      -6.568427739339e-16 
  665       2.440543460605e-10       4.870185429266e-12      -5.332956990003e-12       1.041077670907e-14       2.630964420168e-14       4.329005224453e-15      -6.574423395959e-16 
  666       2.438431228985e-10       4.887931071331e-12      -5.558736505699e-12       1.041693565983e-14       2.616579213279e-14       4.353217169272e-15      -6.579576068866e-16 
  667       2.436567894973e-10       4.904959559235e-12      -5.785217408174e-12       1.042314381033e-14       2.602294603749e-14       4.377234703289e-15      -6.583899607035e-16 
  668       2.434954285491e-10       4.921263176078e-12      -6.012297825894e-12       1.042940488768e-14       2.588109692424e-14       4.401048669611e-15      -6.587408091789e-16 
  669       2.433591215086e-10       4.936834173266e-12      -6.239874680438e-12       1.043572265530e-14       2.574023554998e-14       4.424649822587e-15      -6.590115837753e-16 
  670       2.432479485854e-10       4.951664770470e-12      -6.467843682045e-12       1.044210091306e-14       2.560035241896e-14       4.448028827510e-15      -6.592037393801e-16 
  671       2.431619887365e-10       4.965747155580e-12      -6.696099325159e-12       1.044854349739e-14       2.546143778165e-14       4.471176260312e-15      -6.593187544004e-16 
  672       2.431013196586e-10       4.979073484669e-12      -6.924534883985e-12       1.045505428141e-14       2.532348163348e-14       4.494082607258e-15      -6.593581308583e-16 
  673       2.430660177806e-10       4.991635881943e-12      -7.153042408030e-12       1.046163717504e-14       2.518647371375e-14       4.516738264644e-15      -6.593233944857e-16 
  674       2.430561582560e-10       5.003426439707e-12      -7.381512717658e-12       1.046829612512e-14       2.505040350443e-14       4.539133538497e-15      -6.592160948191e-16 
  675       2.430718149554e-10       5.014437218317e-12      -7.609835399633e-12       1.047503511554e-14       2.491526022901e-14       4.561258644266e-15      -6.590378052948e-16 
  676       2.431130604587e-10       5.024660246140e-12      -7.837898802671e-12       1.048185816735e-14       2.478103285132e-14       4.583103706524e-15      -6.587901233433e-16 
  677       2.431799660475e-10       5.034087519513e-12      -8.065590032988e-12       1.048876933889e-14       2.464771007439e-14       4.604658758659e-15      -6.584746704852e-16 
  678       2.432726016980e-10       5.042711002696e-12      -8.292794949848e-12       1.049577272590e-14       2.451528033927e-14       4.625913742575e-15      -6.580930924252e-16 
  679       2.433910360727e-10       5.050522627837e-12      -8.519398161111e-12       1.050287246164e-14       2.438373182387e-14       4.646858508390e-15      -6.576470591475e-16 
  680       2.435353365132e-10       5.057514294923e-12      -8.745283018784e-12       1.051007271704e-14       2.425305244179e-14       4.667482814124e-15      -6.571382650106e-16 
  681       2.437055690326e-10       5.063677871744e-12      -8.970331614566e-12       1.051737770076e-14       2.412322984116e-14       4.687776325408e-15      -6.565684288425e-16 
  682       2.439017983081e-10       5.069005193845e-12      -9.194424775401e-12       1.052479165938e-14       2.399425140349e-14       4.707728615170e-15      -6.559392940353e-16 
  683       2.441240333874e-10       5.073490067804e-12      -9.417450776669e-12       1.053231832456e-14       2.386610599186e-14       4.727330831639e-15      -6.552523186499e-16 
  684       2.443720635540e-10       5.077134328064e-12      -9.639331694899e-12       1.053995924152e-14       2.373878923892e-14       4.746580742031e-15      -6.545077382787e-16 
  685       2.446456189436e-10       5.079941909304e-12      -9.859997608769e-12       1.054771540513e-14       2.361229836946e-14       4.765477795924e-15      -6.537054833666e-16 
  686       2.449444244910e-10       5.081916855301e-12      -1.007937793019e-11       1.055558780958e-14       2.348663046057e-14       4.784021466828e-15      -6.528454874056e-16 
  687       2.452681999081e-10       5.083063319404e-12      -1.029740140209e-11       1.056357744835e-14       2.336178244091e-14       4.802211252311e-15      -6.519276869501e-16 
  688       2.456166596629e-10       5.083385565006e-12      -1.051399609620e-11       1.057168531417e-14       2.323775108998e-14       4.820046674124e-15      -6.509520216320e-16 
  689       2.459895129575e-10       5.082887966016e-12      -1.072908941087e-11       1.057991239905e-14       2.311453303743e-14       4.837527278327e-15      -6.499184341763e-16 
  690       2.463864637069e-10       5.081575007330e-12      -1.094260806880e-11       1.058825969419e-14       2.299212476235e-14       4.854652635414e-15      -6.488268704160e-16 
  691       2.468072105173e-10       5.079451285307e-12      -1.115447811489e-11       1.059672819001e-14       2.287052259251e-14       4.871422340436e-15      -6.476772793079e-16 
  692       2.472514466646e-10       5.076521508237e-12      -1.136462491397e-11       1.060531887612e-14       2.274972270371e-14       4.887836013129e-15      -6.464696129476e-16 
  693       2.477188600730e-10       5.072790496817e-12      -1.157297314866e-11       1.061403274127e-14       2.262972111902e-14       4.903893298039e-15      -6.452038265848e-16 
  694       2.482091332932e-10       5.068263184623e-12      -1.177944681706e-11       1.062287077337e-14       2.251051370806e-14       4.919593864645e-15      -6.438798786388e-16 
  695       2.487219434811e-10       5.062944618579e-12      -1.198396923064e-11       1.063183395941e-14       2.239209618633e-14       4.934937407484e-15      -6.424977307139e-16 
  696       2.492569623760e-10       5.056839959435e-12      -1.218646301196e-11       1.064092328552e-14       2.227446411447e-14       4.949923646279e-15      -6.410573476142e-16 
  697       2.498138562795e-10       5.049954482234e-12      -1.238685009247e-11       1.065013973687e-14       2.215761289751e-14       4.964552326064e-15      -6.395586973596e-16 
  698       2.503922860336e-10       5.042293576786e-12      -1.258505171033e-11       1.065948429769e-14       2.204153778423e-14       4.978823217306e-15      -6.380017512006e-16 
  699       2.509919069991e-10       5.033862748145e-12      -1.278098840814e-11       1.066895795125e-14       2.192623386637e-14       4.992736116031e-15      -6.363864836339e-16 
  700       2.516123690346e-10       5.024667617073e-12      -1.297458003080e-11       1.067856167981e-14       2.181169607799e-14       5.006290843952e-15      -6.347128724174e-16 
  701       2.522533164742e-10       5.014713920520e-12      -1.316574572323e-11       1.068829646462e-14       2.169791919469e-14       5.019487248592e-15      -6.329808985862e-16 
  702       2.529143881068e-10       5.004007512092e-12      -1.335440392820e-11       1.069816328591e-14       2.158489783292e-14       5.032325203409e-15      -6.311905464669e-16 
  703       2.535952171537e-10       4.992554362526e-12      -1.354047238411e-11       1.070816312284e-14       2.147262644927e-14       5.044804607921e-15      -6.293418036938e-16 
  704       2.542954312478e-10       4.980360560159e-12      -1.372386812276e-11       1.071829695348e-14       2.136109933976e-14       5.056925387834e-15      -6.274346612239e-16 
  705       2.550146524117e-10       4.967432311404e-12      -1.390450746715e-11       1.072856575482e-14       2.125031063912e-14       5.068687495161e-15      -6.254691133519e-16 
  706       2.557524970362e-10       4.953775941222e-12      -1.408230602929e-11       1.073897050272e-14       2.114025432006e-14       5.080090908355e-15      -6.234451577263e-16 
  707       2.565085758589e-10       4.939397893591e-12      -1.425717870794e-11       1.074951217189e-14       2.103092419258e-14       5.091135632429e-15      -6.213627953638e-16 
  708       2.572824939425e-10       4.924304731982e-12      -1.442903968644e-11       1.076019173587e-14       2.092231390323e-14       5.101821699080e-15      -6.192220306652e-16 
  709       2.580738506533e-10       4.908503139832e-12      -1.459780243049e-11       1.077101016703e-14       2.081441693444e-14       5.112149166820e-15      -6.170228714306e-16 
  710       2.588822396397e-10       4.891999921010e-12      -1.476337968590e-11       1.078196843652e-14       2.070722660373e-14       5.122118121095e-15      -6.147653288748e-16 
  711       2.597072488107e-10       4.874802000300e-12      -1.492568347643e-11       1.079306751425e-14       2.060073606308e-14       5.131728674415e-15      -6.124494176422e-16 
  712       2.605484603145e-10       4.856916423862e-12      -1.508462510156e-11       1.080430836890e-14       2.049493829816e-14       5.140980966476e-15      -6.100751558227e-16 
  713       2.614054505165e-10       4.838350359713e-12      -1.524011513426e-11       1.081569196785e-14       2.038982612763e-14       5.149875164286e-15      -6.076425649666e-16 
  714       2.622777899782e-10       4.819111098195e-12      -1.539206341880e-11       1.082721927719e-14       2.028539220243e-14       5.158411462289e-15      -6.051516701001e-16 
  715       2.631650434357e-10       4.799206052449e-12      -1.554037906852e-11       1.083889126171e-14       2.018162900506e-14       5.166590082495e-15      -6.026024997405e-16 
  716       2.640667697777e-10       4.778642758887e-12      -1.568497046363e-11       1.085070888484e-14       2.007852884887e-14       5.174411274599e-15      -5.999950859116e-16 
  717       2.649825220245e-10       4.757428877666e-12      -1.582574524900e-11       1.086267310865e-14       1.997608387734e-14       5.181875316108e-15      -5.973294641591e-16 
  718       2.659118473061e-10       4.735572193156e-12      -1.596261033194e-11       1.087478489385e-14       1.987428606338e-14       5.188982512470e-15      -5.946056735658e-16 
  719       2.668542868409e-10       4.713080614416e-12      -1.609547187999e-11       1.088704519971e-14       1.977312720859e-14       5.195733197193e-15      -5.918237567667e-16 
  720       2.678093759139e-10       4.689962175668e-12      -1.622423531871e-11       1.089945498409e-14       1.967259894256e-14       5.202127731975e-15      -5.889837599650e-16 
  721       2.687766438556e-10       4.666225036765e-12      -1.634880532945e-11       1.091201520342e-14       1.957269272216e-14       5.208166506828e-15      -5.860857329465e-16 
  722       2.697556201168e-10       4.641878166805e-12      -1.646909888990e-11       1.092472637007e-14       1.947340097488e-14       5.213850537917e-15      -5.831298489825e-16 
  723       2.707458526736e-10       4.616933409167e-12      -1.658508468900e-11       1.093758721488e-14       1.937472055564e-14       5.219183274082e-15      -5.801167671617e-16 
  724       2.717468899516e-10       4.591403459121e-12      -1.669674450377e-11       1.095059599762e-14       1.927664935839e-14       5.224168827058e-15      -5.770472774074e-16 
  725       2.727582747429e-10       4.565301185094e-12      -1.680406022950e-11       1.096375094694e-14       1.917918517792e-14       5.228811377322e-15      -5.739221812959e-16 
  726       2.737795441858e-10       4.538639629307e-12      -1.690701388053e-11       1.097705026028e-14       1.908232570940e-14       5.233115174358e-15      -5.707422920997e-16 
  727       2.748102297448e-10       4.511432008393e-12      -1.700558759102e-11       1.099049210372e-14       1.898606854797e-14       5.237084536917e-15      -5.675084348303e-16 
  728       2.758498571904e-10       4.483691714037e-12      -1.709976361576e-11       1.100407461189e-14       1.889041118825e-14       5.240723853285e-15      -5.642214462811e-16 
  729       2.768979465790e-10       4.455432313599e-12      -1.718952433094e-11       1.101779588779e-14       1.879535102387e-14       5.244037581539e-15      -5.608821750701e-16 
  730       2.779540122325e-10       4.426667550746e-12      -1.727485223494e-11       1.103165400275e-14       1.870088534708e-14       5.247030249814e-15      -5.574914816830e-16 
  731       2.790175627187e-10       4.397411346079e-12      -1.735572994911e-11       1.104564699622e-14       1.860701134826e-14       5.249706456564e-15      -5.540502385161e-16 
  732       2.800881008307e-10       4.367677797766e-12      -1.743214021859e-11       1.105977287571e-14       1.851372611545e-14       5.252070870825e-15      -5.505593299188e-16 
  733       2.811651235670e-10       4.337481182171e-12      -1.750406591304e-11       1.107402961663e-14       1.842102663396e-14       5.254128232475e-15      -5.470196522370e-16 
  734       2.822481221113e-10       4.306835954478e-12      -1.757149002748e-11       1.108841516218e-14       1.832890978584e-14       5.255883352503e-15      -5.434321138555e-16 
  735       2.833365818122e-10       4.275756749330e-12      -1.763439568302e-11       1.110292742324e-14       1.823737234949e-14       5.257341113264e-15      -5.397976352414e-16 
  736       2.844299821636e-10       4.244258381447e-12      -1.769276612770e-11       1.111756427821e-14       1.814641099919e-14       5.258506468746e-15      -5.361171489864e-16 
  737       2.855277967839e-10       4.212355846268e-12      -1.774658473727e-11       1.113232357293e-14       1.805602230463e-14       5.259384444831e-15      -5.323915998500e-16 
  738       2.866294933963e-10       4.180064320568e-12      -1.779583501592e-11       1.114720312051e-14       1.796620273048e-14       5.259980139560e-15      -5.286219448025e-16 
  739       2.877345338084e-10       4.147399163097e-12      -1.784050059713e-11       1.116220070127e-14       1.787694863595e-14       5.260298723391e-15      -5.248091530675e-16 
  740       2.888423738926e-10       4.114375915205e-12      -1.788056524444e-11       1.117731406253e-14       1.778825627430e-14       5.260345439466e-15      -5.209542061650e-16 
  741       2.899524635650e-10       4.081010301472e-12      -1.791601285220e-11       1.119254091858e-14       1.770012179241e-14       5.260125603871e-15      -5.170580979544e-16 
  742       2.910642467664e-10       4.047318230338e-12      -1.794682744642e-11       1.120787895048e-14       1.761254123033e-14       5.259644605901e-15      -5.131218346771e-16 
  743       2.921771614412e-10       4.013315794733e-12      -1.797299318549e-11       1.122332580599e-14       1.752551052083e-14       5.258907908317e-15      -5.091464349996e-16 
  744       2.932906395180e-10       3.979019272703e-12      -1.799449436101e-11       1.123887909940e-14       1.743902548895e-14       5.257921047616e-15      -5.051329300562e-16 
  745       2.944041068889e-10       3.944445128045e-12      -1.801131539857e-11       1.125453641146e-14       1.735308185154e-14       5.256689634290e-15      -5.010823634920e-16 
  746       2.955169833898e-10       3.909610010933e-12      -1.802344085852e-11       1.127029528921e-14       1.726767521678e-14       5.255219353086e-15      -4.969957915058e-16 
  747       2.966286827799e-10       3.874530758547e-12      -1.803085543675e-11       1.128615324587e-14       1.718280108382e-14       5.253515963273e-15      -4.928742828928e-16 
  748       2.977386127219e-10       3.839224395704e-12      -1.803354396553e-11       1.130210776073e-14       1.709845484221e-14       5.251585298902e-15      -4.887189190877e-16 
  749       2.988461747618e-10       3.803708135486e-12      -1.803149141422e-11       1.131815627903e-14       1.701463177154e-14       5.249433269071e-15      -4.845307942075e-16 
  750       2.999507643084e-10       3.767999379872e-12      -1.802468289011e-11       1.133429621179e-14       1.693132704095e-14       5.247065858183e-15      -4.803110150941e-16 
  751       3.010517706138e-10       3.732115720364e-12      -1.801310363918e-11       1.135052493576e-14       1.684853570868e-14       5.244489126214e-15      -4.760607013577e-16 
  752       3.021485767526e-10       3.696074938621e-12      -1.799673904692e-11       1.136683979322e-14       1.676625272161e-14       5.241709208970e-15      -4.717809854193e-16 
  753       3.032405596023e-10       3.659895007083e-12      -1.797557463907e-11       1.138323809192e-14       1.668447291485e-14       5.238732318355e-15      -4.674730125536e-16 
  754       3.043270898229e-10       3.623594089603e-12      -1.794959608242e-11       1.139971710491e-14       1.660319101123e-14       5.235564742631e-15      -4.631379409321e-16 
  755       3.054075318369e-10       3.587190542079e-12      -1.791878918562e-11       1.141627407046e-14       1.652240162090e-14       5.232212846680e-15      -4.587769416657e-16 
  756       3.064812438090e-10       3.550702913080e-12      -1.788313989996e-11       1.143290619190e-14       1.644209924083e-14       5.228683072266e-15      -4.543911988477e-16 
  757       3.075475776260e-10       3.514149944475e-12      -1.784263432012e-11       1.144961063751e-14       1.636227825440e-14       5.224981938300e-15      -4.499819095969e-16 
  758       3.086058788770e-10       3.477550572065e-12      -1.779725868500e-11       1.146638454039e-14       1.628293293094e-14       5.221116041102e-15      -4.455502840999e-16 
  759       3.096554868327e-10       3.440923926213e-12      -1.774699937848e-11       1.148322499835e-14       1.620405742526e-14       5.217092054662e-15      -4.410975456547e-16 
  760       3.106957344257e-10       3.404289332469e-12      -1.769184293022e-11       1.150012907379e-14       1.612564577721e-14       5.212916730903e-15      -4.366249307129e-16 
  761       3.117260047703e-10       3.367665230298e-12      -1.763178544374e-11       1.151709374511e-14       1.604769269067e-14       5.208594779601e-15      -4.321335200221e-16 
  762       3.127459019507e-10       3.331065905236e-12      -1.756686107734e-11       1.153411576024e-14       1.597019588786e-14       5.204122463043e-15      -4.276237284138e-16 
  763       3.137550834671e-10       3.294504695339e-12      -1.749711411070e-11       1.155119178011e-14       1.589315379924e-14       5.199493879096e-15      -4.230958053198e-16 
  764       3.147532039832e-10       3.257995067813e-12      -1.742258956978e-11       1.156831842664e-14       1.581656478793e-14       5.194703070260e-15      -4.185500027949e-16 
  765       3.157399153185e-10       3.221550619423e-12      -1.734333322954e-11       1.158549228264e-14       1.574042714935e-14       5.189744023487e-15      -4.139865755250e-16 
  766       3.167148664392e-10       3.185185076899e-12      -1.725939161673e-11       1.160270989166e-14       1.566473911098e-14       5.184610670005e-15      -4.094057808347e-16 
  767       3.176777034503e-10       3.148912297341e-12      -1.717081201254e-11       1.161996775788e-14       1.558949883204e-14       5.179296885143e-15      -4.048078786957e-16 
  768       3.186280695869e-10       3.112746268624e-12      -1.707764245541e-11       1.163726234595e-14       1.551470440323e-14       5.173796488153e-15      -4.001931317342e-16 
  769       3.195656052057e-10       3.076701109802e-12      -1.697993174374e-11       1.165459008088e-14       1.544035384641e-14       5.168103242036e-15      -3.955618052392e-16 
  770       3.204899477768e-10       3.040791071518e-12      -1.687772943863e-11       1.167194734788e-14       1.536644511430e-14       5.162210853363e-15      -3.909141671705e-16 
  771       3.214007318751e-10       3.005030536406e-12      -1.677108586660e-11       1.168933049226e-14       1.529297609026e-14       5.156112972103e-15      -3.862504881660e-16 
  772       3.222975891719e-10       2.969434019496e-12      -1.666005212235e-11       1.170673581926e-14       1.521994458790e-14       5.149803191443e-15      -3.815710415505e-16 
  773       3.231801484266e-10       2.934016168624e-12      -1.654468007151e-11       1.172415959395e-14       1.514734835088e-14       5.143275047611e-15      -3.768761033429e-16 
  774       3.240480354779e-10       2.898791764833e-12      -1.642502235332e-11       1.174159804108e-14       1.507518505255e-14       5.136522019706e-15      -3.721659522646e-16 
  775       3.249008732359e-10       2.863775722779e-12      -1.630113238344e-11       1.175904734494e-14       1.500345229571e-14       5.129537529514e-15      -3.674408697471e-16 
  776       3.257382816732e-10       2.828983091140e-12      -1.617306435662e-11       1.177650364924e-14       1.493214761228e-14       5.122314941337e-15      -3.627011399401e-16 
  777       3.265598778168e-10       2.794429053018e-12      -1.604087324948e-11       1.179396305696e-14       1.486126846306e-14       5.114847561814e-15      -3.579470497194e-16 
  778       3.273652757394e-10       2.760128926347e-12      -1.590461482324e-11       1.181142163024e-14       1.479081223737e-14       5.107128639748e-15      -3.531788886949e-16 
  779       3.281540865513e-10       2.726098164296e-12      -1.576434562644e-11       1.182887539023e-14       1.472077625284e-14       5.099151365925e-15      -3.483969492181e-16 
  780       3.289259183914e-10       2.692352355676e-12      -1.562012299769e-11       1.184632031697e-14       1.465115775504e-14       5.090908872943e-15      -3.436015263907e-16 
  781       3.296803764194e-10       2.658907225348e-12      -1.547200506842e-11       1.186375234923e-14       1.458195391725e-14       5.082394235030e-15      -3.387929180721e-16 
  782       3.304170628071e-10       2.625778634623e-12      -1.532005076558e-11       1.188116738440e-14       1.451316184015e-14       5.073600467876e-15      -3.339714248874e-16 
  783       3.311355767300e-10       2.592982581672e-12      -1.516431981442e-11       1.189856127836e-14       1.444477855151e-14       5.064520528447e-15      -3.291373502351e-16 
  784       3.318355143585e-10       2.560535201932e-12      -1.500487274120e-11       1.191592984531e-14       1.437680100594e-14       5.055147314815e-15      -3.242910002957e-16 
  785       3.325164688502e-10       2.528452768507e-12      -1.484177087591e-11       1.193326885771e-14       1.430922608456e-14       5.045473665983e-15      -3.194326840387e-16 
  786       3.331780303409e-10       2.496751692577e-12      -1.467507635507e-11       1.195057404604e-14       1.424205059473e-14       5.035492361703e-15      -3.145627132314e-16 
  787       3.338197859363e-10       2.465448523803e-12      -1.450485212440e-11       1.196784109878e-14       1.417527126976e-14       5.025196122303e-15      -3.096814024461e-16 
  788       3.344413197037e-10       2.434559950735e-12      -1.433116194159e-11       1.198506566219e-14       1.410888476861e-14       5.014577608513e-15      -3.047890690687e-16 
  789       3.350422126635e-10       2.404102801212e-12      -1.415407037903e-11       1.200224334023e-14       1.404288767563e-14       5.003629421285e-15      -2.998860333059e-16 
  790       3.356220427805e-10       2.374094042771e-12      -1.397364282656e-11       1.201936969438e-14       1.397727650021e-14       4.992344101619e-15      -2.949726181937e-16 
  791       3.361803849561e-10       2.344550783054e-12      -1.378994549418e-11       1.203644024356e-14       1.391204767655e-14       4.980714130384e-15      -2.900491496053e-16 
  792       3.367168110191e-10       2.315490270209e-12      -1.360304541480e-11       1.205345046394e-14       1.384719756334e-14       4.968731928147e-15      -2.851159562584e-16 
  793       3.372308897179e-10       2.286929893301e-12      -1.341301044700e-11       1.207039578887e-14       1.378272244346e-14       4.956389854991e-15      -2.801733697239e-16 
  794       3.377221867118e-10       2.258887182713e-12      -1.321990927774e-11       1.208727160869e-14       1.371861852374e-14       4.943680210343e-15      -2.752217244335e-16 
  795       3.381902645624e-10       2.231379810555e-12      -1.302381142507e-11       1.210407327062e-14       1.365488193459e-14       4.930595232795e-15      -2.702613576875e-16 
  796       3.386346827255e-10       2.204425591066e-12      -1.282478724095e-11       1.212079607862e-14       1.359150872978e-14       4.917127099931e-15      -2.652926096629e-16 
  797       3.390549975424e-10       2.178042481023e-12      -1.262290791391e-11       1.213743529328e-14       1.352849488614e-14       4.903267928146e-15      -2.603158234212e-16 
  798       3.394507622319e-10       2.152248580144e-12      -1.241824547180e-11       1.215398613164e-14       1.346583630321e-14       4.889009772474e-15      -2.553313449165e-16 
  799       3.398215268811e-10       2.127062131498e-12      -1.221087278458e-11       1.217044376713e-14       1.340352880304e-14       4.874344626411e-15      -2.503395230033e-16 
  800       3.401669084103e-10       2.102499327623e-12      -1.200086398158e-11       1.218680369904e-14       1.334156866175e-14       4.859267328272e-15      -2.453408182219e-16 
  801       3.404868018803e-10       2.078567684218e-12      -1.178829570630e-11       1.220306286902e-14       1.327995421575e-14       4.843784338758e-15      -2.403361313139e-16 
  802       3.407811730225e-10       2.055272546397e-12      -1.157324588997e-11       1.221921856471e-14       1.321868428427e-14       4.827905123140e-15      -2.353264807146e-16 
  803       3.410499886200e-10       2.032619272011e-12      -1.135579334182e-11       1.223526805185e-14       1.315775763991e-14       4.811639259601e-15      -2.303128943467e-16 
  804       3.412932165121e-10       2.010613231644e-12      -1.113601775188e-11       1.225120857421e-14       1.309717300844e-14       4.794996439605e-15      -2.252964096483e-16 
  805       3.415108255993e-10       1.989259808607e-12      -1.091399969382e-11       1.226703735351e-14       1.303692906858e-14       4.777986468257e-15      -2.202780736014e-16 
  806       3.417027858478e-10       1.968564398933e-12      -1.068982062776e-11       1.228275158937e-14       1.297702445186e-14       4.760619264683e-15      -2.152589427602e-16 
  807       3.418690682942e-10       1.948532411372e-12      -1.046356290309e-11       1.229834845926e-14       1.291745774240e-14       4.742904862389e-15      -2.102400832793e-16 
  808       3.420096450502e-10       1.929169267384e-12      -1.023530976126e-11       1.231382511839e-14       1.285822747672e-14       4.724853409631e-15      -2.052225709422e-16 
  809       3.421244893072e-10       1.910480401135e-12      -1.000514533861e-11       1.232917869970e-14       1.279933214356e-14       4.706475169785e-15      -2.002074911892e-16 
  810       3.422135753410e-10       1.892471259492e-12      -9.773154669208e-12       1.234440631376e-14       1.274077018369e-14       4.687780521716e-15      -1.951959391462e-16 
  811       3.422768785166e-10       1.875147302017e-12      -9.539423687615e-12       1.235950504871e-14       1.268253998969e-14       4.668779960142e-15      -1.901890196527e-16 
  812       3.423143752927e-10       1.858514000962e-12      -9.304039231740e-12       1.237447197022e-14       1.262463990580e-14       4.649484096004e-15      -1.851878472899e-16 
  813       3.423260432264e-10       1.842576841262e-12      -9.067089045639e-12       1.238930412139e-14       1.256706822771e-14       4.629903656836e-15      -1.801935464094e-16 
  814       3.423118609780e-10       1.827341320533e-12      -8.828661782332e-12       1.240399852271e-14       1.250982320237e-14       4.610049487130e-15      -1.752072511614e-16 
  815       3.422718083154e-10       1.812812949063e-12      -8.588847006616e-12       1.241855217199e-14       1.245290302780e-14       4.589932548707e-15      -1.702301055228e-16 
  816       3.422058661191e-10       1.798997249809e-12      -8.347735197883e-12       1.243296204430e-14       1.239630585289e-14       4.569563921083e-15      -1.652632633256e-16 
  817       3.421140163868e-10       1.785899758391e-12      -8.105417752930e-12       1.244722509189e-14       1.234002977724e-14       4.548954801836e-15      -1.603078882853e-16 
  818       3.419962422377e-10       1.773526023086e-12      -7.861986988779e-12       1.246133824413e-14       1.228407285092e-14       4.528116506979e-15      -1.553651540290e-16 
  819       3.418525279178e-10       1.761881604825e-12      -7.617536145488e-12       1.247529840749e-14       1.222843307434e-14       4.507060471321e-15      -1.504362441239e-16 
  820       3.416828588040e-10       1.750972077184e-12      -7.372159388965e-12       1.248910246540e-14       1.217310839800e-14       4.485798248843e-15      -1.455223521054e-16 
  821       3.414872214090e-10       1.740803026381e-12      -7.125951813785e-12       1.250274727822e-14       1.211809672234e-14       4.464341513058e-15      -1.406246815054e-16 
  822       3.412656033861e-10       1.731380051270e-12      -6.879009446006e-12       1.251622968322e-14       1.206339589753e-14       4.442702057385e-15      -1.357444458810e-16 
  823       3.410179935337e-10       1.722708763338e-12      -6.631429245978e-12       1.252954649444e-14       1.200900372329e-14       4.420891795517e-15      -1.308828688421e-16 
  824       3.407443818002e-10       1.714794786694e-12      -6.383309111162e-12       1.254269450268e-14       1.195491794869e-14       4.398922761783e-15      -1.260411840804e-16 
  825       3.404447592880e-10       1.707643758070e-12      -6.134747878945e-12       1.255567047540e-14       1.190113627197e-14       4.376807111524e-15      -1.212206353970e-16 
  826       3.401191182592e-10       1.701261326811e-12      -5.885845329451e-12       1.256847115668e-14       1.184765634033e-14       4.354557121454e-15      -1.164224767315e-16 
  827       3.397674521395e-10       1.695653154872e-12      -5.636702188361e-12       1.258109326715e-14       1.179447574976e-14       4.332185190035e-15      -1.116479721894e-16 
  828       3.393897555231e-10       1.690824916813e-12      -5.387420129722e-12       1.259353350394e-14       1.174159204485e-14       4.309703837840e-15      -1.068983960711e-16 
  829       3.389860241773e-10       1.686782299792e-12      -5.138101778764e-12       1.260578854056e-14       1.168900271859e-14       4.287125707920e-15      -1.021750329000e-16 
  830       3.385562550475e-10       1.683531003560e-12      -4.888850714716e-12       1.261785502692e-14       1.163670521216e-14       4.264463566179e-15      -9.747917745060e-17 
  831       3.381004462614e-10       1.681076740455e-12      -4.639771473620e-12       1.262972958919e-14       1.158469691478e-14       4.241730301736e-15      -9.281213477695e-17 
  832       3.376185971340e-10       1.679425235402e-12      -4.390969551142e-12       1.264140882978e-14       1.153297516350e-14       4.218938927292e-15      -8.817522024096e-17 
  833       3.371107081721e-10       1.678582225898e-12      -4.142551405393e-12       1.265288932726e-14       1.148153724299e-14       4.196102579506e-15      -8.356975954066e-17 
  834       3.365767810791e-10       1.678553462014e-12      -3.894624459739e-12       1.266416763631e-14       1.143038038538e-14       4.173234519354e-15      -7.899708873847e-17 
  835       3.360168187596e-10       1.679344706390e-12      -3.647297105616e-12       1.267524028763e-14       1.137950177007e-14       4.150348132503e-15      -7.445855428954e-17 
  836       3.354308253240e-10       1.680961734224e-12      -3.400678705346e-12       1.268610378788e-14       1.132889852350e-14       4.127456929675e-15      -6.995551307003e-17 
  837       3.348188060933e-10       1.683410333271e-12      -3.154879594952e-12       1.269675461966e-14       1.127856771901e-14       4.104574547021e-15      -6.548933240539e-17 
  838       3.341807676037e-10       1.686696303837e-12      -2.910011086972e-12       1.270718924139e-14       1.122850637661e-14       4.081714746481e-15      -6.106139009865e-17 
  839       3.335167603317e-10       1.690823498590e-12      -2.666177155610e-12       1.271740463169e-14       1.117871183286e-14       4.058888680391e-15      -5.667274516568e-17 
  840       3.328270076735e-10       1.695787904624e-12      -2.423449327959e-12       1.272739993305e-14       1.112918285788e-14       4.036096632370e-15      -5.232314370444e-17 
  841       3.321117792189e-10       1.701583458438e-12      -2.181891361561e-12       1.273717483662e-14       1.107991855740e-14       4.013336133484e-15      -4.801199578779e-17 
  842       3.313713482454e-10       1.708203996445e-12      -1.941567523893e-12       1.274672904041e-14       1.103091800432e-14       3.990604684897e-15      -4.373870316171e-17 
  843       3.306059917308e-10       1.715643254641e-12      -1.702542593754e-12       1.275606224932e-14       1.098218023860e-14       3.967899757771e-15      -3.950265921753e-17 
  844       3.298159903651e-10       1.723894868258e-12      -1.464881862672e-12       1.276517417519e-14       1.093370426712e-14       3.945218793173e-15      -3.530324896408e-17 
  845       3.290016285621e-10       1.732952371433e-12      -1.228651136301e-12       1.277406453678e-14       1.088548906357e-14       3.922559201972e-15      -3.113984900001e-17 
  846       3.281631944715e-10       1.742809196859e-12      -9.939167358123e-13       1.278273305984e-14       1.083753356831e-14       3.899918364744e-15      -2.701182748596e-17 
  847       3.273009799911e-10       1.753458675457e-12      -7.607454993031e-13       1.279117947712e-14       1.078983668822e-14       3.877293631672e-15      -2.291854411680e-17 
  848       3.264152807783e-10       1.764894036026e-12      -5.292047831878e-13       1.279940352841e-14       1.074239729664e-14       3.854682322454e-15      -1.885935009386e-17 
  849       3.255063962623e-10       1.777108404912e-12      -2.993624635989e-13       1.280740496056e-14       1.069521423316e-14       3.832081726198e-15      -1.483358809714e-17 
  850       3.245746296563e-10       1.790094805667e-12      -7.128693778500e-14       1.281518352750e-14       1.064828630354e-14       3.809489101329e-15      -1.084059225757e-17 
  851       3.236202879689e-10       1.803846158707e-12       1.549528744908e-13       1.282273899029e-14       1.060161227959e-14       3.786901675488e-15      -6.879688129184e-18 
  852       3.226436820163e-10       1.818355280974e-12       3.792875295524e-13       1.283007111713e-14       1.055519089900e-14       3.764316645439e-15      -2.950192661395e-18 
  853       3.216451264343e-10       1.833614885601e-12       6.016470584126e-13       1.283717968340e-14       1.050902086525e-14       3.741731176965e-15       9.485858288067e-19 
  854       3.206249396904e-10       1.849617581565e-12       8.219609653747e-13       1.284406447168e-14       1.046310084748e-14       3.719142404775e-15       4.817347684621e-18 
  855       3.195834440953e-10       1.866355873357e-12       1.040158226634e-12       1.285072527179e-14       1.041742948035e-14       3.696547432406e-15       8.656801937211e-18 
  856       3.185209658152e-10       1.883822160635e-12       1.256167288879e-12       1.285716188079e-14       1.037200536388e-14       3.673943332123e-15       1.246766633348e-17 
  857       3.174378348836e-10       1.902008737890e-12       1.469916067893e-12       1.286337410306e-14       1.032682706342e-14       3.651327144820e-15       1.625066736384e-17 
  858       3.163343852134e-10       1.920907794104e-12       1.681331947159e-12       1.286936175028e-14       1.028189310939e-14       3.628695879929e-15       2.000654028999e-17 
  859       3.152109546085e-10       1.940511412413e-12       1.890341776456e-12       1.287512464147e-14       1.023720199728e-14       3.606046515314e-15       2.373602917270e-17 
  860       3.140678847762e-10       1.960811569766e-12       2.096871870462e-12       1.288066260303e-14       1.019275218744e-14       3.583375997180e-15       2.743988689957e-17 
  861       3.129055213388e-10       1.981800136588e-12       2.300848007361e-12       1.288597546878e-14       1.014854210497e-14       3.560681239969e-15       3.111887521281e-17 
  862       3.117242138458e-10       2.003468876438e-12       2.502195427436e-12       1.289106307994e-14       1.010457013961e-14       3.537959126269e-15       3.477376473701e-17 
  863       3.105243157855e-10       2.025809445672e-12       2.700838831678e-12       1.289592528521e-14       1.006083464559e-14       3.515206506710e-15       3.840533500692e-17 
  864       3.093061845974e-10       2.048813393104e-12       2.896702380384e-12       1.290056194079e-14       1.001733394154e-14       3.492420199871e-15       4.201437449522e-17 
  865       3.080701816837e-10       2.072472159667e-12       3.089709691758e-12       1.290497291037e-14       9.974066310299e-15       3.469596992180e-15       4.560168064032e-17 
  866       3.068166724216e-10       2.096777078070e-12       3.279783840515e-12       1.290915806519e-14       9.931029998854e-15       3.446733637815e-15       4.916805987408e-17 
  867       3.055460261750e-10       2.121719372466e-12       3.466847356482e-12       1.291311728409e-14       9.888223218168e-15       3.423826858610e-15       5.271432764963e-17 
  868       3.042586163066e-10       2.147290158107e-12       3.650822223199e-12       1.291685045348e-14       9.845644143074e-15       3.400873343953e-15       5.624130846913e-17 
  869       3.029548201897e-10       2.173480441007e-12       3.831629876520e-12       1.292035746742e-14       9.803290912136e-15       3.377869750693e-15       5.974983591155e-17 
  870       3.016350192204e-10       2.200281117602e-12       4.009191203215e-12       1.292363822762e-14       9.761161627528e-15       3.354812703038e-15       6.324075266043e-17 
  871       3.002995988292e-10       2.227682974412e-12       4.183426539575e-12       1.292669264349e-14       9.719254354905e-15       3.331698792457e-15       6.671491053166e-17 
  872       2.989489484932e-10       2.255676687704e-12       4.354255670008e-12       1.292952063214e-14       9.677567123273e-15       3.308524577588e-15       7.017317050127e-17 
  873       2.975834617480e-10       2.284252823146e-12       4.521597825643e-12       1.293212211843e-14       9.636097924863e-15       3.285286584133e-15       7.361640273318e-17 
  874       2.962035361996e-10       2.313401835475e-12       4.685371682934e-12       1.293449703500e-14       9.594844715005e-15       3.261981304766e-15       7.704548660698e-17 
  875       2.948095735363e-10       2.343114068156e-12       4.845495362259e-12       1.293664532228e-14       9.553805411998e-15       3.238605199032e-15       8.046131074574e-17 
  876       2.934019795407e-10       2.373379753039e-12       5.001886426521e-12       1.293856692854e-14       9.512977896981e-15       3.215154693249e-15       8.386477304371e-17 
  877       2.919811641018e-10       2.404189010025e-12       5.154461879752e-12       1.294026180991e-14       9.472360013809e-15       3.191626180413e-15       8.725678069419e-17 
  878       2.905475365157e-10       2.435531294879e-12       5.303149918610e-12       1.294173030560e-14       9.431949829332e-15       3.168017227236e-15       9.063792663645e-17 
  879       2.891014912786e-10       2.467393733297e-12       5.447925403843e-12       1.294297427030e-14       9.391746419228e-15       3.144330217460e-15       9.400751294470e-17 
  880       2.876434220815e-10       2.499762758465e-12       5.588774975838e-12       1.294399596072e-14       9.351749094981e-15       3.120568768928e-15       9.736451125616e-17 
  881       2.861737265108e-10       2.532624659974e-12       5.725685355597e-12       1.294479766208e-14       9.311957144572e-15       3.096736532024e-15       1.007078848577e-16 
  882       2.846928060597e-10       2.565965583394e-12       5.858643345175e-12       1.294538168830e-14       9.272369832394e-15       3.072837189764e-15       1.040365886631e-16 
  883       2.832010661390e-10       2.599771529845e-12       5.987635828104e-12       1.294575038201e-14       9.232986399160e-15       3.048874457887e-15       1.073495691908e-16 
  884       2.816989160889e-10       2.634028355579e-12       6.112649769823e-12       1.294590611467e-14       9.193806061818e-15       3.024852084944e-15       1.106457645412e-16 
  885       2.801867691897e-10       2.668721771549e-12       6.233672218108e-12       1.294585128666e-14       9.154828013467e-15       3.000773852385e-15       1.139241043740e-16 
  886       2.786650426734e-10       2.703837342987e-12       6.350690303500e-12       1.294558832736e-14       9.116051423266e-15       2.976643574656e-15       1.171835098861e-16 
  887       2.771341577345e-10       2.739360488980e-12       6.463691239735e-12       1.294511969522e-14       9.077475436345e-15       2.952465099282e-15       1.204228937885e-16 
  888       2.755945395418e-10       2.775276482040e-12       6.572662324172e-12       1.294444787789e-14       9.039099173726e-15       2.928242306960e-15       1.236411602840e-16 
  889       2.740466172488e-10       2.811570447688e-12       6.677590938224e-12       1.294357539225e-14       9.000921732227e-15       2.903979111649e-15       1.268372050449e-16 
  890       2.724908240058e-10       2.848227364018e-12       6.778464547783e-12       1.294250478455e-14       8.962942184379e-15       2.879679460660e-15       1.300099151901e-16 
  891       2.709275969705e-10       2.885232061283e-12       6.875270703655e-12       1.294123863047e-14       8.925159578340e-15       2.855347334745e-15       1.331581692627e-16 
  892       2.693573773195e-10       2.922569221463e-12       6.967997041985e-12       1.293977953519e-14       8.887572937804e-15       2.830986748187e-15       1.362808372075e-16 
  893       2.677806102591e-10       2.960223377840e-12       7.056631284684e-12       1.293813013353e-14       8.850181261918e-15       2.806601748892e-15       1.393767803484e-16 
  894       2.661977450372e-10       2.998178914579e-12       7.141161239866e-12       1.293629308998e-14       8.812983525192e-15       2.782196418477e-15       1.424448513660e-16 
  895       2.646092349541e-10       3.036420066296e-12       7.221574802268e-12       1.293427109882e-14       8.775978677412e-15       2.757774872359e-15       1.454838942748e-16 
  896       2.630155373735e-10       3.074930917637e-12       7.297859953685e-12       1.293206688419e-14       8.739165643555e-15       2.733341259847e-15       1.484927444010e-16 
  897       2.614171137343e-10       3.113695402854e-12       7.370004763397e-12       1.292968320019e-14       8.702543323699e-15       2.708899764232e-15       1.514702283595e-16 
  898       2.598144295611e-10       3.152697305378e-12       7.437997388598e-12       1.292712283097e-14       8.666110592940e-15       2.684454602876e-15       1.544151640319e-16 
  899       2.582079544762e-10       3.191920257392e-12       7.501826074826e-12       1.292438859078e-14       8.629866301298e-15       2.660010027300e-15       1.573263605435e-16 
  900       2.565981622101e-10       3.231347739411e-12       7.561479156389e-12       1.292148332412e-14       8.593809273638e-15       2.635570323280e-15       1.602026182412e-16 
  901       2.549855306131e-10       3.270963079855e-12       7.616945056801e-12       1.291840990577e-14       8.557938309577e-15       2.611139810930e-15       1.630427286704e-16 
  902       2.533705416665e-10       3.310749454622e-12       7.668212289202e-12       1.291517124090e-14       8.522252183397e-15       2.586722844796e-15       1.658454745530e-16 
  903       2.517536814938e-10       3.350689886666e-12       7.715269456794e-12       1.291177026517e-14       8.486749643964e-15       2.562323813945e-15       1.686096297646e-16 
  904       2.501354403716e-10       3.390767245571e-12       7.758105253267e-12       1.290820994477e-14       8.451429414632e-15       2.537947142055e-15       1.713339593120e-16 
  905       2.485163127414e-10       3.430964247125e-12       7.796708463230e-12       1.290449327657e-14       8.416290193163e-15       2.513597287504e-15       1.740172193107e-16 
  906       2.468967972202e-10       3.471263452898e-12       7.831067962636e-12       1.290062328816e-14       8.381330651635e-15       2.489278743463e-15       1.766581569621e-16 
  907       2.452773966121e-10       3.511647269813e-12       7.861172719217e-12       1.289660303796e-14       8.346549436359e-15       2.464996037980e-15       1.792555105316e-16 
  908       2.436586179195e-10       3.552097949725e-12       7.887011792908e-12       1.289243561530e-14       8.311945167788e-15       2.440753734078e-15       1.818080093253e-16 
  909       2.420409723542e-10       3.592597588993e-12       7.908574336278e-12       1.288812414050e-14       8.277516440434e-15       2.416556429838e-15       1.843143736679e-16 
  910       2.404249753485e-10       3.633128128056e-12       7.925849594961e-12       1.288367176496e-14       8.243261822775e-15       2.392408758492e-15       1.867733148801e-16 
  911       2.388111465667e-10       3.673671351011e-12       7.938826908081e-12       1.287908167126e-14       8.209179857174e-15       2.368315388513e-15       1.891835352561e-16 
  912       2.372000099161e-10       3.714208885184e-12       7.947495708684e-12       1.287435707322e-14       8.175269059790e-15       2.344281023705e-15       1.915437280408e-16 
  913       2.355920935583e-10       3.754722200706e-12       7.951845524166e-12       1.286950121602e-14       8.141527920486e-15       2.320310403290e-15       1.938525774077e-16 
  914       2.339879299202e-10       3.795192610090e-12       7.951865976703e-12       1.286451737627e-14       8.107954902750e-15       2.296408302004e-15       1.961087584359e-16 
  915       2.323880557058e-10       3.835601267803e-12       7.947546783679e-12       1.285940886208e-14       8.074548443601e-15       2.272579530180e-15       1.983109370879e-16 
  916       2.307930119067e-10       3.875929169845e-12       7.938877758116e-12       1.285417901317e-14       8.041306953507e-15       2.248828933845e-15       2.004577701868e-16 
  917       2.292033000203e-10       3.916158297659e-12       7.925857102151e-12       1.284883118435e-14       8.008229005204e-15       2.225160914856e-15       2.025482931399e-16 
  918       2.276192499164e-10       3.956275070686e-12       7.908516431315e-12       1.284336869541e-14       7.975313903642e-15       2.201577982786e-15       2.045830899181e-16 
  919       2.260411498889e-10       3.996266947941e-12       7.886896149566e-12       1.283779488060e-14       7.942561124940e-15       2.178082180162e-15       2.065631416613e-16 
  920       2.244692902634e-10       4.036121288401e-12       7.861037193968e-12       1.283211310523e-14       7.909970128246e-15       2.154675560341e-15       2.084894406537e-16 
  921       2.229039634021e-10       4.075825350738e-12       7.830981036302e-12       1.282632676580e-14       7.877540355668e-15       2.131360187536e-15       2.103629903565e-16 
  922       2.213454637087e-10       4.115366293064e-12       7.796769684674e-12       1.282043929004e-14       7.845271232219e-15       2.108138136832e-15       2.121848054408e-16 
  923       2.197940876337e-10       4.154731172659e-12       7.758445685131e-12       1.281445413700e-14       7.813162165757e-15       2.085011494212e-15       2.139559118204e-16 
  924       2.182501336790e-10       4.193906945722e-12       7.716052123271e-12       1.280837479717e-14       7.781212546919e-15       2.061982356577e-15       2.156773466841e-16 
  925       2.167139024032e-10       4.232880467097e-12       7.669632625852e-12       1.280220479252e-14       7.749421749071e-15       2.039052831767e-15       2.173501585289e-16 
  926       2.151856964261e-10       4.271638490020e-12       7.619231362405e-12       1.279594767661e-14       7.717789128236e-15       2.016225038583e-15       2.189754071927e-16 
  927       2.136658204343e-10       4.310167665853e-12       7.564893046843e-12       1.278960703468e-14       7.686314023044e-15       1.993501106809e-15       2.205541638867e-16 
  928       2.121545811857e-10       4.348454543823e-12       7.506662939079e-12       1.278318648369e-14       7.654995754665e-15       1.970883177231e-15       2.220875112283e-16 
  929       2.106522875145e-10       4.386485570760e-12       7.444586846627e-12       1.277668967248e-14       7.623833626751e-15       1.948373401664e-15       2.235765432741e-16 
  930       2.091592503365e-10       4.424247090836e-12       7.378711126223e-12       1.277012028178e-14       7.592826925378e-15       1.925973942966e-15       2.250223655523e-16 
  931       2.076757826537e-10       4.461725345303e-12       7.309082685428e-12       1.276348202435e-14       7.561974918981e-15       1.903686975068e-15       2.264260950955e-16 
  932       2.062021995594e-10       4.498906472231e-12       7.235748984246e-12       1.275677864501e-14       7.531276858300e-15       1.881514682987e-15       2.277888604734e-16 
  933       2.047388182434e-10       4.535776506245e-12       7.158758036732e-12       1.275001392078e-14       7.500731976311e-15       1.859459262856e-15       2.291118018259e-16 
  934       2.032859579965e-10       4.572321378266e-12       7.078158412602e-12       1.274319166094e-14       7.470339488177e-15       1.837522921937e-15       2.303960708952e-16 
  935       2.018439402158e-10       4.608526915246e-12       6.993999238848e-12       1.273631570710e-14       7.440098591177e-15       1.815707878649e-15       2.316428310591e-16 
  936       2.004130884097e-10       4.644378839909e-12       6.906330201346e-12       1.272938993330e-14       7.410008464654e-15       1.794016362588e-15       2.328532573634e-16 
  937       1.989937282028e-10       4.679862770488e-12       6.815201546467e-12       1.272241824611e-14       7.380068269948e-15       1.772450614546e-15       2.340285365549e-16 
  938       1.975861873406e-10       4.714964220461e-12       6.720664082693e-12       1.271540458467e-14       7.350277150343e-15       1.751012886535e-15       2.351698671139e-16 
  939       1.961907956951e-10       4.749668598296e-12       6.622769182223e-12       1.270835292082e-14       7.320634231001e-15       1.729705441809e-15       2.362784592869e-16 
  940       1.948078852689e-10       4.783961207179e-12       6.521568782585e-12       1.270126725917e-14       7.291138618902e-15       1.708530554882e-15       2.373555351196e-16 
  941       1.934377902011e-10       4.817827244763e-12       6.417115388249e-12       1.269415163716e-14       7.261789402788e-15       1.687490511556e-15       2.384023284894e-16 
  942       1.920808467716e-10       4.851251802897e-12       6.309462072240e-12       1.268701012519e-14       7.232585653100e-15       1.666587608933e-15       2.394200851384e-16 
  943       1.907373934063e-10       4.884219867370e-12       6.198662477743e-12       1.267984682667e-14       7.203526421917e-15       1.645824155448e-15       2.404100627058e-16 
  944       1.894077706821e-10       4.916716317647e-12       6.084770819721e-12       1.267266587809e-14       7.174610742898e-15       1.625202470880e-15       2.413735307607e-16 
  945       1.880923213318e-10       4.948725926609e-12       5.967841886522e-12       1.266547144917e-14       7.145837631219e-15       1.604724886379e-15       2.423117708351e-16 
  946       1.867913902492e-10       4.980233360288e-12       5.847931041493e-12       1.265826774287e-14       7.117206083515e-15       1.584393744489e-15       2.432260764565e-16 
  947       1.855053244939e-10       5.011223177609e-12       5.725094224587e-12       1.265105899552e-14       7.088715077821e-15       1.564211399165e-15       2.441177531804e-16 
  948       1.842344732963e-10       5.041679830123e-12       5.599387953980e-12       1.264384947690e-14       7.060363573507e-15       1.544180215798e-15       2.449881186234e-16 
  949       1.829791880627e-10       5.071587661752e-12       5.470869327679e-12       1.263664349029e-14       7.032150511222e-15       1.524302571233e-15       2.458385024957e-16 
  950       1.817398223801e-10       5.100930908521e-12       5.339596025131e-12       1.262944537261e-14       7.004074812834e-15       1.504580853795e-15       2.466702466338e-16 
  951       1.805167320215e-10       5.129693698302e-12       5.205626308839e-12       1.262225949445e-14       6.976135381366e-15       1.485017463307e-15       2.474847050336e-16 
  952       1.793102749502e-10       5.157860050546e-12       5.069019025972e-12       1.261509026020e-14       6.948331100938e-15       1.465614811115e-15       2.482832438825e-16 
  953       1.781208113256e-10       5.185413876025e-12       4.929833609973e-12       1.260794210809e-14       6.920660836709e-15       1.446375320105e-15       2.490672415929e-16 
  954       1.769487035076e-10       5.212338976570e-12       4.788130082173e-12       1.260081951033e-14       6.893123434813e-15       1.427301424727e-15       2.498380888343e-16 
  955       1.757943160616e-10       5.238619044810e-12       4.643969053404e-12       1.259372697314e-14       6.865717722300e-15       1.408395571018e-15       2.505971885663e-16 
  956       1.746579617318e-10       5.264239761085e-12       4.497412280932e-12       1.258666865991e-14       6.838442640627e-15       1.389659467373e-15       2.513455826638e-16 
  957       1.735397384449e-10       5.289195119824e-12       4.348524345346e-12       1.257964725409e-14       6.811297648475e-15       1.371091824279e-15       2.520828254778e-16 
  958       1.724396898263e-10       5.313481199291e-12       4.197371002487e-12       1.257266507913e-14       6.784282324964e-15       1.352690580098e-15       2.528080931320e-16 
  959       1.713578590038e-10       5.337094073184e-12       4.044018632124e-12       1.256572447383e-14       6.757396236623e-15       1.334453647107e-15       2.535205553539e-16 
  960       1.702942886060e-10       5.360029810645e-12       3.888534239636e-12       1.255882779241e-14       6.730638937339e-15       1.316378911420e-15       2.542193754588e-16 
  961       1.692490207599e-10       5.382284476277e-12       3.730985457702e-12       1.255197740451e-14       6.704009968322e-15       1.298464232912e-15       2.549037103335e-16 
  962       1.682220970887e-10       5.403854130153e-12       3.571440547979e-12       1.254517569528e-14       6.677508858057e-15       1.280707445143e-15       2.555727104198e-16 
  963       1.672135587100e-10       5.424734827832e-12       3.409968402790e-12       1.253842506538e-14       6.651135122266e-15       1.263106355283e-15       2.562255196989e-16 
  964       1.662234462334e-10       5.444922620372e-12       3.246638546806e-12       1.253172793100e-14       6.624888263862e-15       1.245658744029e-15       2.568612756742e-16 
  965       1.652517997585e-10       5.464413554342e-12       3.081521138731e-12       1.252508672393e-14       6.598767772907e-15       1.228362365535e-15       2.574791093561e-16 
  966       1.642986588727e-10       5.483203671839e-12       2.914686972986e-12       1.251850389157e-14       6.572773126568e-15       1.211214947334e-15       2.580781452449e-16 
  967       1.633640626495e-10       5.501289010496e-12       2.746207481392e-12       1.251198189699e-14       6.546903789079e-15       1.194214190256e-15       2.586575013151e-16 
  968       1.624480496455e-10       5.518665603498e-12       2.576154734857e-12       1.250552321893e-14       6.521159211692e-15       1.177357768358e-15       2.592162889990e-16 
  969       1.615506578992e-10       5.535329479596e-12       2.404601445056e-12       1.249913035187e-14       6.495538832638e-15       1.160643328844e-15       2.597536131701e-16 
  970       1.606719249284e-10       5.551276663118e-12       2.231620966120e-12       1.249280580605e-14       6.470042077086e-15       1.144068491988e-15       2.602685721276e-16 
  971       1.598118877282e-10       5.566503173985e-12       2.057287296313e-12       1.248655210748e-14       6.444668357095e-15       1.127630851059e-15       2.607602575795e-16 
  972       1.589705827688e-10       5.581005027724e-12       1.881675079725e-12       1.248037179803e-14       6.419417071576e-15       1.111327972242e-15       2.612277546266e-16 
  973       1.581480459935e-10       5.594778235476e-12       1.704859607948e-12       1.247426743542e-14       6.394287606246e-15       1.095157394563e-15       2.616701417464e-16 
  974       1.573443128166e-10       5.607818804018e-12       1.526916821766e-12       1.246824159327e-14       6.369279333588e-15       1.079116629812e-15       2.620864907765e-16 
  975       1.565594181211e-10       5.620122735770e-12       1.347923312835e-12       1.246229686113e-14       6.344391612807e-15       1.063203162465e-15       2.624758668988e-16 
  976       1.557933962568e-10       5.631686028809e-12       1.167956325369e-12       1.245643584453e-14       6.319623789788e-15       1.047414449610e-15       2.628373286228e-16 
  977       1.550462810380e-10       5.642504676885e-12       9.870937578255e-13       1.245066116499e-14       6.294975197050e-15       1.031747920866e-15       2.631699277698e-16 
  978       1.543181057415e-10       5.652574669431e-12       8.054141645852e-13       1.244497546009e-14       6.270445153710e-15       1.016200978312e-15       2.634727094562e-16 
  979       1.536089031046e-10       5.661891991579e-12       6.229967576406e-13       1.243938138347e-14       6.246032965433e-15       1.000770996404e-15       2.637447120777e-16 
  980       1.529187053225e-10       5.670452624173e-12       4.399214082777e-13       1.243388160487e-14       6.221737924395e-15       9.854553219025e-16       2.639849672929e-16 
  981       1.522475440469e-10       5.678252543779e-12       2.562686487608e-13       1.242847881020e-14       6.197559309235e-15       9.702512737951e-16       2.641925000067e-16 
  982       1.515954503833e-10       5.685287722702e-12       7.211967401640e-14       1.242317570153e-14       6.173496385019e-15       9.551561432183e-16       2.643663283547e-16 
  983       1.509624548890e-10       5.691554128999e-12      -1.124436566828e-13       1.241797499714e-14       6.149548403190e-15       9.401671933821e-16       2.645054636865e-16 
  984       1.503485875712e-10       5.697047726490e-12      -2.973388180335e-13       1.241287943158e-14       6.125714601530e-15       9.252816594928e-16       2.646089105495e-16 
  985       1.497538778848e-10       5.701764474772e-12      -4.824826170181e-13       1.240789175567e-14       6.101994204117e-15       9.104967486761e-16       2.646756666729e-16 
  986       1.491783547301e-10       5.705700329235e-12      -6.677911912203e-13       1.240301473654e-14       6.078386421280e-15       8.958096399008e-16       2.647047229512e-16 
  987       1.486220464510e-10       5.708851241070e-12      -8.531800071411e-13       1.239825115771e-14       6.054890449559e-15       8.812174839016e-16       2.646950634281e-16 
  988       1.480849808324e-10       5.711213157288e-12      -1.038563858515e-12       1.239360381905e-14       6.031505471660e-15       8.667174031026e-16       2.646456652801e-16 
  989       1.475671850987e-10       5.712782020730e-12      -1.223856864625e-12       1.238907553686e-14       6.008230656413e-15       8.523064915407e-16       2.645554988007e-16 
  990       1.470686859112e-10       5.713553770081e-12      -1.408972468620e-12       1.238466914393e-14       5.985065158730e-15       8.379818147884e-16       2.644235273833e-16 
  991       1.465895093662e-10       5.713524339882e-12      -1.593823435830e-12       1.238038748950e-14       5.962008119562e-15       8.237404098775e-16       2.642487075061e-16 
  992       1.461296809928e-10       5.712689660545e-12      -1.778321852081e-12       1.237623343938e-14       5.939058665856e-15       8.095792852223e-16       2.640299887147e-16 
  993       1.456892257508e-10       5.711045658368e-12      -1.962379122012e-12       1.237220987592e-14       5.916215910512e-15       7.954954205425e-16       2.637663136067e-16 
  994       1.452681680287e-10       5.708588255543e-12      -2.145905967392e-12       1.236831969807e-14       5.893478952342e-15       7.814857667871e-16       2.634566178151e-16 
  995       1.448664976801e-10       5.705315138031e-12      -2.328819116390e-12       1.236456533406e-14       5.870846976369e-15       7.675478359940e-16       2.631001720012e-16 
  996       1.444840675918e-10       5.701231087578e-12      -2.511061482364e-12       1.236094727148e-14       5.848319556430e-15       7.536814805116e-16       2.626976133651e-16 
  997       1.441206946078e-10       5.696342727997e-12      -2.692582277948e-12       1.235746550570e-14       5.825896356935e-15       7.398871397438e-16       2.622499292452e-16 
  998       1.437761933481e-10       5.690656764634e-12      -2.873330350087e-12       1.235412002521e-14       5.803577032889e-15       7.261652525761e-16       2.617581165076e-16 
  999       1.434503762027e-10       5.684179984597e-12      -3.053254179155e-12       1.235091081164e-14       5.781361229863e-15       7.125162573694e-16       2.612231815708e-16 
 1000       1.431430533251e-10       5.676919256981e-12      -3.232301878086e-12       1.234783783971e-14       5.759248583969e-15       6.989405919557e-16       2.606461404309e-16 
 1001       1.428540326261e-10       5.668881533096e-12      -3.410421191501e-12       1.234490107722e-14       5.737238721819e-15       6.854386936320e-16       2.600280186871e-16 
 1002       1.425831197676e-10       5.660073846697e-12      -3.587559494829e-12       1.234210048500e-14       5.715331260506e-15       6.720109991556e-16       2.593698515666e-16 
 1003       1.423301181565e-10       5.650503314208e-12      -3.763663793436e-12       1.233943601694e-14       5.693525807565e-15       6.586579447384e-16       2.586726839499e-16 
 1004       1.420948289384e-10       5.640177134949e-12      -3.938680721754e-12       1.233690761989e-14       5.671821960945e-15       6.453799660417e-16       2.579375703959e-16 
 1005       1.418770509911e-10       5.629102591367e-12      -4.112556542403e-12       1.233451523371e-14       5.650219308979e-15       6.321774981709e-16       2.571655751670e-16 
 1006       1.416765809190e-10       5.617287049261e-12      -4.285237145316e-12       1.233225879120e-14       5.628717430355e-15       6.190509756702e-16       2.563577722545e-16 
 1007       1.414932130462e-10       5.604737958008e-12      -4.456668046871e-12       1.233013821809e-14       5.607315894082e-15       6.060008325174e-16       2.555152454036e-16 
 1008       1.413267394105e-10       5.591462850794e-12      -4.626794389012e-12       1.232815343301e-14       5.586014259461e-15       5.930275021185e-16       2.546390881385e-16 
 1009       1.411769497575e-10       5.577469344837e-12      -4.795560938376e-12       1.232630434748e-14       5.564812076055e-15       5.801314173021e-16       2.537304037877e-16 
 1010       1.410436315338e-10       5.562765141619e-12      -4.962912085421e-12       1.232459086587e-14       5.543708883658e-15       5.673130103148e-16       2.527903055093e-16 
 1011       1.409265698813e-10       5.547358027109e-12      -5.128791843552e-12       1.232301288540e-14       5.522704212264e-15       5.545727128151e-16       2.518199163158e-16 
 1012       1.408255476307e-10       5.531255871993e-12      -5.293143848243e-12       1.232157029607e-14       5.501797582038e-15       5.419109558688e-16       2.508203690995e-16 
 1013       1.407403452950e-10       5.514466631901e-12      -5.455911356167e-12       1.232026298068e-14       5.480988503282e-15       5.293281699431e-16       2.497928066578e-16 
 1014       1.406707410641e-10       5.496998347632e-12      -5.617037244324e-12       1.231909081480e-14       5.460276476410e-15       5.168247849016e-16       2.487383817182e-16 
 1015       1.406165107976e-10       5.478859145386e-12      -5.776464009161e-12       1.231805366672e-14       5.439660991912e-15       5.044012299991e-16       2.476582569634e-16 
 1016       1.405774280193e-10       5.460057236988e-12      -5.934133765703e-12       1.231715139747e-14       5.419141530325e-15       4.920579338760e-16       2.465536050565e-16 
 1017       1.405532639105e-10       5.440600920114e-12      -6.089988246677e-12       1.231638386072e-14       5.398717562205e-15       4.797953245533e-16       2.454256086664e-16 
 1018       1.405437873041e-10       5.420498578523e-12      -6.243968801640e-12       1.231575090286e-14       5.378388548094e-15       4.676138294269e-16       2.442754604928e-16 
 1019       1.405487646782e-10       5.399758682280e-12      -6.396016396101e-12       1.231525236289e-14       5.358153938489e-15       4.555138752627e-16       2.431043632912e-16 
 1020       1.405679601498e-10       5.378389787985e-12      -6.546071610653e-12       1.231488807242e-14       5.338013173814e-15       4.434958881910e-16       2.419135298984e-16 
 1021       1.406011354689e-10       5.356400539002e-12      -6.694074640094e-12       1.231465785568e-14       5.317965684387e-15       4.315602937016e-16       2.407041832574e-16 
 1022       1.406480500119e-10       5.333799665682e-12      -6.839965292556e-12       1.231456152945e-14       5.298010890390e-15       4.197075166378e-16       2.394775564429e-16 
 1023       1.407084607754e-10       5.310595985595e-12      -6.983682988629e-12       1.231459890305e-14       5.278148201839e-15       4.079379811917e-16       2.382348926860e-16 
 1024       1.407821223703e-10       5.286798403756e-12      -7.125166760489e-12       1.231476977834e-14       5.258377018553e-15       3.962521108989e-16       2.369774453998e-16 
 1025       1.408687870153e-10       5.262415912850e-12      -7.264355251025e-12       1.231507394967e-14       5.238696730125e-15       3.846503286326e-16       2.357064782043e-16 
 1026       1.409682045307e-10       5.237457593462e-12      -7.401186712960e-12       1.231551120385e-14       5.219106715888e-15       3.731330565990e-16       2.344232649516e-16 
 1027       1.410801223321e-10       5.211932614302e-12      -7.535599007984e-12       1.231608132015e-14       5.199606344889e-15       3.617007163315e-16       2.331290897514e-16 
 1028       1.412042854246e-10       5.185850232437e-12      -7.667529605874e-12       1.231678407026e-14       5.180194975853e-15       3.503537286857e-16       2.318252469957e-16 
 1029       1.413404363958e-10       5.159219793512e-12      -7.796915583626e-12       1.231761921827e-14       5.160871957158e-15       3.390925138338e-16       2.305130413841e-16 
 1030       1.414883154104e-10       5.132050731981e-12      -7.923693624575e-12       1.231858652066e-14       5.141636626802e-15       3.279174912597e-16       2.291937879494e-16 
 1031       1.416476602033e-10       5.104352571335e-12      -8.047800017524e-12       1.231968572625e-14       5.122488312369e-15       3.168290797533e-16       2.278688120819e-16 
 1032       1.418182060739e-10       5.076134924328e-12      -8.169170655873e-12       1.232091657618e-14       5.103426331006e-15       3.058276974054e-16       2.265394495556e-16 
 1033       1.419996858795e-10       5.047407493204e-12      -8.287741036740e-12       1.232227880391e-14       5.084449989385e-15       2.949137616022e-16       2.252070465526e-16 
 1034       1.421918308387e-10       5.018180509234e-12      -8.403455662879e-12       1.232377183440e-14       5.065558659855e-15       2.840880671911e-16       2.238726884361e-16 
 1035       1.423943729669e-10       4.988466057675e-12      -8.516296395681e-12       1.232539387704e-14       5.046752010118e-15       2.733529268389e-16       2.225363818211e-16 
 1036       1.426070426627e-10       4.958276771984e-12      -8.626254501015e-12       1.232714281989e-14       5.028029776735e-15       2.627110467741e-16       2.211978609980e-16 
 1037       1.428295678957e-10       4.927625396478e-12      -8.733321282948e-12       1.232901652917e-14       5.009391689223e-15       2.521651501144e-16       2.198568581314e-16 
 1038       1.430616742001e-10       4.896524786615e-12      -8.837488083919e-12       1.233101284928e-14       4.990837470028e-15       2.417179769034e-16       2.185131032550e-16 
 1039       1.433030846687e-10       4.864987909267e-12      -8.938746284921e-12       1.233312960267e-14       4.972366834511e-15       2.313722841480e-16       2.171663242670e-16 
 1040       1.435535199466e-10       4.833027842999e-12      -9.037087305684e-12       1.233536458984e-14       4.953979490915e-15       2.211308458554e-16       2.158162469237e-16 
 1041       1.438126982253e-10       4.800657778344e-12      -9.132502604855e-12       1.233771558923e-14       4.935675140356e-15       2.109964530702e-16       2.144625948354e-16 
 1042       1.440803352363e-10       4.767891018082e-12      -9.224983680172e-12       1.234018035722e-14       4.917453476788e-15       2.009719139115e-16       2.131050894604e-16 
 1043       1.443561442453e-10       4.734740977514e-12      -9.314522068655e-12       1.234275662801e-14       4.899314186990e-15       1.910600536098e-16       2.117434501001e-16 
 1044       1.446398360455e-10       4.701221184738e-12      -9.401109346779e-12       1.234544211362e-14       4.881256950543e-15       1.812637145446e-16       2.103773938935e-16 
 1045       1.449311189523e-10       4.667345280930e-12      -9.484737130655e-12       1.234823450379e-14       4.863281439802e-15       1.715857562810e-16       2.090066358123e-16 
 1046       1.452296987961e-10       4.633127020617e-12      -9.565397076212e-12       1.235113146595e-14       4.845387319881e-15       1.620290556070e-16       2.076308886554e-16 
 1047       1.455352789173e-10       4.598580271952e-12      -9.643080879381e-12       1.235413064515e-14       4.827574248628e-15       1.525965065706e-16       2.062498630436e-16 
 1048       1.458475601593e-10       4.563719016995e-12      -9.717780276267e-12       1.235722966399e-14       4.809841876601e-15       1.432910205170e-16       2.048632674147e-16 
 1049       1.461662408626e-10       4.528557351989e-12      -9.789487043336e-12       1.236042612259e-14       4.792189847051e-15       1.341155261253e-16       2.034708080179e-16 
 1050       1.464910168590e-10       4.493109487632e-12      -9.858192997595e-12       1.236371759850e-14       4.774617795894e-15       1.250729694461e-16       2.020721889087e-16 
 1051       1.468215814649e-10       4.457389749360e-12      -9.923889996769e-12       1.236710164668e-14       4.757125351695e-15       1.161663139384e-16       2.006671119436e-16 
 1052       1.471576254756e-10       4.421412577617e-12      -9.986569939485e-12       1.237057579941e-14       4.739712135641e-15       1.073985405066e-16       1.992552767749e-16 
 1053       1.474988371590e-10       4.385192528137e-12      -1.004622476545e-11       1.237413756624e-14       4.722377761521e-15       9.877264753753e-17       1.978363808456e-16 
 1054       1.478449022494e-10       4.348744272219e-12      -1.010284645563e-11       1.237778443396e-14       4.705121835705e-15       9.029165093797e-17       1.964101193839e-16 
 1055       1.481955039416e-10       4.312082597003e-12      -1.015642703244e-11       1.238151386648e-14       4.687943957122e-15       8.195858417129e-17       1.949761853980e-16 
 1056       1.485503228843e-10       4.275222405745e-12      -1.020695855990e-11       1.238532330485e-14       4.670843717233e-15       7.377649829479e-17       1.935342696709e-16 
 1057       1.489090371747e-10       4.238178718098e-12      -1.025443314387e-11       1.238921016714e-14       4.653820700018e-15       6.574846199671e-17       1.920840607554e-16 
 1058       1.492713223514e-10       4.200966670384e-12      -1.029884293214e-11       1.239317184840e-14       4.636874481946e-15       5.787756163338e-17       1.906252449684e-16 
 1059       1.496368513892e-10       4.163601515874e-12      -1.034018011471e-11       1.239720572064e-14       4.620004631956e-15       5.016690126626e-17       1.891575063859e-16 
 1060       1.500052946923e-10       4.126098625063e-12      -1.037843692390e-11       1.240130913270e-14       4.603210711435e-15       4.261960269910e-17       1.876805268378e-16 
 1061       1.503763200885e-10       4.088473485945e-12      -1.041360563456e-11       1.240547941026e-14       4.586492274198e-15       3.523880551500e-17       1.861939859027e-16 
 1062       1.507495928230e-10       4.050741704294e-12      -1.044567856424e-11       1.240971385575e-14       4.569848866461e-15       2.802766711351e-17       1.846975609023e-16 
 1063       1.511247755521e-10       4.012919003937e-12      -1.047464807339e-11       1.241400974828e-14       4.553280026823e-15       2.098936274776e-17       1.831909268966e-16 
 1064       1.515015283373e-10       3.975021227031e-12      -1.050050656551e-11       1.241836434361e-14       4.536785286243e-15       1.412708556152e-17       1.816737566783e-16 
 1065       1.518795086391e-10       3.937064334341e-12      -1.052324648736e-11       1.242277487410e-14       4.520364168019e-15       7.444046626293e-18       1.801457207678e-16 
 1066       1.522583713106e-10       3.899064405516e-12      -1.054286032911e-11       1.242723854859e-14       4.504016187763e-15       9.434749784683e-19       1.786064874079e-16 
 1067       1.526377685917e-10       3.861037639365e-12      -1.055934062454e-11       1.243175255243e-14       4.487740853382e-15      -5.371382343636e-18       1.770557225584e-16 
 1068       1.530173501030e-10       3.823000354134e-12      -1.057267995123e-11       1.243631404735e-14       4.471537665054e-15      -1.149726026265e-17       1.754930898912e-16 
 1069       1.533967628392e-10       3.784968987782e-12      -1.058287093073e-11       1.244092017145e-14       4.455406115207e-15      -1.743087562505e-17       1.739182507845e-16 
 1070       1.537756511634e-10       3.746960098261e-12      -1.058990622871e-11       1.244556803909e-14       4.439345688497e-15      -2.316892716409e-17       1.723308643182e-16 
 1071       1.541536568009e-10       3.708990363787e-12      -1.059377855521e-11       1.245025474090e-14       4.423355861787e-15      -2.870809546266e-17       1.707305872681e-16 
 1072       1.545304188329e-10       3.671076583119e-12      -1.059448066474e-11       1.245497734368e-14       4.407436104122e-15      -3.404504291621e-17       1.691170741011e-16 
 1073       1.549056031419e-10       3.633234630781e-12      -1.059201194982e-11       1.245973293616e-14       4.391585931412e-15      -3.917754008310e-17       1.674900846645e-16 
 1074       1.552789911994e-10       3.595476306574e-12      -1.058639831935e-11       1.246451876721e-14       4.375805071332e-15      -4.410786160583e-17       1.658498088717e-16 
 1075       1.556503924750e-10       3.557812443712e-12      -1.057767259123e-11       1.246933210939e-14       4.360093300625e-15      -4.883943645764e-17       1.641965464271e-16 
 1076       1.560196150918e-10       3.520253950154e-12      -1.056586792453e-11       1.247417021328e-14       4.344450390584e-15      -5.337572582837e-17       1.625305995387e-16 
 1077       1.563864658227e-10       3.482811808778e-12      -1.055101782032e-11       1.247903030742e-14       4.328876107035e-15      -5.772022320470e-17       1.608522729236e-16 
 1078       1.567507500878e-10       3.445497077541e-12      -1.053315612252e-11       1.248390959822e-14       4.313370210325e-15      -6.187645445031e-17       1.591618738143e-16 
 1079       1.571122719512e-10       3.408320889655e-12      -1.051231701882e-11       1.248880526995e-14       4.297932455300e-15      -6.584797788609e-17       1.574597119641e-16 
 1080       1.574708341180e-10       3.371294453748e-12      -1.048853504150e-11       1.249371448467e-14       4.282562591293e-15      -6.963838437034e-17       1.557460996539e-16 
 1081       1.578262379311e-10       3.334429054034e-12      -1.046184506831e-11       1.249863438219e-14       4.267260362106e-15      -7.325129737894e-17       1.540213516974e-16 
 1082       1.581782833681e-10       3.297736050483e-12      -1.043228232337e-11       1.250356207998e-14       4.252025505994e-15      -7.669037308556e-17       1.522857854476e-16 
 1083       1.585267690386e-10       3.261226878985e-12      -1.039988237796e-11       1.250849467316e-14       4.236857755648e-15      -7.995930044184e-17       1.505397208025e-16 
 1084       1.588714921806e-10       3.224913051522e-12      -1.036468115149e-11       1.251342923442e-14       4.221756838180e-15      -8.306180125760e-17       1.487834802110e-16 
 1085       1.592122486577e-10       3.188806156332e-12      -1.032671491228e-11       1.251836281399e-14       4.206722475106e-15      -8.600163028102e-17       1.470173886793e-16 
 1086       1.595488329561e-10       3.152917858077e-12      -1.028602027845e-11       1.252329243956e-14       4.191754382328e-15      -8.878257527883e-17       1.452417737763e-16 
 1087       1.598810381813e-10       3.117259898016e-12      -1.024263421883e-11       1.252821511625e-14       4.176852270122e-15      -9.140845711652e-17       1.434569656399e-16 
 1088       1.602086560553e-10       3.081844094164e-12      -1.019659405376e-11       1.253312782653e-14       4.162015843117e-15      -9.388312983851e-17       1.416632969831e-16 
 1089       1.605314769134e-10       3.046682341469e-12      -1.014793745601e-11       1.253802753021e-14       4.147244800280e-15      -9.621048074837e-17       1.398611030995e-16 
 1090       1.608492897010e-10       3.011786611973e-12      -1.009670245163e-11       1.254291116434e-14       4.132538834904e-15      -9.839443048898e-17       1.380507218698e-16 
 1091       1.611618819706e-10       2.977168954982e-12      -1.004292742079e-11       1.254777564318e-14       4.117897634583e-15      -1.004389331227e-16       1.362324937673e-16 
 1092       1.614690398790e-10       2.942841497235e-12      -9.986651098702e-12       1.255261785817e-14       4.103320881205e-15      -1.023479762118e-16       1.344067618642e-16 
 1093       1.617705481839e-10       2.908816443071e-12      -9.927912576438e-12       1.255743467782e-14       4.088808250929e-15      -1.041255808981e-16       1.325738718376e-16 
 1094       1.620661902408e-10       2.875106074596e-12      -9.866751301818e-12       1.256222294770e-14       4.074359414172e-15      -1.057758019839e-16       1.307341719750e-16 
 1095       1.623557480003e-10       2.841722751850e-12      -9.803207080276e-12       1.256697949040e-14       4.059974035591e-15      -1.073027280116e-16       1.288880131809e-16 
 1096       1.626390020046e-10       2.808678912978e-12      -9.737320075725e-12       1.257170110541e-14       4.045651774069e-15      -1.087104813440e-16       1.270357489823e-16 
 1097       1.629157313847e-10       2.775987074396e-12      -9.669130811424e-12       1.257638456916e-14       4.031392282696e-15      -1.100032182447e-16       1.251777355349e-16 
 1098       1.631857138572e-10       2.743659830958e-12      -9.598680170845e-12       1.258102663487e-14       4.017195208753e-15      -1.111851289582e-16       1.233143316290e-16 
 1099       1.634487257214e-10       2.711709856123e-12      -9.526009398542e-12       1.258562403257e-14       4.003060193698e-15      -1.122604377900e-16       1.214458986954e-16 
 1100       1.637045418559e-10       2.680149902126e-12      -9.451160101013e-12       1.259017346903e-14       3.988986873149e-15      -1.132334031868e-16       1.195728008115e-16 
 1101       1.639529357159e-10       2.648992800145e-12      -9.374174247574e-12       1.259467162767e-14       3.974974876863e-15      -1.141083178169e-16       1.176954047072e-16 
 1102       1.641936793300e-10       2.618251460464e-12      -9.295094171219e-12       1.259911516856e-14       3.961023828728e-15      -1.148895086502e-16       1.158140797710e-16 
 1103       1.644265432968e-10       2.587938872649e-12      -9.213962569493e-12       1.260350072835e-14       3.947133346740e-15      -1.155813370382e-16       1.139291980557e-16 
 1104       1.646512967825e-10       2.558068105709e-12      -9.130822505353e-12       1.260782492017e-14       3.933303042989e-15      -1.161881987948e-16       1.120411342845e-16 
 1105       1.648677075172e-10       2.528652308265e-12      -9.045717408043e-12       1.261208433365e-14       3.919532523643e-15      -1.167145242759e-16       1.101502658572e-16 
 1106       1.650755417922e-10       2.499704708722e-12      -8.958691073952e-12       1.261627553484e-14       3.905821388931e-15      -1.171647784598e-16       1.082569728556e-16 
 1107       1.652745644566e-10       2.471238615432e-12      -8.869787667487e-12       1.262039506611e-14       3.892169233127e-15      -1.175434610274e-16       1.063616380502e-16 
 1108       1.654645389147e-10       2.443267416862e-12      -8.779051721938e-12       1.262443944618e-14       3.878575644534e-15      -1.178551064426e-16       1.044646469056e-16 
 1109       1.656452271224e-10       2.415804581766e-12      -8.686528140346e-12       1.262840517001e-14       3.865040205467e-15      -1.181042840321e-16       1.025663875867e-16 
 1110       1.658163895848e-10       2.388863659348e-12      -8.592262196368e-12       1.263228870875e-14       3.851562492237e-15      -1.182955980657e-16       1.006672509646e-16 
 1111       1.659777853522e-10       2.362458279434e-12      -8.496299535146e-12       1.263608650972e-14       3.838142075135e-15      -1.184336878369e-16       9.876763062268e-17 
 1112       1.661292093868e-10       2.336600342919e-12      -8.398686700479e-12       1.263979532821e-14       3.824778562870e-15      -1.185225634942e-16       9.686790720760e-17 
 1113       1.662706052041e-10       2.311294566754e-12      -8.299472722186e-12       1.264341322792e-14       3.811471736561e-15      -1.185636038195e-16       9.496840124543e-17 
 1114       1.664019537050e-10       2.286543867612e-12      -8.198707551323e-12       1.264693859358e-14       3.798221417471e-15      -1.185575322982e-16       9.306941971737e-17 
 1115       1.665232359423e-10       2.262351165091e-12      -8.096441536689e-12       1.265036980023e-14       3.785027422704e-15      -1.185050789969e-16       9.117127166283e-17 
 1116       1.666344331206e-10       2.238719381711e-12      -7.992725425743e-12       1.265370521318e-14       3.771889565192e-15      -1.184069805798e-16       8.927426818386e-17 
 1117       1.667355265974e-10       2.215651442907e-12      -7.887610365523e-12       1.265694318803e-14       3.758807653682e-15      -1.182639803237e-16       8.737872244965e-17 
 1118       1.668264978833e-10       2.193150277014e-12      -7.781147903561e-12       1.266008207061e-14       3.745781492723e-15      -1.180768281343e-16       8.548494970094e-17 
 1119       1.669073286426e-10       2.171218815270e-12      -7.673389988806e-12       1.266312019699e-14       3.732810882657e-15      -1.178462805618e-16       8.359326725447e-17 
 1120       1.669780006941e-10       2.149859991798e-12      -7.564388972535e-12       1.266605589343e-14       3.719895619605e-15      -1.175731008169e-16       8.170399450746e-17 
 1121       1.670384960113e-10       2.129076743605e-12      -7.454197609280e-12       1.266888747638e-14       3.707035495456e-15      -1.172580587862e-16       7.981745294204e-17 
 1122       1.670887967232e-10       2.108872010572e-12      -7.342869057737e-12       1.267161325245e-14       3.694230297851e-15      -1.169019310484e-16       7.793396612970e-17 
 1123       1.671288851146e-10       2.089248735447e-12      -7.230456881690e-12       1.267423151840e-14       3.681479810180e-15      -1.165055008899e-16       7.605385973577e-17 
 1124       1.671587436272e-10       2.070209863837e-12      -7.117015050929e-12       1.267674056110e-14       3.668783811559e-15      -1.160695583204e-16       7.417746152382e-17 
 1125       1.671783548593e-10       2.051758344200e-12      -7.002597942162e-12       1.267913865752e-14       3.656142076827e-15      -1.155949000891e-16       7.230510136016e-17 
 1126       1.671877015672e-10       2.033897127835e-12      -6.887260339941e-12       1.268142407473e-14       3.643554376528e-15      -1.150823297002e-16       7.043711121827e-17 
 1127       1.671867666652e-10       2.016629168882e-12      -6.771057437574e-12       1.268359506984e-14       3.631020476903e-15      -1.145326574288e-16       6.857382518325e-17 
 1128       1.671755332263e-10       1.999957424305e-12      -6.654044838048e-12       1.268564988999e-14       3.618540139876e-15      -1.139467003366e-16       6.671557945628e-17 
 1129       1.671539844829e-10       1.983884853891e-12      -6.536278554942e-12       1.268758677236e-14       3.606113123040e-15      -1.133252822877e-16       6.486271235906e-17 
 1130       1.671221038272e-10       1.968414420237e-12      -6.417815013347e-12       1.268940394411e-14       3.593739179651e-15      -1.126692339646e-16       6.301556433827e-17 
 1131       1.670798748116e-10       1.953549088747e-12      -6.298711050787e-12       1.269109962239e-14       3.581418058610e-15      -1.119793928836e-16       6.117447797003e-17 
 1132       1.670272811498e-10       1.939291827624e-12      -6.179023918132e-12       1.269267201428e-14       3.569149504454e-15      -1.112566034110e-16       5.933979796432e-17 
 1133       1.669643067166e-10       1.925645607858e-12      -6.058811280520e-12       1.269411931683e-14       3.556933257343e-15      -1.105017167786e-16       5.751187116948e-17 
 1134       1.668909355491e-10       1.912613403221e-12      -5.938131218274e-12       1.269543971696e-14       3.544769053049e-15      -1.097155910996e-16       5.569104657660e-17 
 1135       1.668071518468e-10       1.900198190262e-12      -5.817042227816e-12       1.269663139152e-14       3.532656622941e-15      -1.088990913844e-16       5.387767532403e-17 
 1136       1.667129399726e-10       1.888402948294e-12      -5.695603222594e-12       1.269769250722e-14       3.520595693979e-15      -1.080530895563e-16       5.207211070180e-17 
 1137       1.666082844528e-10       1.877230659391e-12      -5.573873533989e-12       1.269862122061e-14       3.508585988694e-15      -1.071784644675e-16       5.027470815608e-17 
 1138       1.664931699782e-10       1.866684308377e-12      -5.451912912244e-12       1.269941567807e-14       3.496627225185e-15      -1.062761019145e-16       4.848582529362e-17 
 1139       1.663675814041e-10       1.856766882821e-12      -5.329781527372e-12       1.270007401581e-14       3.484719117098e-15      -1.053468946544e-16       4.670582188622e-17 
 1140       1.662315037515e-10       1.847481373025e-12      -5.207539970081e-12       1.270059435982e-14       3.472861373620e-15      -1.043917424203e-16       4.493505987517e-17 
 1141       1.660849222070e-10       1.838830772024e-12      -5.085249252691e-12       1.270097482583e-14       3.461053699466e-15      -1.034115519371e-16       4.317390337570e-17 
 1142       1.659278221239e-10       1.830818075569e-12      -4.962970810047e-12       1.270121351936e-14       3.449295794865e-15      -1.024072369376e-16       4.142271868144e-17 
 1143       1.657601890222e-10       1.823446282128e-12      -4.840766500444e-12       1.270130853563e-14       3.437587355549e-15      -1.013797181779e-16       3.968187426885e-17 
 1144       1.655820085898e-10       1.816718392869e-12      -4.718698606541e-12       1.270125795956e-14       3.425928072743e-15      -1.003299234536e-16       3.795174080172e-17 
 1145       1.653932666825e-10       1.810637411664e-12      -4.596829836279e-12       1.270105986578e-14       3.414317633150e-15      -9.925878761520e-17       3.623269113556e-17 
 1146       1.651939493248e-10       1.805206345069e-12      -4.475223323801e-12       1.270071231856e-14       3.402755718940e-15      -9.816725258405e-17       3.452510032209e-17 
 1147       1.649840427104e-10       1.800428202326e-12      -4.353942630367e-12       1.270021337183e-14       3.391242007738e-15      -9.705626736821e-17       3.282934561369e-17 
 1148       1.647635332027e-10       1.796305995349e-12      -4.233051745277e-12       1.269956106912e-14       3.379776172614e-15      -9.592678807815e-17       3.114580646782e-17 
 1149       1.645324073356e-10       1.792842738722e-12      -4.112615086783e-12       1.269875344358e-14       3.368357882066e-15      -9.477977794255e-17       2.947486455151e-17 
 1150       1.642906518138e-10       1.790041449684e-12      -3.992697503011e-12       1.269778851794e-14       3.356986800015e-15      -9.361620732413e-17       2.781690374581e-17 
 1151       1.640382773417e-10       1.787903667685e-12      -3.873359283717e-12       1.269666469999e-14       3.345662619656e-15      -9.243642903385e-17       2.617222059864e-17 
 1152       1.637753904410e-10       1.786424992468e-12      -3.754641124360e-12       1.269538197461e-14       3.334385165527e-15      -9.123829555815e-17       2.454075442975e-17 
 1153       1.635021225460e-10       1.785599489312e-12      -3.636578972940e-12       1.269394072686e-14       3.323154292716e-15      -9.001901795701e-17       2.292235380767e-17 
 1154       1.632186062611e-10       1.785421164199e-12      -3.519209002305e-12       1.269234134780e-14       3.311969853098e-15      -8.877578835659e-17       2.131686578685e-17 
 1155       1.629249753630e-10       1.785883963674e-12      -3.402567610622e-12       1.269058423460e-14       3.300831695329e-15      -8.750577990846e-17       1.972413590402e-17 
 1156       1.626213648037e-10       1.786981774697e-12      -3.286691421840e-12       1.268866979045e-14       3.289739664832e-15      -8.620614674887e-17       1.814400817448e-17 
 1157       1.623079107132e-10       1.788708424507e-12      -3.171617286159e-12       1.268659842467e-14       3.278693603792e-15      -8.487402395802e-17       1.657632508848e-17 
 1158       1.619847504020e-10       1.791057680479e-12      -3.057382280495e-12       1.268437055265e-14       3.267693351147e-15      -8.350652751926e-17       1.502092760759e-17 
 1159       1.616520223640e-10       1.794023249980e-12      -2.944023708948e-12       1.268198659592e-14       3.256738742579e-15      -8.210075427839e-17       1.347765516101e-17 
 1160       1.613098662791e-10       1.797598780230e-12      -2.831579103268e-12       1.267944698211e-14       3.245829610501e-15      -8.065378190292e-17       1.194634564192e-17 
 1161       1.609584230163e-10       1.801777858161e-12      -2.720086223318e-12       1.267675214503e-14       3.234965784055e-15      -7.916266884126e-17       1.042683540384e-17 
 1162       1.605978346355e-10       1.806554010271e-12      -2.609583057547e-12       1.267390252464e-14       3.224147089097e-15      -7.762445428204e-17       8.918959256990e-18 
 1163       1.602282443913e-10       1.811920702487e-12      -2.500107823452e-12       1.267089856706e-14       3.213373348190e-15      -7.603615811334e-17       7.422550464602e-18 
 1164       1.598497967349e-10       1.817871340020e-12      -2.391698968046e-12       1.266774072462e-14       3.202644380599e-15      -7.439478088192e-17       5.937440739295e-18 
 1165       1.594626373172e-10       1.824399267226e-12      -2.284395168323e-12       1.266442945585e-14       3.191960002273e-15      -7.269730375251e-17       4.463460239406e-18 
 1166       1.590669129914e-10       1.831497767463e-12      -2.178235331726e-12       1.266096522550e-14       3.181320025848e-15      -7.094068846704e-17       3.000437565348e-18 
 1167       1.586627718156e-10       1.839160062948e-12      -2.073258596614e-12       1.265734850456e-14       3.170724260626e-15      -6.912187730390e-17       1.548199755949e-18 
 1168       1.582503630559e-10       1.847379314619e-12      -1.969504332727e-12       1.265357977027e-14       3.160172512575e-15      -6.723779303718e-17       1.065722848032e-19 
 1169       1.578298371885e-10       1.856148621990e-12      -1.867012141654e-12       1.264965950613e-14       3.149664584316e-15      -6.528533889595e-17      -1.324620943385e-18 
 1170       1.574013459029e-10       1.865461023010e-12      -1.765821857296e-12       1.264558820194e-14       3.139200275114e-15      -6.326139852349e-17      -2.745557596452e-18 
 1171       1.569650421045e-10       1.875309493922e-12      -1.665973546339e-12       1.264136635376e-14       3.128779380872e-15      -6.116283593655e-17      -4.156416918427e-18 
 1172       1.565210799173e-10       1.885686949121e-12      -1.567507508714e-12       1.263699446400e-14       3.118401694117e-15      -5.898649548460e-17      -5.557379733190e-18 
 1173       1.560696146862e-10       1.896586241013e-12      -1.470464278066e-12       1.263247304138e-14       3.108067003996e-15      -5.672920180909e-17      -6.948628448120e-18 
 1174       1.556108029806e-10       1.908000159873e-12      -1.374884622223e-12       1.262780260095e-14       3.097775096265e-15      -5.438775980269e-17      -8.330347057749e-18 
 1175       1.551448025961e-10       1.919921433702e-12      -1.280809543658e-12       1.262298366414e-14       3.087525753279e-15      -5.195895456857e-17      -9.702721147419e-18 
 1176       1.546717725581e-10       1.932342728087e-12      -1.188280279958e-12       1.261801675872e-14       3.077318753986e-15      -4.943955137961e-17      -1.106593789693e-17 
 1177       1.541918731237e-10       1.945256646059e-12      -1.097338304291e-12       1.261290241889e-14       3.067153873915e-15      -4.682629563770e-17      -1.242018608419e-17 
 1178       1.537052657851e-10       1.958655727951e-12      -1.008025325871e-12       1.260764118521e-14       3.057030885168e-15      -4.411591283295e-17      -1.376565608889e-17 
 1179       1.532121132719e-10       1.972532451256e-12      -9.203832904257e-13       1.260223360466e-14       3.046949556412e-15      -4.130510850298e-17      -1.510253989612e-17 
 1180       1.527125795540e-10       1.986879230487e-12      -8.344543806621e-13       1.259668023069e-14       3.036909652869e-15      -3.839056819214e-17      -1.643103110005e-17 
 1181       1.522068298441e-10       2.001688417032e-12      -7.502810167334e-13       1.259098162315e-14       3.026910936309e-15      -3.536895741079e-17      -1.775132490758e-17 
 1182       1.516950306007e-10       2.016952299016e-12      -6.679058567057e-13       1.258513834838e-14       3.016953165036e-15      -3.223692159454e-17      -1.906361814199e-17 
 1183       1.511773495304e-10       2.032663101158e-12      -5.873717970242e-13       1.257915097918e-14       3.007036093888e-15      -2.899108606349e-17      -2.036810924659e-17 
 1184       1.506539555912e-10       2.048812984629e-12      -5.087219729798e-13       1.257302009485e-14       2.997159474217e-15      -2.562805598152e-17      -2.166499828837e-17 
 1185       1.501250189945e-10       2.065394046908e-12      -4.319997591756e-13       1.256674628119e-14       2.987323053889e-15      -2.214441631551e-17      -2.295448696166e-17 
 1186       1.495907112084e-10       2.082398321647e-12      -3.572487699936e-13       1.256033013053e-14       2.977526577271e-15      -1.853673179459e-17      -2.423677859177e-17 
 1187       1.490512049601e-10       2.099817778522e-12      -2.845128600607e-13       1.255377224172e-14       2.967769785224e-15      -1.480154686942e-17      -2.551207813869e-17 
 1188       1.485066742388e-10       2.117644323095e-12      -2.138361247157e-13       1.254707322019e-14       2.958052415090e-15      -1.093538567144e-17      -2.678059220068e-17 
 1189       1.479572942982e-10       2.135869796672e-12      -1.452629004757e-13       1.254023367790e-14       2.948374200689e-15      -6.934751972081e-18      -2.804252901794e-17 
 1190       1.474032417021e-10       2.154485625373e-12      -7.883081057856e-14       1.253325445715e-14       2.938734897241e-15      -2.797744900701e-18      -2.929804229125e-17 
 1191       1.468446944567e-10       2.173481762900e-12      -1.454980716599e-14       1.252613730478e-14       2.929134356502e-15       1.471072095814e-18      -3.054706187507e-17 
 1192       1.462818318851e-10       2.192847734503e-12       4.757712738823e-14       1.251888420624e-14       2.919572452532e-15       5.865480490271e-18      -3.178946101213e-17 
 1193       1.457148345879e-10       2.212572986415e-12       1.075470490253e-13       1.251149716268e-14       2.910049056843e-15       1.037921691346e-17      -3.302511232878e-17 
 1194       1.451438844453e-10       2.232646885688e-12       1.653570521235e-13       1.250397819094e-14       2.900564038386e-15       1.500597305810e-17      -3.425388783391e-17 
 1195       1.445691646202e-10       2.253058720012e-12       2.210042696211e-13       1.249632932361e-14       2.891117263545e-15       1.973939558279e-17      -3.547565891779e-17 
 1196       1.439908595609e-10       2.273797697554e-12       2.744858731380e-13       1.248855260908e-14       2.881708596134e-15       2.457308601591e-17      -3.669029635099e-17 
 1197       1.434091550035e-10       2.294852946779e-12       3.257990730986e-13       1.248065011152e-14       2.872337897386e-15       2.950060065963e-17      -3.789767028331e-17 
 1198       1.428242379750e-10       2.316213516280e-12       3.749411188540e-13       1.247262391097e-14       2.863005025949e-15       3.451545049380e-17      -3.909765024261e-17 
 1199       1.422362967957e-10       2.337868374611e-12       4.219092988044e-13       1.246447610335e-14       2.853709837876e-15       3.961110107992e-17      -4.029010513377e-17 
 1200       1.416455210822e-10       2.359806410109e-12       4.667009405214e-13       1.245620880047e-14       2.844452186623e-15       4.478097246509e-17      -4.147490323754e-17 
 1201       1.410521017498e-10       2.382016430730e-12       5.093134108703e-13       1.244782413013e-14       2.835231923036e-15       5.001843908590e-17      -4.265191220945e-17 
 1202       1.404562310154e-10       2.404487163870e-12       5.497441161326e-13       1.243932423607e-14       2.826048895350e-15       5.531682967246e-17      -4.382099907874e-17 
 1203       1.398581024004e-10       2.427207256201e-12       5.879905021285e-13       1.243071127807e-14       2.816902949179e-15       6.066942715224e-17      -4.498203024719e-17 
 1204       1.392579107330e-10       2.450165273491e-12       6.240500543387e-13       1.242198743197e-14       2.807793927510e-15       6.606946855412e-17      -4.613487148808e-17 
 1205       1.386558521509e-10       2.473349700444e-12       6.579202980274e-13       1.241315488967e-14       2.798721670694e-15       7.151014491225e-17      -4.727938794503e-17 
 1206       1.380521241047e-10       2.496748940516e-12       6.895987983643e-13       1.240421585920e-14       2.789686016445e-15       7.698460117003e-17      -4.841544413095e-17 
 1207       1.374469253598e-10       2.520351315755e-12       7.190831605470e-13       1.239517256474e-14       2.780686799826e-15       8.248593608406e-17      -4.954290392688e-17 
 1208       1.368404559995e-10       2.544145066621e-12       7.463710299235e-13       1.238602724666e-14       2.771723853246e-15       8.800720212804e-17      -5.066163058096e-17 
 1209       1.362329174277e-10       2.568118351820e-12       7.714600921144e-13       1.237678216155e-14       2.762797006455e-15       9.354140539677e-17      -5.177148670723e-17 
 1210       1.356245123715e-10       2.592259248130e-12       7.943480731352e-13       1.236743958226e-14       2.753906086531e-15       9.908150551007e-17      -5.287233428462e-17 
 1211       1.350154448841e-10       2.616555750231e-12       8.150327395191e-13       1.235800179790e-14       2.745050917881e-15       1.046204155167e-16      -5.396403465579e-17 
 1212       1.344059203473e-10       2.640995770534e-12       8.335118984388e-13       1.234847111395e-14       2.736231322228e-15       1.101510017983e-16      -5.504644852601e-17 
 1213       1.337961454742e-10       2.665567139005e-12       8.497833978290e-13       1.233884985219e-14       2.727447118606e-15       1.156660839734e-16      -5.611943596214e-17 
 1214       1.331863283123e-10       2.690257603003e-12       8.638451265093e-13       1.232914035083e-14       2.718698123354e-15       1.211584348014e-16      -5.718285639144e-17 
 1215       1.325766782456e-10       2.715054827097e-12       8.756950143056e-13       1.231934496450e-14       2.709984150110e-15       1.266207800862e-16      -5.823656860048e-17 
 1216       1.319674059979e-10       2.739946392905e-12       8.853310321732e-13       1.230946606427e-14       2.701305009802e-15       1.320457985805e-16      -5.928043073410e-17 
 1217       1.313587236351e-10       2.764919798916e-12       8.927511923191e-13       1.229950603771e-14       2.692660510640e-15       1.374261218897e-16      -6.031430029422e-17 
 1218       1.307508445680e-10       2.789962460321e-12       8.979535483240e-13       1.228946728892e-14       2.684050458115e-15       1.427543343757e-16      -6.133803413880e-17 
 1219       1.301439835554e-10       2.815061708844e-12       9.009361952650e-13       1.227935223856e-14       2.675474654985e-15       1.480229730609e-16      -6.235148848070e-17 
 1220       1.295383567061e-10       2.840204792565e-12       9.016972698375e-13       1.226916332387e-14       2.666932901273e-15       1.532245275320e-16      -6.335451888659e-17 
 1221       1.289341814822e-10       2.865378875752e-12       9.002349504783e-13       1.225890299875e-14       2.658424994259e-15       1.583514398444e-16      -6.434698027584e-17 
 1222       1.283316767015e-10       2.890571038692e-12       8.965474574873e-13       1.224857373371e-14       2.649950728473e-15       1.633961044256e-16      -6.532872691942e-17 
 1223       1.277310625405e-10       2.915768277514e-12       8.906330531500e-13       1.223817801600e-14       2.641509895687e-15       1.683508679794e-16      -6.629961243881e-17 
 1224       1.271325605368e-10       2.940957504024e-12       8.824900418604e-13       1.222771834958e-14       2.633102284909e-15       1.732080293898e-16      -6.725948980487e-17 
 1225       1.265363935919e-10       2.966125545526e-12       8.721167702423e-13       1.221719725518e-14       2.624727682379e-15       1.779598396252e-16      -6.820821133674e-17 
 1226       1.259427859741e-10       2.991259144658e-12       8.595116272728e-13       1.220661727032e-14       2.616385871556e-15       1.825985016418e-16      -6.914562870076e-17 
 1227       1.253519633209e-10       3.016344959218e-12       8.446730444038e-13       1.219598094936e-14       2.608076633118e-15       1.871161702879e-16      -7.007159290934e-17 
 1228       1.247641526420e-10       3.041369561989e-12       8.275994956850e-13       1.218529086351e-14       2.599799744949e-15       1.915049522081e-16      -7.098595431986e-17 
 1229       1.241795630602e-10       3.066320295695e-12       8.082942556515e-13       1.217454954383e-14       2.591555003913e-15       1.957591485678e-16      -7.188857432667e-17 
 1230       1.235983277782e-10       3.091187849317e-12       7.867797346852e-13       1.216375930932e-14       2.583342291450e-15       1.998820126206e-16      -7.277936059138e-17 
 1231       1.230205614271e-10       3.115963712077e-12       7.630833144033e-13       1.215292243684e-14       2.575161508749e-15       2.038790723258e-16      -7.365823222942e-17 
 1232       1.224463792662e-10       3.140639320991e-12       7.372326058586e-13       1.214204121800e-14       2.567012555028e-15       2.077558948992e-16      -7.452510815473e-17 
 1233       1.218758971849e-10       3.165206060768e-12       7.092554500397e-13       1.213111795923e-14       2.558895327539e-15       2.115180868962e-16      -7.537990707965e-17 
 1234       1.213092317030e-10       3.189655263705e-12       6.791799183711e-13       1.212015498177e-14       2.550809721554e-15       2.151712942925e-16      -7.622254751470e-17 
 1235       1.207464999728e-10       3.213978209584e-12       6.470343132128e-13       1.210915462170e-14       2.542755630369e-15       2.187212025672e-16      -7.705294776843e-17 
 1236       1.201878197795e-10       3.238166125570e-12       6.128471683610e-13       1.209811923002e-14       2.534732945289e-15       2.221735367840e-16      -7.787102594720e-17 
 1237       1.196333095429e-10       3.262210186105e-12       5.766472495475e-13       1.208705117262e-14       2.526741555632e-15       2.255340616736e-16      -7.867669995508e-17 
 1238       1.190830883182e-10       3.286101512803e-12       5.384635549402e-13       1.207595283032e-14       2.518781348718e-15       2.288085817158e-16      -7.946988749360e-17 
 1239       1.185372757977e-10       3.309831174354e-12       4.983253156431e-13       1.206482659894e-14       2.510852209865e-15       2.320029412208e-16      -8.025050606161e-17 
 1240       1.179959923113e-10       3.333390186413e-12       4.562619961958e-13       1.205367488929e-14       2.502954022387e-15       2.351230244120e-16      -8.101847295513e-17 
 1241       1.174593588283e-10       3.356769511497e-12       4.123032950744e-13       1.204250012719e-14       2.495086667583e-15       2.381747555074e-16      -8.177370526709e-17 
 1242       1.169274969582e-10       3.379960058888e-12       3.664791451908e-13       1.203130475355e-14       2.487250024740e-15       2.411640988021e-16      -8.251611988726e-17 
 1243       1.164005289520e-10       3.402952684522e-12       3.188197143933e-13       1.202009122435e-14       2.479443971120e-15       2.440970587497e-16      -8.324563350198e-17 
 1244       1.158785777036e-10       3.425738190889e-12       2.693554059662e-13       1.200886201071e-14       2.471668381959e-15       2.469796800447e-16      -8.396216259406e-17 
 1245       1.153617667506e-10       3.448307326931e-12       2.181168591302e-13       1.199761959887e-14       2.463923130461e-15       2.498180477043e-16      -8.466562344254e-17 
 1246       1.148502202755e-10       3.470650787935e-12       1.651349495420e-13       1.198636649026e-14       2.456208087794e-15       2.526182871505e-16      -8.535593212258e-17 
 1247       1.143440631075e-10       3.492759215431e-12       1.104407897949e-13       1.197510520152e-14       2.448523123083e-15       2.553865642921e-16      -8.603300450521e-17 
 1248       1.138434207227e-10       3.514623197090e-12       5.406572991844e-14       1.196383826453e-14       2.440868103407e-15       2.581290856064e-16      -8.669675625723e-17 
 1249       1.133484192462e-10       3.536233266619e-12      -3.958642121432e-15       1.195256822643e-14       2.433242893790e-15       2.608520982216e-16      -8.734710284097e-17 
 1250       1.128591854527e-10       3.557579903656e-12      -6.360049992231e-14       1.194129764965e-14       2.425647357202e-15       2.635618899984e-16      -8.798395951415e-17 
 1251       1.123758467680e-10       3.578653533670e-12      -1.248277781453e-13       1.193002911195e-14       2.418081354548e-15       2.662647896123e-16      -8.860724132971e-17 
 1252       1.118985312699e-10       3.599444527855e-12      -1.876081720150e-13       1.191876520644e-14       2.410544744668e-15       2.689671666355e-16      -8.921686313559e-17 
 1253       1.114273676897e-10       3.619943203028e-12      -2.519091368194e-13       1.190750854163e-14       2.403037384326e-15       2.716754316186e-16      -8.981273957461e-17 
 1254       1.109624854130e-10       3.640139821525e-12      -3.176978874099e-13       1.189626174141e-14       2.395559128212e-15       2.743960361729e-16      -9.039478508427e-17 
 1255       1.105040144814e-10       3.660024591095e-12      -3.849413977012e-13       1.188502744515e-14       2.388109828929e-15       2.771354730525e-16      -9.096291389655e-17 
 1256       1.100520855932e-10       3.679587664802e-12      -4.536064001714e-13       1.187380830766e-14       2.380689336995e-15       2.799002762358e-16      -9.151704003778e-17 
 1257       1.096068301048e-10       3.698819140916e-12      -5.236593853617e-13       1.186260699928e-14       2.373297500835e-15       2.826970210078e-16      -9.205707732842e-17 
 1258       1.091683800318e-10       3.717709062813e-12      -5.950666013767e-13       1.185142620585e-14       2.365934166774e-15       2.855323240422e-16      -9.258293938293e-17 
 1259       1.087368680503e-10       3.736247418870e-12      -6.677940533841e-13       1.184026862878e-14       2.358599179034e-15       2.884128434832e-16      -9.309453960955e-17 
 1260       1.083124274981e-10       3.754424142362e-12      -7.418075031146e-13       1.182913698510e-14       2.351292379731e-15       2.913452790274e-16      -9.359179121016e-17 
 1261       1.078951923757e-10       3.772229111359e-12      -8.170724683621e-13       1.181803400740e-14       2.344013608864e-15       2.943363720060e-16      -9.407460718006e-17 
 1262       1.074852973476e-10       3.789652148620e-12      -8.935542224836e-13       1.180696244398e-14       2.336762704316e-15       2.973929054666e-16      -9.454290030786e-17 
 1263       1.070828777434e-10       3.806683021493e-12      -9.712177938990e-13       1.179592505876e-14       2.329539501846e-15       3.005217042553e-16      -9.499658317523e-17 
 1264       1.066880695592e-10       3.823311441809e-12      -1.050027965591e-12       1.178492463142e-14       2.322343835083e-15       3.037296350986e-16      -9.543556815680e-17 
 1265       1.063010094585e-10       3.839527065782e-12      -1.129949274606e-12       1.177396395733e-14       2.315175535522e-15       3.070236066856e-16      -9.585976741991e-17 
 1266       1.059218347737e-10       3.855319493900e-12      -1.210946011552e-12       1.176304584766e-14       2.308034432522e-15       3.104105697496e-16      -9.626909292448e-17 
 1267       1.055506835068e-10       3.870678270825e-12      -1.292982220101e-12       1.175217312936e-14       2.300920353294e-15       3.138975171505e-16      -9.666345642284e-17 
 1268       1.051876700072e-10       3.885594328864e-12      -1.376021465939e-12       1.174134837352e-14       2.293833138853e-15       3.174893380677e-16      -9.704279379595e-17 
 1269       1.048328116939e-10       3.900064336808e-12      -1.460026141710e-12       1.173057307695e-14       2.286772692066e-15       3.211823533395e-16      -9.740713836965e-17 
 1270       1.044861014905e-10       3.914086401025e-12      -1.544958153064e-12       1.171984847123e-14       2.279738930145e-15       3.249707057525e-16      -9.775654844339e-17 
 1271       1.041475320720e-10       3.927658626438e-12      -1.630779147964e-12       1.170917579351e-14       2.272731768743e-15       3.288484990914e-16      -9.809108303208e-17 
 1272       1.038170958638e-10       3.940779116535e-12      -1.717450516166e-12       1.169855628659e-14       2.265751121951e-15       3.328097980610e-16      -9.841080186777e-17 
 1273       1.034947850418e-10       3.953445973364e-12      -1.804933388702e-12       1.168799119886e-14       2.258796902292e-15       3.368486282074e-16      -9.871576540129e-17 
 1274       1.031805915309e-10       3.965657297547e-12      -1.893188637364e-12       1.167748178435e-14       2.251869020719e-15       3.409589758409e-16      -9.900603480383e-17 
 1275       1.028745070051e-10       3.977411188276e-12      -1.982176874187e-12       1.166702930272e-14       2.244967386611e-15       3.451347879573e-16      -9.928167196865e-17 
 1276       1.025765228864e-10       3.988705743321e-12      -2.071858450929e-12       1.165663501928e-14       2.238091907766e-15       3.493699721602e-16      -9.954273951269e-17 
 1277       1.022866303443e-10       3.999539059036e-12      -2.162193458559e-12       1.164630020500e-14       2.231242490402e-15       3.536583965827e-16      -9.978930077820e-17 
 1278       1.020048202952e-10       4.009909230357e-12      -2.253141726734e-12       1.163602613649e-14       2.224419039150e-15       3.579938898096e-16      -1.000214198344e-16 
 1279       1.017310834020e-10       4.019814350813e-12      -2.344662823285e-12       1.162581409608e-14       2.217621457050e-15       3.623702407990e-16      -1.002391614791e-16 
 1280       1.014654100728e-10       4.029252512527e-12      -2.436716053699e-12       1.161566537172e-14       2.210849645549e-15       3.667811988047e-16      -1.004425912403e-16 
 1281       1.012077904610e-10       4.038221806218e-12      -2.529260460602e-12       1.160558125711e-14       2.204103504494e-15       3.712204732979e-16      -1.006317753780e-16 
 1282       1.009582144644e-10       4.046720321210e-12      -2.622254823241e-12       1.159556305161e-14       2.197382932132e-15       3.756817338890e-16      -1.008067808855e-16 
 1283       1.007166717244e-10       4.054746145433e-12      -2.715657656969e-12       1.158561206032e-14       2.190687825102e-15       3.801586102499e-16      -1.009676754916e-16 
 1284       1.004831516255e-10       4.062297365426e-12      -2.809427212723e-12       1.157572959402e-14       2.184018078436e-15       3.846446920358e-16      -1.011145276615e-16 
 1285       1.002576432948e-10       4.069372066347e-12      -2.903521476514e-12       1.156591696926e-14       2.177373585549e-15       3.891335288070e-16      -1.012474065991e-16 
 1286       1.000401356011e-10       4.075968331970e-12      -2.997898168903e-12       1.155617550831e-14       2.170754238241e-15       3.936186299510e-16      -1.013663822483e-16 
 1287       9.983061715447e-11       4.082084244692e-12      -3.092514744487e-12       1.154650653917e-14       2.164159926689e-15       3.980934646046e-16      -1.014715252946e-16 
 1288       9.962907630565e-11       4.087717885540e-12      -3.187328391380e-12       1.153691139562e-14       2.157590539444e-15       4.025514615754e-16      -1.015629071670e-16 
 1289       9.943550114520e-11       4.092867334172e-12      -3.282296030699e-12       1.152739141720e-14       2.151045963429e-15       4.069860092643e-16      -1.016406000396e-16 
 1290       9.924987950309e-11       4.097530668880e-12      -3.377374316045e-12       1.151794794921e-14       2.144526083934e-15       4.113904555871e-16      -1.017046768327e-16 
 1291       9.907219894791e-11       4.101705966598e-12      -3.472519632982e-12       1.150858234274e-14       2.138030784609e-15       4.157581078964e-16      -1.017552112153e-16 
 1292       9.890244678637e-11       4.105391302903e-12      -3.567688098528e-12       1.149929595468e-14       2.131559947465e-15       4.200822329040e-16      -1.017922776060e-16 
 1293       9.874061006256e-11       4.108584752023e-12      -3.662835560628e-12       1.149009014771e-14       2.125113452868e-15       4.243560566022e-16      -1.018159511753e-16 
 1294       9.858667555739e-11       4.111284386834e-12      -3.757917597647e-12       1.148096629033e-14       2.118691179536e-15       4.285727641862e-16      -1.018263078465e-16 
 1295       9.844062978792e-11       4.113488278874e-12      -3.852889517842e-12       1.147192575685e-14       2.112293004530e-15       4.327254999762e-16      -1.018234242979e-16 
 1296       9.830245900676e-11       4.115194498337e-12      -3.947706358856e-12       1.146296992742e-14       2.105918803259e-15       4.368073673387e-16      -1.018073779643e-16 
 1297       9.817214920140e-11       4.116401114086e-12      -4.042322887190e-12       1.145410018801e-14       2.099568449468e-15       4.408114286091e-16      -1.017782470386e-16 
 1298       9.804968609362e-11       4.117106193650e-12      -4.136693597694e-12       1.144531793046e-14       2.093241815239e-15       4.447307050134e-16      -1.017361104733e-16 
 1299       9.793505513884e-11       4.117307803235e-12      -4.230772713046e-12       1.143662455245e-14       2.086938770986e-15       4.485581765900e-16      -1.016810479824e-16 
 1300       9.782824152547e-11       4.117004007721e-12      -4.324514183234e-12       1.142802145753e-14       2.080659185448e-15       4.522867821118e-16      -1.016131400430e-16 
 1301       9.772923017431e-11       4.116192870673e-12      -4.417871685042e-12       1.141951005512e-14       2.074402925690e-15       4.559094190084e-16      -1.015324678967e-16 
 1302       9.763800573790e-11       4.114872454338e-12      -4.510798621529e-12       1.141109176052e-14       2.068169857097e-15       4.594189432876e-16      -1.014391135514e-16 
 1303       9.755455259991e-11       4.113040819658e-12      -4.603248121516e-12       1.140276799495e-14       2.061959843367e-15       4.628081694576e-16      -1.013331597830e-16 
 1304       9.747885487447e-11       4.110696026264e-12      -4.695173039064e-12       1.139454018549e-14       2.055772746513e-15       4.660698704488e-16      -1.012146901371e-16 
 1305       9.741089640559e-11       4.107836132491e-12      -4.786525952961e-12       1.138640976517e-14       2.049608426855e-15       4.691967775360e-16      -1.010837889302e-16 
 1306       9.735066076647e-11       4.104459195372e-12      -4.877259166201e-12       1.137837817292e-14       2.043466743016e-15       4.721815802602e-16      -1.009405412520e-16 
 1307       9.729811643824e-11       4.100564427822e-12      -4.967328494424e-12       1.137044654894e-14       2.037347564875e-15       4.750189447514e-16      -1.007850382768e-16 
 1308       9.725317216578e-11       4.096155684320e-12      -5.056704678640e-12       1.136261481709e-14       2.031250812586e-15       4.777115935622e-16      -1.006173932618e-16 
 1309       9.721572110118e-11       4.091238014227e-12      -5.145362099140e-12       1.135488259225e-14       2.025176417988e-15       4.802642936912e-16      -1.004377257312e-16 
 1310       9.718565557751e-11       4.085816508234e-12      -5.233274997882e-12       1.134724948404e-14       2.019124311684e-15       4.826818444156e-16      -1.002461561844e-16 
 1311       9.716286710709e-11       4.079896298448e-12      -5.320417478230e-12       1.133971509679e-14       2.013094423040e-15       4.849690773551e-16      -1.000428060974e-16 
 1312       9.714724637986e-11       4.073482558477e-12      -5.406763504709e-12       1.133227902958e-14       2.007086680181e-15       4.871308565356e-16      -9.982779792538e-17 
 1313       9.713868326168e-11       4.066580503515e-12      -5.492286902753e-12       1.132494087616e-14       2.001101009990e-15       4.891720784526e-16      -9.960125510457e-17 
 1314       9.713706679267e-11       4.059195390431e-12      -5.576961358452e-12       1.131770022498e-14       1.995137338101e-15       4.910976721349e-16      -9.936330205411e-17 
 1315       9.714228518555e-11       4.051332517848e-12      -5.660760418300e-12       1.131055665917e-14       1.989195588902e-15       4.929125992082e-16      -9.911406417818e-17 
 1316       9.715422582393e-11       4.042997226234e-12      -5.743657488948e-12       1.130350975653e-14       1.983275685524e-15       4.946218539588e-16      -9.885366786801e-17 
 1317       9.717277526071e-11       4.034194897985e-12      -5.825625836948e-12       1.129655908951e-14       1.977377549847e-15       4.962304633973e-16      -9.858224050385e-17 
 1318       9.719781921632e-11       4.024930957511e-12      -5.906638588505e-12       1.128970422518e-14       1.971501102490e-15       4.977434873220e-16      -9.829991045701e-17 
 1319       9.722924257712e-11       4.015210871320e-12      -5.986668729223e-12       1.128294472526e-14       1.965646262810e-15       4.991660183828e-16      -9.800680709188e-17 
 1320       9.726692939369e-11       4.005040148106e-12      -6.065689103855e-12       1.127628014610e-14       1.959812948900e-15       5.005031821446e-16      -9.770306076790e-17 
 1321       9.731076287917e-11       3.994424338831e-12      -6.143672416055e-12       1.126971003861e-14       1.954001077587e-15       5.017601371510e-16      -9.738880284163e-17 
 1322       9.736062540760e-11       3.983369036815e-12      -6.220591228119e-12       1.126323394833e-14       1.948210564425e-15       5.029420749881e-16      -9.706416566871e-17 
 1323       9.741639851221e-11       3.971879877817e-12      -6.296417960742e-12       1.125685141538e-14       1.942441323697e-15       5.040542203479e-16      -9.672928260591e-17 
 1324       9.747796288380e-11       3.959962540122e-12      -6.371124892760e-12       1.125056197441e-14       1.936693268407e-15       5.051018310921e-16      -9.638428801311e-17 
 1325       9.754519836905e-11       3.947622744626e-12      -6.444684160905e-12       1.124436515466e-14       1.930966310282e-15       5.060901983154e-16      -9.602931725533e-17 
 1326       9.761798396881e-11       3.934866254924e-12      -6.517067759548e-12       1.123826047990e-14       1.925260359763e-15       5.070246464096e-16      -9.566450670475e-17 
 1327       9.769619783649e-11       3.921698877392e-12      -6.588247540450e-12       1.123224746844e-14       1.919575326009e-15       5.079105331271e-16      -9.528999374271e-17 
 1328       9.777971727635e-11       3.908126461274e-12      -6.658195212514e-12       1.122632563309e-14       1.913911116888e-15       5.087532496442e-16      -9.490591676170e-17 
 1329       9.786841874183e-11       3.894154898766e-12      -6.726882341527e-12       1.122049448118e-14       1.908267638979e-15       5.095582206251e-16      -9.451241516743e-17 
 1330       9.796217783391e-11       3.879790125104e-12      -6.794280349915e-12       1.121475351454e-14       1.902644797563e-15       5.103309042853e-16      -9.410962938078e-17 
 1331       9.806086929938e-11       3.865038118648e-12      -6.860360516487e-12       1.120910222946e-14       1.897042496626e-15       5.110767924556e-16      -9.369770083985e-17 
 1332       9.816436702923e-11       3.849904900965e-12      -6.925093976188e-12       1.120354011672e-14       1.891460638852e-15       5.118014106450e-16      -9.327677200196e-17 
 1333       9.827254405695e-11       3.834396536919e-12      -6.988451719843e-12       1.119806666154e-14       1.885899125623e-15       5.125103181053e-16      -9.284698634566e-17 
 1334       9.838527255686e-11       3.818519134754e-12      -7.050404593910e-12       1.119268134359e-14       1.880357857014e-15       5.132091078939e-16      -9.240848837274e-17 
 1335       9.850242384242e-11       3.802278846178e-12      -7.110923300228e-12       1.118738363700e-14       1.874836731789e-15       5.139034069379e-16      -9.196142361027e-17 
 1336       9.862386836461e-11       3.785681866452e-12      -7.169978395762e-12       1.118217301027e-14       1.869335647401e-15       5.145988760973e-16      -9.150593861255e-17 
 1337       9.874947571019e-11       3.768734434470e-12      -7.227540292356e-12       1.117704892635e-14       1.863854499986e-15       5.153012102294e-16      -9.104218096319e-17 
 1338       9.887911460010e-11       3.751442832852e-12      -7.283579256480e-12       1.117201084257e-14       1.858393184363e-15       5.160161382515e-16      -9.057029927708e-17 
 1339       9.901265288774e-11       3.733813388021e-12      -7.338065408979e-12       1.116705821063e-14       1.852951594029e-15       5.167494232052e-16      -9.009044320242e-17 
 1340       9.914995755730e-11       3.715852470296e-12      -7.390968724822e-12       1.116219047664e-14       1.847529621155e-15       5.175068623198e-16      -8.960276342272e-17 
 1341       9.929089472211e-11       3.697566493970e-12      -7.442259032850e-12       1.115740708102e-14       1.842127156586e-15       5.182942870758e-16      -8.910741165881e-17 
 1342       9.943532962297e-11       3.678961917403e-12      -7.491906015524e-12       1.115270745858e-14       1.836744089836e-15       5.191175632688e-16      -8.860454067089e-17 
 1343       9.958312662645e-11       3.660045243102e-12      -7.539879208676e-12       1.114809103844e-14       1.831380309086e-15       5.199825910730e-16      -8.809430426047e-17 
 1344       9.973414922324e-11       3.640823017807e-12      -7.586148001256e-12       1.114355724404e-14       1.826035701179e-15       5.208953051047e-16      -8.757685727246e-17 
 1345       9.988826002649e-11       3.621301832580e-12      -7.630681635082e-12       1.113910549316e-14       1.820710151619e-15       5.218616744861e-16      -8.705235559712e-17 
 1346       1.000453221715e-10       3.601488584539e-12      -7.673454321464e-12       1.113473503855e-14       1.815403554791e-15       5.228860760715e-16      -8.652094636178e-17 
 1347       1.002052035350e-10       3.581391265018e-12      -7.714460652412e-12       1.113044448818e-14       1.810115844748e-15       5.239663946601e-16      -8.598273838523e-17 
 1348       1.003677725585e-10       3.561018180141e-12      -7.753700356345e-12       1.112623227981e-14       1.804846964754e-15       5.250988696812e-16      -8.543783140632e-17 
 1349       1.005328968491e-10       3.540377690047e-12      -7.791173196493e-12       1.112209683973e-14       1.799596857083e-15       5.262797171590e-16      -8.488632586660e-17 
 1350       1.007004431785e-10       3.519478208996e-12      -7.826878970985e-12       1.111803658281e-14       1.794365463025e-15       5.275051296683e-16      -8.432832291164e-17 
 1351       1.008702774809e-10       3.498328205468e-12      -7.860817512932e-12       1.111404991241e-14       1.789152722876e-15       5.287712762903e-16      -8.376392439238e-17 
 1352       1.010422648518e-10       3.476936202268e-12      -7.892988690522e-12       1.111013522040e-14       1.783958575940e-15       5.300743025687e-16      -8.319323286655e-17 
 1353       1.012162695461e-10       3.455310776628e-12      -7.923392407099e-12       1.110629088713e-14       1.778782960527e-15       5.314103304658e-16      -8.261635159997e-17 
 1354       1.013921549767e-10       3.433460560309e-12      -7.952028601257e-12       1.110251528140e-14       1.773625813947e-15       5.327754583181e-16      -8.203338456794e-17 
 1355       1.015697837130e-10       3.411394239706e-12      -7.978897246922e-12       1.109880676042e-14       1.768487072511e-15       5.341657607926e-16      -8.144443645661e-17 
 1356       1.017490174790e-10       3.389120555947e-12      -8.003998353444e-12       1.109516366984e-14       1.763366671529e-15       5.355772888426e-16      -8.084961266432e-17 
 1357       1.019297171522e-10       3.366648305000e-12      -8.027331965683e-12       1.109158434367e-14       1.758264545303e-15       5.370060696636e-16      -8.024901930299e-17 
 1358       1.021117427615e-10       3.343986337773e-12      -8.048898164095e-12       1.108806710428e-14       1.753180627131e-15       5.384481066494e-16      -7.964276319947e-17 
 1359       1.022949534861e-10       3.321143560216e-12      -8.068697064819e-12       1.108461026239e-14       1.748114849301e-15       5.398993793480e-16      -7.903095189689e-17 
 1360       1.024792076536e-10       3.298128933428e-12      -8.086728819767e-12       1.108121211703e-14       1.743067143088e-15       5.413558434175e-16      -7.841369365604e-17 
 1361       1.026643627384e-10       3.274951473753e-12      -8.102993616712e-12       1.107787095553e-14       1.738037438754e-15       5.428134305820e-16      -7.779109745673e-17 
 1362       1.028502753605e-10       3.251620252890e-12      -8.117491679369e-12       1.107458505347e-14       1.733025665545e-15       5.442680485878e-16      -7.716327299913e-17 
 1363       1.030368012835e-10       3.228144397989e-12      -8.130223267490e-12       1.107135267470e-14       1.728031751687e-15       5.457155811592e-16      -7.653033070519e-17 
 1364       1.032237954132e-10       3.204533091759e-12      -8.141188676949e-12       1.106817207127e-14       1.723055624388e-15       5.471518879544e-16      -7.589238171992e-17 
 1365       1.034111117959e-10       3.180795572569e-12      -8.150388239825e-12       1.106504148347e-14       1.718097209829e-15       5.485728045216e-16      -7.524953791284e-17 
 1366       1.035986036172e-10       3.156941134549e-12      -8.157822324496e-12       1.106195913972e-14       1.713156433167e-15       5.499741422547e-16      -7.460191187925e-17 
 1367       1.037861231999e-10       3.132979127693e-12      -8.163491335722e-12       1.105892325663e-14       1.708233218532e-15       5.513516883496e-16      -7.394961694170e-17 
 1368       1.039735220027e-10       3.108918957966e-12      -8.167395714736e-12       1.105593203894e-14       1.703327489022e-15       5.527012057599e-16      -7.329276715124e-17 
 1369       1.041606506188e-10       3.084770087402e-12      -8.169535939325e-12       1.105298367947e-14       1.698439166704e-15       5.540184331531e-16      -7.263147728888e-17 
 1370       1.043473587739e-10       3.060542034206e-12      -8.169912523927e-12       1.105007635918e-14       1.693568172609e-15       5.552990848661e-16      -7.196586286688e-17 
 1371       1.045334953249e-10       3.036244372863e-12      -8.168526019707e-12       1.104720824705e-14       1.688714426731e-15       5.565388508617e-16      -7.129604013016e-17 
 1372       1.047189082582e-10       3.011886734232e-12      -8.165377014656e-12       1.104437750012e-14       1.683877848024e-15       5.577333966843e-16      -7.062212605764e-17 
 1373       1.049034446882e-10       2.987478805658e-12      -8.160466133669e-12       1.104158226344e-14       1.679058354401e-15       5.588783634158e-16      -6.994423836360e-17 
 1374       1.050869508559e-10       2.963030331067e-12      -8.153794038638e-12       1.103882067008e-14       1.674255862730e-15       5.599693676315e-16      -6.926249549907e-17 
 1375       1.052692721267e-10       2.938551111073e-12      -8.145361428536e-12       1.103609084105e-14       1.669470288833e-15       5.610020013564e-16      -6.857701665315e-17 
 1376       1.054502529896e-10       2.914051003078e-12      -8.135169039508e-12       1.103339088533e-14       1.664701547483e-15       5.619718320209e-16      -6.788792175441e-17 
 1377       1.056297370551e-10       2.889539921379e-12      -8.123217644954e-12       1.103071889984e-14       1.659949552401e-15       5.628744024166e-16      -6.719533147223e-17 
 1378       1.058075670539e-10       2.865027837265e-12      -8.109508055620e-12       1.102807296938e-14       1.655214216257e-15       5.637052306526e-16      -6.649936721818e-17 
 1379       1.059835848351e-10       2.840524779123e-12      -8.094041119686e-12       1.102545116664e-14       1.650495450660e-15       5.644598101114e-16      -6.580015114737e-17 
 1380       1.061576313647e-10       2.816040832544e-12      -8.076817722847e-12       1.102285155218e-14       1.645793166167e-15       5.651336094045e-16      -6.509780615980e-17 
 1381       1.063295467241e-10       2.791586140417e-12      -8.057838788408e-12       1.102027217439e-14       1.641107272271e-15       5.657220723287e-16      -6.439245590176e-17 
 1382       1.064991701085e-10       2.767170903039e-12      -8.037105277369e-12       1.101771106948e-14       1.636437677402e-15       5.662206178221e-16      -6.368422476717e-17 
 1383       1.066663398252e-10       2.742805378217e-12      -8.014618188509e-12       1.101516626143e-14       1.631784288925e-15       5.666246399199e-16      -6.297323789893e-17 
 1384       1.068308932922e-10       2.718499881367e-12      -7.990378558478e-12       1.101263576202e-14       1.627147013140e-15       5.669295077102e-16      -6.225962119030e-17 
 1385       1.069926813078e-10       2.694264122300e-12      -7.964390900396e-12       1.101011762936e-14       1.622525763545e-15       5.671317100204e-16      -6.154349308664e-17 
 1386       1.071516110274e-10       2.670105207708e-12      -7.936673559205e-12       1.100761014438e-14       1.617920485750e-15       5.672323027875e-16      -6.082493989320e-17 
 1387       1.073076034374e-10       2.646029617790e-12      -7.907248465827e-12       1.100511163618e-14       1.613331132825e-15       5.672334979986e-16      -6.010404020931e-17 
 1388       1.074605791245e-10       2.622043867722e-12      -7.876137708873e-12       1.100262042358e-14       1.608757657050e-15       5.671375222908e-16      -5.938087310525e-17 
 1389       1.076104582745e-10       2.598154507714e-12      -7.843363534943e-12       1.100013481509e-14       1.604200009914e-15       5.669466169789e-16      -5.865551812302e-17 
 1390       1.077571606724e-10       2.574368123076e-12      -7.808948348931e-12       1.099765310889e-14       1.599658142112e-15       5.666630380828e-16      -5.792805527726e-17 
 1391       1.079006057010e-10       2.550691334277e-12      -7.772914714327e-12       1.099517359283e-14       1.595132003546e-15       5.662890563547e-16      -5.719856505608e-17 
 1392       1.080407123405e-10       2.527130797005e-12      -7.735285353517e-12       1.099269454438e-14       1.590621543320e-15       5.658269573072e-16      -5.646712842188e-17 
 1393       1.081773991679e-10       2.503693202231e-12      -7.696083148089e-12       1.099021423064e-14       1.586126709740e-15       5.652790412404e-16      -5.573382681225e-17 
 1394       1.083105843562e-10       2.480385276269e-12      -7.655331139132e-12       1.098773090831e-14       1.581647450313e-15       5.646476232696e-16      -5.499874214078e-17 
 1395       1.084401856737e-10       2.457213780835e-12      -7.613052527539e-12       1.098524282366e-14       1.577183711740e-15       5.639350333527e-16      -5.426195679793e-17 
 1396       1.085661204835e-10       2.434185513113e-12      -7.569270674312e-12       1.098274821252e-14       1.572735439924e-15       5.631436163177e-16      -5.352355365186e-17 
 1397       1.086883057424e-10       2.411307305812e-12      -7.524009100861e-12       1.098024530028e-14       1.568302579956e-15       5.622757318905e-16      -5.278361604933e-17 
 1398       1.088066580007e-10       2.388586027228e-12      -7.477291489309e-12       1.097773230184e-14       1.563885076125e-15       5.613337547221e-16      -5.204222781647e-17 
 1399       1.089210934012e-10       2.366028581310e-12      -7.429141682790e-12       1.097520742159e-14       1.559482871908e-15       5.603200744161e-16      -5.129947325971e-17 
 1400       1.090315276787e-10       2.343641907712e-12      -7.379583685758e-12       1.097266885344e-14       1.555095909970e-15       5.592370955565e-16      -5.055543716657e-17 
 1401       1.091378761590e-10       2.321432981863e-12      -7.328641664284e-12       1.097011478072e-14       1.550724132165e-15       5.580872377349e-16      -4.981020480655e-17 
 1402       1.092400537586e-10       2.299408815025e-12      -7.276339946361e-12       1.096754337625e-14       1.546367479532e-15       5.568729355784e-16      -4.906386193196e-17 
 1403       1.093379749839e-10       2.277576454352e-12      -7.222703022204e-12       1.096495280224e-14       1.542025892293e-15       5.555966387767e-16      -4.831649477878e-17 
 1404       1.094315539303e-10       2.255942982956e-12      -7.167755544554e-12       1.096234121034e-14       1.537699309851e-15       5.542608121098e-16      -4.756819006748e-17 
 1405       1.095207042818e-10       2.234515519962e-12      -7.111522328982e-12       1.095970674156e-14       1.533387670790e-15       5.528679354756e-16      -4.681903500393e-17 
 1406       1.096053393100e-10       2.213301220577e-12      -7.054028354188e-12       1.095704752630e-14       1.529090912872e-15       5.514205039172e-16      -4.606911728019e-17 
 1407       1.096853718738e-10       2.192307276144e-12      -6.995298762304e-12       1.095436168430e-14       1.524808973034e-15       5.499210276507e-16      -4.531852507540e-17 
 1408       1.097607144185e-10       2.171540914207e-12      -6.935358859198e-12       1.095164732464e-14       1.520541787389e-15       5.483720320926e-16      -4.456734705659e-17 
 1409       1.098312789750e-10       2.151009398573e-12      -6.874234114777e-12       1.094890254570e-14       1.516289291221e-15       5.467760578870e-16      -4.381567237959e-17 
 1410       1.098969771593e-10       2.130720029370e-12      -6.811950163286e-12       1.094612543515e-14       1.512051418987e-15       5.451356609338e-16      -4.306359068982e-17 
 1411       1.099577201718e-10       2.110680143111e-12      -6.748532803611e-12       1.094331406997e-14       1.507828104311e-15       5.434534124153e-16      -4.231119212316e-17 
 1412       1.100134187964e-10       2.090897112754e-12      -6.684007999586e-12       1.094046651635e-14       1.503619279985e-15       5.417318988248e-16      -4.155856730683e-17 
 1413       1.100639834002e-10       2.071378347765e-12      -6.618401880289e-12       1.093758082974e-14       1.499424877965e-15       5.399737219931e-16      -4.080580736019e-17 
 1414       1.101093239325e-10       2.052131294175e-12      -6.551740740348e-12       1.093465505479e-14       1.495244829374e-15       5.381814991166e-16      -4.005300389563e-17 
 1415       1.101493499242e-10       2.033163434647e-12      -6.484051040243e-12       1.093168722538e-14       1.491079064493e-15       5.363578627848e-16      -3.930024901940e-17 
 1416       1.101839704870e-10       2.014482288532e-12      -6.415359406608e-12       1.092867536453e-14       1.486927512766e-15       5.345054610076e-16      -3.854763533246e-17 
 1417       1.102130943130e-10       1.996095411935e-12      -6.345692632532e-12       1.092561748445e-14       1.482790102792e-15       5.326269572428e-16      -3.779525593133e-17 
 1418       1.102366296738e-10       1.978010397771e-12      -6.275077677864e-12       1.092251158647e-14       1.478666762329e-15       5.307250304239e-16      -3.704320440897e-17 
 1419       1.102544844199e-10       1.960234875831e-12      -6.203541669513e-12       1.091935566104e-14       1.474557418288e-15       5.288023749873e-16      -3.629157485558e-17 
 1420       1.102665659798e-10       1.942776512842e-12      -6.131111901752e-12       1.091614768773e-14       1.470461996734e-15       5.268617009001e-16      -3.554046185948e-17 
 1421       1.102727813598e-10       1.925643012525e-12      -6.057815836518e-12       1.091288563518e-14       1.466380422881e-15       5.249057336873e-16      -3.478996050797e-17 
 1422       1.102730371426e-10       1.908842115661e-12      -5.983681103719e-12       1.090956746110e-14       1.462312621095e-15       5.229372144596e-16      -3.404016638813e-17 
 1423       1.102672394874e-10       1.892381600149e-12      -5.908735501529e-12       1.090619111223e-14       1.458258514886e-15       5.209588999409e-16      -3.329117558774e-17 
 1424       1.102553113485e-10       1.876268181129e-12      -5.833007108662e-12       1.090275473962e-14       1.454218033622e-15       5.189731809145e-16      -3.254307872561e-17 
 1425       1.102372443291e-10       1.860504198864e-12      -5.756524621807e-12       1.089925734676e-14       1.450191132730e-15       5.169809332208e-16      -3.179594297395e-17 
 1426       1.102130473587e-10       1.845090896961e-12      -5.679317022261e-12       1.089569814804e-14       1.446177773694e-15       5.149826550145e-16      -3.104982985305e-17 
 1427       1.101827295220e-10       1.830029519227e-12      -5.601413464580e-12       1.089207635411e-14       1.442177917369e-15       5.129788472794e-16      -3.030480118555e-17 
 1428       1.101463000597e-10       1.815321309660e-12      -5.522843276893e-12       1.088839117185e-14       1.438191523972e-15       5.109700138334e-16      -2.956091909690e-17 
 1429       1.101037683679e-10       1.800967512446e-12      -5.443635961210e-12       1.088464180435e-14       1.434218553085e-15       5.089566613340e-16      -2.881824601583e-17 
 1430       1.100551439992e-10       1.786969371957e-12      -5.363821193730e-12       1.088082745095e-14       1.430258963654e-15       5.069392992826e-16      -2.807684467493e-17 
 1431       1.100004366629e-10       1.773328132746e-12      -5.283428825152e-12       1.087694730720e-14       1.426312713983e-15       5.049184400297e-16      -2.733677811105e-17 
 1432       1.099396562248e-10       1.760045039544e-12      -5.202488880983e-12       1.087300056483e-14       1.422379761739e-15       5.028945987799e-16      -2.659810966588e-17 
 1433       1.098728127084e-10       1.747121337254e-12      -5.121031561845e-12       1.086898641183e-14       1.418460063945e-15       5.008682935967e-16      -2.586090298639e-17 
 1434       1.097999162944e-10       1.734558270950e-12      -5.039087243787e-12       1.086490403233e-14       1.414553576982e-15       4.988400454078e-16      -2.512522202534e-17 
 1435       1.097209773217e-10       1.722357085872e-12      -4.956686478592e-12       1.086075260669e-14       1.410660256587e-15       4.968103780096e-16      -2.439113104181e-17 
 1436       1.096360062870e-10       1.710519027421e-12      -4.873859994088e-12       1.085653131143e-14       1.406780057850e-15       4.947798180723e-16      -2.365869460165e-17 
 1437       1.095450138461e-10       1.699045341158e-12      -4.790638694452e-12       1.085223931926e-14       1.402912935214e-15       4.927488951451e-16      -2.292797757800e-17 
 1438       1.094480108133e-10       1.687937272798e-12      -4.707053660528e-12       1.084787579907e-14       1.399058842473e-15       4.907181416607e-16      -2.219904515180e-17 
 1439       1.093450081622e-10       1.677196068207e-12      -4.623136150125e-12       1.084343991590e-14       1.395217732772e-15       4.886880929409e-16      -2.147196281226e-17 
 1440       1.092360170261e-10       1.666822973398e-12      -4.538917598335e-12       1.083893083094e-14       1.391389558603e-15       4.866592872007e-16      -2.074679635735e-17 
 1441       1.091210486981e-10       1.656819234525e-12      -4.454429617837e-12       1.083434770157e-14       1.387574271806e-15       4.846322655541e-16      -2.002361189436e-17 
 1442       1.090001146314e-10       1.647186097886e-12      -4.369703999209e-12       1.082968968128e-14       1.383771823566e-15       4.826075720183e-16      -1.930247584032e-17 
 1443       1.088732264400e-10       1.637924809911e-12      -4.284772711232e-12       1.082495591972e-14       1.379982164412e-15       4.805857535193e-16      -1.858345492254e-17 
 1444       1.087403958986e-10       1.629036617162e-12      -4.199667901206e-12       1.082014556265e-14       1.376205244218e-15       4.785673598964e-16      -1.786661617909e-17 
 1445       1.086016349431e-10       1.620522766331e-12      -4.114421895254e-12       1.081525775199e-14       1.372441012196e-15       4.765529439074e-16      -1.715202695930e-17 
 1446       1.084569556711e-10       1.612384504232e-12      -4.029067198630e-12       1.081029162575e-14       1.368689416901e-15       4.745430612333e-16      -1.643975492429e-17 
 1447       1.083063703420e-10       1.604623077802e-12      -3.943636496034e-12       1.080524631807e-14       1.364950406224e-15       4.725382704836e-16      -1.572986804740e-17 
 1448       1.081498913773e-10       1.597239734093e-12      -3.858162651915e-12       1.080012095921e-14       1.361223927394e-15       4.705391332010e-16      -1.502243461474e-17 
 1449       1.079875313612e-10       1.590235720269e-12      -3.772678710782e-12       1.079491467550e-14       1.357509926978e-15       4.685462138663e-16      -1.431752322568e-17 
 1450       1.078193030408e-10       1.583612283604e-12      -3.687217897514e-12       1.078962658938e-14       1.353808350874e-15       4.665600799036e-16      -1.361520279332e-17 
 1451       1.076452193262e-10       1.577370671478e-12      -3.601813617667e-12       1.078425581939e-14       1.350119144314e-15       4.645813016850e-16      -1.291554254502e-17 
 1452       1.074652932912e-10       1.571512131372e-12      -3.516499457785e-12       1.077880148014e-14       1.346442251863e-15       4.626104525359e-16      -1.221861202287e-17 
 1453       1.072795381735e-10       1.566037910864e-12      -3.431309185709e-12       1.077326268232e-14       1.342777617414e-15       4.606481087394e-16      -1.152448108422e-17 
 1454       1.070879673749e-10       1.560949257626e-12      -3.346276750881e-12       1.076763853268e-14       1.339125184189e-15       4.586948495417e-16      -1.083321990212e-17 
 1455       1.068905944617e-10       1.556247419420e-12      -3.261436284662e-12       1.076192813405e-14       1.335484894740e-15       4.567512571569e-16      -1.014489896589e-17 
 1456       1.066874331652e-10       1.551933644096e-12      -3.176822100632e-12       1.075613058530e-14       1.331856690940e-15       4.548179167721e-16      -9.459589081567e-18 
 1457       1.064784973817e-10       1.548009179584e-12      -3.092468694905e-12       1.075024498136e-14       1.328240513991e-15       4.528954165520e-16      -8.777361372399e-18 
 1458       1.062638011734e-10       1.544475273893e-12      -3.008410746434e-12       1.074427041321e-14       1.324636304416e-15       4.509843476442e-16      -8.098287279377e-18 
 1459       1.060433587680e-10       1.541333175109e-12      -2.924683117324e-12       1.073820596785e-14       1.321044002058e-15       4.490853041839e-16      -7.422438561704e-18 
 1460       1.058171845594e-10       1.538584131387e-12      -2.841320853138e-12       1.073205072831e-14       1.317463546084e-15       4.471988832991e-16      -6.749887297302e-18 
 1461       1.055852931082e-10       1.536229390949e-12      -2.758359183205e-12       1.072580377368e-14       1.313894874977e-15       4.453256851154e-16      -6.080705883310e-18 
 1462       1.053476991419e-10       1.534270202083e-12      -2.675833520932e-12       1.071946417903e-14       1.310337926538e-15       4.434663127610e-16      -5.414967036574e-18 
 1463       1.051044280724e-10       1.532706942975e-12      -2.593776705500e-12       1.071303124529e-14       1.306792643159e-15       4.416210023361e-16      -4.752735926823e-18 
 1464       1.048555476640e-10       1.531536501712e-12      -2.512210696163e-12       1.070650519131e-14       1.303258987703e-15       4.397885087660e-16      -4.094046489130e-18 
 1465       1.046011366827e-10       1.530754870084e-12      -2.431154795528e-12       1.069988646868e-14       1.299736927780e-15       4.379672088198e-16      -3.438924875631e-18 
 1466       1.043412744089e-10       1.530358011309e-12      -2.350628400794e-12       1.069317553253e-14       1.296226430483e-15       4.361554701192e-16      -2.787397301425e-18 
 1467       1.040760406376e-10       1.530341859986e-12      -2.270651003899e-12       1.068637284158e-14       1.292727462394e-15       4.343516511232e-16      -2.139490044626e-18 
 1468       1.038055156800e-10       1.530702322038e-12      -2.191242191680e-12       1.067947885809e-14       1.289239989572e-15       4.325541011118e-16      -1.495229446421e-18 
 1469       1.035297803640e-10       1.531435274660e-12      -2.112421646025e-12       1.067249404790e-14       1.285763977562e-15       4.307611601703e-16      -8.546419111249e-19 
 1470       1.032489160354e-10       1.532536566269e-12      -2.034209144027e-12       1.066541888043e-14       1.282299391389e-15       4.289711591738e-16      -2.177539062396e-19 
 1471       1.029630045586e-10       1.534002016450e-12      -1.956624558139e-12       1.065825382869e-14       1.278846195556e-15       4.271824197712e-16       4.154080374928e-19 
 1472       1.026721283175e-10       1.535827415904e-12      -1.879687856329e-12       1.065099936926e-14       1.275404354047e-15       4.253932543695e-16       1.044817326033e-18 
 1473       1.023763702166e-10       1.538008526392e-12      -1.803419102233e-12       1.064365598233e-14       1.271973830320e-15       4.236019661178e-16       1.670447301986e-18 
 1474       1.020758136820e-10       1.540541080688e-12      -1.727838455311e-12       1.063622415170e-14       1.268554587314e-15       4.218068488920e-16       2.292271244551e-18 
 1475       1.017705426619e-10       1.543420782524e-12      -1.652966171000e-12       1.062870436477e-14       1.265146587438e-15       4.200061872785e-16       2.910262369458e-18 
 1476       1.014606416281e-10       1.546643306534e-12      -1.578822600870e-12       1.062109711256e-14       1.261749792578e-15       4.181982565586e-16       3.524393828915e-18 
 1477       1.011461955762e-10       1.550204298209e-12      -1.505428192777e-12       1.061340288973e-14       1.258364164094e-15       4.163813226930e-16       4.134638711554e-18 
 1478       1.008272900273e-10       1.554099373838e-12      -1.432803491018e-12       1.060562219453e-14       1.254989662815e-15       4.145536423055e-16       4.740970042372e-18 
 1479       1.005040110284e-10       1.558324120456e-12      -1.360969136486e-12       1.059775552888e-14       1.251626249041e-15       4.127134626677e-16       5.343360782673e-18 
 1480       1.001764451534e-10       1.562874095795e-12      -1.289945866821e-12       1.058980339833e-14       1.248273882544e-15       4.108590216829e-16       5.941783830018e-18 
 1481       9.984467950424e-11       1.567744828229e-12      -1.219754516570e-12       1.058176631209e-14       1.244932522562e-15       4.089885478704e-16       6.536212018162e-18 
 1482       9.950880171158e-11       1.572931816723e-12      -1.150416017338e-12       1.057364478301e-14       1.241602127803e-15       4.071002603500e-16       7.126618117003e-18 
 1483       9.916889993584e-11       1.578430530778e-12      -1.081951397942e-12       1.056543932762e-14       1.238282656437e-15       4.051923688256e-16       7.712974832524e-18 
 1484       9.882506286809e-11       1.584236410379e-12      -1.014381784567e-12       1.055715046609e-14       1.234974066103e-15       4.032630735700e-16       8.295254806735e-18 
 1485       9.847737973097e-11       1.590344865945e-12      -9.477284009194e-13       1.054877872230e-14       1.231676313903e-15       4.013105654090e-16       8.873430617620e-18 
 1486       9.812594027965e-11       1.596751278275e-12      -8.820125683822e-13       1.054032462379e-14       1.228389356400e-15       3.993330257053e-16       9.447474779078e-18 
 1487       9.777083480267e-11       1.603450998493e-12      -8.172557061685e-13       1.053178870179e-14       1.225113149622e-15       3.973286263431e-16       1.001735974087e-17 
 1488       9.741215412295e-11       1.610439347999e-12      -7.534793314766e-13       1.052317149123e-14       1.221847649055e-15       3.952955297120e-16       1.058305788856e-17 
 1489       9.704998959864e-11       1.617711618416e-12      -6.907050596442e-13       1.051447353075e-14       1.218592809645e-15       3.932318886916e-16       1.114454154346e-17 
 1490       9.668443312409e-11       1.625263071534e-12      -6.289546043028e-13       1.050569536267e-14       1.215348585798e-15       3.911358466354e-16       1.170178296258e-17 
 1491       9.631557713076e-11       1.633088939263e-12      -5.682497775318e-13       1.049683753305e-14       1.212114931375e-15       3.890055373551e-16       1.225475433855e-17 
 1492       9.594351458810e-11       1.641184423575e-12      -5.086124900137e-13       1.048790059166e-14       1.208891799695e-15       3.868390851048e-16       1.280342779959e-17 
 1493       9.556833900454e-11       1.649544696455e-12      -4.500647511876e-13       1.047888509200e-14       1.205679143531e-15       3.846346045654e-16       1.334777540945e-17 
 1494       9.519014442835e-11       1.658164899846e-12      -3.926286694041e-13       1.046979159130e-14       1.202476915111e-15       3.823902008284e-16       1.388776916733e-17 
 1495       9.480902544861e-11       1.667040145601e-12      -3.363264520798e-13       1.046062065053e-14       1.199285066114e-15       3.801039693807e-16       1.442338100786e-17 
 1496       9.442507719609e-11       1.676165515423e-12      -2.811804058514e-13       1.045137283442e-14       1.196103547673e-15       3.777739960884e-16       1.495458280101e-17 
 1497       9.403839534419e-11       1.685536060820e-12      -2.272129367302e-13       1.044204871143e-14       1.192932310370e-15       3.753983571811e-16       1.548134635206e-17 
 1498       9.364907610987e-11       1.695146803048e-12      -1.744465502566e-13       1.043264885380e-14       1.189771304237e-15       3.729751192361e-16       1.600364340151e-17 
 1499       9.325721625454e-11       1.704992733058e-12      -1.229038516545e-13       1.042317383752e-14       1.186620478754e-15       3.705023391629e-16       1.652144562509e-17 
 1500       9.286291308502e-11       1.715068811447e-12      -7.260754598559e-14       1.041362424237e-14       1.183479782849e-15       3.679780641868e-16       1.703472463361e-17 
 1501       9.246626445445e-11       1.725369968403e-12      -2.358043830387e-14       1.040400065189e-14       1.180349164895e-15       3.654003318339e-16       1.754345197298e-17 
 1502       9.206736799025e-11       1.735890909894e-12       2.415828243915e-14       1.039430376792e-14       1.177228577025e-15       3.627679357146e-16       1.804760099969e-17 
 1503       9.166631876808e-11       1.746625534273e-12       7.060423157473e-14       1.038453475530e-14       1.174117988115e-15       3.600827310656e-16       1.854715252734e-17 
 1504       9.126321161706e-11       1.757567509886e-12       1.157567491815e-13       1.037469490055e-14       1.171017370925e-15       3.573473516286e-16       1.904208923501e-17 
 1505       9.085814189159e-11       1.768710468256e-12       1.596151937663e-13       1.036478549763e-14       1.167926697795e-15       3.545644459124e-16       1.953239379668e-17 
 1506       9.045120547216e-11       1.780048004015e-12       2.021789423075e-13       1.035480784801e-14       1.164845940642e-15       3.517366772179e-16       2.001804888130e-17 
 1507       9.004249876625e-11       1.791573674847e-12       2.434473902980e-13       1.034476326064e-14       1.161775070964e-15       3.488667236633e-16       2.049903715286e-17 
 1508       8.963211870925e-11       1.803281001421e-12       2.834199517883e-13       1.033465305200e-14       1.158714059834e-15       3.459572782087e-16       2.097534127038e-17 
 1509       8.922016276528e-11       1.815163467329e-12       3.220960594298e-13       1.032447854607e-14       1.155662877901e-15       3.430110486811e-16       2.144694388799e-17 
 1510       8.880672892810e-11       1.827214519023e-12       3.594751645177e-13       1.031424107439e-14       1.152621495391e-15       3.400307577994e-16       2.191382765497e-17 
 1511       8.839191572202e-11       1.839427565756e-12       3.955567370345e-13       1.030394197603e-14       1.149589882104e-15       3.370191431992e-16       2.237597521578e-17 
 1512       8.797582220270e-11       1.851795979512e-12       4.303402656928e-13       1.029358259762e-14       1.146568007413e-15       3.339789574581e-16       2.283336921012e-17 
 1513       8.755854795811e-11       1.864313094950e-12       4.638252579785e-13       1.028316429338e-14       1.143555840265e-15       3.309129681201e-16       2.328599227295e-17 
 1514       8.714019310938e-11       1.876972209335e-12       4.960112401940e-13       1.027268842511e-14       1.140553349177e-15       3.278239577208e-16       2.373382703457e-17 
 1515       8.672085831165e-11       1.889766582481e-12       5.268977575013e-13       1.026215636218e-14       1.137560502239e-15       3.247147238123e-16       2.417685612063e-17 
 1516       8.630064475502e-11       1.902689436685e-12       5.564843739653e-13       1.025156948162e-14       1.134577267109e-15       3.215880789881e-16       2.461506215218e-17 
 1517       8.587965416533e-11       1.915733956664e-12       5.847706725966e-13       1.024092916805e-14       1.131603611016e-15       3.184468509081e-16       2.504842774572e-17 
 1518       8.545798880516e-11       1.928893289492e-12       6.117562553949e-13       1.023023681374e-14       1.128639500756e-15       3.152938823236e-16       2.547693551327e-17 
 1519       8.503575147461e-11       1.942160544541e-12       6.374407433920e-13       1.021949381859e-14       1.125684902694e-15       3.121320311017e-16       2.590056806234e-17 
 1520       8.461304551222e-11       1.955528793411e-12       6.618237766950e-13       1.020870159018e-14       1.122739782759e-15       3.089641702510e-16       2.631930799606e-17 
 1521       8.418997479585e-11       1.968991069874e-12       6.849050145294e-13       1.019786154377e-14       1.119804106449e-15       3.057931879461e-16       2.673313791317e-17 
 1522       8.376664374357e-11       1.982540369808e-12       7.066841352823e-13       1.018697510228e-14       1.116877838824e-15       3.026219875523e-16       2.714204040806e-17 
 1523       8.334315731451e-11       1.996169651133e-12       7.271608365454e-13       1.017604369635e-14       1.113960944509e-15       2.994534876511e-16       2.754599807086e-17 
 1524       8.291962100977e-11       2.009871833752e-12       7.463348351582e-13       1.016506876433e-14       1.111053387691e-15       2.962906220647e-16       2.794499348743e-17 
 1525       8.249614087329e-11       2.023639799485e-12       7.642058672513e-13       1.015405175228e-14       1.108155132121e-15       2.931363398810e-16       2.833900923944e-17 
 1526       8.207282349270e-11       2.037466392005e-12       7.807736882892e-13       1.014299411402e-14       1.105266141109e-15       2.899936054787e-16       2.872802790440e-17 
 1527       8.164977600026e-11       2.051344416780e-12       7.960380731137e-13       1.013189731109e-14       1.102386377528e-15       2.868653985520e-16       2.911203205571e-17 
 1528       8.122710607368e-11       2.065266641006e-12       8.099988159869e-13       1.012076281283e-14       1.099515803807e-15       2.837547141356e-16       2.949100426267e-17 
 1529       8.080492193706e-11       2.079225793545e-12       8.226557306344e-13       1.010959209631e-14       1.096654381937e-15       2.806645626298e-16       2.986492709059e-17 
 1530       8.038333236170e-11       2.093214564864e-12       8.340086502886e-13       1.009838664641e-14       1.093802073465e-15       2.775979698252e-16       3.023378310077e-17 
 1531       7.996244666703e-11       2.107225606968e-12       8.440574277312e-13       1.008714795583e-14       1.090958839493e-15       2.745579769276e-16       3.059755485058e-17 
 1532       7.954237472150e-11       2.121251533344e-12       8.528019353372e-13       1.007587752504e-14       1.088124640683e-15       2.715476405832e-16       3.095622489349e-17 
 1533       7.912322694340e-11       2.135284918890e-12       8.602420651174e-13       1.006457686237e-14       1.085299437248e-15       2.685700329032e-16       3.130977577911e-17 
 1534       7.870511430180e-11       2.149318299858e-12       8.663777287618e-13       1.005324748397e-14       1.082483188958e-15       2.656282414890e-16       3.165819005325e-17 
 1535       7.828814831740e-11       2.163344173791e-12       8.712088576828e-13       1.004189091384e-14       1.079675855134e-15       2.627253694569e-16       3.200145025795e-17 
 1536       7.787244106341e-11       2.177354999455e-12       8.747354030579e-13       1.003050868385e-14       1.076877394652e-15       2.598645354633e-16       3.233953893151e-17 
 1537       7.745810516645e-11       2.191343196782e-12       8.769573358734e-13       1.001910233374e-14       1.074087765936e-15       2.570488737292e-16       3.267243860858e-17 
 1538       7.704525380741e-11       2.205301146804e-12       8.778746469672e-13       1.000767341114e-14       1.071306926964e-15       2.542815340656e-16       3.300013182015e-17 
 1539       7.663400072232e-11       2.219221191592e-12       8.774873470721e-13       9.996223471572e-15       1.068534835261e-15       2.515656818981e-16       3.332260109362e-17 
 1540       7.622446020328e-11       2.233095634190e-12       8.757954668587e-13       9.984754078485e-15       1.065771447902e-15       2.489044982920e-16       3.363982895286e-17 
 1541       7.581673760272e-11       2.246917229279e-12       8.728015712213e-13       9.973266756956e-15       1.063016725013e-15       2.463003021651e-16       3.395180132953e-17 
 1542       7.541090074613e-11       2.260680660377e-12       8.685183281533e-13       9.961762854362e-15       1.060270640313e-15       2.437519077625e-16       3.425851783258e-17 
 1543       7.500700824972e-11       2.274381076531e-12       8.629610118044e-13       9.950243678421e-15       1.057533170670e-15       2.412572421475e-16       3.455998157636e-17 
 1544       7.460511899279e-11       2.288013602836e-12       8.561449949272e-13       9.938710543368e-15       1.054804292606e-15       2.388142207184e-16       3.485619577831e-17 
 1545       7.420529211814e-11       2.301573340388e-12       8.480857490481e-13       9.927164769965e-15       1.052083982298e-15       2.364207471885e-16       3.514716375925e-17 
 1546       7.380758703243e-11       2.315055366256e-12       8.387988446371e-13       9.915607685514e-15       1.049372215575e-15       2.340747135669e-16       3.543288894352e-17 
 1547       7.341206340661e-11       2.328454733433e-12       8.282999512775e-13       9.904040623867e-15       1.046668967920e-15       2.317740001393e-16       3.571337485925e-17 
 1548       7.301878117631e-11       2.341766470808e-12       8.166048378370e-13       9.892464925431e-15       1.043974214465e-15       2.295164754485e-16       3.598862513856e-17 
 1549       7.262780054224e-11       2.354985583120e-12       8.037293726366e-13       9.880881937186e-15       1.041287929997e-15       2.272999962746e-16       3.625864351777e-17 
 1550       7.223918197060e-11       2.368107050925e-12       7.896895236218e-13       9.869293012690e-15       1.038610088950e-15       2.251224076163e-16       3.652343383760e-17 
 1551       7.185298619346e-11       2.381125830558e-12       7.745013585319e-13       9.857699512091e-15       1.035940665409e-15       2.229815426709e-16       3.678300004345e-17 
 1552       7.146927420919e-11       2.394036854088e-12       7.581810450705e-13       9.846102802137e-15       1.033279633108e-15       2.208752228153e-16       3.703734618552e-17 
 1553       7.108810728282e-11       2.406835029291e-12       7.407448510755e-13       9.834504256185e-15       1.030626965428e-15       2.188012575861e-16       3.728647641910e-17 
 1554       7.070954694650e-11       2.419515239603e-12       7.222091446892e-13       9.822905254214e-15       1.027982635399e-15       2.167574446608e-16       3.753039500477e-17 
 1555       7.033365499982e-11       2.432072344084e-12       7.025903945285e-13       9.811307182833e-15       1.025346615697e-15       2.147415698381e-16       3.776910630860e-17 
 1556       6.996049351029e-11       2.444501177384e-12       6.819051698548e-13       9.799711435292e-15       1.022718878645e-15       2.127514070183e-16       3.800261480237e-17 
 1557       6.959012481370e-11       2.456796549699e-12       6.601701407443e-13       9.788119411492e-15       1.020099396210e-15       2.107847181843e-16       3.823092506379e-17 
 1558       6.922261151450e-11       2.468953246737e-12       6.374020782581e-13       9.776532517995e-15       1.017488140003e-15       2.088392533820e-16       3.845404177672e-17 
 1559       6.885801648625e-11       2.480966029680e-12       6.136178546121e-13       9.764952168037e-15       1.014885081282e-15       2.069127507006e-16       3.867196973139e-17 
 1560       6.849640287199e-11       2.492829635142e-12       5.888344433473e-13       9.753379781532e-15       1.012290190946e-15       2.050029362539e-16       3.888471382458e-17 
 1561       6.813783408464e-11       2.504538775135e-12       5.630689194997e-13       9.741816785089e-15       1.009703439537e-15       2.031075241601e-16       3.909227905989e-17 
 1562       6.778237380743e-11       2.516088137030e-12       5.363384597709e-13       9.730264612018e-15       1.007124797238e-15       2.012242165231e-16       3.929467054791e-17 
 1563       6.743008599424e-11       2.527472383517e-12       5.086603426974e-13       9.718724702343e-15       1.004554233874e-15       1.993507034126e-16       3.949189350648e-17 
 1564       6.708103487006e-11       2.538686152570e-12       4.800519488215e-13       9.707198502810e-15       1.001991718911e-15       1.974846628449e-16       3.968395326085e-17 
 1565       6.673528493137e-11       2.549724057407e-12       4.505307608608e-13       9.695687466896e-15       9.994372214524e-16       1.956237607634e-16       3.987085524394e-17 
 1566       6.639290094654e-11       2.560580686451e-12       4.201143638788e-13       9.684193054825e-15       9.968907102434e-16       1.937656510194e-16       4.005260499655e-17 
 1567       6.605394795621e-11       2.571250603294e-12       3.888204454545e-13       9.672716733572e-15       9.943521536656e-16       1.919079753524e-16       4.022920816756e-17 
 1568       6.571849127372e-11       2.581728346659e-12       3.566667958530e-13       9.661259976877e-15       9.918215197387e-16       1.900483633710e-16       4.040067051415e-17 
 1569       6.538659648550e-11       2.592008430359e-12       3.236713081951e-13       9.649824265253e-15       9.892987761192e-16       1.881844325333e-16       4.056699790202e-17 
 1570       6.505832945148e-11       2.602085343263e-12       2.898519786280e-13       9.638411085999e-15       9.867838900996e-16       1.863137881275e-16       4.072819630562e-17 
 1571       6.473375630546e-11       2.611953549254e-12       2.552269064949e-13       9.627021933206e-15       9.842768286080e-16       1.844340232526e-16       4.088427180833e-17 
 1572       6.441294345554e-11       2.621607487195e-12       2.198142945051e-13       9.615658307772e-15       9.817775582072e-16       1.825427187989e-16       4.103523060271e-17 
 1573       6.409595758451e-11       2.631041570887e-12       1.836324489046e-13       9.604321717409e-15       9.792860450938e-16       1.806374434285e-16       4.118107899069e-17 
 1574       6.378286565025e-11       2.640250189034e-12       1.466997796457e-13       9.593013676653e-15       9.768022550978e-16       1.787157535564e-16       4.132182338382e-17 
 1575       6.347373488613e-11       2.649227705202e-12       1.090348005572e-13       9.581735706879e-15       9.743261536819e-16       1.767751933303e-16       4.145747030345e-17 
 1576       6.316863280143e-11       2.657968457784e-12       7.065612951493e-14       9.570489336304e-15       9.718577059404e-16       1.748132946119e-16       4.158802638097e-17 
 1577       6.286762718169e-11       2.666466759960e-12       3.158248861113e-14       9.559276100003e-15       9.693968765990e-16       1.728275769571e-16       4.171349835799e-17 
 1578       6.257078608916e-11       2.674716899660e-12      -8.167295674845e-15       9.548097539916e-15       9.669436300137e-16       1.708155475967e-16       4.183389308662e-17 
 1579       6.227817786319e-11       2.682713139525e-12      -4.857429230671e-14       9.536955204861e-15       9.644979301703e-16       1.687747014171e-16       4.194921752961e-17 
 1580       6.198985944440e-11       2.690450523646e-12      -8.961928613084e-14       9.525850494169e-15       9.620597435579e-16       1.667031928331e-16       4.205948115642e-17 
 1581       6.170584122823e-11       2.697927306030e-12      -1.312822377189e-13       9.514784187003e-15       9.596290478205e-16       1.646018582499e-16       4.216470315497e-17 
 1582       6.142612188680e-11       2.705142544543e-12      -1.735428181853e-13       9.503756908702e-15       9.572058231843e-16       1.624722122879e-16       4.226490528707e-17 
 1583       6.115070001541e-11       2.712095296176e-12      -2.163805879455e-13       9.492769286762e-15       9.547900495898e-16       1.603157776025e-16       4.236010949902e-17 
 1584       6.087957413240e-11       2.718784617040e-12      -2.597749965365e-13       9.481821950838e-15       9.523817066914e-16       1.581340848969e-16       4.245033792192e-17 
 1585       6.061274267895e-11       2.725209562374e-12      -3.037053824389e-13       9.470915532747e-15       9.499807738567e-16       1.559286729350e-16       4.253561287203e-17 
 1586       6.035020401898e-11       2.731369186540e-12      -3.481509728976e-13       9.460050666471e-15       9.475872301660e-16       1.537010885546e-16       4.261595685109e-17 
 1587       6.009195643894e-11       2.737262543026e-12      -3.930908837435e-13       9.449227988158e-15       9.452010544117e-16       1.514528866796e-16       4.269139254664e-17 
 1588       5.983799814767e-11       2.742888684448e-12      -4.385041192144e-13       9.438448136127e-15       9.428222250978e-16       1.491856303335e-16       4.276194283236e-17 
 1589       5.958832727623e-11       2.748246662548e-12      -4.843695717765e-13       9.427711750869e-15       9.404507204393e-16       1.469008906520e-16       4.282763076841e-17 
 1590       5.934294187774e-11       2.753335528195e-12      -5.306660219459e-13       9.417019475050e-15       9.380865183615e-16       1.446002468960e-16       4.288847960174e-17 
 1591       5.910183992725e-11       2.758154331389e-12      -5.773721381092e-13       9.406371953517e-15       9.357295964997e-16       1.422852864641e-16       4.294451276643e-17 
 1592       5.886501932152e-11       2.762702121257e-12      -6.244664763455e-13       9.395769833294e-15       9.333799321982e-16       1.399576049060e-16       4.299575388405e-17 
 1593       5.863247787892e-11       2.766977946057e-12      -6.719274802474e-13       9.385213763591e-15       9.310375025102e-16       1.376188059351e-16       4.304222676393e-17 
 1594       5.840421333923e-11       2.770980853178e-12      -7.197334807421e-13       9.374704395805e-15       9.287022841969e-16       1.352705014412e-16       4.308395540355e-17 
 1595       5.818022336349e-11       2.774709889138e-12      -7.678626959129e-13       9.364242383519e-15       9.263742537272e-16       1.329143115039e-16       4.312096398884e-17 
 1596       5.796050553385e-11       2.778164099591e-12      -8.162932308204e-13       9.353828382511e-15       9.240533872767e-16       1.305518644049e-16       4.315327689449e-17 
 1597       5.774505735339e-11       2.781342529321e-12      -8.650030773240e-13       9.343463050752e-15       9.217396607278e-16       1.281847966411e-16       4.318091868436e-17 
 1598       5.753387624599e-11       2.784244222245e-12      -9.139701139026e-13       9.333147048410e-15       9.194330496682e-16       1.258147529377e-16       4.320391411172e-17 
 1599       5.732695955612e-11       2.786868221415e-12      -9.631721054765e-13       9.322881037854e-15       9.171335293914e-16       1.234433862607e-16       4.322228811962e-17 
 1600       5.712430454873e-11       2.789213569018e-12      -1.012586703228e-12       9.312665683655e-15       9.148410748951e-16       1.210723578299e-16       4.323606584125e-17 
 1601       5.692590840907e-11       2.791279306377e-12      -1.062191444425e-12       9.302501652590e-15       9.125556608815e-16       1.187033371318e-16       4.324527260021e-17 
 1602       5.673176824252e-11       2.793064473950e-12      -1.111963752237e-12       9.292389613643e-15       9.102772617561e-16       1.163380019328e-16       4.324993391088e-17 
 1603       5.654188107443e-11       2.794568111331e-12      -1.161880935563e-12       9.282330238011e-15       9.080058516274e-16       1.139780382913e-16       4.325007547876e-17 
 1604       5.635624385000e-11       2.795789257255e-12      -1.211920188848e-12       9.272324199102e-15       9.057414043063e-16       1.116251405713e-16       4.324572320077e-17 
 1605       5.617485343404e-11       2.796726949590e-12      -1.262058591905e-12       9.262372172543e-15       9.034838933057e-16       1.092810114550e-16       4.323690316560e-17 
 1606       5.599770661089e-11       2.797380225348e-12      -1.312273109740e-12       9.252474836178e-15       9.012332918394e-16       1.069473619555e-16       4.322364165402e-17 
 1607       5.582480008422e-11       2.797748120678e-12      -1.362540592367e-12       9.242632870074e-15       8.989895728222e-16       1.046259114299e-16       4.320596513925e-17 
 1608       5.565613047686e-11       2.797829670870e-12      -1.412837774634e-12       9.232846956521e-15       8.967527088688e-16       1.023183875923e-16       4.318390028727e-17 
 1609       5.549169433066e-11       2.797623910354e-12      -1.463141276045e-12       9.223117780039e-15       8.945226722935e-16       1.000265265263e-16       4.315747395712e-17 
 1610       5.533148810635e-11       2.797129872703e-12      -1.513427600576e-12       9.213446027375e-15       8.922994351097e-16       9.775207269799e-17       4.312671320128e-17 
 1611       5.517550818330e-11       2.796346590631e-12      -1.563673136501e-12       9.203832387512e-15       8.900829690289e-16       9.549677896915e-17       4.309164526598e-17 
 1612       5.502375085947e-11       2.795273095996e-12      -1.613854156212e-12       9.194277551664e-15       8.878732454607e-16       9.326240660969e-17       4.305229759153e-17 
 1613       5.487621235114e-11       2.793908419800e-12      -1.663946816040e-12       9.184782213288e-15       8.856702355117e-16       9.105072531074e-17       4.300869781265e-17 
 1614       5.473288879285e-11       2.792251592188e-12      -1.713927156076e-12       9.175347068079e-15       8.834739099853e-16       8.886351319747e-17       4.296087375881e-17 
 1615       5.459377623716e-11       2.790301642452e-12      -1.763771099992e-12       9.165972813976e-15       8.812842393811e-16       8.670255684199e-17       4.290885345454e-17 
 1616       5.445887065452e-11       2.788057599029e-12      -1.813454454864e-12       9.156660151164e-15       8.791011938940e-16       8.456965127621e-17       4.285266511979e-17 
 1617       5.432816793313e-11       2.785518489501e-12      -1.862952910992e-12       9.147409782079e-15       8.769247434140e-16       8.246660000469e-17       4.279233717024e-17 
 1618       5.420166387873e-11       2.782683340600e-12      -1.912242041721e-12       9.138222411407e-15       8.747548575255e-16       8.039521501756e-17       4.272789821763e-17 
 1619       5.407934691100e-11       2.779551823498e-12      -1.961299147649e-12       9.129098582051e-15       8.725915078775e-16       7.835698126192e-17       4.265937764385e-17 
 1620       5.396117608065e-11       2.776126196075e-12      -2.010108807837e-12       9.120038181398e-15       8.704346753197e-16       7.635204671437e-17       4.258680732805e-17 
 1621       5.384710285333e-11       2.772409378206e-12      -2.058657378404e-12       9.111040930593e-15       8.682843428296e-16       7.438022320824e-17       4.251021993583e-17 
 1622       5.373707839465e-11       2.768404308088e-12      -2.106931152600e-12       9.102106548172e-15       8.661404931475e-16       7.244132114430e-17       4.242964834717e-17 
 1623       5.363105356961e-11       2.764113942272e-12      -2.154916360710e-12       9.093234750056e-15       8.640031087757e-16       7.053514948827e-17       4.234512565687e-17 
 1624       5.352897894216e-11       2.759541255691e-12      -2.202599169966e-12       9.084425249542e-15       8.618721719780e-16       6.866151576832e-17       4.225668517490e-17 
 1625       5.343080477471e-11       2.754689241692e-12      -2.249965684443e-12       9.075677757305e-15       8.597476647795e-16       6.682022607264e-17       4.216436042670e-17 
 1626       5.333648102759e-11       2.749560912068e-12      -2.297001944972e-12       9.066991981387e-15       8.576295689658e-16       6.501108504693e-17       4.206818515361e-17 
 1627       5.324595735860e-11       2.744159297083e-12      -2.343693929043e-12       9.058367627195e-15       8.555178660831e-16       6.323389589191e-17       4.196819331317e-17 
 1628       5.315918312248e-11       2.738487445508e-12      -2.390027550710e-12       9.049804397500e-15       8.534125374368e-16       6.148846036087e-17       4.186441907951e-17 
 1629       5.307610737046e-11       2.732548424644e-12      -2.435988660500e-12       9.041301992423e-15       8.513135640921e-16       5.977457875718e-17       4.175689684369e-17 
 1630       5.299667884970e-11       2.726345320362e-12      -2.481563045313e-12       9.032860109438e-15       8.492209268728e-16       5.809204993179e-17       4.164566121408e-17 
 1631       5.292084600287e-11       2.719881237125e-12      -2.526736428334e-12       9.024478443367e-15       8.471346063610e-16       5.644067128077e-17       4.153074701669e-17 
 1632       5.284855696759e-11       2.713159298021e-12      -2.571494468934e-12       9.016156686369e-15       8.450545828968e-16       5.482023874285e-17       4.141218929553e-17 
 1633       5.277975957598e-11       2.706182644793e-12      -2.615822762577e-12       9.007894527943e-15       8.429808365779e-16       5.323054679690e-17       4.129002331299e-17 
 1634       5.271440135415e-11       2.698954437872e-12      -2.659706840727e-12       8.999691654916e-15       8.409133472586e-16       5.167138845947e-17       4.116428455018e-17 
 1635       5.265242952169e-11       2.691477856401e-12      -2.703132170751e-12       8.991547751445e-15       8.388520945501e-16       5.014255528232e-17       4.103500870729e-17 
 1636       5.259379099120e-11       2.683756098272e-12      -2.746084155829e-12       8.983462499007e-15       8.367970578194e-16       4.864383734992e-17       4.090223170394e-17 
 1637       5.253843236778e-11       2.675792380151e-12      -2.788548134854e-12       8.975435576396e-15       8.347482161891e-16       4.717502327698e-17       4.076598967956e-17 
 1638       5.248629994855e-11       2.667589937513e-12      -2.830509382342e-12       8.967466659719e-15       8.327055485371e-16       4.573590020599e-17       4.062631899372e-17 
 1639       5.243733972213e-11       2.659152024667e-12      -2.871953108336e-12       8.959555422391e-15       8.306690334958e-16       4.432625380472e-17       4.048325622650e-17 
 1640       5.239149736817e-11       2.650481914789e-12      -2.912864458313e-12       8.951701535130e-15       8.286386494517e-16       4.294586826372e-17       4.033683817884e-17 
 1641       5.234871825685e-11       2.641582899953e-12      -2.953228513088e-12       8.943904665950e-15       8.266143745454e-16       4.159452629388e-17       4.018710187291e-17 
 1642       5.230894744837e-11       2.632458291160e-12      -2.993030288718e-12       8.936164480161e-15       8.245961866703e-16       4.027200912395e-17       4.003408455247e-17 
 1643       5.227212969248e-11       2.623111418368e-12      -3.032254736413e-12       8.928480640359e-15       8.225840634730e-16       3.897809649802e-17       3.987782368320e-17 
 1644       5.223820942796e-11       2.613545630524e-12      -3.070886742437e-12       8.920852806426e-15       8.205779823522e-16       3.771256667308e-17       3.971835695308e-17 
 1645       5.220713078213e-11       2.603764295590e-12      -3.108911128017e-12       8.913280635522e-15       8.185779204586e-16       3.647519641653e-17       3.955572227275e-17 
 1646       5.217883757039e-11       2.593770800578e-12      -3.146312649244e-12       8.905763782081e-15       8.165838546941e-16       3.526576100368e-17       3.938995777586e-17 
 1647       5.215327329567e-11       2.583568551580e-12      -3.183075996983e-12       8.898301897805e-15       8.145957617119e-16       3.408403421532e-17       3.922110181939e-17 
 1648       5.213038114798e-11       2.573160973792e-12      -3.219185796779e-12       8.890894631664e-15       8.126136179155e-16       3.292978833518e-17       3.904919298410e-17 
 1649       5.211010400388e-11       2.562551511552e-12      -3.254626608759e-12       8.883541629884e-15       8.106373994583e-16       3.180279414748e-17       3.887427007479e-17 
 1650       5.209238442603e-11       2.551743628367e-12      -3.289382927539e-12       8.876242535950e-15       8.086670822433e-16       3.070282093448e-17       3.869637212071e-17 
 1651       5.207716466265e-11       2.540740806941e-12      -3.323439182132e-12       8.868996990594e-15       8.067026419229e-16       2.962963647393e-17       3.851553837591e-17 
 1652       5.206438664705e-11       2.529546549210e-12      -3.356779735850e-12       8.861804631795e-15       8.047440538978e-16       2.858300703668e-17       3.833180831957e-17 
 1653       5.205399199712e-11       2.518164376366e-12      -3.389388886214e-12       8.854665094772e-15       8.027912933169e-16       2.756269738410e-17       3.814522165641e-17 
 1654       5.204592201486e-11       2.506597828895e-12      -3.421250864856e-12       8.847578011980e-15       8.008443350769e-16       2.656847076569e-17       3.795581831700e-17 
 1655       5.204011768586e-11       2.494850466600e-12      -3.452349837424e-12       8.840543013107e-15       7.989031538218e-16       2.560008891656e-17       3.776363845812e-17 
 1656       5.203651967882e-11       2.482925868634e-12      -3.482669903493e-12       8.833559725066e-15       7.969677239421e-16       2.465731205493e-17       3.756872246316e-17 
 1657       5.203506834504e-11       2.470827633533e-12      -3.512195096466e-12       8.826627771990e-15       7.950380195749e-16       2.373989887971e-17       3.737111094243e-17 
 1658       5.203570378065e-11       2.458559536478e-12      -3.540911910839e-12       8.819746693929e-15       7.931140165739e-16       2.284760592670e-17       3.717084317283e-17 
 1659       5.203836601480e-11       2.446126002553e-12      -3.568816908579e-12       8.812915702151e-15       7.911956984401e-16       2.198018563624e-17       3.696795240110e-17 
 1660       5.204299482213e-11       2.433531637727e-12      -3.595909179681e-12       8.806133921670e-15       7.892830504425e-16       2.113738826358e-17       3.676247049985e-17 
 1661       5.204952965972e-11       2.420781072030e-12      -3.622187820912e-12       8.799400472344e-15       7.873760576521e-16       2.031896251610e-17       3.655442952476e-17 
 1662       5.205790966663e-11       2.407878959593e-12      -3.647651935831e-12       8.792714468867e-15       7.854747049408e-16       1.952465555084e-17       3.634386171490e-17 
 1663       5.206807366337e-11       2.394829978685e-12      -3.672300634805e-12       8.786075020758e-15       7.835789769814e-16       1.875421297192e-17       3.613079949299e-17 
 1664       5.207996015144e-11       2.381638831748e-12      -3.696133035020e-12       8.779481232357e-15       7.816888582474e-16       1.800737882809e-17       3.591527546573e-17 
 1665       5.209350731281e-11       2.368310245434e-12      -3.719148260504e-12       8.772932202814e-15       7.798043330123e-16       1.728389561022e-17       3.569732242406e-17 
 1666       5.210865300943e-11       2.354848970647e-12      -3.741345442137e-12       8.766427026080e-15       7.779253853493e-16       1.658350424875e-17       3.547697334342e-17 
 1667       5.212533478279e-11       2.341259782572e-12      -3.762723717670e-12       8.759964790902e-15       7.760519991311e-16       1.590594411123e-17       3.525426138411e-17 
 1668       5.214348985333e-11       2.327547480720e-12      -3.783282231740e-12       8.753544580811e-15       7.741841580292e-16       1.525095299978e-17       3.502921989153e-17 
 1669       5.216305512006e-11       2.313716888959e-12      -3.803020135887e-12       8.747165474115e-15       7.723218455139e-16       1.461826714860e-17       3.480188239648e-17 
 1670       5.218396715998e-11       2.299772855555e-12      -3.821936588568e-12       8.740826543891e-15       7.704650448536e-16       1.400762122147e-17       3.457228261544e-17 
 1671       5.220616222762e-11       2.285720253208e-12      -3.840030755173e-12       8.734526857978e-15       7.686137391146e-16       1.341874830921e-17       3.434045445089e-17 
 1672       5.222957625456e-11       2.271563979086e-12      -3.857301808045e-12       8.728265478966e-15       7.667679111608e-16       1.285137992722e-17       3.410643199155e-17 
 1673       5.225414484894e-11       2.257308954870e-12      -3.873748926490e-12       8.722041464188e-15       7.649275436530e-16       1.230524601292e-17       3.387024951271e-17 
 1674       5.227980329492e-11       2.242960126780e-12      -3.889371296796e-12       8.715853865715e-15       7.630926190488e-16       1.178007492328e-17       3.363194147653e-17 
 1675       5.230648655225e-11       2.228522465621e-12      -3.904168112251e-12       8.709701730343e-15       7.612631196022e-16       1.127559343230e-17       3.339154253226e-17 
 1676       5.233412925575e-11       2.214000966819e-12      -3.918138573153e-12       8.703584099588e-15       7.594390273631e-16       1.079152672852e-17       3.314908751660e-17 
 1677       5.236266571481e-11       2.199400650451e-12      -3.931281886832e-12       8.697500009676e-15       7.576203241770e-16       1.032759841248e-17       3.290461145396e-17 
 1678       5.239202991290e-11       2.184726561291e-12      -3.943597267663e-12       8.691448491537e-15       7.558069916846e-16       9.883530494222e-18       3.265814955676e-17 
 1679       5.242215550710e-11       2.169983768843e-12      -3.955083937083e-12       8.685428570792e-15       7.539990113216e-16       9.459043390816e-18       3.240973722569e-17 
 1680       5.245297582759e-11       2.155177367377e-12      -3.965741123604e-12       8.679439267750e-15       7.521963643178e-16       9.053855923810e-18       3.215941005004e-17 
 1681       5.248442387717e-11       2.140312475968e-12      -3.975568062833e-12       8.673479597397e-15       7.503990316975e-16       8.667685316746e-18       3.190720380796e-17 
 1682       5.251643233072e-11       2.125394238532e-12      -3.984563997486e-12       8.667548569387e-15       7.486069942784e-16       8.300247192645e-18       3.165315446676e-17 
 1683       5.254893353480e-11       2.110427823865e-12      -3.992728177404e-12       8.661645188035e-15       7.468202326716e-16       7.951255571500e-18       3.139729818319e-17 
 1684       5.258185950707e-11       2.095418425676e-12      -4.000059859568e-12       8.655768452309e-15       7.450387272811e-16       7.620422867774e-18       3.113967130376e-17 
 1685       5.261514193585e-11       2.080371262630e-12      -4.006558308117e-12       8.649917355821e-15       7.432624583037e-16       7.307459887886e-18       3.088031036497e-17 
 1686       5.264871217960e-11       2.065291578378e-12      -4.012222794363e-12       8.644090886817e-15       7.414914057282e-16       7.012075827706e-18       3.061925209367e-17 
 1687       5.268250126645e-11       2.050184641602e-12      -4.017052596806e-12       8.638288028173e-15       7.397255493351e-16       6.733978270052e-18       3.035653340729e-17 
 1688       5.271643989368e-11       2.035055746045e-12      -4.021047001150e-12       8.632507757381e-15       7.379648686966e-16       6.472873182175e-18       3.009219141416e-17 
 1689       5.275045842727e-11       2.019910210551e-12      -4.024205300322e-12       8.626749046547e-15       7.362093431758e-16       6.228464913258e-18       2.982626341380e-17 
 1690       5.278448690137e-11       2.004753379103e-12      -4.026526794483e-12       8.621010862376e-15       7.344589519265e-16       6.000456191905e-18       2.955878689719e-17 
 1691       5.281845501781e-11       1.989590620860e-12      -4.028010791048e-12       8.615292166170e-15       7.327136738927e-16       5.788548123635e-18       2.928979954706e-17 
 1692       5.285229214564e-11       1.974427330190e-12      -4.028656604699e-12       8.609591913815e-15       7.309734878087e-16       5.592440188376e-18       2.901933923823e-17 
 1693       5.288592732060e-11       1.959268926715e-12      -4.028463557405e-12       8.603909055775e-15       7.292383721978e-16       5.411830237957e-18       2.874744403780e-17 
 1694       5.291928924467e-11       1.944120855339e-12      -4.027430978432e-12       8.598242537084e-15       7.275083053730e-16       5.246414493596e-18       2.847415220555e-17 
 1695       5.295230628552e-11       1.928988586292e-12      -4.025558204363e-12       8.592591297334e-15       7.257832654357e-16       5.095887543403e-18       2.819950219414e-17 
 1696       5.298490647608e-11       1.913877615163e-12      -4.022844579115e-12       8.586954270672e-15       7.240632302759e-16       4.959942339861e-18       2.792353264945e-17 
 1697       5.301702339410e-11       1.898793135780e-12      -4.019291206788e-12       8.581330417686e-15       7.223481792187e-16       4.838265269519e-18       2.764628119411e-17 
 1698       5.304861385743e-11       1.883739055688e-12      -4.014906226721e-12       8.575718821394e-15       7.206380979811e-16       4.730521320599e-18       2.736778076602e-17 
 1699       5.307964038031e-11       1.868718972252e-12      -4.009699583950e-12       8.570118592065e-15       7.189329737574e-16       4.636368782508e-18       2.708806324885e-17 
 1700       5.311006530694e-11       1.853736499077e-12      -4.003681280590e-12       8.564528835393e-15       7.172327935751e-16       4.555464159333e-18       2.680716068612e-17 
 1701       5.313985081118e-11       1.838795266025e-12      -3.996861375919e-12       8.558948652487e-15       7.155375442955e-16       4.487462167127e-18       2.652510528150e-17 
 1702       5.316895889634e-11       1.823898919241e-12      -3.989249986473e-12       8.553377139865e-15       7.138472126124e-16       4.432015731193e-18       2.624192939896e-17 
 1703       5.319735139488e-11       1.809051121178e-12      -3.980857286132e-12       8.547813389450e-15       7.121617850526e-16       4.388775983377e-18       2.595766556310e-17 
 1704       5.322498996824e-11       1.794255550617e-12      -3.971693506207e-12       8.542256488556e-15       7.104812479751e-16       4.357392259353e-18       2.567234645935e-17 
 1705       5.325183610652e-11       1.779515902693e-12      -3.961768935533e-12       8.536705519889e-15       7.088055875708e-16       4.337512095907e-18       2.538600493417e-17 
 1706       5.327785112828e-11       1.764835888917e-12      -3.951093920554e-12       8.531159561535e-15       7.071347898628e-16       4.328781228232e-18       2.509867399535e-17 
 1707       5.330299618027e-11       1.750219237200e-12      -3.939678865416e-12       8.525617686954e-15       7.054688407050e-16       4.330843587210e-18       2.481038681223e-17 
 1708       5.332723223719e-11       1.735669691878e-12      -3.927534232052e-12       8.520078964972e-15       7.038077257830e-16       4.343341296698e-18       2.452117671592e-17 
 1709       5.335052010145e-11       1.721191013733e-12      -3.914670540273e-12       8.514542459778e-15       7.021514306128e-16       4.365914670822e-18       2.423107719955e-17 
 1710       5.337282040289e-11       1.706786980017e-12      -3.901098367858e-12       8.509007230912e-15       7.004999405410e-16       4.398202211260e-18       2.394012191850e-17 
 1711       5.339409359859e-11       1.692461384477e-12      -3.886828350638e-12       8.503472333261e-15       6.988532407447e-16       4.439840604528e-18       2.364834469068e-17 
 1712       5.341429997258e-11       1.678218037376e-12      -3.871871182591e-12       8.497936817053e-15       6.972113162303e-16       4.490464719272e-18       2.335577949669e-17 
 1713       5.343339963559e-11       1.664060765518e-12      -3.856237615930e-12       8.492399727846e-15       6.955741518343e-16       4.549707603552e-18       2.306246048014e-17 
 1714       5.345135252483e-11       1.649993412273e-12      -3.839938461185e-12       8.486860106524e-15       6.939417322222e-16       4.617200482131e-18       2.276842194783e-17 
 1715       5.346811840373e-11       1.636019837597e-12      -3.822984587303e-12       8.481316989288e-15       6.923140418884e-16       4.692572753763e-18       2.247369837002e-17 
 1716       5.348365686170e-11       1.622143918057e-12      -3.805386921727e-12       8.475769407654e-15       6.906910651562e-16       4.775451988477e-18       2.217832438066e-17 
 1717       5.349792731385e-11       1.608369546856e-12      -3.787156450490e-12       8.470216388439e-15       6.890727861770e-16       4.865463924871e-18       2.188233477762e-17 
 1718       5.351088900080e-11       1.594700633853e-12      -3.768304218304e-12       8.464656953758e-15       6.874591889303e-16       4.962232467391e-18       2.158576452295e-17 
 1719       5.352250098837e-11       1.581141105590e-12      -3.748841328647e-12       8.459090121016e-15       6.858502572234e-16       5.065379683628e-18       2.128864874308e-17 
 1720       5.353272216738e-11       1.567694905314e-12      -3.728778943853e-12       8.453514902903e-15       6.842459746909e-16       5.174525801596e-18       2.099102272911e-17 
 1721       5.354151125340e-11       1.554365992999e-12      -3.708128285200e-12       8.447930307385e-15       6.826463247944e-16       5.289289207027e-18       2.069292193699e-17 
 1722       5.354882678647e-11       1.541158345372e-12      -3.686900633001e-12       8.442335337694e-15       6.810512908227e-16       5.409286440655e-18       2.039438198783e-17 
 1723       5.355462713087e-11       1.528075955936e-12      -3.665107326690e-12       8.436728992329e-15       6.794608558905e-16       5.534132195502e-18       2.009543866805e-17 
 1724       5.355887047490e-11       1.515122834991e-12      -3.642759764913e-12       8.431110265042e-15       6.778750029392e-16       5.663439314170e-18       1.979612792970e-17 
 1725       5.356151483059e-11       1.502303009659e-12      -3.619869405617e-12       8.425478144833e-15       6.762937147357e-16       5.796818786124e-18       1.949648589066e-17 
 1726       5.356251803347e-11       1.489620523910e-12      -3.596447766138e-12       8.419831615944e-15       6.747169738727e-16       5.933879744983e-18       1.919654883487e-17 
 1727       5.356183774234e-11       1.477079438580e-12      -3.572506423290e-12       8.414169657851e-15       6.731447627679e-16       6.074229465805e-18       1.889635321259e-17 
 1728       5.355943143898e-11       1.464683831400e-12      -3.548057013453e-12       8.408491245258e-15       6.715770636642e-16       6.217473362376e-18       1.859593564062e-17 
 1729       5.355525642797e-11       1.452437797016e-12      -3.523111232666e-12       8.402795348090e-15       6.700138586288e-16       6.363214984495e-18       1.829533290257e-17 
 1730       5.354926983637e-11       1.440345447013e-12      -3.497680836710e-12       8.397080931482e-15       6.684551295537e-16       6.511056015265e-18       1.799458194906e-17 
 1731       5.354142861351e-11       1.428410909940e-12      -3.471777641202e-12       8.391346955779e-15       6.669008581544e-16       6.660596268380e-18       1.769371989796e-17 
 1732       5.353168953076e-11       1.416638331331e-12      -3.445413521680e-12       8.385592376525e-15       6.653510259704e-16       6.811433685408e-18       1.739278403468e-17 
 1733       5.352000918124e-11       1.405031873730e-12      -3.418600413695e-12       8.379816144453e-15       6.638056143645e-16       6.963164333084e-18       1.709181181234e-17 
 1734       5.350634397961e-11       1.393595716715e-12      -3.391350312899e-12       8.374017205486e-15       6.622646045225e-16       7.115382400595e-18       1.679084085205e-17 
 1735       5.349065016178e-11       1.382334056920e-12      -3.363675275133e-12       8.368194500723e-15       6.607279774532e-16       7.267680196867e-18       1.648990894315e-17 
 1736       5.347289118997e-11       1.371250539543e-12      -3.335587602183e-12       8.362347077308e-15       6.591957153768e-16       7.419750561042e-18       1.618905134620e-17 
 1737       5.345306003633e-11       1.360346547576e-12      -3.307100400588e-12       8.356474422078e-15       6.576678059057e-16       7.571695043226e-18       1.588829267675e-17 
 1738       5.343115708662e-11       1.349622898205e-12      -3.278227027719e-12       8.350576130709e-15       6.561442378983e-16       7.723718315874e-18       1.558765495365e-17 
 1739       5.340718275204e-11       1.339080410012e-12      -3.248980906636e-12       8.344651797105e-15       6.546250000731e-16       7.876025997738e-18       1.528716029020e-17 
 1740       5.338113746931e-11       1.328719902980e-12      -3.219375526185e-12       8.338701013385e-15       6.531100810086e-16       8.028824655231e-18       1.498683089427e-17 
 1741       5.335302170070e-11       1.318542198496e-12      -3.189424441094e-12       8.332723369887e-15       6.515994691424e-16       8.182321803787e-18       1.468668906843e-17 
 1742       5.332283593405e-11       1.308548119344e-12      -3.159141272070e-12       8.326718455166e-15       6.500931527718e-16       8.336725909226e-18       1.438675721010e-17 
 1743       5.329058068287e-11       1.298738489715e-12      -3.128539705894e-12       8.320685855984e-15       6.485911200527e-16       8.492246389115e-18       1.408705781167e-17 
 1744       5.325625648637e-11       1.289114135201e-12      -3.097633495516e-12       8.314625157315e-15       6.470933590002e-16       8.649093614136e-18       1.378761346062e-17 
 1745       5.321986390949e-11       1.279675882799e-12      -3.066436460156e-12       8.308535942341e-15       6.455998574875e-16       8.807478909443e-18       1.348844683965e-17 
 1746       5.318140354293e-11       1.270424560911e-12      -3.034962485396e-12       8.302417792446e-15       6.441106032462e-16       8.967614556029e-18       1.318958072686e-17 
 1747       5.314087600328e-11       1.261360999347e-12      -3.003225523277e-12       8.296270287215e-15       6.426255838660e-16       9.129713792087e-18       1.289103799580e-17 
 1748       5.309828193297e-11       1.252486029320e-12      -2.971239592399e-12       8.290093004436e-15       6.411447867942e-16       9.293990814375e-18       1.259284161566e-17 
 1749       5.305362200039e-11       1.243800483455e-12      -2.939018778011e-12       8.283885520088e-15       6.396681993356e-16       9.460660779576e-18       1.229501465140e-17 
 1750       5.300689689987e-11       1.235305195781e-12      -2.906577232113e-12       8.277647408348e-15       6.381958086523e-16       9.629939805665e-18       1.199758026384e-17 
 1751       5.295810735181e-11       1.227001001740e-12      -2.873929173549e-12       8.271378241583e-15       6.367276017633e-16       9.802044973269e-18       1.170056170984e-17 
 1752       5.290725410266e-11       1.218888738183e-12      -2.841088888104e-12       8.265077590348e-15       6.352635655445e-16       9.977194327031e-18       1.140398234239e-17 
 1753       5.285433792499e-11       1.210969243371e-12      -2.808070728602e-12       8.258745023384e-15       6.338036867279e-16       1.015560687697e-17       1.110786561078e-17 
 1754       5.279935961755e-11       1.203243356977e-12      -2.774889115000e-12       8.252380107616e-15       6.323479519022e-16       1.033750259986e-17       1.081223506067e-17 
 1755       5.274232000530e-11       1.195711920087e-12      -2.741558534486e-12       8.245982408151e-15       6.308963475117e-16       1.052310244056e-17       1.051711433432e-17 
 1756       5.268321993945e-11       1.188375775201e-12      -2.708093541572e-12       8.239551488273e-15       6.294488598565e-16       1.071262831341e-17       1.022252717061e-17 
 1757       5.262206029755e-11       1.181235766233e-12      -2.674508758197e-12       8.233086909441e-15       6.280054750922e-16       1.090630310358e-17       9.928497405244e-18 
 1758       5.255884198349e-11       1.174292738512e-12      -2.640818873817e-12       8.226588231289e-15       6.265661792297e-16       1.110435066843e-17       9.635048970868e-18 
 1759       5.249356592757e-11       1.167547538781e-12      -2.607038645502e-12       8.220055011621e-15       6.251309581345e-16       1.130699583889e-17       9.342205897181e-18 
 1760       5.242623308655e-11       1.161001015203e-12      -2.573182898036e-12       8.213486806408e-15       6.236997975273e-16       1.151446442079e-17       9.049992311085e-18 
 1761       5.235684444369e-11       1.154654017356e-12      -2.539266524012e-12       8.206883169787e-15       6.222726829828e-16       1.172698319626e-17       8.758432436805e-18 
 1762       5.228540100878e-11       1.148507396238e-12      -2.505304483924e-12       8.200243654059e-15       6.208495999301e-16       1.194477992506e-17       8.467550596030e-18 
 1763       5.221190381824e-11       1.142562004264e-12      -2.471311806270e-12       8.193567809683e-15       6.194305336522e-16       1.216808334599e-17       8.177371208033e-18 
 1764       5.213635393511e-11       1.136818695273e-12      -2.437303587643e-12       8.186855185278e-15       6.180154692858e-16       1.239712317819e-17       7.887918789813e-18 
 1765       5.205875244913e-11       1.131278324520e-12      -2.403294992830e-12       8.180105327616e-15       6.166043918209e-16       1.263213012254e-17       7.599217956216e-18 
 1766       5.197910047679e-11       1.125941748685e-12      -2.369301254909e-12       8.173317781622e-15       6.151972861009e-16       1.287333586304e-17       7.311293420074e-18 
 1767       5.189739916135e-11       1.120809825869e-12      -2.335337675342e-12       8.166492090373e-15       6.137941368218e-16       1.312097306813e-17       7.024169992333e-18 
 1768       5.181364967292e-11       1.115883415598e-12      -2.301419624074e-12       8.159627795091e-15       6.123949285326e-16       1.337527539209e-17       6.737872582182e-18 
 1769       5.172785320848e-11       1.111163378819e-12      -2.267562539629e-12       8.152724435143e-15       6.109996456346e-16       1.363647747638e-17       6.452426197187e-18 
 1770       5.164001099195e-11       1.106650577908e-12      -2.233781929205e-12       8.145781548038e-15       6.096082723810e-16       1.390481495100e-17       6.167855943422e-18 
 1771       5.155012427422e-11       1.102345876663e-12      -2.200093368773e-12       8.138798669426e-15       6.082207928774e-16       1.418052443589e-17       5.884187025597e-18 
 1772       5.145819433321e-11       1.098250140311e-12      -2.166512503169e-12       8.131775333093e-15       6.068371910805e-16       1.446384354225e-17       5.601444747194e-18 
 1773       5.136422247391e-11       1.094364235506e-12      -2.133055046196e-12       8.124711070959e-15       6.054574507989e-16       1.475501087391e-17       5.319654510592e-18 
 1774       5.126821002845e-11       1.090689030330e-12      -2.099736780714e-12       8.117605413077e-15       6.040815556919e-16       1.505426602873e-17       5.038841817205e-18 
 1775       5.117016304856e-11       1.087224931169e-12      -2.066572377348e-12       8.110458004880e-15       6.027094904723e-16       1.536178593561e-17       4.759030525808e-18 
 1776       5.107010642547e-11       1.083970489175e-12      -2.033571839757e-12       8.103268959990e-15       6.013412445232e-16       1.567749328917e-17       4.480237611569e-18 
 1777       5.096806988652e-11       1.080923782314e-12      -2.000744030247e-12       8.096038510312e-15       5.999768083105e-16       1.600124653857e-17       4.202478364079e-18 
 1778       5.086408331352e-11       1.078082877439e-12      -1.968097848563e-12       8.088766889053e-15       5.986161721826e-16       1.633290340738e-17       3.925768125285e-18 
 1779       5.075817674295e-11       1.075445830267e-12      -1.935642231934e-12       8.081454330718e-15       5.972593263702e-16       1.667232089258e-17       3.650122289562e-18 
 1780       5.065038036621e-11       1.073010685366e-12      -1.903386155127e-12       8.074101071113e-15       5.959062609868e-16       1.701935526345e-17       3.375556303774e-18 
 1781       5.054072452983e-11       1.070775476133e-12      -1.871338630498e-12       8.066707347350e-15       5.945569660274e-16       1.737386206053e-17       3.102085667342e-18 
 1782       5.042923973570e-11       1.068738224786e-12      -1.839508708043e-12       8.059273397847e-15       5.932114313693e-16       1.773569609456e-17       2.829725932302e-18 
 1783       5.031595664131e-11       1.066896942337e-12      -1.807905475449e-12       8.051799462329e-15       5.918696467713e-16       1.810471144539e-17       2.558492703379e-18 
 1784       5.020090605994e-11       1.065249628584e-12      -1.776538058149e-12       8.044285781832e-15       5.905316018737e-16       1.848076146097e-17       2.288401638044e-18 
 1785       5.008411896094e-11       1.063794272088e-12      -1.745415619366e-12       8.036732598702e-15       5.891972861979e-16       1.886369875626e-17       2.019468446584e-18 
 1786       4.996562646989e-11       1.062528850159e-12      -1.714547360173e-12       8.029140156599e-15       5.878666891466e-16       1.925337521215e-17       1.751708892163e-18 
 1787       4.984545986890e-11       1.061451328840e-12      -1.683942519535e-12       8.021508700499e-15       5.865398000030e-16       1.964964197446e-17       1.485138790889e-18 
 1788       4.972365059677e-11       1.060559662886e-12      -1.653610374370e-12       8.013838476695e-15       5.852166079312e-16       2.005234945281e-17       1.219774011879e-18 
 1789       4.960023024925e-11       1.059851795754e-12      -1.623560239593e-12       8.006129732799e-15       5.838971019757e-16       2.046134731960e-17       9.556304773212e-19 
 1790       4.947523057928e-11       1.059325659579e-12      -1.593801468171e-12       7.998382717745e-15       5.825812710610e-16       2.087648450896e-17       6.927241625421e-19 
 1791       4.934868349718e-11       1.058979175163e-12      -1.564343451173e-12       7.990597681788e-15       5.812691039917e-16       2.129760921564e-17       4.310710960710e-19 
 1792       4.922062107088e-11       1.058810251953e-12      -1.535195617821e-12       7.982774876509e-15       5.799605894523e-16       2.172456889400e-17       1.706873597040e-19 
 1793       4.909107552620e-11       1.058816788029e-12      -1.506367435543e-12       7.974914554815e-15       5.786557160068e-16       2.215721025693e-17      -8.841091143088e-20 
 1794       4.896007924699e-11       1.058996670085e-12      -1.477868410023e-12       7.967016970944e-15       5.773544720985e-16       2.259537927479e-17      -3.462075288090e-19 
 1795       4.882766477544e-11       1.059347773412e-12      -1.449708085253e-12       7.959082380460e-15       5.760568460500e-16       2.303892117434e-17      -6.026862504443e-19 
 1796       4.869386481225e-11       1.059867961880e-12      -1.421896043584e-12       7.951111040264e-15       5.747628260627e-16       2.348768043769e-17      -8.578307808244e-19 
 1797       4.855871221687e-11       1.060555087925e-12      -1.394441905776e-12       7.943103208587e-15       5.734724002169e-16       2.394150080124e-17      -1.111624770846e-18 
 1798       4.842224000774e-11       1.061406992529e-12      -1.367355331053e-12       7.935059145000e-15       5.721855564714e-16       2.440022525464e-17      -1.364051817751e-18 
 1799       4.828448136250e-11       1.062421505203e-12      -1.340646017150e-12       7.926979110408e-15       5.709022826632e-16       2.486369603966e-17      -1.615095465059e-18 
 1800       4.814546961823e-11       1.063596443972e-12      -1.314323700368e-12       7.918863367059e-15       5.696225665077e-16       2.533175464923e-17      -1.864739202507e-18 
 1801       4.800523827168e-11       1.064929615359e-12      -1.288398155623e-12       7.910712178542e-15       5.683463955980e-16       2.580424182628e-17      -2.112966465979e-18 
 1802       4.786382097945e-11       1.066418814364e-12      -1.262879196496e-12       7.902525809788e-15       5.670737574050e-16       2.628099756277e-17      -2.359760637447e-18 
 1803       4.772125155828e-11       1.068061824451e-12      -1.237776675291e-12       7.894304527075e-15       5.658046392770e-16       2.676186109855e-17      -2.605105044903e-18 
 1804       4.757756398525e-11       1.069856417531e-12      -1.213100483078e-12       7.886048598028e-15       5.645390284396e-16       2.724667092035e-17      -2.848982962292e-18 
 1805       4.743279239799e-11       1.071800353944e-12      -1.188860549750e-12       7.877758291621e-15       5.632769119958e-16       2.773526476070e-17      -3.091377609454e-18 
 1806       4.728697109493e-11       1.073891382440e-12      -1.165066844070e-12       7.869433878179e-15       5.620182769250e-16       2.822747959689e-17      -3.332272152054e-18 
 1807       4.714013453551e-11       1.076127240167e-12      -1.141729373727e-12       7.861075629381e-15       5.607631100835e-16       2.872315164988e-17      -3.571649701517e-18 
 1808       4.699231734041e-11       1.078505652652e-12      -1.118858185386e-12       7.852683818259e-15       5.595113982042e-16       2.922211638326e-17      -3.809493314966e-18 
 1809       4.684355429180e-11       1.081024333782e-12      -1.096463364735e-12       7.844258719204e-15       5.582631278961e-16       2.972420850217e-17      -4.045785995157e-18 
 1810       4.669388033352e-11       1.083680985792e-12      -1.074555036543e-12       7.835800607964e-15       5.570182856441e-16       3.022926195227e-17      -4.280510690410e-18 
 1811       4.654333057134e-11       1.086473299243e-12      -1.053143364707e-12       7.827309761647e-15       5.557768578092e-16       3.073710991866e-17      -4.513650294552e-18 
 1812       4.639194027318e-11       1.089398953009e-12      -1.032238552302e-12       7.818786458726e-15       5.545388306280e-16       3.124758482481e-17      -4.745187646844e-18 
 1813       4.623974486934e-11       1.092455614258e-12      -1.011850841640e-12       7.810230979036e-15       5.533041902123e-16       3.176051833152e-17      -4.975105531921e-18 
 1814       4.608678000529e-11       1.095640808082e-12      -9.919888601842e-13       7.801643662792e-15       5.520729235010e-16       3.227577273837e-17      -5.203387734273e-18 
 1815       4.593308170009e-11       1.098951525270e-12      -9.726546436352e-13       7.793025088162e-15       5.508450211227e-16       3.279333546716e-17      -5.430022211109e-18 
 1816       4.577868618972e-11       1.102384611339e-12      -9.538485728026e-13       7.784375895125e-15       5.496204745559e-16       3.331322533857e-17      -5.654997944961e-18 
 1817       4.562362987481e-11       1.105936896576e-12      -9.355710240789e-13       7.775696726602e-15       5.483992751786e-16       3.383546123888e-17      -5.878303891430e-18 
 1818       4.546794932093e-11       1.109605196018e-12      -9.178223694308e-13       7.766988228451e-15       5.471814142685e-16       3.436006212009e-17      -6.099928979165e-18 
 1819       4.531168125874e-11       1.113386309431e-12      -9.006029763903e-13       7.758251049475e-15       5.459668830029e-16       3.488704699998e-17      -6.319862109833e-18 
 1820       4.515486258427e-11       1.117277021289e-12      -8.839132080457e-13       7.749485841426e-15       5.447556724583e-16       3.541643496220e-17      -6.538092158094e-18 
 1821       4.499753035915e-11       1.121274100750e-12      -8.677534230324e-13       7.740693259009e-15       5.435477736104e-16       3.594824515636e-17      -6.754607971574e-18 
 1822       4.483972181080e-11       1.125374301636e-12      -8.521239755245e-13       7.731873959884e-15       5.423431773337e-16       3.648249679812e-17      -6.969398370842e-18 
 1823       4.468147433269e-11       1.129574362412e-12      -8.370252152251e-13       7.723028604673e-15       5.411418744016e-16       3.701920916925e-17      -7.182452149377e-18 
 1824       4.452282548457e-11       1.133871006164e-12      -8.224574873582e-13       7.714157856962e-15       5.399438554861e-16       3.755840161773e-17      -7.393758073550e-18 
 1825       4.436381299268e-11       1.138260940575e-12      -8.084211326590e-13       7.705262383306e-15       5.387491111576e-16       3.810009355784e-17      -7.603304882591e-18 
 1826       4.420447474999e-11       1.142740857909e-12      -7.949164873654e-13       7.696342853231e-15       5.375576318849e-16       3.864430447023e-17      -7.811081288563e-18 
 1827       4.404484881641e-11       1.147307434983e-12      -7.819438832089e-13       7.687399939242e-15       5.363694080345e-16       3.919105390202e-17      -8.017075976343e-18 
 1828       4.388497341904e-11       1.151957333151e-12      -7.695036474056e-13       7.678434316824e-15       5.351844298713e-16       3.974036146688e-17      -8.221277603586e-18 
 1829       4.372488695240e-11       1.156687198278e-12      -7.575961026475e-13       7.669446664446e-15       5.340026875577e-16       4.029224684508e-17      -8.423674800705e-18 
 1830       4.356462797864e-11       1.161493660722e-12      -7.462215670932e-13       7.660437663565e-15       5.328241711535e-16       4.084672978364e-17      -8.624256170841e-18 
 1831       4.340423522778e-11       1.166373335310e-12      -7.353803543591e-13       7.651407998634e-15       5.316488706162e-16       4.140383009635e-17      -8.823010289842e-18 
 1832       4.324374759793e-11       1.171322821317e-12      -7.250727735107e-13       7.642358357100e-15       5.304767758004e-16       4.196356766389e-17      -9.019925706229e-18 
 1833       4.308320415552e-11       1.176338702446e-12      -7.152991290532e-13       7.633289429411e-15       5.293078764577e-16       4.252596243392e-17      -9.214990941177e-18 
 1834       4.292264413554e-11       1.181417546804e-12      -7.060597209228e-13       7.624201909022e-15       5.281421622366e-16       4.309103442114e-17      -9.408194488483e-18 
 1835       4.276210694175e-11       1.186555906881e-12      -6.973548444779e-13       7.615096492394e-15       5.269796226823e-16       4.365880370737e-17      -9.599524814544e-18 
 1836       4.260163214693e-11       1.191750319532e-12      -6.891847904896e-13       7.605973879003e-15       5.258202472365e-16       4.422929044167e-17      -9.788970358329e-18 
 1837       4.244125949309e-11       1.196997305950e-12      -6.815498451336e-13       7.596834771342e-15       5.246640252374e-16       4.480251484039e-17      -9.976519531351e-18 
 1838       4.228102889169e-11       1.202293371647e-12      -6.744502899804e-13       7.587679874924e-15       5.235109459191e-16       4.537849718728e-17      -1.016216071764e-17 
 1839       4.212098042390e-11       1.207635006433e-12      -6.678864019868e-13       7.578509898288e-15       5.223609984119e-16       4.595725783353e-17      -1.034588227373e-17 
 1840       4.196115434080e-11       1.213018684395e-12      -6.618584534871e-13       7.569325553001e-15       5.212141717420e-16       4.653881719792e-17      -1.052767252861e-17 
 1841       4.180159106363e-11       1.218440863873e-12      -6.563667121837e-13       7.560127553664e-15       5.200704548310e-16       4.712319576686e-17      -1.070751978370e-17 
 1842       4.164233118398e-11       1.223897987439e-12      -6.514114411384e-13       7.550916617914e-15       5.189298364963e-16       4.771041409446e-17      -1.088541231287e-17 
 1843       4.148341546408e-11       1.229386481878e-12      -6.469928987634e-13       7.541693466431e-15       5.177923054504e-16       4.830049280266e-17      -1.106133836233e-17 
 1844       4.132488483696e-11       1.234902758163e-12      -6.431113388126e-13       7.532458822940e-15       5.166578503009e-16       4.889345258130e-17      -1.123528615070e-17 
 1845       4.116678040672e-11       1.240443211437e-12      -6.397670103721e-13       7.523213414212e-15       5.155264595506e-16       4.948931418816e-17      -1.140724386889e-17 
 1846       4.100914344877e-11       1.246004220987e-12      -6.369601578518e-13       7.513957970076e-15       5.143981215968e-16       5.008809844911e-17      -1.157719968014e-17 
 1847       4.085201541001e-11       1.251582150228e-12      -6.346910209763e-13       7.504693223414e-15       5.132728247316e-16       5.068982625816e-17      -1.174514171999e-17 
 1848       4.069543790909e-11       1.257173346676e-12      -6.329598347756e-13       7.495419910173e-15       5.121505571416e-16       5.129451857753e-17      -1.191105809620e-17 
 1849       4.053945273664e-11       1.262774141929e-12      -6.317668295765e-13       7.486138769363e-15       5.110313069075e-16       5.190219643777e-17      -1.207493688879e-17 
 1850       4.038410185549e-11       1.268380851646e-12      -6.311122309939e-13       7.476850543064e-15       5.099150620043e-16       5.251288093782e-17      -1.223676614995e-17 
 1851       4.022942740089e-11       1.273989775525e-12      -6.309962599211e-13       7.467555976429e-15       5.088018103006e-16       5.312659324510e-17      -1.239653390409e-17 
 1852       4.007547168077e-11       1.279597197282e-12      -6.314191325216e-13       7.458255817690e-15       5.076915395591e-16       5.374335459560e-17      -1.255422814774e-17 
 1853       3.992227358243e-11       1.285199596602e-12      -6.323799091965e-13       7.448950797508e-15       5.065842382924e-16       5.436314829327e-17      -1.270983727155e-17 
 1854       3.976985776139e-11       1.290794286886e-12      -6.338730315681e-13       7.439641566855e-15       5.054798983398e-16       5.498580538002e-17      -1.286335132989e-17 
 1855       3.961824536762e-11       1.296378782497e-12      -6.358917581292e-13       7.430328758649e-15       5.043785123107e-16       5.561111806296e-17      -1.301476078120e-17 
 1856       3.946745763139e-11       1.301950587233e-12      -6.384293127344e-13       7.421013008367e-15       5.032800727298e-16       5.623887763188e-17      -1.316405606694e-17 
 1857       3.931751586341e-11       1.307507194310e-12      -6.414788845507e-13       7.411694954046e-15       5.021845720369e-16       5.686887445801e-17      -1.331122761154e-17 
 1858       3.916844145488e-11       1.313046086347e-12      -6.450336280087e-13       7.402375236290e-15       5.010920025868e-16       5.750089799275e-17      -1.345626582241e-17 
 1859       3.902025587764e-11       1.318564735353e-12      -6.490866627534e-13       7.393054498267e-15       5.000023566492e-16       5.813473676647e-17      -1.359916108992e-17 
 1860       3.887298068423e-11       1.324060602714e-12      -6.536310735948e-13       7.383733385718e-15       4.989156264084e-16       5.877017838722e-17      -1.373990378739e-17 
 1861       3.872663750802e-11       1.329531139177e-12      -6.586599104589e-13       7.374412546958e-15       4.978318039634e-16       5.940700953952e-17      -1.387848427109e-17 
 1862       3.858124806329e-11       1.334973784835e-12      -6.641661883386e-13       7.365092632879e-15       4.967508813277e-16       6.004501598310e-17      -1.401489288021e-17 
 1863       3.843683414539e-11       1.340385969116e-12      -6.701428872445e-13       7.355774296953e-15       4.956728504288e-16       6.068398255168e-17      -1.414911993685e-17 
 1864       3.829341763074e-11       1.345765110767e-12      -6.765829521555e-13       7.346458195239e-15       4.945977031086e-16       6.132369315169e-17      -1.428115574602e-17 
 1865       3.815102047704e-11       1.351108617840e-12      -6.834792929702e-13       7.337144986380e-15       4.935254311228e-16       6.196393076106e-17      -1.441099059563e-17 
 1866       3.800966472331e-11       1.356413887676e-12      -6.908247844573e-13       7.327835331612e-15       4.924560261412e-16       6.260447742794e-17      -1.453861475646e-17 
 1867       3.786937248999e-11       1.361678306896e-12      -6.986122662064e-13       7.318529894765e-15       4.913894797470e-16       6.324511426952e-17      -1.466401848217e-17 
 1868       3.773016597909e-11       1.366899251381e-12      -7.068345425792e-13       7.309229342264e-15       4.903257834372e-16       6.388562147070e-17      -1.478719200927e-17 
 1869       3.759206747425e-11       1.372074086260e-12      -7.154843826601e-13       7.299934343137e-15       4.892649286222e-16       6.452577828293e-17      -1.490812555712e-17 
 1870       3.745509934085e-11       1.377200165899e-12      -7.245545202071e-13       7.290645569015e-15       4.882069066255e-16       6.516536302292e-17      -1.502680932792e-17 
 1871       3.731928402612e-11       1.382274833882e-12      -7.340376536026e-13       7.281363694137e-15       4.871517086839e-16       6.580415307139e-17      -1.514323350668e-17 
 1872       3.718464405925e-11       1.387295422999e-12      -7.439264458044e-13       7.272089395353e-15       4.860993259472e-16       6.644192487187e-17      -1.525738826125e-17 
 1873       3.705120205148e-11       1.392259255232e-12      -7.542135242964e-13       7.262823352125e-15       4.850497494780e-16       6.707845392942e-17      -1.536926374224e-17 
 1874       3.691898069619e-11       1.397163641741e-12      -7.648914810393e-13       7.253566246533e-15       4.840029702515e-16       6.771351480938e-17      -1.547885008308e-17 
 1875       3.678800276904e-11       1.402005882849e-12      -7.759528724219e-13       7.244318763278e-15       4.829589791557e-16       6.834688113617e-17      -1.558613739998e-17 
 1876       3.665829112805e-11       1.406783268029e-12      -7.873902192115e-13       7.235081589685e-15       4.819177669908e-16       6.897832559200e-17      -1.569111579188e-17 
 1877       3.652986871368e-11       1.411493075889e-12      -7.991960065051e-13       7.225855415706e-15       4.808793244693e-16       6.960761991568e-17      -1.579377534052e-17 
 1878       3.640275854900e-11       1.416132574157e-12      -8.113626836797e-13       7.216640933923e-15       4.798436422160e-16       7.023453490129e-17      -1.589410611035e-17 
 1879       3.627698373969e-11       1.420699019668e-12      -8.238826643439e-13       7.207438839551e-15       4.788107107675e-16       7.085884039705e-17      -1.599209814856e-17 
 1880       3.615256747426e-11       1.425189658352e-12      -8.367483262881e-13       7.198249830444e-15       4.777805205724e-16       7.148030530399e-17      -1.608774148506e-17 
 1881       3.602953302406e-11       1.429601725216e-12      -8.499520114359e-13       7.189074607095e-15       4.767530619908e-16       7.209869757471e-17      -1.618102613248e-17 
 1882       3.590790374343e-11       1.433932444329e-12      -8.634860257942e-13       7.179913872641e-15       4.757283252946e-16       7.271378421221e-17      -1.627194208612e-17 
 1883       3.578770306978e-11       1.438179028815e-12      -8.773426394049e-13       7.170768332867e-15       4.747063006669e-16       7.332533126857e-17      -1.636047932399e-17 
 1884       3.566895452371e-11       1.442338680830e-12      -8.915140862951e-13       7.161638696205e-15       4.736869782022e-16       7.393310384374e-17      -1.644662780675e-17 
 1885       3.555168170910e-11       1.446408591554e-12      -9.059925644282e-13       7.152525673746e-15       4.726703479061e-16       7.453686608429e-17      -1.653037747775e-17 
 1886       3.543590831322e-11       1.450385941175e-12      -9.207702356550e-13       7.143429979232e-15       4.716563996951e-16       7.513638118217e-17      -1.661171826297e-17 
 1887       3.532165810683e-11       1.454267898874e-12      -9.358392256638e-13       7.134352329071e-15       4.706451233967e-16       7.573141137347e-17      -1.669064007103e-17 
 1888       3.520895494429e-11       1.458051622811e-12      -9.511916239321e-13       7.125293442329e-15       4.696365087489e-16       7.632171793716e-17      -1.676713279317e-17 
 1889       3.509782276364e-11       1.461734260113e-12      -9.668194836769e-13       7.116254040742e-15       4.686305454004e-16       7.690706119387e-17      -1.684118630327e-17 
 1890       3.498828558672e-11       1.465312946856e-12      -9.827148218059e-13       7.107234848717e-15       4.676272229104e-16       7.748720050463e-17      -1.691279045779e-17 
 1891       3.488036751929e-11       1.468784808054e-12      -9.988696188678e-13       7.098236593333e-15       4.666265307481e-16       7.806189426963e-17      -1.698193509579e-17 
 1892       3.477408822304e-11       1.472147337802e-12      -1.015275691667e-12       7.089259930560e-15       4.656284590147e-16       7.863094894812e-17      -1.704861196348e-17 
 1893       3.466944929322e-11       1.475399542940e-12      -1.031924310123e-12       7.080305223293e-15       4.646330006145e-16       7.919436653502e-17      -1.711282050421e-17 
 1894       3.456644777590e-11       1.478540808209e-12      -1.048806577353e-12       7.071372761606e-15       4.636401491002e-16       7.975219822258e-17      -1.717456211324e-17 
 1895       3.446508068633e-11       1.481570516890e-12      -1.065913556678e-12       7.062462836386e-15       4.626498979525e-16       8.030449548320e-17      -1.723383821728e-17 
 1896       3.436534500896e-11       1.484488050808e-12      -1.083236271576e-12       7.053575739332e-15       4.616622405800e-16       8.085131006985e-17      -1.729065027458e-17 
 1897       3.426723769736e-11       1.487292790325e-12      -1.100765705626e-12       7.044711762955e-15       4.606771703192e-16       8.139269401644e-17      -1.734499977494e-17 
 1898       3.417075567415e-11       1.489984114345e-12      -1.118492802456e-12       7.035871200582e-15       4.596946804341e-16       8.192869963821e-17      -1.739688823979e-17 
 1899       3.407589583101e-11       1.492561400306e-12      -1.136408465686e-12       7.027054346353e-15       4.587147641163e-16       8.245937953220e-17      -1.744631722222e-17 
 1900       3.398265502858e-11       1.495024024184e-12      -1.154503558880e-12       7.018261495224e-15       4.577374144851e-16       8.298478657754e-17      -1.749328830706e-17 
 1901       3.389103009642e-11       1.497371360488e-12      -1.172768905487e-12       7.009492942966e-15       4.567626245868e-16       8.350497393596e-17      -1.753780311093e-17 
 1902       3.380101783298e-11       1.499602782261e-12      -1.191195288792e-12       7.000748986170e-15       4.557903873951e-16       8.401999505211e-17      -1.757986328225e-17 
 1903       3.371261500554e-11       1.501717661077e-12      -1.209773451861e-12       6.992029922244e-15       4.548206958105e-16       8.452990365400e-17      -1.761947050136e-17 
 1904       3.362581835014e-11       1.503715367039e-12      -1.228494097487e-12       6.983336049413e-15       4.538535426610e-16       8.503475375338e-17      -1.765662648051e-17 
 1905       3.354062457159e-11       1.505595268780e-12      -1.247347888137e-12       6.974667666723e-15       4.528889207008e-16       8.553459964613e-17      -1.769133296396e-17 
 1906       3.345703034333e-11       1.507356733461e-12      -1.266325445897e-12       6.966025074042e-15       4.519268226114e-16       8.602949591272e-17      -1.772359172802e-17 
 1907       3.337503230748e-11       1.508999126767e-12      -1.285417352423e-12       6.957408572057e-15       4.509672410004e-16       8.651949741852e-17      -1.775340458107e-17 
 1908       3.329462707472e-11       1.510521812908e-12      -1.304614148883e-12       6.948818462279e-15       4.500101684024e-16       8.700465931425e-17      -1.778077336366e-17 
 1909       3.321581122426e-11       1.511924154618e-12      -1.323906335906e-12       6.940255047042e-15       4.490555972779e-16       8.748503703641e-17      -1.780569994854e-17 
 1910       3.313858130380e-11       1.513205513151e-12      -1.343284373527e-12       6.931718629501e-15       4.481035200139e-16       8.796068630759e-17      -1.782818624072e-17 
 1911       3.306293382950e-11       1.514365248283e-12      -1.362738681136e-12       6.923209513640e-15       4.471539289236e-16       8.843166313695e-17      -1.784823417751e-17 
 1912       3.298886528587e-11       1.515402718307e-12      -1.382259637421e-12       6.914728004266e-15       4.462068162459e-16       8.889802382059e-17      -1.786584572859e-17 
 1913       3.291637212578e-11       1.516317280035e-12      -1.401837580320e-12       6.906274407013e-15       4.452621741459e-16       8.935982494195e-17      -1.788102289604e-17 
 1914       3.284545077038e-11       1.517108288794e-12      -1.421462806960e-12       6.897849028342e-15       4.443199947143e-16       8.981712337220e-17      -1.789376771442e-17 
 1915       3.277609760907e-11       1.517775098425e-12      -1.441125573610e-12       6.889452175543e-15       4.433802699676e-16       9.026997627064e-17      -1.790408225081e-17 
 1916       3.270830899943e-11       1.518317061283e-12      -1.460816095627e-12       6.881084156734e-15       4.424429918477e-16       9.071844108513e-17      -1.791196860486e-17 
 1917       3.264208126719e-11       1.518733528234e-12      -1.480524547397e-12       6.872745280862e-15       4.415081522218e-16       9.116257555246e-17      -1.791742890885e-17 
 1918       3.257741070616e-11       1.519023848657e-12      -1.500241062290e-12       6.864435857707e-15       4.405757428827e-16       9.160243769874e-17      -1.792046532774e-17 
 1919       3.251429357820e-11       1.519187370435e-12      -1.519955732598e-12       6.856156197879e-15       4.396457555483e-16       9.203808583983e-17      -1.792108005920e-17 
 1920       3.245272611319e-11       1.519223439962e-12      -1.539658609488e-12       6.847906612819e-15       4.387181818613e-16       9.246957858173e-17      -1.791927533373e-17 
 1921       3.239270450890e-11       1.519131402138e-12      -1.559339702946e-12       6.839687414803e-15       4.377930133895e-16       9.289697482094e-17      -1.791505341461e-17 
 1922       3.233422493105e-11       1.518910600366e-12      -1.578988981724e-12       6.831498916941e-15       4.368702416257e-16       9.332033374494e-17      -1.790841659807e-17 
 1923       3.227728351317e-11       1.518560376553e-12      -1.598596373286e-12       6.823341433177e-15       4.359498579871e-16       9.373971483250e-17      -1.789936721324e-17 
 1924       3.222187635662e-11       1.518080071108e-12      -1.618151763755e-12       6.815215278291e-15       4.350318538157e-16       9.415517785415e-17      -1.788790762226e-17 
 1925       3.216799953048e-11       1.517469022939e-12      -1.637644997860e-12       6.807120767898e-15       4.341162203778e-16       9.456678287253e-17      -1.787404022033e-17 
 1926       3.211564907153e-11       1.516726569456e-12      -1.657065878881e-12       6.799058218453e-15       4.332029488641e-16       9.497459024283e-17      -1.785776743574e-17 
 1927       3.206482098424e-11       1.515852046564e-12      -1.676404168599e-12       6.791027947246e-15       4.322920303896e-16       9.537866061314e-17      -1.783909172994e-17 
 1928       3.201551124063e-11       1.514844788665e-12      -1.695649587238e-12       6.783030272410e-15       4.313834559933e-16       9.577905492491e-17      -1.781801559758e-17 
 1929       3.196771578030e-11       1.513704128654e-12      -1.714791813416e-12       6.775065512913e-15       4.304772166381e-16       9.617583441329e-17      -1.779454156658e-17 
 1930       3.192143051036e-11       1.512429397923e-12      -1.733820484087e-12       6.767133988567e-15       4.295733032111e-16       9.656906060758e-17      -1.776867219818e-17 
 1931       3.187664849749e-11       1.511020242825e-12      -1.752725964896e-12       6.759235943788e-15       4.286717071364e-16       9.695876353465e-17      -1.774041100429e-17 
 1932       3.183335152108e-11       1.509477576713e-12      -1.771501667721e-12       6.751371318249e-15       4.277724222217e-16       9.734484606520e-17      -1.770976520716e-17 
 1933       3.179151845599e-11       1.507802635119e-12      -1.790141750587e-12       6.743539974494e-15       4.268754428259e-16       9.772717884329e-17      -1.767674300074e-17 
 1934       3.175112807444e-11       1.505996659942e-12      -1.808640348829e-12       6.735741774010e-15       4.259807632464e-16       9.810563201690e-17      -1.764135263536e-17 
 1935       3.171215904594e-11       1.504060899458e-12      -1.826991575064e-12       6.727976577229e-15       4.250883777193e-16       9.848007523730e-17      -1.760360241778e-17 
 1936       3.167458993706e-11       1.501996608331e-12      -1.845189519160e-12       6.720244243524e-15       4.241982804192e-16       9.885037765837e-17      -1.756350071132e-17 
 1937       3.163839921136e-11       1.499805047618e-12      -1.863228248212e-12       6.712544631209e-15       4.233104654588e-16       9.921640793606e-17      -1.752105593591e-17 
 1938       3.160356522922e-11       1.497487484781e-12      -1.881101806507e-12       6.704877597540e-15       4.224249268895e-16       9.957803422768e-17      -1.747627656816e-17 
 1939       3.157006624770e-11       1.495045193694e-12      -1.898804215500e-12       6.697242998705e-15       4.215416587004e-16       9.993512419136e-17      -1.742917114148e-17 
 1940       3.153788042044e-11       1.492479454652e-12      -1.916329473785e-12       6.689640689832e-15       4.206606548191e-16       1.002875449853e-16      -1.737974824614e-17 
 1941       3.150698579743e-11       1.489791554380e-12      -1.933671557063e-12       6.682070524983e-15       4.197819091109e-16       1.006351632674e-16      -1.732801652936e-17 
 1942       3.147736032499e-11       1.486982786043e-12      -1.950824418120e-12       6.674532357149e-15       4.189054153791e-16       1.009778451944e-16      -1.727398469539e-17 
 1943       3.144898184553e-11       1.484054449251e-12      -1.967781986789e-12       6.667026038255e-15       4.180311673647e-16       1.013154564211e-16      -1.721766150556e-17 
 1944       3.142182809745e-11       1.481007850072e-12      -1.984538169930e-12       6.659551419156e-15       4.171591587464e-16       1.016478621002e-16      -1.715905577845e-17 
 1945       3.139587671502e-11       1.477844301039e-12      -2.001086851396e-12       6.652108349632e-15       4.162893831405e-16       1.019749268815e-16      -1.709817638986e-17 
 1946       3.137110522822e-11       1.474565121160e-12      -2.017421892008e-12       6.644696678390e-15       4.154218341006e-16       1.022965149111e-16      -1.703503227298e-17 
 1947       3.134749106258e-11       1.471171635921e-12      -2.033537129523e-12       6.637316253064e-15       4.145565051180e-16       1.026124898308e-16      -1.696963241843e-17 
 1948       3.132501153907e-11       1.467665177306e-12      -2.049426378607e-12       6.629966920207e-15       4.136933896211e-16       1.029227147777e-16      -1.690198587437e-17 
 1949       3.130364387398e-11       1.464047083793e-12      -2.065083430808e-12       6.622648525295e-15       4.128324809754e-16       1.032270523834e-16      -1.683210174654e-17 
 1950       3.128336517871e-11       1.460318700372e-12      -2.080502054523e-12       6.615360912724e-15       4.119737724835e-16       1.035253647734e-16      -1.675998919838e-17 
 1951       3.126415245970e-11       1.456481378551e-12      -2.095675994975e-12       6.608103925809e-15       4.111172573851e-16       1.038175135665e-16      -1.668565745109e-17 
 1952       3.124598261826e-11       1.452536476363e-12      -2.110598974178e-12       6.600877406778e-15       4.102629288567e-16       1.041033598743e-16      -1.660911578376e-17 
 1953       3.122883245044e-11       1.448485358376e-12      -2.125264690914e-12       6.593681196776e-15       4.094107800115e-16       1.043827643002e-16      -1.653037353336e-17 
 1954       3.121267864688e-11       1.444329395703e-12      -2.139666820702e-12       6.586515135863e-15       4.085608038996e-16       1.046555869393e-16      -1.644944009491e-17 
 1955       3.119749779266e-11       1.440069966009e-12      -2.153799015769e-12       6.579379063007e-15       4.077129935075e-16       1.049216873772e-16      -1.636632492154e-17 
 1956       3.118326636721e-11       1.435708453522e-12      -2.167654905022e-12       6.572272816087e-15       4.068673417581e-16       1.051809246901e-16      -1.628103752453e-17 
 1957       3.116996074411e-11       1.431246249037e-12      -2.181228094018e-12       6.565196231893e-15       4.060238415110e-16       1.054331574433e-16      -1.619358747345e-17 
 1958       3.115755719099e-11       1.426684749932e-12      -2.194512164938e-12       6.558149146117e-15       4.051824855616e-16       1.056782436912e-16      -1.610398439621e-17 
 1959       3.114603186938e-11       1.422025360168e-12      -2.207500676556e-12       6.551131393360e-15       4.043432666420e-16       1.059160409767e-16      -1.601223797915e-17 
 1960       3.113536083456e-11       1.417269490308e-12      -2.220187164212e-12       6.544142807126e-15       4.035061774200e-16       1.061464063302e-16      -1.591835796710e-17 
 1961       3.112552003544e-11       1.412418557515e-12      -2.232565139782e-12       6.537183219818e-15       4.026712104996e-16       1.063691962691e-16      -1.582235416354e-17 
 1962       3.111648531440e-11       1.407473985570e-12      -2.244628091650e-12       6.530252462742e-15       4.018383584206e-16       1.065842667973e-16      -1.572423643056e-17 
 1963       3.110823240717e-11       1.402437204875e-12      -2.256369484680e-12       6.523350366103e-15       4.010076136585e-16       1.067914734047e-16      -1.562401468905e-17 
 1964       3.110073694268e-11       1.397309652464e-12      -2.267782760186e-12       6.516476759000e-15       4.001789686246e-16       1.069906710660e-16      -1.552169891874e-17 
 1965       3.109397444291e-11       1.392092772010e-12      -2.278861335904e-12       6.509631469431e-15       3.993524156658e-16       1.071817142409e-16      -1.541729915827e-17 
 1966       3.108792032278e-11       1.386788013838e-12      -2.289598605963e-12       6.502814324285e-15       3.985279470644e-16       1.073644568728e-16      -1.531082550529e-17 
 1967       3.108254988998e-11       1.381396834929e-12      -2.299987940858e-12       6.496025149345e-15       3.977055550381e-16       1.075387523884e-16      -1.520228811655e-17 
 1968       3.107783834486e-11       1.375920698929e-12      -2.310022687419e-12       6.489263769283e-15       3.968852317400e-16       1.077044536971e-16      -1.509169720796e-17 
 1969       3.107376078025e-11       1.370361076163e-12      -2.319696168784e-12       6.482530007661e-15       3.960669692581e-16       1.078614131905e-16      -1.497906305467e-17 
 1970       3.107029229278e-11       1.364719542667e-12      -2.329002770330e-12       6.475823649718e-15       3.952507601623e-16       1.080095312978e-16      -1.486441032065e-17 
 1971       3.106740831790e-11       1.358998078090e-12      -2.337941206341e-12       6.469144330431e-15       3.944365991476e-16       1.081489025478e-16      -1.474782116343e-17 
 1972       3.106508429705e-11       1.353198770026e-12      -2.346511277551e-12       6.462491645619e-15       3.936244814025e-16       1.082796705911e-16      -1.462939244971e-17 
 1973       3.106329556632e-11       1.347323715196e-12      -2.354712787398e-12       6.455865189077e-15       3.928144020637e-16       1.084019797428e-16      -1.450922145560e-17 
 1974       3.106201735634e-11       1.341375019459e-12      -2.362545542020e-12       6.449264552570e-15       3.920063562161e-16       1.085159749840e-16      -1.438740586701e-17 
 1975       3.106122479216e-11       1.335354797828e-12      -2.370009350267e-12       6.442689325830e-15       3.912003388922e-16       1.086218019621e-16      -1.426404378031e-17 
 1976       3.106089289306e-11       1.329265174478e-12      -2.377104023705e-12       6.436139096558e-15       3.903963450727e-16       1.087196069918e-16      -1.413923370275e-17 
 1977       3.106099657244e-11       1.323108282758e-12      -2.383829376616e-12       6.429613450417e-15       3.895943696860e-16       1.088095370563e-16      -1.401307455304e-17 
 1978       3.106151063770e-11       1.316886265204e-12      -2.390185226009e-12       6.423111971030e-15       3.887944076082e-16       1.088917398079e-16      -1.388566566189e-17 
 1979       3.106240979009e-11       1.310601273552e-12      -2.396171391621e-12       6.416634239978e-15       3.879964536629e-16       1.089663635689e-16      -1.375710677246e-17 
 1980       3.106366862456e-11       1.304255468748e-12      -2.401787695925e-12       6.410179836796e-15       3.872005026214e-16       1.090335573326e-16      -1.362749804098e-17 
 1981       3.106526162967e-11       1.297851020958e-12      -2.407033964131e-12       6.403748338972e-15       3.864065492026e-16       1.090934707638e-16      -1.349694003719e-17 
 1982       3.106716318738e-11       1.291390109585e-12      -2.411910024196e-12       6.397339321944e-15       3.856145880725e-16       1.091462542004e-16      -1.336553374494e-17 
 1983       3.106934757299e-11       1.284874923277e-12      -2.416415706822e-12       6.390952359094e-15       3.848246138444e-16       1.091920586536e-16      -1.323338056266e-17 
 1984       3.107178895497e-11       1.278307659938e-12      -2.420550845468e-12       6.384587021751e-15       3.840366210792e-16       1.092310358089e-16      -1.310058230390e-17 
 1985       3.107446139479e-11       1.271690526744e-12      -2.424315276352e-12       6.378242879183e-15       3.832506042844e-16       1.092633380274e-16      -1.296724119788e-17 
 1986       3.107733884685e-11       1.265025740150e-12      -2.427708838454e-12       6.371919498596e-15       3.824665579150e-16       1.092891183462e-16      -1.283345988997e-17 
 1987       3.108039515832e-11       1.258315525907e-12      -2.430731373523e-12       6.365616445134e-15       3.816844763727e-16       1.093085304794e-16      -1.269934144226e-17 
 1988       3.108360406897e-11       1.251562119068e-12      -2.433382726084e-12       6.359333281870e-15       3.809043540063e-16       1.093217288192e-16      -1.256498933406e-17 
 1989       3.108693921107e-11       1.244767764006e-12      -2.435662743437e-12       6.353069569810e-15       3.801261851111e-16       1.093288684364e-16      -1.243050746244e-17 
 1990       3.109037410926e-11       1.237934714419e-12      -2.437571275669e-12       6.346824867886e-15       3.793499639294e-16       1.093301050817e-16      -1.229600014273e-17 
 1991       3.109388218037e-11       1.231065233348e-12      -2.439108175652e-12       6.340598732954e-15       3.785756846501e-16       1.093255951863e-16      -1.216157210908e-17 
 1992       3.109743673335e-11       1.224161593187e-12      -2.440273299054e-12       6.334390719794e-15       3.778033414085e-16       1.093154958626e-16      -1.202732851494e-17 
 1993       3.110101096905e-11       1.217226075691e-12      -2.441066504340e-12       6.328200381101e-15       3.770329282865e-16       1.092999649056e-16      -1.189337493364e-17 
 1994       3.110457798018e-11       1.210260971994e-12      -2.441487652779e-12       6.322027267489e-15       3.762644393123e-16       1.092791607935e-16      -1.175981735888e-17 
 1995       3.110811075110e-11       1.203268582616e-12      -2.441536608447e-12       6.315870927486e-15       3.754978684606e-16       1.092532426883e-16      -1.162676220525e-17 
 1996       3.111158215770e-11       1.196251217477e-12      -2.441213238234e-12       6.309730907528e-15       3.747332096521e-16       1.092223704373e-16      -1.149431630879e-17 
 1997       3.111496496729e-11       1.189211195910e-12      -2.440517411847e-12       6.303606751960e-15       3.739704567537e-16       1.091867045732e-16      -1.136258692747e-17 
 1998       3.111823183844e-11       1.182150846668e-12      -2.439449001816e-12       6.297498003032e-15       3.732096035785e-16       1.091464063159e-16      -1.123168174175e-17 
 1999       3.112135532085e-11       1.175072507943e-12      -2.438007883499e-12       6.291404200898e-15       3.724506438855e-16       1.091016375725e-16      -1.110170885511e-17 
 2000       3.112430785522e-11       1.167978527370e-12      -2.436193935088e-12       6.285324883609e-15       3.716935713794e-16       1.090525609386e-16      -1.097277679452e-17 
 2001       3.112706177311e-11       1.160871262046e-12      -2.434007037611e-12       6.279259587114e-15       3.709383797111e-16       1.089993396993e-16      -1.084499451105e-17 
 2002       3.112958929680e-11       1.153753078537e-12      -2.431447074939e-12       6.273207845256e-15       3.701850624768e-16       1.089421378297e-16      -1.071847138031e-17 
 2003       3.113186253915e-11       1.146626352890e-12      -2.428513933790e-12       6.267169189770e-15       3.694336132187e-16       1.088811199963e-16      -1.059331720304e-17 
 2004       3.113385350349e-11       1.139493470650e-12      -2.425207503734e-12       6.261143150277e-15       3.686840254244e-16       1.088164515572e-16      -1.046964220560e-17 
 2005       3.113553408344e-11       1.132356826865e-12      -2.421527677201e-12       6.255129254286e-15       3.679362925270e-16       1.087482985635e-16      -1.034755704050e-17 
 2006       3.113687606281e-11       1.125218826101e-12      -2.417474349480e-12       6.249127027188e-15       3.671904079049e-16       1.086768277600e-16      -1.022717278695e-17 
 2007       3.113785111547e-11       1.118081882456e-12      -2.413047418729e-12       6.243135992256e-15       3.664463648821e-16       1.086022065863e-16      -1.010860095135e-17 
 2008       3.113843080518e-11       1.110948419566e-12      -2.408246785977e-12       6.237155670637e-15       3.657041567276e-16       1.085246031770e-16      -9.991953467837e-18 
 2009       3.113858901373e-11       1.103820741825e-12      -2.403073126456e-12       6.231185595148e-15       3.649637771337e-16       1.084441246635e-16      -9.877305239037e-18 
 2010       3.113830924493e-11       1.096700646970e-12      -2.397530209726e-12       6.225225351748e-15       3.642252216546e-16       1.083606315824e-16      -9.764581458990e-18 
 2011       3.113757737355e-11       1.089589810696e-12      -2.391622596460e-12       6.219274538364e-15       3.634884862779e-16       1.082739221166e-16      -9.653669470356e-18 
 2012       3.113637922187e-11       1.082489915201e-12      -2.385354868687e-12       6.213332751116e-15       3.627535669477e-16       1.081837936708e-16      -9.544456149063e-18 
 2013       3.113470055954e-11       1.075402649200e-12      -2.378731629813e-12       6.207399584319e-15       3.620204595644e-16       1.080900428712e-16      -9.436827903717e-18 
 2014       3.113252710362e-11       1.068329707930e-12      -2.371757504656e-12       6.201474630480e-15       3.612891599844e-16       1.079924655645e-16      -9.330670675015e-18 
 2015       3.112984451842e-11       1.061272793156e-12      -2.364437139468e-12       6.195557480294e-15       3.605596640205e-16       1.078908568166e-16      -9.225869935159e-18 
 2016       3.112663841549e-11       1.054233613183e-12      -2.356775201965e-12       6.189647722645e-15       3.598319674415e-16       1.077850109117e-16      -9.122310687264e-18 
 2017       3.112289435354e-11       1.047213882861e-12      -2.348776381356e-12       6.183744944602e-15       3.591060659721e-16       1.076747213517e-16      -9.019877464774e-18 
 2018       3.111859783839e-11       1.040215323595e-12      -2.340445388370e-12       6.177848731413e-15       3.583819552930e-16       1.075597808548e-16      -8.918454330873e-18 
 2019       3.111373432287e-11       1.033239663351e-12      -2.331786955282e-12       6.171958666509e-15       3.576596310408e-16       1.074399813550e-16      -8.817924877895e-18 
 2020       3.110828920681e-11       1.026288636667e-12      -2.322805835944e-12       6.166074331497e-15       3.569390888080e-16       1.073151140006e-16      -8.718172226738e-18 
 2021       3.110224783693e-11       1.019363984658e-12      -2.313506805810e-12       6.160195306162e-15       3.562203241426e-16       1.071849691538e-16      -8.619079026276e-18 
 2022       3.109559550680e-11       1.012467455024e-12      -2.303894661967e-12       6.154321168458e-15       3.555033325484e-16       1.070493363893e-16      -8.520527452770e-18 
 2023       3.108831745677e-11       1.005600802062e-12      -2.293974223159e-12       6.148451494512e-15       3.547881094848e-16       1.069080044935e-16      -8.422399209283e-18 
 2024       3.108039887389e-11       9.987657866672e-13      -2.283750329819e-12       6.142585858618e-15       3.540746503667e-16       1.067607614638e-16      -8.324575525087e-18 
 2025       3.107182489189e-11       9.919641763485e-13      -2.273227844092e-12       6.136723833238e-15       3.533629505645e-16       1.066073945073e-16      -8.226937155080e-18 
 2026       3.106258059106e-11       9.851977452309e-13      -2.262411649867e-12       6.130864988994e-15       3.526530054038e-16       1.064476900397e-16      -8.129364379194e-18 
 2027       3.105265099824e-11       9.784682740663e-13      -2.251306652803e-12       6.125008894672e-15       3.519448101659e-16       1.062814336850e-16      -8.031737001812e-18 
 2028       3.104202108671e-11       9.717775502404e-13      -2.239917780359e-12       6.119155117216e-15       3.512383600871e-16       1.061084102738e-16      -7.933934351175e-18 
 2029       3.103067577617e-11       9.651273677810e-13      -2.228249981817e-12       6.113303221726e-15       3.505336503588e-16       1.059284038430e-16      -7.835835278797e-18 
 2030       3.101859993262e-11       9.585195273661e-13      -2.216308228316e-12       6.107452771456e-15       3.498306761277e-16       1.057411976343e-16      -7.737318158874e-18 
 2031       3.100577836835e-11       9.519558363317e-13      -2.204097512873e-12       6.101603327812e-15       3.491294324954e-16       1.055465740936e-16      -7.638260887703e-18 
 2032       3.099219584186e-11       9.454381086801e-13      -2.191622850418e-12       6.095754450350e-15       3.484299145187e-16       1.053443148697e-16      -7.538540883085e-18 
 2033       3.097783705779e-11       9.389681650875e-13      -2.178889277817e-12       6.089905696771e-15       3.477321172092e-16       1.051342008139e-16      -7.438035083745e-18 
 2034       3.096268666685e-11       9.325478329122e-13      -2.165901853901e-12       6.084056622923e-15       3.470360355332e-16       1.049160119784e-16      -7.336619948737e-18 
 2035       3.094672926575e-11       9.261789462026e-13      -2.152665659495e-12       6.078206782794e-15       3.463416644119e-16       1.046895276158e-16      -7.234171456862e-18 
 2036       3.092994939719e-11       9.198633457052e-13      -2.139185797444e-12       6.072355728514e-15       3.456489987213e-16       1.044545261780e-16      -7.130565106077e-18 
 2037       3.091233154971e-11       9.136028788726e-13      -2.125467392643e-12       6.066503010350e-15       3.449580332919e-16       1.042107853151e-16      -7.025675912908e-18 
 2038       3.089386015772e-11       9.073993998716e-13      -2.111515592062e-12       6.060648176704e-15       3.442687629088e-16       1.039580818747e-16      -6.919378411862e-18 
 2039       3.087451960135e-11       9.012547695907e-13      -2.097335564776e-12       6.054790774109e-15       3.435811823117e-16       1.036961919009e-16      -6.811546654838e-18 
 2040       3.085429420644e-11       8.951708556490e-13      -2.082932501994e-12       6.048930347233e-15       3.428952861945e-16       1.034248906329e-16      -6.702054210542e-18 
 2041       3.083316824446e-11       8.891495324031e-13      -2.068311617082e-12       6.043066438867e-15       3.422110692056e-16       1.031439525049e-16      -6.590774163893e-18 
 2042       3.081112593245e-11       8.831926809562e-13      -2.053478145597e-12       6.037198589931e-15       3.415285259479e-16       1.028531511443e-16      -6.477579115444e-18 
 2043       3.078815143295e-11       8.773021891653e-13      -2.038437345311e-12       6.031326339468e-15       3.408476509782e-16       1.025522593712e-16      -6.362341180786e-18 
 2044       3.076422885395e-11       8.714799516494e-13      -2.023194496238e-12       6.025449224641e-15       3.401684388077e-16       1.022410491974e-16      -6.244931989964e-18 
 2045       3.073934224879e-11       8.657278697977e-13      -2.007754900665e-12       6.019566780733e-15       3.394908839014e-16       1.019192918252e-16      -6.125222686888e-18 
 2046       3.071347561615e-11       8.600478517775e-13      -1.992123883179e-12       6.013678541143e-15       3.388149806787e-16       1.015867576468e-16      -6.003083928746e-18 
 2047       3.068661289994e-11       8.544418125420e-13      -1.976306790694e-12       6.007784037383e-15       3.381407235127e-16       1.012432162432e-16      -5.878385885416e-18 
 2048       3.065874100058e-11       8.489114278464e-13      -1.960309093981e-12       6.001882847090e-15       3.374681070371e-16       1.008885390200e-16      -5.751040265534e-18 
 2049       3.062985883237e-11       8.434573943568e-13      -1.944136693007e-12       5.995974738432e-15       3.367971270686e-16       1.005230079194e-16      -5.621126724226e-18 
 2050       3.059996833071e-11       8.380801642692e-13      -1.927795613837e-12       5.990059526729e-15       3.361277796910e-16       1.001470089128e-16      -5.488767357656e-18 
 2051       3.056907144670e-11       8.327801908220e-13      -1.911291907354e-12       5.984137026529e-15       3.354600609488e-16       9.976092956612e-17      -5.354084759011e-18 
 2052       3.053717014715e-11       8.275579282978e-13      -1.894631649297e-12       5.978207051617e-15       3.347939668476e-16       9.936515904211e-17      -5.217202019110e-18 
 2053       3.050426641461e-11       8.224138320235e-13      -1.877820940287e-12       5.972269415002e-15       3.341294933534e-16       9.896008810189e-17      -5.078242727021e-18 
 2054       3.047036224736e-11       8.173483583717e-13      -1.860865905858e-12       5.966323928926e-15       3.334666363931e-16       9.854610910716e-17      -4.937330970673e-18 
 2055       3.043545965951e-11       8.123619647618e-13      -1.843772696489e-12       5.960370404856e-15       3.328053918544e-16       9.812361602216e-17      -4.794591337472e-18 
 2056       3.039956068094e-11       8.074551096607e-13      -1.826547487636e-12       5.954408653487e-15       3.321457555853e-16       9.769300441561e-17      -4.650148914911e-18 
 2057       3.036266735735e-11       8.026282525837e-13      -1.809196479759e-12       5.948438484741e-15       3.314877233944e-16       9.725467146273e-17      -4.504129291188e-18 
 2058       3.032478175030e-11       7.978818540958e-13      -1.791725898355e-12       5.942459707763e-15       3.308312910509e-16       9.680901594716e-17      -4.356658555818e-18 
 2059       3.028590593723e-11       7.932163758122e-13      -1.774141993990e-12       5.936472130924e-15       3.301764542843e-16       9.635643826300e-17      -4.207863300247e-18 
 2060       3.024604201145e-11       7.886322803999e-13      -1.756451042328e-12       5.930475561815e-15       3.295232087844e-16       9.589734041676e-17      -4.057870618465e-18 
 2061       3.020519208220e-11       7.841300315780e-13      -1.738659344161e-12       5.924469807252e-15       3.288715502013e-16       9.543212602934e-17      -3.906808107623e-18 
 2062       3.016335827464e-11       7.797100941191e-13      -1.720773225442e-12       5.918454673271e-15       3.282214741455e-16       9.496120033799e-17      -3.754803868642e-18 
 2063       3.012054272991e-11       7.753729338499e-13      -1.702799037315e-12       5.912429965126e-15       3.275729761874e-16       9.448497019834e-17      -3.601986506831e-18 
 2064       3.007674760512e-11       7.711190176527e-13      -1.684743156143e-12       5.906395487293e-15       3.269260518577e-16       9.400384408633e-17      -3.448485132499e-18 
 2065       3.003197507337e-11       7.669488134659e-13      -1.666611983544e-12       5.900351043465e-15       3.262806966470e-16       9.351823210020e-17      -3.294429361571e-18 
 2066       2.998622732382e-11       7.628627902850e-13      -1.648411946417e-12       5.894296436552e-15       3.256369060060e-16       9.302854596248e-17      -3.139949316196e-18 
 2067       2.993950656164e-11       7.588614181639e-13      -1.630149496975e-12       5.888231468679e-15       3.249946753453e-16       9.253519902197e-17      -2.985175625371e-18 
 2068       2.989181500810e-11       7.549451682153e-13      -1.611831112775e-12       5.882155941187e-15       3.243540000354e-16       9.203860625569e-17      -2.830239425543e-18 
 2069       2.984315490054e-11       7.511145126124e-13      -1.593463296751e-12       5.876069654632e-15       3.237148754065e-16       9.153918427090e-17      -2.675272361232e-18 
 2070       2.979352849244e-11       7.473699245892e-13      -1.575052577239e-12       5.869972408781e-15       3.230772967487e-16       9.103735130706e-17      -2.520406585641e-18 
 2071       2.974293805338e-11       7.437118784418e-13      -1.556605508016e-12       5.863864002616e-15       3.224412593116e-16       9.053352723778e-17      -2.365774761272e-18 
 2072       2.969138586914e-11       7.401408495292e-13      -1.538128668323e-12       5.857744234328e-15       3.218067583045e-16       9.002813357286e-17      -2.211510060535e-18 
 2073       2.963887424166e-11       7.366573142746e-13      -1.519628662901e-12       5.851612901318e-15       3.211737888964e-16       8.952159346021e-17      -2.057746166368e-18 
 2074       2.958540548909e-11       7.332617501657e-13      -1.501112122018e-12       5.845469800197e-15       3.205423462157e-16       8.901433168785e-17      -1.904617272848e-18 
 2075       2.953098194579e-11       7.299546357565e-13      -1.482585701503e-12       5.839314726785e-15       3.199124253502e-16       8.850677468591e-17      -1.752258085804e-18 
 2076       2.947560596240e-11       7.267364506677e-13      -1.464056082775e-12       5.833147476108e-15       3.192840213471e-16       8.799935052858e-17      -1.600803823432e-18 
 2077       2.941927990580e-11       7.236076755876e-13      -1.445529972873e-12       5.826967842398e-15       3.186571292132e-16       8.749248893609e-17      -1.450390216909e-18 
 2078       2.936200615919e-11       7.205687922735e-13      -1.427014104491e-12       5.820775619094e-15       3.180317439141e-16       8.698662127672e-17      -1.301153511008e-18 
 2079       2.930378712206e-11       7.176202835524e-13      -1.408515236000e-12       5.814570598838e-15       3.174078603749e-16       8.648218056872e-17      -1.153230464708e-18 
 2080       2.924462521027e-11       7.147626333220e-13      -1.390040151490e-12       5.808352573475e-15       3.167854734800e-16       8.597960148235e-17      -1.006758351811e-18 
 2081       2.918452285600e-11       7.119963265515e-13      -1.371595660791e-12       5.802121334053e-15       3.161645780725e-16       8.547932034184e-17      -8.618749615580e-19 
 2082       2.912348250784e-11       7.093218492830e-13      -1.353188599510e-12       5.795876670821e-15       3.155451689547e-16       8.498177512732e-17      -7.187185992365e-19 
 2083       2.906150663079e-11       7.067396886318e-13      -1.334825829058e-12       5.789618373229e-15       3.149272408881e-16       8.448740547689e-17      -5.774280868000e-19 
 2084       2.899859770625e-11       7.042503327882e-13      -1.316514236684e-12       5.783346229925e-15       3.143107885928e-16       8.399665268851e-17      -4.381427634793e-19 
 2085       2.893475823209e-11       7.018542710176e-13      -1.298260735502e-12       5.777060028757e-15       3.136958067479e-16       8.350995972204e-17      -3.010024863973e-19 
 2086       2.886999072265e-11       6.995519936622e-13      -1.280072264525e-12       5.770759556770e-15       3.130822899913e-16       8.302777120118e-17      -1.661476311820e-19 
 2087       2.880429959103e-11       6.973437802529e-13      -1.261955302176e-12       5.764444651691e-15       3.124702332775e-16       8.255042777665e-17      -3.369078021947e-20 
 2088       2.873769681044e-11       6.952290622212e-13      -1.243914403031e-12       5.758115356782e-15       3.118596329543e-16       8.207784840183e-17       9.636843087648e-20 
 2089       2.867019629258e-11       6.932070557194e-13      -1.225953650875e-12       5.751771767075e-15       3.112504856939e-16       8.160984583256e-17       2.240587557640e-19 
 2090       2.860181200909e-11       6.912769730987e-13      -1.208077144307e-12       5.745413977977e-15       3.106427881351e-16       8.114623206277e-17       3.494090794023e-19 
 2091       2.853255799161e-11       6.894380229043e-13      -1.190288996753e-12       5.739042085279e-15       3.100365368834e-16       8.068681832349e-17       4.724484182178e-19 
 2092       2.846244833185e-11       6.876894098705e-13      -1.172593336486e-12       5.732656185149e-15       3.094317285111e-16       8.023141508196e-17       5.932059202694e-19 
 2093       2.839149718167e-11       6.860303349158e-13      -1.154994306646e-12       5.726256374141e-15       3.088283595571e-16       7.977983204066e-17       7.117108654147e-19 
 2094       2.831971875316e-11       6.844599951379e-13      -1.137496065252e-12       5.719842749184e-15       3.082264265270e-16       7.933187813643e-17       8.279926654756e-19 
 2095       2.824712731869e-11       6.829775838092e-13      -1.120102785222e-12       5.713415407594e-15       3.076259258929e-16       7.888736153950e-17       9.420808644038e-19 
 2096       2.817373721102e-11       6.815822903715e-13      -1.102818654393e-12       5.706974447067e-15       3.070268540933e-16       7.844608965256e-17       1.054005138447e-18 
 2097       2.809956282332e-11       6.802733004314e-13      -1.085647875532e-12       5.700519965681e-15       3.064292075333e-16       7.800786910986e-17       1.163795296316e-18 
 2098       2.802461860931e-11       6.790497957554e-13      -1.068594666361e-12       5.694052061899e-15       3.058329825843e-16       7.757250577626e-17       1.271481279345e-18 
 2099       2.794891908329e-11       6.779109542649e-13      -1.051663259567e-12       5.687570834566e-15       3.052381755841e-16       7.713980474628e-17       1.377093161667e-18 
 2100       2.787247882023e-11       6.768559500315e-13      -1.034857902824e-12       5.681076382913e-15       3.046447828369e-16       7.670957034321e-17       1.480661150369e-18 
 2101       2.779531245584e-11       6.758839532720e-13      -1.018182858810e-12       5.674568806552e-15       3.040528006129e-16       7.628160611815e-17       1.582215585666e-18 
 2102       2.771743468664e-11       6.749941303434e-13      -1.001642405223e-12       5.668048205482e-15       3.034622251489e-16       7.585571484909e-17       1.681786941062e-18 
 2103       2.763886027005e-11       6.741856437385e-13      -9.852408347976e-13       5.661514680089e-15       3.028730526474e-16       7.543169853999e-17       1.779405823519e-18 
 2104       2.755960402443e-11       6.734576520806e-13      -9.689824553246e-13       5.654968331141e-15       3.022852792772e-16       7.500935841982e-17       1.875102973619e-18 
 2105       2.747968082921e-11       6.728093101185e-13      -9.528715896672e-13       5.648409259795e-15       3.016989011734e-16       7.458849494165e-17       1.968909265733e-18 
 2106       2.739910562490e-11       6.722397687223e-13      -9.369125757783e-13       5.641837567594e-15       3.011139144367e-16       7.416890778173e-17       2.060855708186e-18 
 2107       2.731789341322e-11       6.717481748778e-13      -9.211097667178e-13       5.635253356466e-15       3.005303151340e-16       7.375039583853e-17       2.150973443422e-18 
 2108       2.723605925713e-11       6.713336716822e-13      -9.054675306705e-13       5.628656728729e-15       2.999480992981e-16       7.333275723185e-17       2.239293748171e-18 
 2109       2.715361828093e-11       6.709953983386e-13      -8.899902509628e-13       5.622047787089e-15       2.993672629275e-16       7.291578930183e-17       2.325848033613e-18 
 2110       2.707058567034e-11       6.707324901518e-13      -8.746823260803e-13       5.615426634638e-15       2.987878019866e-16       7.249928860808e-17       2.410667845546e-18 
 2111       2.698697667254e-11       6.705440785231e-13      -8.595481696854e-13       5.608793374858e-15       2.982097124056e-16       7.208305092872e-17       2.493784864550e-18 
 2112       2.690280659629e-11       6.704292909453e-13      -8.445922106342e-13       5.602148111621e-15       2.976329900805e-16       7.166687125946e-17       2.575230906153e-18 
 2113       2.681809081196e-11       6.703872509980e-13      -8.298188929942e-13       5.595490949188e-15       2.970576308726e-16       7.125054381265e-17       2.655037920998e-18 
 2114       2.673284475164e-11       6.704170783428e-13      -8.152326760614e-13       5.588821992209e-15       2.964836306092e-16       7.083386201636e-17       2.733237995009e-18 
 2115       2.664708390918e-11       6.705178887184e-13      -8.008380343778e-13       5.582141345727e-15       2.959109850828e-16       7.041661851348e-17       2.809863349553e-18 
 2116       2.656082384031e-11       6.706887939354e-13      -7.866394577488e-13       5.575449115174e-15       2.953396900519e-16       6.999860516073e-17       2.884946341611e-18 
 2117       2.647408016265e-11       6.709289018719e-13      -7.726414512604e-13       5.568745406374e-15       2.947697412399e-16       6.957961302778e-17       2.958519463940e-18 
 2118       2.638686855586e-11       6.712373164685e-13      -7.588485352964e-13       5.562030325541e-15       2.942011343359e-16       6.915943239630e-17       3.030615345241e-18 
 2119       2.629920476164e-11       6.716131377230e-13      -7.452652455562e-13       5.555303979285e-15       2.936338649944e-16       6.873785275902e-17       3.101266750323e-18 
 2120       2.621110458387e-11       6.720554616863e-13      -7.318961330719e-13       5.548566474607e-15       2.930679288351e-16       6.831466281883e-17       3.170506580272e-18 
 2121       2.612258388863e-11       6.725633804568e-13      -7.187457642254e-13       5.541817918898e-15       2.925033214431e-16       6.788965048780e-17       3.238367872611e-18 
 2122       2.603365860430e-11       6.731359821759e-13      -7.058187207663e-13       5.535058419948e-15       2.919400383684e-16       6.746260288630e-17       3.304883801472e-18 
 2123       2.594434472165e-11       6.737723510231e-13      -6.931195998288e-13       5.528288085937e-15       2.913780751264e-16       6.703330634205e-17       3.370087677758e-18 
 2124       2.585465829388e-11       6.744715672112e-13      -6.806530139491e-13       5.521507025441e-15       2.908174271977e-16       6.660154638918e-17       3.434012949310e-18 
 2125       2.576461543671e-11       6.752327069811e-13      -6.684235910830e-13       5.514715347431e-15       2.902580900277e-16       6.616710776732e-17       3.496693201073e-18 
 2126       2.567423232417e-11       6.760547690977e-13      -6.564352630970e-13       5.507913189184e-15       2.897000593219e-16       6.572983539544e-17       3.558162844375e-18 
 2127       2.558352517573e-11       6.769364537924e-13      -6.446891258533e-13       5.501100800226e-15       2.891433319331e-16       6.528981775433e-17       3.618459189622e-18 
 2128       2.549251026924e-11       6.778763822888e-13      -6.331855644253e-13       5.494278458971e-15       2.885879049800e-16       6.484720476491e-17       3.677620388208e-18 
 2129       2.540120394526e-11       6.788731701572e-13      -6.219249632843e-13       5.487446444859e-15       2.880337755528e-16       6.440214692885e-17       3.735684744874e-18 
 2130       2.530962260713e-11       6.799254273076e-13      -6.109077062977e-13       5.480605038358e-15       2.874809407133e-16       6.395479532917e-17       3.792690717899e-18 
 2131       2.521778272109e-11       6.810317579829e-13      -6.001341767278e-13       5.473754520969e-15       2.869293974945e-16       6.350530163096e-17       3.848676919280e-18 
 2132       2.512570081630e-11       6.821907607525e-13      -5.896047572303e-13       5.466895175223e-15       2.863791429012e-16       6.305381808209e-17       3.903682114917e-18 
 2133       2.503339348493e-11       6.834010285050e-13      -5.793198298522e-13       5.460027284681e-15       2.858301739091e-16       6.260049751386e-17       3.957745224797e-18 
 2134       2.494087738224e-11       6.846611484415e-13      -5.692797760311e-13       5.453151133942e-15       2.852824874657e-16       6.214549334172e-17       4.010905323181e-18 
 2135       2.484816922667e-11       6.859697020688e-13      -5.594849765929e-13       5.446267008638e-15       2.847360804895e-16       6.168895956593e-17       4.063201638781e-18 
 2136       2.475528579989e-11       6.873252651928e-13      -5.499358117508e-13       5.439375195435e-15       2.841909498701e-16       6.123105077226e-17       4.114673554951e-18 
 2137       2.466224394688e-11       6.887264079113e-13      -5.406326611034e-13       5.432475982040e-15       2.836470924687e-16       6.077192213268e-17       4.165360609868e-18 
 2138       2.456906057600e-11       6.901716946074e-13      -5.315759036335e-13       5.425569657196e-15       2.831045051173e-16       6.031172940605e-17       4.215302496718e-18 
 2139       2.447575265907e-11       6.916596839427e-13      -5.227659177063e-13       5.418656510686e-15       2.825631846193e-16       5.985062893880e-17       4.264539063876e-18 
 2140       2.438233723145e-11       6.931889288502e-13      -5.142030810680e-13       5.411736833333e-15       2.820231277488e-16       5.938877766562e-17       4.313110315094e-18 
 2141       2.428883139210e-11       6.947579765279e-13      -5.058877708442e-13       5.404810917004e-15       2.814843312513e-16       5.892633311015e-17       4.361056409686e-18 
 2142       2.419525230368e-11       6.963653684318e-13      -4.978203635383e-13       5.397879054607e-15       2.809467918431e-16       5.846345338565e-17       4.408417662705e-18 
 2143       2.410161719259e-11       6.980096402689e-13      -4.900012350302e-13       5.390941540096e-15       2.804105062114e-16       5.800029719572e-17       4.455234545137e-18 
 2144       2.400794334905e-11       6.996893219905e-13      -4.824307605746e-13       5.383998668469e-15       2.798754710145e-16       5.753702383497e-17       4.501547684076e-18 
 2145       2.391424812721e-11       7.014029377856e-13      -4.751093147995e-13       5.377050735772e-15       2.793416828814e-16       5.707379318971e-17       4.547397862915e-18 
 2146       2.382054894517e-11       7.031490060736e-13      -4.680372717047e-13       5.370098039096e-15       2.788091384119e-16       5.661076573862e-17       4.592826021526e-18 
 2147       2.372686328510e-11       7.049260394981e-13      -4.612150046599e-13       5.363140876586e-15       2.782778341767e-16       5.614810255347e-17       4.637873256445e-18 
 2148       2.363320869328e-11       7.067325449194e-13      -4.546428864040e-13       5.356179547431e-15       2.777477667171e-16       5.568596529979e-17       4.682580821057e-18 
 2149       2.353960278022e-11       7.085670234082e-13      -4.483212890426e-13       5.349214351877e-15       2.772189325452e-16       5.522451623754e-17       4.726990125778e-18 
 2150       2.344606322067e-11       7.104279702386e-13      -4.422505840473e-13       5.342245591219e-15       2.766913281437e-16       5.476391822184e-17       4.771142738243e-18 
 2151       2.335260775375e-11       7.123138748811e-13      -4.364311422534e-13       5.335273567806e-15       2.761649499659e-16       5.430433470363e-17       4.815080383484e-18 
 2152       2.325925418298e-11       7.142232209963e-13      -4.308633338591e-13       5.328298585044e-15       2.756397944358e-16       5.384592973034e-17       4.858844944121e-18 
 2153       2.316602037640e-11       7.161544864273e-13      -4.255475284234e-13       5.321320947393e-15       2.751158579476e-16       5.338886794662e-17       4.902478460541e-18 
 2154       2.307292426661e-11       7.181061431935e-13      -4.204840948650e-13       5.314340960370e-15       2.745931368664e-16       5.293331459501e-17       4.946023131084e-18 
 2155       2.297998385084e-11       7.200766574836e-13      -4.156734014602e-13       5.307358930553e-15       2.740716275274e-16       5.247943551660e-17       4.989521312226e-18 
 2156       2.288721719106e-11       7.220644896488e-13      -4.111158158420e-13       5.300375165576e-15       2.735513262364e-16       5.202739715178e-17       5.033015518765e-18 
 2157       2.279464241402e-11       7.240680941957e-13      -4.068117049983e-13       5.293389974136e-15       2.730322292695e-16       5.157736654085e-17       5.076548424005e-18 
 2158       2.270227771134e-11       7.260859197801e-13      -4.027614352701e-13       5.286403665993e-15       2.725143328730e-16       5.112951132476e-17       5.120162859936e-18 
 2159       2.261014133958e-11       7.281164091995e-13      -3.989653723505e-13       5.279416551966e-15       2.719976332637e-16       5.068399974581e-17       5.163901817424e-18 
 2160       2.251825162030e-11       7.301579993866e-13      -3.954238812827e-13       5.272428943942e-15       2.714821266284e-16       5.024100064827e-17       5.207808446390e-18 
 2161       2.242662694017e-11       7.322091214025e-13      -3.921373264587e-13       5.265441154873e-15       2.709678091243e-16       4.980068347914e-17       5.251926055998e-18 
 2162       2.233528575101e-11       7.342682004298e-13      -3.891060716177e-13       5.258453498775e-15       2.704546768785e-16       4.936321828881e-17       5.296298114836e-18 
 2163       2.224424656988e-11       7.363336557658e-13      -3.863304798445e-13       5.251466290736e-15       2.699427259885e-16       4.892877573171e-17       5.340968251102e-18 
 2164       2.215352797914e-11       7.384039008158e-13      -3.838109135682e-13       5.244479846908e-15       2.694319525217e-16       4.849752706707e-17       5.385980252788e-18 
 2165       2.206314714193e-11       7.404774204989e-13      -3.815472197002e-13       5.237494478214e-15       2.689223528024e-16       4.806960574908e-17       5.431367340596e-18 
 2166       2.197311533737e-11       7.425530040515e-13      -3.795371812464e-13       5.230510471381e-15       2.684139242747e-16       4.764499191221e-17       5.477119907048e-18 
 2167       2.188344239532e-11       7.446295137847e-13      -3.777780552226e-13       5.223528107778e-15       2.679066646456e-16       4.722362710625e-17       5.523217559609e-18 
 2168       2.179413817828e-11       7.467058078092e-13      -3.762670865491e-13       5.216547669705e-15       2.674005715980e-16       4.680545263548e-17       5.569639828056e-18 
 2169       2.170521258139e-11       7.487807400304e-13      -3.750015080360e-13       5.209569440402e-15       2.668956427915e-16       4.639040955847e-17       5.616366164387e-18 
 2170       2.161667553254e-11       7.508531601438e-13      -3.739785403690e-13       5.202593704038e-15       2.663918758614e-16       4.597843868772e-17       5.663375942732e-18 
 2171       2.152853699234e-11       7.529219136301e-13      -3.731953920940e-13       5.195620745724e-15       2.658892684196e-16       4.556948058938e-17       5.710648459261e-18 
 2172       2.144080695420e-11       7.549858417502e-13      -3.726492596028e-13       5.188650851507e-15       2.653878180538e-16       4.516347558298e-17       5.758162932097e-18 
 2173       2.135349544432e-11       7.570437815406e-13      -3.723373271183e-13       5.181684308371e-15       2.648875223280e-16       4.476036374109e-17       5.805898501220e-18 
 2174       2.126661252179e-11       7.590945658083e-13      -3.722567666798e-13       5.174721404243e-15       2.643883787821e-16       4.436008488908e-17       5.853834228383e-18 
 2175       2.118016827857e-11       7.611370231262e-13      -3.724047381283e-13       5.167762427989e-15       2.638903849323e-16       4.396257860477e-17       5.901949097015e-18 
 2176       2.109417283953e-11       7.631699778280e-13      -3.727783890917e-13       5.160807669416e-15       2.633935382704e-16       4.356778421818e-17       5.950222012136e-18 
 2177       2.100863636254e-11       7.651922500038e-13      -3.733748549703e-13       5.153857419275e-15       2.628978362644e-16       4.317564081119e-17       5.998631800264e-18 
 2178       2.092356903843e-11       7.672026554946e-13      -3.741912589218e-13       5.146911969262e-15       2.624032763583e-16       4.278608721729e-17       6.047157209324e-18 
 2179       2.083898109108e-11       7.692000058880e-13      -3.752247118467e-13       5.139971612014e-15       2.619098559718e-16       4.239906202125e-17       6.095776908560e-18 
 2180       2.075488277746e-11       7.711831085134e-13      -3.764723123740e-13       5.133036641119e-15       2.614175725005e-16       4.201450355884e-17       6.144469488442e-18 
 2181       2.067128438760e-11       7.731507664364e-13      -3.779311468456e-13       5.126107351107e-15       2.609264233158e-16       4.163234991655e-17       6.193213460576e-18 
 2182       2.058819624472e-11       7.751017784551e-13      -3.795982893026e-13       5.119184037460e-15       2.604364057650e-16       4.125253893126e-17       6.241987257616e-18 
 2183       2.050562870519e-11       7.770349390943e-13      -3.814708014698e-13       5.112266996605e-15       2.599475171709e-16       4.087500818996e-17       6.290769233170e-18 
 2184       2.042359215859e-11       7.789490386011e-13      -3.835457327413e-13       5.105356525922e-15       2.594597548324e-16       4.049969502946e-17       6.339537661713e-18 
 2185       2.034209702777e-11       7.808428629400e-13      -3.858201201660e-13       5.098452923741e-15       2.589731160237e-16       4.012653653610e-17       6.388270738494e-18 
 2186       2.026115376886e-11       7.827151937881e-13      -3.882909884325e-13       5.091556489344e-15       2.584875979949e-16       3.975546954545e-17       6.436946579446e-18 
 2187       2.018077287130e-11       7.845648085300e-13      -3.909553498547e-13       5.084667522965e-15       2.580031979716e-16       3.938643064199e-17       6.485543221097e-18 
 2188       2.010096485789e-11       7.863904802533e-13      -3.938102043568e-13       5.077786325792e-15       2.575199131548e-16       3.901935615885e-17       6.534038620478e-18 
 2189       2.002174028485e-11       7.881909777437e-13      -3.968525394588e-13       5.070913199971e-15       2.570377407215e-16       3.865418217749e-17       6.582410655033e-18 
 2190       1.994310974180e-11       7.899650654799e-13      -4.000793302620e-13       5.064048448600e-15       2.565566778237e-16       3.829084452744e-17       6.630637122530e-18 
 2191       1.986508385183e-11       7.917115036289e-13      -4.034875394336e-13       5.057192375737e-15       2.560767215892e-16       3.792927878596e-17       6.678695740967e-18 
 2192       1.978767327155e-11       7.934290480415e-13      -4.070741171927e-13       5.050345286395e-15       2.555978691212e-16       3.756942027776e-17       6.726564148486e-18 
 2193       1.971088869110e-11       7.951164502468e-13      -4.108360012953e-13       5.043507486550e-15       2.551201174981e-16       3.721120407471e-17       6.774219903279e-18 
 2194       1.963474083418e-11       7.967724574479e-13      -4.147701170196e-13       5.036679283134e-15       2.546434637740e-16       3.685456499557e-17       6.821640483500e-18 
 2195       1.955924045813e-11       7.983958125168e-13      -4.188733771511e-13       5.029860984043e-15       2.541679049779e-16       3.649943760563e-17       6.868803287174e-18 
 2196       1.948439835390e-11       7.999852539897e-13      -4.231426819684e-13       5.023052898135e-15       2.536934381144e-16       3.614575621649e-17       6.915685632103e-18 
 2197       1.941022534614e-11       8.015395160619e-13      -4.275749192280e-13       5.016255335228e-15       2.532200601634e-16       3.579345488569e-17       6.962264755782e-18 
 2198       1.933673229324e-11       8.030573285834e-13      -4.321669641497e-13       5.009468606108e-15       2.527477680799e-16       3.544246741649e-17       7.008517815305e-18 
 2199       1.926393008731e-11       8.045374170536e-13      -4.369156794022e-13       5.002693022524e-15       2.522765587941e-16       3.509272735751e-17       7.054421887273e-18 
 2200       1.919182965426e-11       8.059785026168e-13      -4.418179150880e-13       4.995928897192e-15       2.518064292114e-16       3.474416800247e-17       7.099953967706e-18 
 2201       1.912044195384e-11       8.073793020571e-13      -4.468705087287e-13       4.989176543794e-15       2.513373762122e-16       3.439672238989e-17       7.145090971953e-18 
 2202       1.904977797965e-11       8.087385277938e-13      -4.520702852507e-13       4.982436276982e-15       2.508693966522e-16       3.405032330280e-17       7.189809734600e-18 
 2203       1.897984875920e-11       8.100548878763e-13      -4.574140569701e-13       4.975708412376e-15       2.504024873620e-16       3.370490326841e-17       7.234087009378e-18 
 2204       1.891066347937e-11       8.113272445158e-13      -4.628985258191e-13       4.968993235604e-15       2.499366452720e-16       3.336041939500e-17       7.277895507016e-18 
 2205       1.884222384926e-11       8.125550908398e-13      -4.685199893448e-13       4.962290909197e-15       2.494718677870e-16       3.301692806332e-17       7.321191980198e-18 
 2206       1.877452969998e-11       8.137380772946e-13      -4.742746327282e-13       4.955601565076e-15       2.490081524140e-16       3.267451073070e-17       7.363929059277e-18 
 2207       1.870758085581e-11       8.148758533955e-13      -4.801586263491e-13       4.948925335462e-15       2.485454966375e-16       3.233324913926e-17       7.406059206971e-18 
 2208       1.864137713414e-11       8.159680677258e-13      -4.861681257685e-13       4.942262352873e-15       2.480838979199e-16       3.199322531624e-17       7.447534718167e-18 
 2209       1.857591834553e-11       8.170143679363e-13      -4.922992717117e-13       4.935612750125e-15       2.476233537009e-16       3.165452157433e-17       7.488307719737e-18 
 2210       1.851120429363e-11       8.180144007438e-13      -4.985481900512e-13       4.928976660334e-15       2.471638613978e-16       3.131722051196e-17       7.528330170347e-18 
 2211       1.844723477522e-11       8.189678119306e-13      -5.049109917898e-13       4.922354216913e-15       2.467054184055e-16       3.098140501365e-17       7.567553860273e-18 
 2212       1.838400958017e-11       8.198742463432e-13      -5.113837730430e-13       4.915745553576e-15       2.462480220963e-16       3.064715825028e-17       7.605930411206e-18 
 2213       1.832152849147e-11       8.207333478919e-13      -5.179626150221e-13       4.909150804336e-15       2.457916698198e-16       3.031456367948e-17       7.643411276070e-18 
 2214       1.825979128516e-11       8.215447595493e-13      -5.246435840172e-13       4.902570103505e-15       2.453363589034e-16       2.998370504588e-17       7.679947738833e-18 
 2215       1.819879773035e-11       8.223081233498e-13      -5.314227313799e-13       4.896003585694e-15       2.448820866515e-16       2.965466638146e-17       7.715490914314e-18 
 2216       1.813854758924e-11       8.230230803884e-13      -5.382960935065e-13       4.889451385817e-15       2.444288503462e-16       2.932753200585e-17       7.749991747998e-18 
 2217       1.807904061706e-11       8.236892708200e-13      -5.452596918202e-13       4.882913639086e-15       2.439766472465e-16       2.900238652670e-17       7.783401015851e-18 
 2218       1.802027656207e-11       8.243063338583e-13      -5.523095327546e-13       4.876390481015e-15       2.435254745891e-16       2.867931483992e-17       7.815669324125e-18 
 2219       1.796225516559e-11       8.248739077748e-13      -5.594416077366e-13       4.869882047417e-15       2.430753295877e-16       2.835840213005e-17       7.846747109173e-18 
 2220       1.790497616193e-11       8.253916298983e-13      -5.666518931686e-13       4.863388474408e-15       2.426262094334e-16       2.803973387057e-17       7.876584637264e-18 
 2221       1.784843927843e-11       8.258591366135e-13      -5.739363504123e-13       4.856909898405e-15       2.421781112943e-16       2.772339582420e-17       7.905132004387e-18 
 2222       1.779264423541e-11       8.262760633601e-13      -5.812909257708e-13       4.850446456127e-15       2.417310323158e-16       2.740947404325e-17       7.932339136072e-18 
 2223       1.773759074621e-11       8.266420446323e-13      -5.887115504718e-13       4.843998284593e-15       2.412849696203e-16       2.709805486989e-17       7.958155787192e-18 
 2224       1.768327851711e-11       8.269567139775e-13      -5.961941406506e-13       4.837565521127e-15       2.408399203076e-16       2.678922493653e-17       7.982531541785e-18 
 2225       1.762970724739e-11       8.272197039955e-13      -6.037345973329e-13       4.831148303353e-15       2.403958814543e-16       2.648307116609e-17       8.005415812856e-18 
 2226       1.757687662927e-11       8.274306463374e-13      -6.113288064173e-13       4.824746769198e-15       2.399528501140e-16       2.617968077231e-17       8.026757842195e-18 
 2227       1.752478634793e-11       8.275891717050e-13      -6.189726386588e-13       4.818361056894e-15       2.395108233175e-16       2.587914126013e-17       8.046506700187e-18 
 2228       1.747343608147e-11       8.276949098495e-13      -6.266619496512e-13       4.811991304974e-15       2.390697980725e-16       2.558154042595e-17       8.064611285624e-18 
 2229       1.742282550093e-11       8.277474895711e-13      -6.343925798103e-13       4.805637652274e-15       2.386297713635e-16       2.528696635796e-17       8.081020325515e-18 
 2230       1.737295427028e-11       8.277465387174e-13      -6.421603543565e-13       4.799300237937e-15       2.381907401522e-16       2.499550743647e-17       8.095682374900e-18 
 2231       1.732382204637e-11       8.276916841829e-13      -6.499610832978e-13       4.792979201405e-15       2.377527013769e-16       2.470725233423e-17       8.108545816662e-18 
 2232       1.727542847897e-11       8.275825519081e-13      -6.577905614127e-13       4.786674682428e-15       2.373156519530e-16       2.442229001673e-17       8.119558861335e-18 
 2233       1.722777321071e-11       8.274187668783e-13      -6.656445682332e-13       4.780386821059e-15       2.368795887724e-16       2.414070974253e-17       8.128669546921e-18 
 2234       1.718085587713e-11       8.271999531231e-13      -6.735188680272e-13       4.774115757656e-15       2.364445087041e-16       2.386260106358e-17       8.135825738696e-18 
 2235       1.713467610660e-11       8.269257337148e-13      -6.814092097821e-13       4.767861632881e-15       2.360104085936e-16       2.358805382553e-17       8.140975129028e-18 
 2236       1.708923352038e-11       8.265957307683e-13      -6.893113271870e-13       4.761624587702e-15       2.355772852634e-16       2.331715816807e-17       8.144065237183e-18 
 2237       1.704452773255e-11       8.262095654394e-13      -6.972209386160e-13       4.755404763393e-15       2.351451355124e-16       2.305000452520e-17       8.145043409141e-18 
 2238       1.700055835003e-11       8.257668579245e-13      -7.051337471108e-13       4.749202301532e-15       2.347139561163e-16       2.278668362560e-17       8.143856817405e-18 
 2239       1.695732497258e-11       8.252672274594e-13      -7.130454403640e-13       4.743017344004e-15       2.342837438275e-16       2.252728649292e-17       8.140452460813e-18 
 2240       1.691482719275e-11       8.247102923180e-13      -7.209516907014e-13       4.736850033001e-15       2.338544953749e-16       2.227190444610e-17       8.134777164352e-18 
 2241       1.687306459592e-11       8.240956698122e-13      -7.288481550652e-13       4.730700511018e-15       2.334262074639e-16       2.202062909971e-17       8.126777578967e-18 
 2242       1.683203676025e-11       8.234229762903e-13      -7.367304749971e-13       4.724568920861e-15       2.329988767766e-16       2.177355236422e-17       8.116400181376e-18 
 2243       1.679174202483e-11       8.226919676485e-13      -7.445945606885e-13       4.718455372181e-15       2.325725001747e-16       2.153074117718e-17       8.103609725582e-18 
 2244       1.675217378536e-11       8.219029618686e-13      -7.524374451932e-13       4.712359840857e-15       2.321470753112e-16       2.129216151568e-17       8.088444729429e-18 
 2245       1.671332417427e-11       8.210564192366e-13      -7.602564357564e-13       4.706282268961e-15       2.317226000227e-16       2.105775388856e-17       8.070962349833e-18 
 2246       1.667518529035e-11       8.201528020825e-13      -7.680488302423e-13       4.700222598154e-15       2.312990721267e-16       2.082745856021e-17       8.051219964205e-18 
 2247       1.663774919868e-11       8.191925747838e-13      -7.758119171243e-13       4.694180769688e-15       2.308764894213e-16       2.060121555039e-17       8.029275170707e-18 
 2248       1.660100793063e-11       8.181762037672e-13      -7.835429754741e-13       4.688156724403e-15       2.304548496854e-16       2.037896463386e-17       8.005185788503e-18 
 2249       1.656495348380e-11       8.171041575111e-13      -7.912392749516e-13       4.682150402729e-15       2.300341506785e-16       2.016064534013e-17       7.979009858013e-18 
 2250       1.652957782197e-11       8.159769065483e-13      -7.988980757949e-13       4.676161744684e-15       2.296143901408e-16       1.994619695318e-17       7.950805641157e-18 
 2251       1.649487287508e-11       8.147949234683e-13      -8.065166288092e-13       4.670190689874e-15       2.291955657932e-16       1.973555851117e-17       7.920631621618e-18 
 2252       1.646083053919e-11       8.135586829196e-13      -8.140921753571e-13       4.664237177492e-15       2.287776753370e-16       1.952866880614e-17       7.888546505081e-18 
 2253       1.642744267642e-11       8.122686616123e-13      -8.216219473479e-13       4.658301146318e-15       2.283607164544e-16       1.932546638375e-17       7.854609219497e-18 
 2254       1.639470111494e-11       8.109253383203e-13      -8.291031672275e-13       4.652382534717e-15       2.279446868078e-16       1.912588954298e-17       7.818878915324e-18 
 2255       1.636259764889e-11       8.095291938839e-13      -8.365330479677e-13       4.646481280641e-15       2.275295840404e-16       1.892987633585e-17       7.781414965786e-18 
 2256       1.633112403839e-11       8.080807112124e-13      -8.439087930563e-13       4.640597321626e-15       2.271154057758e-16       1.873736456714e-17       7.742276967121e-18 
 2257       1.630027200946e-11       8.065803752861e-13      -8.512275964863e-13       4.634730594794e-15       2.267021496179e-16       1.854829179409e-17       7.701524738836e-18 
 2258       1.627003325398e-11       8.050286731590e-13      -8.584866427458e-13       4.628881036848e-15       2.262898131514e-16       1.836259532615e-17       7.659218323951e-18 
 2259       1.624039942971e-11       8.034260939610e-13      -8.656831068076e-13       4.623048584077e-15       2.258783939411e-16       1.818021222464e-17       7.615417989262e-18 
 2260       1.621136216016e-11       8.017731289009e-13      -8.728141541191e-13       4.617233172352e-15       2.254678895323e-16       1.800107930251e-17       7.570184225583e-18 
 2261       1.618291303463e-11       8.000702712679e-13      -8.798769405912e-13       4.611434737127e-15       2.250582974507e-16       1.782513312406e-17       7.523577748002e-18 
 2262       1.615504360810e-11       7.983180164349e-13      -8.868686125890e-13       4.605653213436e-15       2.246496152023e-16       1.765231000463e-17       7.475659496131e-18 
 2263       1.612774540127e-11       7.965168618604e-13      -8.937863069206e-13       4.599888535895e-15       2.242418402734e-16       1.748254601030e-17       7.426490634361e-18 
 2264       1.610100990044e-11       7.946673070911e-13      -9.006271508270e-13       4.594140638703e-15       2.238349701307e-16       1.731577695766e-17       7.376132552109e-18 
 2265       1.607482855753e-11       7.927698537642e-13      -9.073882619719e-13       4.588409455635e-15       2.234290022209e-16       1.715193841348e-17       7.324646864072e-18 
 2266       1.604919279001e-11       7.908250056101e-13      -9.140667484314e-13       4.582694920048e-15       2.230239339712e-16       1.699096569445e-17       7.272095410479e-18 
 2267       1.602409398088e-11       7.888332684546e-13      -9.206597086833e-13       4.576996964878e-15       2.226197627889e-16       1.683279386688e-17       7.218540257343e-18 
 2268       1.599952347859e-11       7.867951502213e-13      -9.271642315969e-13       4.571315522639e-15       2.222164860614e-16       1.667735774642e-17       7.164043696710e-18 
 2269       1.597547259705e-11       7.847111609341e-13      -9.335773964230e-13       4.565650525422e-15       2.218141011563e-16       1.652459189778e-17       7.108668246912e-18 
 2270       1.595193261558e-11       7.825818127197e-13      -9.398962727829e-13       4.560001904897e-15       2.214126054214e-16       1.637443063444e-17       7.052476652822e-18 
 2271       1.592889477884e-11       7.804076198099e-13      -9.461179206587e-13       4.554369592311e-15       2.210119961845e-16       1.622680801838e-17       6.995531886100e-18 
 2272       1.590635029681e-11       7.781890985439e-13      -9.522393903823e-13       4.548753518485e-15       2.206122707536e-16       1.608165785976e-17       6.937897145449e-18 
 2273       1.588429034477e-11       7.759267673712e-13      -9.582577226258e-13       4.543153613817e-15       2.202134264165e-16       1.593891371670e-17       6.879635856862e-18 
 2274       1.586270606322e-11       7.736211468535e-13      -9.641699483905e-13       4.537569808281e-15       2.198154604412e-16       1.579850889490e-17       6.820811673881e-18 
 2275       1.584158855788e-11       7.712727596674e-13      -9.699730889968e-13       4.532002031425e-15       2.194183700758e-16       1.566037644746e-17       6.761488477840e-18 
 2276       1.582092889961e-11       7.688821306067e-13      -9.756641560739e-13       4.526450212371e-15       2.190221525481e-16       1.552444917452e-17       6.701730378125e-18 
 2277       1.580071812441e-11       7.664497865849e-13      -9.812401515494e-13       4.520914279814e-15       2.186268050659e-16       1.539065962300e-17       6.641601712417e-18 
 2278       1.578094723335e-11       7.639762566378e-13      -9.866980676390e-13       4.515394162022e-15       2.182323248171e-16       1.525894008633e-17       6.581167046953e-18 
 2279       1.576160719257e-11       7.614620719253e-13      -9.920348868359e-13       4.509889786838e-15       2.178387089693e-16       1.512922260415e-17       6.520491176768e-18 
 2280       1.574268893317e-11       7.589077657347e-13      -9.972475819009e-13       4.504401081672e-15       2.174459546699e-16       1.500143896201e-17       6.459639125956e-18 
 2281       1.572418335124e-11       7.563138734825e-13      -1.002333115852e-12       4.498927973510e-15       2.170540590464e-16       1.487552069114e-17       6.398676147914e-18 
 2282       1.570608119210e-11       7.536809865639e-13      -1.007288876625e-12       4.493470372536e-15       2.166630194475e-16       1.475141662140e-17       6.337662190981e-18 
 2283       1.568837270233e-11       7.510099142747e-13      -1.012113984134e-12       4.488028122905e-15       2.162728341699e-16       1.462914566403e-17       6.276635256033e-18 
 2284       1.567104797544e-11       7.483015229327e-13      -1.016807991577e-12       4.482601051657e-15       2.158835017364e-16       1.450874436702e-17       6.215627932618e-18 
 2285       1.565409706728e-11       7.455566821297e-13      -1.021370451521e-12       4.477188985054e-15       2.154950206546e-16       1.439024939262e-17       6.154672924004e-18 
 2286       1.563750999606e-11       7.427762647342e-13      -1.025800915911e-12       4.471791748584e-15       2.151073894167e-16       1.427369751751e-17       6.093803047297e-18 
 2287       1.562127674224e-11       7.399611468956e-13      -1.030098936059e-12       4.466409166956e-15       2.147206065001e-16       1.415912563291e-17       6.033051233574e-18 
 2288       1.560538724855e-11       7.371122080478e-13      -1.034264062650e-12       4.461041064099e-15       2.143346703665e-16       1.404657074465e-17       5.972450528000e-18 
 2289       1.558983141990e-11       7.342303309126e-13      -1.038295845743e-12       4.455687263165e-15       2.139495794626e-16       1.393606997339e-17       5.912034089956e-18 
 2290       1.557459912335e-11       7.313164015037e-13      -1.042193834765e-12       4.450347586526e-15       2.135653322197e-16       1.382766055462e-17       5.851835193159e-18 
 2291       1.555968018811e-11       7.283713091302e-13      -1.045957578513e-12       4.445021855769e-15       2.131819270538e-16       1.372137983888e-17       5.791887225794e-18 
 2292       1.554506440542e-11       7.253959464003e-13      -1.049586625156e-12       4.439709891703e-15       2.127993623656e-16       1.361726529184e-17       5.732223690628e-18 
 2293       1.553074152858e-11       7.223912092249e-13      -1.053080522233e-12       4.434411514352e-15       2.124176365404e-16       1.351535449438e-17       5.672878205144e-18 
 2294       1.551670127285e-11       7.193579968212e-13      -1.056438816651e-12       4.429126542955e-15       2.120367479482e-16       1.341568514281e-17       5.613884501658e-18 
 2295       1.550293331545e-11       7.162972117168e-13      -1.059661054688e-12       4.423854795969e-15       2.116566949435e-16       1.331829504887e-17       5.555276427445e-18 
 2296       1.548942729552e-11       7.132097597526e-13      -1.062746781989e-12       4.418596091062e-15       2.112774758655e-16       1.322322213996e-17       5.497087944867e-18 
 2297       1.547617281402e-11       7.100965500874e-13      -1.065695543570e-12       4.413350245116e-15       2.108990890377e-16       1.313050445917e-17       5.439353131491e-18 
 2298       1.546315943376e-11       7.069584952005e-13      -1.068506883812e-12       4.408117074227e-15       2.105215327685e-16       1.304018016545e-17       5.382106180217e-18 
 2299       1.545037667932e-11       7.037965108965e-13      -1.071180346467e-12       4.402896393700e-15       2.101448053506e-16       1.295228753374e-17       5.325381399403e-18 
 2300       1.543781403700e-11       7.006115163079e-13      -1.073715474652e-12       4.397688018052e-15       2.097689050613e-16       1.286686495505e-17       5.269213212985e-18 
 2301       1.542546095480e-11       6.974044338996e-13      -1.076111810852e-12       4.392491761009e-15       2.093938301622e-16       1.278395093659e-17       5.213636160606e-18 
 2302       1.541330684238e-11       6.941761894720e-13      -1.078368896921e-12       4.387307435505e-15       2.090195788995e-16       1.270358410191e-17       5.158684897737e-18 
 2303       1.540134107098e-11       6.909277121650e-13      -1.080486274076e-12       4.382134853683e-15       2.086461495038e-16       1.262580319102e-17       5.104394195800e-18 
 2304       1.538955297344e-11       6.876599344616e-13      -1.082463482902e-12       4.376973826890e-15       2.082735401901e-16       1.255064706047e-17       5.050798942298e-18 
 2305       1.537793184408e-11       6.843737921914e-13      -1.084300063350e-12       4.371824165682e-15       2.079017491579e-16       1.247815468353e-17       4.997934140933e-18 
 2306       1.536646693874e-11       6.810702245344e-13      -1.085995554736e-12       4.366685679819e-15       2.075307745909e-16       1.240836515025e-17       4.945834911732e-18 
 2307       1.535514747466e-11       6.777501740245e-13      -1.087549495741e-12       4.361558178263e-15       2.071606146572e-16       1.234131766761e-17       4.894536491174e-18 
 2308       1.534396263052e-11       6.744145865537e-13      -1.088961424411e-12       4.356441469181e-15       2.067912675093e-16       1.227705155967e-17       4.844074232309e-18 
 2309       1.533290154630e-11       6.710644113749e-13      -1.090230878156e-12       4.351335359941e-15       2.064227312839e-16       1.221560626762e-17       4.794483604888e-18 
 2310       1.532195332333e-11       6.677006011064e-13      -1.091357393753e-12       4.346239657114e-15       2.060550041021e-16       1.215702134994e-17       4.745800195481e-18 
 2311       1.531110702419e-11       6.643241117349e-13      -1.092340507338e-12       4.341154166469e-15       2.056880840692e-16       1.210133648255e-17       4.698059707607e-18 
 2312       1.530035167271e-11       6.609359026197e-13      -1.093179754413e-12       4.336078692975e-15       2.053219692747e-16       1.204859145885e-17       4.651297961854e-18 
 2313       1.528967625386e-11       6.575369364960e-13      -1.093874669845e-12       4.331013040800e-15       2.049566577924e-16       1.199882618993e-17       4.605550896005e-18 
 2314       1.527906971379e-11       6.541281794787e-13      -1.094424787860e-12       4.325957013309e-15       2.045921476802e-16       1.195208070462e-17       4.560854565163e-18 
 2315       1.526852095973e-11       6.507106010659e-13      -1.094829642049e-12       4.320910413063e-15       2.042284369804e-16       1.190839514963e-17       4.517245141871e-18 
 2316       1.525801885998e-11       6.472851741431e-13      -1.095088765364e-12       4.315873041820e-15       2.038655237192e-16       1.186780978971e-17       4.474758916243e-18 
 2317       1.524755224384e-11       6.438528749860e-13      -1.095201690119e-12       4.310844700532e-15       2.035034059071e-16       1.183036500771e-17       4.433432296080e-18 
 2318       1.523710990159e-11       6.404146832651e-13      -1.095167947990e-12       4.305825189344e-15       2.031420815385e-16       1.179610130473e-17       4.393301807003e-18 
 2319       1.522668058444e-11       6.369715820485e-13      -1.094987070014e-12       4.300814307595e-15       2.027815485923e-16       1.176505930023e-17       4.354404092570e-18 
 2320       1.521625300449e-11       6.335245578063e-13      -1.094658586587e-12       4.295811853815e-15       2.024218050310e-16       1.173727973217e-17       4.316775914402e-18 
 2321       1.520581665653e-11       6.300745584241e-13      -1.094182358921e-12       4.290817631709e-15       2.020628488488e-16       1.171278494476e-17       4.280436061518e-18 
 2322       1.519536428919e-11       6.266223669495e-13      -1.093559575685e-12       4.285831468148e-15       2.017046782124e-16       1.169152322397e-17       4.245330953368e-18 
 2323       1.518488944930e-11       6.231687270564e-13      -1.092791762648e-12       4.280853195289e-15       2.013472913209e-16       1.167342411116e-17       4.211388693910e-18 
 2324       1.517438566143e-11       6.197143849658e-13      -1.091880451802e-12       4.275882644599e-15       2.009906863584e-16       1.165841688319e-17       4.178537130970e-18 
 2325       1.516384642789e-11       6.162600894477e-13      -1.090827181372e-12       4.270919646860e-15       2.006348614937e-16       1.164643055220e-17       4.146703855959e-18 
 2326       1.515326522864e-11       6.128065918243e-13      -1.089633495823e-12       4.265964032162e-15       2.002798148806e-16       1.163739386527e-17       4.115816203597e-18 
 2327       1.514263552134e-11       6.093546459727e-13      -1.088300945861e-12       4.261015629905e-15       1.999255446581e-16       1.163123530414e-17       4.085801251634e-18 
 2328       1.513195074129e-11       6.059050083276e-13      -1.086831088448e-12       4.256074268798e-15       1.995720489497e-16       1.162788308494e-17       4.056585820569e-18 
 2329       1.512120430139e-11       6.024584378838e-13      -1.085225486807e-12       4.251139776860e-15       1.992193258639e-16       1.162726515785e-17       4.028096473376e-18 
 2330       1.511038959216e-11       5.990156961992e-13      -1.083485710423e-12       4.246211981416e-15       1.988673734941e-16       1.162930920684e-17       4.000259515220e-18 
 2331       1.509949998169e-11       5.955775473975e-13      -1.081613335058e-12       4.241290709097e-15       1.985161899185e-16       1.163394264939e-17       3.973000993183e-18 
 2332       1.508852881560e-11       5.921447581709e-13      -1.079609942754e-12       4.236375785841e-15       1.981657732000e-16       1.164109263616e-17       3.946246695983e-18 
 2333       1.507746941705e-11       5.887180977825e-13      -1.077477121842e-12       4.231467036889e-15       1.978161213865e-16       1.165068605073e-17       3.919922153694e-18 
 2334       1.506631508671e-11       5.852983380698e-13      -1.075216466946e-12       4.226564286790e-15       1.974672325105e-16       1.166264950929e-17       3.893952637471e-18 
 2335       1.505505910270e-11       5.818862534465e-13      -1.072829578992e-12       4.221667359393e-15       1.971191045893e-16       1.167690936035e-17       3.868263159268e-18 
 2336       1.504369472062e-11       5.784826209060e-13      -1.070318065217e-12       4.216776077850e-15       1.967717356249e-16       1.169339168446e-17       3.842778471562e-18 
 2337       1.503221517347e-11       5.750882200237e-13      -1.067683539170e-12       4.211890264617e-15       1.964251236040e-16       1.171202229391e-17       3.817423067072e-18 
 2338       1.502061367169e-11       5.717038329599e-13      -1.064927620728e-12       4.207009741450e-15       1.960792664980e-16       1.173272673241e-17       3.792121178483e-18 
 2339       1.500888340306e-11       5.683302444623e-13      -1.062051936094e-12       4.202134329404e-15       1.957341622631e-16       1.175543027485e-17       3.766796778164e-18 
 2340       1.499701753275e-11       5.649682418691e-13      -1.059058117811e-12       4.197263848835e-15       1.953898088398e-16       1.178005792697e-17       3.741373577891e-18 
 2341       1.498500920324e-11       5.616186151114e-13      -1.055947804763e-12       4.192398119398e-15       1.950462041536e-16       1.180653442509e-17       3.715775028571e-18 
 2342       1.497285153434e-11       5.582821567162e-13      -1.052722642189e-12       4.187536960044e-15       1.947033461144e-16       1.183478423580e-17       3.689924319958e-18 
 2343       1.496053762313e-11       5.549596618088e-13      -1.049384281682e-12       4.182680189022e-15       1.943612326167e-16       1.186473155566e-17       3.663744380378e-18 
 2344       1.494806054395e-11       5.516519281160e-13      -1.045934381204e-12       4.177827623879e-15       1.940198615396e-16       1.189630031093e-17       3.637157876452e-18 
 2345       1.493541334838e-11       5.483597559681e-13      -1.042374605087e-12       4.172979081455e-15       1.936792307468e-16       1.192941415730e-17       3.610087212811e-18 
 2346       1.492258906522e-11       5.450839483025e-13      -1.038706624043e-12       4.168134377887e-15       1.933393380864e-16       1.196399647951e-17       3.582454531824e-18 
 2347       1.490958070044e-11       5.418253106659e-13      -1.034932115171e-12       4.163293328604e-15       1.930001813911e-16       1.199997039116e-17       3.554181713315e-18 
 2348       1.489638123720e-11       5.385846512169e-13      -1.031052761963e-12       4.158455748328e-15       1.926617584780e-16       1.203725873435e-17       3.525190374287e-18 
 2349       1.488298363578e-11       5.353627807292e-13      -1.027070254311e-12       4.153621451076e-15       1.923240671488e-16       1.207578407942e-17       3.495401868642e-18 
 2350       1.486938083358e-11       5.321605125941e-13      -1.022986288514e-12       4.148790250155e-15       1.919871051895e-16       1.211546872465e-17       3.464737286903e-18 
 2351       1.485556574511e-11       5.289786628230e-13      -1.018802567288e-12       4.143961958162e-15       1.916508703706e-16       1.215623469594e-17       3.433117455935e-18 
 2352       1.484153126192e-11       5.258180500506e-13      -1.014520799767e-12       4.139136386984e-15       1.913153604470e-16       1.219800374659e-17       3.400462938665e-18 
 2353       1.482727025263e-11       5.226794955372e-13      -1.010142701518e-12       4.134313347799e-15       1.909805731579e-16       1.224069735691e-17       3.366694033806e-18 
 2354       1.481277556287e-11       5.195638231717e-13      -1.005669994539e-12       4.129492651072e-15       1.906465062271e-16       1.228423673401e-17       3.331730775577e-18 
 2355       1.479804001526e-11       5.164718594742e-13      -1.001104407275e-12       4.124674106556e-15       1.903131573624e-16       1.232854281147e-17       3.295492933424e-18 
 2356       1.478305640941e-11       5.134044335988e-13      -9.964476746177e-13       4.119857523290e-15       1.899805242563e-16       1.237353624904e-17       3.257900011742e-18 
 2357       1.476781752186e-11       5.103623773361e-13      -9.917015379167e-13       4.115042709601e-15       1.896486045852e-16       1.241913743237e-17       3.218871249597e-18 
 2358       1.475231610610e-11       5.073465251164e-13      -9.868677449856e-13       4.110229473100e-15       1.893173960101e-16       1.246526647272e-17       3.178325620445e-18 
 2359       1.473654489248e-11       5.043577140120e-13      -9.819480501086e-13       4.105417620682e-15       1.889868961762e-16       1.251184320664e-17       3.136181831856e-18 
 2360       1.472049773974e-11       5.013966893251e-13      -9.769442998326e-13       4.100606977851e-15       1.886571028407e-16       1.255880547157e-17       3.092379844936e-18 
 2361       1.470417309715e-11       4.984638207051e-13      -9.718586909093e-13       4.095797446828e-15       1.883280142579e-16       1.260616405709e-17       3.046945579058e-18 
 2362       1.468757056374e-11       4.955593842758e-13      -9.666935139669e-13       4.090988948801e-15       1.879996287964e-16       1.265394809398e-17       2.999926607997e-18 
 2363       1.467068973883e-11       4.926836568907e-13      -9.614510678804e-13       4.086181404634e-15       1.876719448117e-16       1.270218680943e-17       2.951370676868e-18 
 2364       1.465353022197e-11       4.898369161338e-13      -9.561336597799e-13       4.081374734865e-15       1.873449606460e-16       1.275090952714e-17       2.901325702301e-18 
 2365       1.463609161301e-11       4.870194403208e-13      -9.507436050597e-13       4.076568859704e-15       1.870186746283e-16       1.280014566740e-17       2.849839772635e-18 
 2366       1.461837351202e-11       4.842315084990e-13      -9.452832273872e-13       4.071763699039e-15       1.866930850743e-16       1.284992474720e-17       2.796961148100e-18 
 2367       1.460037551936e-11       4.814734004485e-13      -9.397548587116e-13       4.066959172427e-15       1.863681902866e-16       1.290027638035e-17       2.742738260998e-18 
 2368       1.458209723563e-11       4.787453966830e-13      -9.341608392733e-13       4.062155199103e-15       1.860439885542e-16       1.295123027757e-17       2.687219715895e-18 
 2369       1.456353826173e-11       4.760477784500e-13      -9.285035176122e-13       4.057351697970e-15       1.857204781530e-16       1.300281624656e-17       2.630454289799e-18 
 2370       1.454469819879e-11       4.733808277319e-13      -9.227852505769e-13       4.052548587606e-15       1.853976573455e-16       1.305506419216e-17       2.572490932349e-18 
 2371       1.452557664821e-11       4.707448272467e-13      -9.170084033334e-13       4.047745786259e-15       1.850755243809e-16       1.310800411641e-17       2.513378765996e-18 
 2372       1.450617321169e-11       4.681400604483e-13      -9.111753493742e-13       4.042943211852e-15       1.847540774949e-16       1.316166611866e-17       2.453167086194e-18 
 2373       1.448648749115e-11       4.655668115276e-13      -9.052884705272e-13       4.038140781975e-15       1.844333149099e-16       1.321608039567e-17       2.391905361579e-18 
 2374       1.446651908882e-11       4.630253654132e-13      -8.993501569644e-13       4.033338413892e-15       1.841132348351e-16       1.327127724171e-17       2.329643234155e-18 
 2375       1.444626760717e-11       4.605160077718e-13      -8.933628072108e-13       4.028536024535e-15       1.837938354659e-16       1.332728704869e-17       2.266430519481e-18 
 2376       1.442573264894e-11       4.580390250090e-13      -8.873288281535e-13       4.023733530508e-15       1.834751149844e-16       1.338414030621e-17       2.202317206854e-18 
 2377       1.440491381717e-11       4.555947042703e-13      -8.812506350504e-13       4.018930848084e-15       1.831570715595e-16       1.344186760169e-17       2.137353459496e-18 
 2378       1.438381071514e-11       4.531833334411e-13      -8.751306515391e-13       4.014127893205e-15       1.828397033463e-16       1.350049962049e-17       2.071589614733e-18 
 2379       1.436242294642e-11       4.508052011484e-13      -8.689713096459e-13       4.009324581482e-15       1.825230084866e-16       1.356006714597e-17       2.005076184188e-18 
 2380       1.434075011485e-11       4.484605967605e-13      -8.627750497946e-13       4.004520828195e-15       1.822069851086e-16       1.362060105962e-17       1.937863853959e-18 
 2381       1.431879182453e-11       4.461498103883e-13      -8.565443208153e-13       3.999716548292e-15       1.818916313270e-16       1.368213234116e-17       1.870003484809e-18 
 2382       1.429654767985e-11       4.438731328858e-13      -8.502815799537e-13       3.994911656388e-15       1.815769452430e-16       1.374469206861e-17       1.801546112346e-18 
 2383       1.427401728548e-11       4.416308558508e-13      -8.439892928794e-13       3.990106066767e-15       1.812629249442e-16       1.380831141844e-17       1.732542947211e-18 
 2384       1.425120024634e-11       4.394232716257e-13      -8.376699336952e-13       3.985299693379e-15       1.809495685047e-16       1.387302166564e-17       1.663045375263e-18 
 2385       1.422809616766e-11       4.372506732981e-13      -8.313259849458e-13       3.980492449840e-15       1.806368739848e-16       1.393885418381e-17       1.593104957761e-18 
 2386       1.420470465493e-11       4.351133547014e-13      -8.249599376269e-13       3.975684249434e-15       1.803248394315e-16       1.400584044532e-17       1.522773431551e-18 
 2387       1.418102531392e-11       4.330116104156e-13      -8.185742911938e-13       3.970875005110e-15       1.800134628779e-16       1.407401202132e-17       1.452102709251e-18 
 2388       1.415705775067e-11       4.309457357681e-13      -8.121715535705e-13       3.966064629482e-15       1.797027423436e-16       1.414340058194e-17       1.381144879436e-18 
 2389       1.413280157153e-11       4.289160268344e-13      -8.057542411586e-13       3.961253034831e-15       1.793926758346e-16       1.421403789630e-17       1.309952206819e-18 
 2390       1.410825638309e-11       4.269227804383e-13      -7.993248788459e-13       3.956440133101e-15       1.790832613431e-16       1.428595583268e-17       1.238577132442e-18 
 2391       1.408342179226e-11       4.249662941534e-13      -7.928860000157e-13       3.951625835901e-15       1.787744968475e-16       1.435918635859e-17       1.167072273855e-18 
 2392       1.405829740622e-11       4.230468663032e-13      -7.864401465554e-13       3.946810054504e-15       1.784663803127e-16       1.443376154087e-17       1.095490425307e-18 
 2393       1.403288283242e-11       4.211647959620e-13      -7.799898688655e-13       3.941992699847e-15       1.781589096899e-16       1.450971354580e-17       1.023884557922e-18 
 2394       1.400717767860e-11       4.193203829554e-13      -7.735377258686e-13       3.937173682530e-15       1.778520829163e-16       1.458707463922e-17       9.523078198943e-19 
 2395       1.398118155280e-11       4.175139278615e-13      -7.670862850179e-13       3.932352912817e-15       1.775458979155e-16       1.466587718657e-17       8.808135366644e-19 
 2396       1.395489406334e-11       4.157457320111e-13      -7.606381223066e-13       3.927530300632e-15       1.772403525974e-16       1.474615365307e-17       8.094552111091e-19 
 2397       1.392831481881e-11       4.140160974884e-13      -7.541958222764e-13       3.922705755564e-15       1.769354448579e-16       1.482793660375e-17       7.382865237242e-19 
 2398       1.390144342810e-11       4.123253271320e-13      -7.477619780266e-13       3.917879186862e-15       1.766311725792e-16       1.491125870361e-17       6.673613328099e-19 
 2399       1.387428030099e-11       4.106736340839e-13      -7.413390275303e-13       3.913050523177e-15       1.763275338155e-16       1.499613219302e-17       5.967314111289e-19 
 2400       1.384682905527e-11       4.090608698318e-13      -7.349287614745e-13       3.908219771910e-15       1.760245273517e-16       1.508248717692e-17       5.264396404151e-19 
 2401       1.381909412430e-11       4.074867945082e-13      -7.285328124339e-13       3.903386960227e-15       1.757221521482e-16       1.517023295922e-17       4.565267756983e-19 
 2402       1.379107995777e-11       4.059511671902e-13      -7.221528182966e-13       3.898552115348e-15       1.754204071552e-16       1.525927853289e-17       3.870337051960e-19 
 2403       1.376279102173e-11       4.044537458984e-13      -7.157904222690e-13       3.893715264548e-15       1.751192913126e-16       1.534953257968e-17       3.180014504517e-19 
 2404       1.373423179860e-11       4.029942875957e-13      -7.094472728816e-13       3.888876435160e-15       1.748188035503e-16       1.544090346977e-17       2.494711664720e-19 
 2405       1.370540678717e-11       4.015725481859e-13      -7.031250239944e-13       3.884035654572e-15       1.745189427879e-16       1.553329926142e-17       1.814841418646e-19 
 2406       1.367632050265e-11       4.001882825126e-13      -6.968253348026e-13       3.879192950228e-15       1.742197079347e-16       1.562662770070e-17       1.140817989757e-19 
 2407       1.364697747666e-11       3.988412443583e-13      -6.905498698418e-13       3.874348349629e-15       1.739210978899e-16       1.572079622113e-17       4.730569402770e-20 
 2408       1.361738225726e-11       3.975311864427e-13      -6.843002989933e-13       3.869501880330e-15       1.736231115425e-16       1.581571194334e-17      -1.880248274304e-20 
 2409       1.358753940896e-11       3.962578604220e-13      -6.780782974902e-13       3.864653569943e-15       1.733257477711e-16       1.591128167477e-17      -8.420090694878e-20 
 2410       1.355745351276e-11       3.950210168874e-13      -6.718855459222e-13       3.859803446137e-15       1.730290054440e-16       1.600741190932e-17      -1.488476199127e-19 
 2411       1.352712916613e-11       3.938204053639e-13      -6.657237302417e-13       3.854951536637e-15       1.727328834195e-16       1.610400882707e-17      -2.127005285311e-19 
 2412       1.349657098305e-11       3.926557743094e-13      -6.595945417688e-13       3.850097869223e-15       1.724373805452e-16       1.620097829388e-17      -2.757174051360e-19 
 2413       1.346578359404e-11       3.915268711132e-13      -6.534996771969e-13       3.845242471732e-15       1.721424956588e-16       1.629822586113e-17      -3.378558873574e-19 
 2414       1.343477164615e-11       3.904334420949e-13      -6.474408385983e-13       3.840385372057e-15       1.718482275873e-16       1.639565676535e-17      -3.990734779856e-19 
 2415       1.340353980300e-11       3.893752325034e-13      -6.414197334297e-13       3.835526598149e-15       1.715545751477e-16       1.649317592793e-17      -4.593275448338e-19 
 2416       1.337209274478e-11       3.883519865155e-13      -6.354380745372e-13       3.830666178012e-15       1.712615371464e-16       1.659068795475e-17      -5.185753206001e-19 
 2417       1.334043516827e-11       3.873634472346e-13      -6.294975801627e-13       3.825804139709e-15       1.709691123795e-16       1.668809713591e-17      -5.767739027301e-19 
 2418       1.330857178687e-11       3.864093566898e-13      -6.235999739485e-13       3.820940511359e-15       1.706772996328e-16       1.678530744533e-17      -6.338802532794e-19 
 2419       1.327650733062e-11       3.854894558346e-13      -6.177469849430e-13       3.816075321137e-15       1.703860976817e-16       1.688222254050e-17      -6.898511987754e-19 
 2420       1.324424654618e-11       3.846034845457e-13      -6.119403476066e-13       3.811208597274e-15       1.700955052910e-16       1.697874576210e-17      -7.446434300805e-19 
 2421       1.321179419691e-11       3.837511816218e-13      -6.061818018167e-13       3.806340368060e-15       1.698055212154e-16       1.707478013370e-17      -7.982135022539e-19 
 2422       1.317915506283e-11       3.829322847823e-13      -6.004730928734e-13       3.801470661837e-15       1.695161441989e-16       1.717022836140e-17      -8.505178344139e-19 
 2423       1.314633394066e-11       3.821465306664e-13      -5.948159715048e-13       3.796599507009e-15       1.692273729752e-16       1.726499283357e-17      -9.015127096007e-19 
 2424       1.311333564385e-11       3.813936548315e-13      -5.892121938727e-13       3.791726932032e-15       1.689392062675e-16       1.735897562046e-17      -9.511542746384e-19 
 2425       1.308016500257e-11       3.806733917525e-13      -5.836635215780e-13       3.786852965422e-15       1.686516427886e-16       1.745207847387e-17      -9.993985399977e-19 
 2426       1.304682686375e-11       3.799854748203e-13      -5.781717216662e-13       3.781977635749e-15       1.683646812406e-16       1.754420282690e-17      -1.046201379658e-18 
 2427       1.301332609111e-11       3.793296363405e-13      -5.727385666325e-13       3.777100971642e-15       1.680783203153e-16       1.763524979354e-17      -1.091518530969e-18 
 2428       1.297966756511e-11       3.787056075325e-13      -5.673658344281e-13       3.772223001786e-15       1.677925586940e-16       1.772512016836e-17      -1.135305594516e-18 
 2429       1.294585618306e-11       3.781131185283e-13      -5.620553084648e-13       3.767343754923e-15       1.675073950473e-16       1.781371442625e-17      -1.177518033977e-18 
 2430       1.291189685907e-11       3.775518983709e-13      -5.568087776211e-13       3.762463259851e-15       1.672228280354e-16       1.790093272199e-17      -1.218111175992e-18 
 2431       1.287779452410e-11       3.770216750136e-13      -5.516280362473e-13       3.757581545425e-15       1.669388563080e-16       1.798667489002e-17      -1.257040210019e-18 
 2432       1.284355412597e-11       3.765221753187e-13      -5.465148841711e-13       3.752698640558e-15       1.666554785041e-16       1.807084044402e-17      -1.294260188199e-18 
 2433       1.280918062936e-11       3.760531250560e-13      -5.414711267032e-13       3.747814574219e-15       1.663726932522e-16       1.815332857668e-17      -1.329726025220e-18 
 2434       1.277467901584e-11       3.756142489021e-13      -5.364985746427e-13       3.742929375435e-15       1.660904991701e-16       1.823403815930e-17      -1.363392498176e-18 
 2435       1.274005428393e-11       3.752052704386e-13      -5.315990442824e-13       3.738043073288e-15       1.658088948652e-16       1.831286774151e-17      -1.395214246432e-18 
 2436       1.270531144902e-11       3.748259121517e-13      -5.267743574145e-13       3.733155696920e-15       1.655278789340e-16       1.838971555089e-17      -1.425145771485e-18 
 2437       1.267045554349e-11       3.744758954301e-13      -5.220263413360e-13       3.728267275528e-15       1.652474499627e-16       1.846447949270e-17      -1.453141436828e-18 
 2438       1.263549169812e-11       3.741549053701e-13      -5.173565955023e-13       3.723377848509e-15       1.649676065836e-16       1.853710345627e-17      -1.479177541499e-18 
 2439       1.260042538698e-11       3.738624849594e-13      -5.127657899443e-13       3.718487495951e-15       1.646883476474e-16       1.860771653872e-17      -1.503318685880e-18 
 2440       1.256526218410e-11       3.735981402552e-13      -5.082543626488e-13       3.713596308324e-15       1.644096720520e-16       1.867649465675e-17      -1.525651804201e-18 
 2441       1.253000768208e-11       3.733613755187e-13      -5.038227525283e-13       3.708704376357e-15       1.641315786861e-16       1.874361431641e-17      -1.546264127352e-18 
 2442       1.249466749222e-11       3.731516932139e-13      -4.994713994221e-13       3.703811791035e-15       1.638540664284e-16       1.880925261370e-17      -1.565243183195e-18 
 2443       1.245924724442e-11       3.729685940049e-13      -4.952007440965e-13       3.698918643601e-15       1.635771341482e-16       1.887358723522e-17      -1.582676796863e-18 
 2444       1.242375258729e-11       3.728115767548e-13      -4.910112282462e-13       3.694025025557e-15       1.633007807054e-16       1.893679645873e-17      -1.598653091077e-18 
 2445       1.238818918815e-11       3.726801385229e-13      -4.869032944948e-13       3.689131028661e-15       1.630250049500e-16       1.899905915379e-17      -1.613260486450e-18 
 2446       1.235256273300e-11       3.725737745638e-13      -4.828773863953e-13       3.684236744931e-15       1.627498057224e-16       1.906055478237e-17      -1.626587701792e-18 
 2447       1.231687892660e-11       3.724919783248e-13      -4.789339484315e-13       3.679342266643e-15       1.624751818536e-16       1.912146339942e-17      -1.638723754423e-18 
 2448       1.228114349246e-11       3.724342414440e-13      -4.750734260182e-13       3.674447686333e-15       1.622011321647e-16       1.918196565351e-17      -1.649757960478e-18 
 2449       1.224536217287e-11       3.724000537488e-13      -4.712962655021e-13       3.669553096795e-15       1.619276554672e-16       1.924224278746e-17      -1.659779935215e-18 
 2450       1.220954072890e-11       3.723889032538e-13      -4.676029141628e-13       3.664658591083e-15       1.616547505632e-16       1.930247663889e-17      -1.668879593324e-18 
 2451       1.217368494044e-11       3.724002761589e-13      -4.639938202132e-13       3.659764262510e-15       1.613824162446e-16       1.936284964087e-17      -1.677147149232e-18 
 2452       1.213780060621e-11       3.724336568473e-13      -4.604694328008e-13       3.654870204649e-15       1.611106512941e-16       1.942354482250e-17      -1.684673117415e-18 
 2453       1.210189354379e-11       3.724885278838e-13      -4.570302020079e-13       3.649976511334e-15       1.608394544843e-16       1.948474580956e-17      -1.691548312703e-18 
 2454       1.206596958961e-11       3.725643700126e-13      -4.536765788526e-13       3.645083276658e-15       1.605688245785e-16       1.954663682507e-17      -1.697863850587e-18 
 2455       1.203003459901e-11       3.726606621559e-13      -4.504090152897e-13       3.640190594976e-15       1.602987603298e-16       1.960940268994e-17      -1.703711147531e-18 
 2456       1.199409444621e-11       3.727768814114e-13      -4.472279642112e-13       3.635298560903e-15       1.600292604819e-16       1.967322882353e-17      -1.709181921274e-18 
 2457       1.195815502440e-11       3.729125030509e-13      -4.441338794474e-13       3.630407269315e-15       1.597603237687e-16       1.973830124430e-17      -1.714368191144e-18 
 2458       1.192222224567e-11       3.730670005182e-13      -4.411272157674e-13       3.625516815350e-15       1.594919489141e-16       1.980480657042e-17      -1.719362278360e-18 
 2459       1.188630204111e-11       3.732398454270e-13      -4.382084288799e-13       3.620627294407e-15       1.592241346324e-16       1.987293202034e-17      -1.724256806345e-18 
 2460       1.185040036078e-11       3.734305075594e-13      -4.353779754341e-13       3.615738802146e-15       1.589568796281e-16       1.994286541343e-17      -1.729144701029e-18 
 2461       1.181452317373e-11       3.736384548637e-13      -4.326363130203e-13       3.610851434491e-15       1.586901825960e-16       2.001479517056e-17      -1.734119191162e-18 
 2462       1.177867646807e-11       3.738631534526e-13      -4.299839001709e-13       3.605965287627e-15       1.584240422207e-16       2.008891031474e-17      -1.739273808618e-18 
 2463       1.174286625091e-11       3.741040676013e-13      -4.274211963608e-13       3.601080458002e-15       1.581584571775e-16       2.016540047173e-17      -1.744702388702e-18 
 2464       1.170709854846e-11       3.743606597456e-13      -4.249486620086e-13       3.596197042325e-15       1.578934261314e-16       2.024445587059e-17      -1.750499070462e-18 
 2465       1.167137940597e-11       3.746323904800e-13      -4.225667584772e-13       3.591315137571e-15       1.576289477378e-16       2.032626734437e-17      -1.756758296994e-18 
 2466       1.163571488783e-11       3.749187185558e-13      -4.202759480742e-13       3.586434840976e-15       1.573650206421e-16       2.041102633065e-17      -1.763574815751e-18 
 2467       1.160011107751e-11       3.752191008792e-13      -4.180766940534e-13       3.581556250041e-15       1.571016434799e-16       2.049892487219e-17      -1.771043678849e-18 
 2468       1.156457407766e-11       3.755329925094e-13      -4.159694606150e-13       3.576679462530e-15       1.568388148769e-16       2.059015561752e-17      -1.779260243377e-18 
 2469       1.152911001004e-11       3.758598466566e-13      -4.139547129064e-13       3.571804576470e-15       1.565765334488e-16       2.068491182155e-17      -1.788320171704e-18 
 2470       1.149372501562e-11       3.761991146805e-13      -4.120329170232e-13       3.566931690153e-15       1.563147978016e-16       2.078338734617e-17      -1.798319431786e-18 
 2471       1.145842525456e-11       3.765502460876e-13      -4.102045400101e-13       3.562060902137e-15       1.560536065311e-16       2.088577666088e-17      -1.809354297474e-18 
 2472       1.142321690621e-11       3.769126885303e-13      -4.084700498611e-13       3.557192311242e-15       1.557929582233e-16       2.099227484338e-17      -1.821521348825e-18 
 2473       1.138810616919e-11       3.772858878041e-13      -4.068299155207e-13       3.552326016555e-15       1.555328514544e-16       2.110307758019e-17      -1.834917472404e-18 
 2474       1.135309926135e-11       3.776692878463e-13      -4.052846068848e-13       3.547462117427e-15       1.552732847902e-16       2.121838116724e-17      -1.849639861597e-18 
 2475       1.131820241982e-11       3.780623307340e-13      -4.038345948009e-13       3.542600713475e-15       1.550142567870e-16       2.133838251050e-17      -1.865786016917e-18 
 2476       1.128342190100e-11       3.784644566819e-13      -4.024803510694e-13       3.537741904581e-15       1.547557659908e-16       2.146327912656e-17      -1.883453746311e-18 
 2477       1.124876344955e-11       3.788751012865e-13      -4.012220216384e-13       3.532885793393e-15       1.544978108107e-16       2.159319281959e-17      -1.902712662214e-18 
 2478       1.121423070164e-11       3.792936872444e-13      -4.000584440756e-13       3.528032492835e-15       1.542403891367e-16       2.172794021792e-17      -1.923518487981e-18 
 2479       1.117982677231e-11       3.797196325815e-13      -3.989881242900e-13       3.523182118643e-15       1.539834987195e-16       2.186726088220e-17      -1.945798245504e-18 
 2480       1.114555478561e-11       3.801523534000e-13      -3.980095628043e-13       3.518334786867e-15       1.537271372974e-16       2.201089350504e-17      -1.969478712216e-18 
 2481       1.111141787470e-11       3.805912638773e-13      -3.971212547496e-13       3.513490613871e-15       1.534713025958e-16       2.215857591014e-17      -1.994486420844e-18 
 2482       1.107741918179e-11       3.810357762634e-13      -3.963216898596e-13       3.508649716338e-15       1.532159923281e-16       2.231004505138e-17      -2.020747659157e-18 
 2483       1.104356185821e-11       3.814853008793e-13      -3.956093524652e-13       3.503812211263e-15       1.529612041948e-16       2.246503701194e-17      -2.048188469719e-18 
 2484       1.100984906435e-11       3.819392461150e-13      -3.949827214886e-13       3.498978215961e-15       1.527069358840e-16       2.262328700344e-17      -2.076734649635e-18 
 2485       1.097628396973e-11       3.823970184274e-13      -3.944402704377e-13       3.494147848061e-15       1.524531850710e-16       2.278452936502e-17      -2.106311750309e-18 
 2486       1.094286975298e-11       3.828580223383e-13      -3.939804674007e-13       3.489321225509e-15       1.521999494187e-16       2.294849756247e-17      -2.136845077187e-18 
 2487       1.090960960184e-11       3.833216604328e-13      -3.936017750405e-13       3.484498466571e-15       1.519472265774e-16       2.311492418737e-17      -2.168259689512e-18 
 2488       1.087650671320e-11       3.837873333570e-13      -3.933026505886e-13       3.479679689827e-15       1.516950141847e-16       2.328354095617e-17      -2.200480400075e-18 
 2489       1.084356429307e-11       3.842544398162e-13      -3.930815458402e-13       3.474865014176e-15       1.514433098655e-16       2.345407870932e-17      -2.233431774960e-18 
 2490       1.081078555662e-11       3.847223765729e-13      -3.929369071478e-13       3.470054558835e-15       1.511921112322e-16       2.362626741038e-17      -2.267038133304e-18 
 2491       1.077817372818e-11       3.851905384449e-13      -3.928671754163e-13       3.465248443339e-15       1.509414158845e-16       2.379983614516e-17      -2.301223547037e-18 
 2492       1.074573204124e-11       3.856583183033e-13      -3.928707860970e-13       3.460446787543e-15       1.506912214093e-16       2.397451312082e-17      -2.335911840642e-18 
 2493       1.071346373847e-11       3.861251070704e-13      -3.929461691818e-13       3.455649711619e-15       1.504415253809e-16       2.415002566495e-17      -2.371026590900e-18 
 2494       1.068137207172e-11       3.865902937182e-13      -3.930917491980e-13       3.450857336058e-15       1.501923253608e-16       2.432610022475e-17      -2.406491126641e-18 
 2495       1.064946030204e-11       3.870532652659e-13      -3.933059452026e-13       3.446069781674e-15       1.499436188979e-16       2.450246236612e-17      -2.442228528496e-18 
 2496       1.061773169966e-11       3.875134067782e-13      -3.935871707764e-13       3.441287169596e-15       1.496954035284e-16       2.467883677274e-17      -2.478161628648e-18 
 2497       1.058618954404e-11       3.879701013635e-13      -3.939338340185e-13       3.436509621276e-15       1.494476767754e-16       2.485494724525e-17      -2.514213010580e-18 
 2498       1.055483712386e-11       3.884227301717e-13      -3.943443375410e-13       3.431737258486e-15       1.492004361496e-16       2.503051670031e-17      -2.550305008830e-18 
 2499       1.052367773702e-11       3.888706723922e-13      -3.948170784628e-13       3.426970203317e-15       1.489536791489e-16       2.520526716975e-17      -2.586359708737e-18 
 2500       1.049271469065e-11       3.893133052523e-13      -3.953504484044e-13       3.422208578183e-15       1.487074032580e-16       2.537891979967e-17      -2.622298946194e-18 
