# dimensionless total [l(l+1)/2pi] C_l's
# for l=2 to 3000, i.e. number of multipoles equal to 2999
#
# -> if you prefer output in CAMB/HealPix/LensPix units/order, set 'format' to 'camb' in input file
# -> if you don't want to see such a header, set 'headers' to 'no' in input file
# -> for CMB lensing (phi), these are C_l^phi-phi for the lensing potential.
#    Remember the conversion factors:
#    C_l^dd (deflection) = l(l+1) C_l^phi-phi
#    C_l^gg (shear/convergence) = 1/4 (l(l+1))^2 C_l^phi-phi
#
# 1:l     2:TT                     3:EE                     4:TE                     5:BB                     6:phiphi                 7:TPhi                   8:Ephi               
    2       1.381337010756e-10       4.175594413928e-15       3.515670846390e-13       0.000000000000e+00       8.285959790021e-09       4.560819959475e-10      -1.840536643460e-12 
    3       1.306080809900e-10       5.350274016922e-15       3.951459575221e-13       0.000000000000e+00       5.086968929724e-09       3.225668440373e-10      -1.393793194981e-12 
    4       1.235424386748e-10       4.625820121439e-15       3.695227469576e-13       0.000000000000e+00       3.522976269042e-09       2.438425231691e-10      -9.121458059758e-13 
    5       1.182583896741e-10       3.084257757551e-15       3.146795172680e-13       0.000000000000e+00       2.621510703321e-09       1.923939865654e-10      -5.066439199013e-13 
    6       1.146368801546e-10       1.723612967055e-15       2.534366810147e-13       0.000000000000e+00       2.042587633257e-09       1.563949545287e-10      -2.079556347486e-13 
    7       1.122785254048e-10       9.311391122558e-16       1.989901739932e-13       0.000000000000e+00       1.644359380667e-09       1.299943115028e-10      -1.757526834831e-14 
    8       1.109032229594e-10       6.009311718869e-16       1.571122071271e-13       0.000000000000e+00       1.356594590111e-09       1.099894083844e-10       7.944461305796e-14 
    9       1.102629592720e-10       4.823436473722e-16       1.290818199186e-13       0.000000000000e+00       1.140656430890e-09       9.448252799715e-11       1.064459755638e-13 
   10       1.101275596990e-10       4.106946624592e-16       1.135745503605e-13       0.000000000000e+00       9.737543380879e-10       8.220686922250e-11       8.927583686485e-14 
   11       1.104379797221e-10       3.446088000720e-16       1.079324579421e-13       0.000000000000e+00       8.334466119541e-10       7.302020888101e-11       5.202265733266e-14 
   12       1.110430526571e-10       2.997401547557e-16       1.090985944200e-13       0.000000000000e+00       7.284105753027e-10       6.456669631834e-11       1.226568536667e-14 
   13       1.118922288294e-10       2.870822825972e-16       1.143906202356e-13       0.000000000000e+00       6.421613109516e-10       5.770063644760e-11      -1.799996507807e-14 
   14       1.129378874694e-10       2.986624391729e-16       1.217881998929e-13       0.000000000000e+00       5.703862130118e-10       5.172041462343e-11      -3.451792223830e-14 
   15       1.141671929958e-10       3.227423767783e-16       1.300032600658e-13       0.000000000000e+00       5.099614563274e-10       4.668982794591e-11      -3.749775218627e-14 
   16       1.155053420004e-10       3.568018121426e-16       1.383734099334e-13       0.000000000000e+00       4.585756420436e-10       4.235384490474e-11      -3.090285753269e-14 
   17       1.169794160427e-10       4.063780106687e-16       1.466768032410e-13       0.000000000000e+00       4.144862521081e-10       3.856974974170e-11      -1.993081470474e-14 
   18       1.185264360940e-10       4.768965321565e-16       1.551748184681e-13       0.000000000000e+00       3.762160464320e-10       3.526911792602e-11      -9.467896624823e-15 
   19       1.201577291808e-10       5.686815053523e-16       1.640906441303e-13       0.000000000000e+00       3.431478774205e-10       3.240472628692e-11      -2.114095459947e-15 
   20       1.218659746470e-10       6.797318728716e-16       1.735639186774e-13       0.000000000000e+00       3.140215698350e-10       2.986222925184e-11       4.241114808943e-16 
   21       1.236524933762e-10       8.094129354621e-16       1.835455812914e-13       0.000000000000e+00       2.883792836165e-10       2.759564897570e-11      -1.288839862492e-15 
   22       1.254913068640e-10       9.572393031088e-16       1.938474026854e-13       0.000000000000e+00       2.656039472631e-10       2.554800953297e-11      -5.507923870638e-15 
   23       1.273887609178e-10       1.123380435222e-15       2.041463321600e-13       0.000000000000e+00       2.453909039677e-10       2.371070619925e-11      -1.047971804234e-14 
   24       1.293390595345e-10       1.308051491159e-15       2.140298410934e-13       0.000000000000e+00       2.272788858185e-10       2.206696932899e-11      -1.433718309286e-14 
   25       1.313370076884e-10       1.511468180374e-15       2.231902769199e-13       0.000000000000e+00       2.110223712826e-10       2.059458052925e-11      -1.626948545825e-14 
   26       1.333649740161e-10       1.734001917011e-15       2.313640576218e-13       0.000000000000e+00       1.963033711661e-10       1.925674880376e-11      -1.595142694912e-14 
   27       1.354325545720e-10       1.977284448285e-15       2.384796541732e-13       0.000000000000e+00       1.830456666848e-10       1.804421890400e-11      -1.389536166689e-14 
   28       1.375424234259e-10       2.243572931757e-15       2.445486682311e-13       0.000000000000e+00       1.710886857376e-10       1.694157926675e-11      -1.110504352897e-14 
   29       1.396836558689e-10       2.535148614324e-15       2.496136635813e-13       0.000000000000e+00       1.601421992737e-10       1.592244377426e-11      -8.700293198012e-15 
   30       1.418628560440e-10       2.853103505265e-15       2.537229061865e-13       0.000000000000e+00       1.501459038338e-10       1.498576994396e-11      -7.069814142819e-15 
   31       1.440817472547e-10       3.198063425002e-15       2.569501812909e-13       0.000000000000e+00       1.410256263525e-10       1.413163985201e-11      -6.393751313770e-15 
   32       1.463322880312e-10       3.570600442043e-15       2.593631222890e-13       0.000000000000e+00       1.326371122591e-10       1.335308662433e-11      -6.759493063443e-15 
   33       1.486139470405e-10       3.971652033441e-15       2.608810524194e-13       0.000000000000e+00       1.249347089199e-10       1.264354786275e-11      -7.814634372785e-15 
   34       1.509203501872e-10       4.402246138806e-15       2.613633534364e-13       0.000000000000e+00       1.178502483275e-10       1.199070943749e-11      -8.971470682740e-15 
   35       1.532402018155e-10       4.863374324598e-15       2.606605583062e-13       0.000000000000e+00       1.112783376629e-10       1.137875687705e-11      -9.639299979644e-15 
   36       1.555804743443e-10       5.355938679978e-15       2.586702317274e-13       0.000000000000e+00       1.052019474179e-10       1.080559542198e-11      -9.755641233554e-15 
   37       1.579497742605e-10       5.880780828338e-15       2.552986870383e-13       0.000000000000e+00       9.960205869647e-11       1.027078172168e-11      -9.435352196924e-15 
   38       1.603513684706e-10       6.438691019342e-15       2.504455451886e-13       0.000000000000e+00       9.441969310719e-11       9.770560255584e-12      -8.833725814772e-15 
   39       1.627842646886e-10       7.030396127975e-15       2.440280314588e-13       0.000000000000e+00       8.957719017773e-11       9.299650237919e-12      -8.125270878983e-15 
   40       1.652484800067e-10       7.656528205976e-15       2.360650526897e-13       0.000000000000e+00       8.505973483195e-11       8.858106321498e-12      -7.424104587485e-15 
   41       1.677404783769e-10       8.317638683469e-15       2.266209493028e-13       0.000000000000e+00       8.085545745940e-11       8.446269367964e-12      -6.841401839498e-15 
   42       1.702510809026e-10       9.014201088211e-15       2.157845432613e-13       0.000000000000e+00       7.693110716008e-11       8.062712918517e-12      -6.508370708655e-15 
   43       1.727699291098e-10       9.746672431217e-15       2.036355620593e-13       0.000000000000e+00       7.324435249904e-11       7.704944344076e-12      -6.535727229417e-15 
   44       1.753017775320e-10       1.051571100470e-14       1.901280914858e-13       0.000000000000e+00       6.978952363004e-11       7.372139833829e-12      -6.874331552433e-15 
   45       1.778543991054e-10       1.132201883226e-14       1.751731371455e-13       0.000000000000e+00       6.656310407484e-11       7.062998715445e-12      -7.413010386979e-15 
   46       1.804338390780e-10       1.216628128427e-14       1.586696432496e-13       0.000000000000e+00       6.354999668627e-11       6.774861220360e-12      -8.014979687750e-15 
   47       1.830442077048e-10       1.304916670711e-14       1.405036761886e-13       0.000000000000e+00       6.072262072494e-11       6.503606612178e-12      -8.516343963154e-15 
   48       1.856876640281e-10       1.397123812107e-14       1.205710472454e-13       0.000000000000e+00       5.804940339817e-11       6.244843179235e-12      -8.770900006265e-15 
   49       1.883648455190e-10       1.493265974510e-14       9.885462663116e-14       0.000000000000e+00       5.552519181078e-11       5.998112576863e-12      -8.802984278627e-15 
   50       1.910742033745e-10       1.593340710793e-14       7.536742061728e-14       0.000000000000e+00       5.314786244724e-11       5.763695610891e-12      -8.695132975555e-15 
   51       1.938116293149e-10       1.697334301910e-14       5.013140531216e-14       0.000000000000e+00       5.090926200183e-11       5.541388773109e-12      -8.546379960679e-15 
   52       1.965702580285e-10       1.805221271186e-14       2.317790610931e-14       0.000000000000e+00       4.879478376461e-11       5.330468281104e-12      -8.473118544789e-15 
   53       1.993431362020e-10       1.916976248885e-14      -5.465888020046e-15       0.000000000000e+00       4.678795466638e-11       5.130001971397e-12      -8.579269905240e-15 
   54       2.021324901036e-10       2.032614265712e-14      -3.582232625242e-14       0.000000000000e+00       4.488655629321e-11       4.939961911468e-12      -8.855798866674e-15 
   55       2.049424967826e-10       2.152159973978e-14      -6.792890759232e-14       0.000000000000e+00       4.308991097696e-11       4.760335214544e-12      -9.256861278464e-15 
   56       2.077765504578e-10       2.275636235660e-14      -1.018256349765e-13       0.000000000000e+00       4.139402527123e-11       4.590780335024e-12      -9.727820086385e-15 
   57       2.106371851547e-10       2.403064154524e-14      -1.375552171740e-13       0.000000000000e+00       3.979137642788e-11       4.430605693361e-12      -1.020482017815e-14 
   58       2.135259973430e-10       2.534463108251e-14      -1.751632706868e-13       0.000000000000e+00       3.827069887356e-11       4.278748300948e-12      -1.061436322892e-14 
   59       2.164439607319e-10       2.669838979805e-14      -2.146855713086e-13       0.000000000000e+00       3.682008518136e-11       4.134061671574e-12      -1.089084520478e-14 
   60       2.193926317318e-10       2.809145587081e-14      -2.561058930461e-13       0.000000000000e+00       3.543761487893e-11       3.996306180344e-12      -1.103489041116e-14 
   61       2.223730877065e-10       2.952314336930e-14      -2.993887175696e-13       0.000000000000e+00       3.412282098038e-11       3.865351326852e-12      -1.106783702258e-14 
   62       2.253854966677e-10       3.099264877966e-14      -3.444910914197e-13       0.000000000000e+00       3.287349341715e-11       3.740876002151e-12      -1.101514553605e-14 
   63       2.284290532061e-10       3.249904732665e-14      -3.913623889136e-13       0.000000000000e+00       3.168557787032e-11       3.622357597932e-12      -1.090658252025e-14 
   64       2.315019144219e-10       3.404128929465e-14      -4.399440750497e-13       0.000000000000e+00       3.055307460282e-11       3.509061115696e-12      -1.077640436474e-14 
   65       2.346021142306e-10       3.561831451552e-14      -4.901822860268e-13       0.000000000000e+00       2.946969393287e-11       3.400241257115e-12      -1.065581465712e-14 
   66       2.377306752516e-10       3.722943227743e-14      -5.420692000920e-13       0.000000000000e+00       2.843445739332e-11       3.295822902894e-12      -1.054806694011e-14 
   67       2.408890433816e-10       3.887401553532e-14      -5.956100303821e-13       0.000000000000e+00       2.744710545931e-11       3.195845705017e-12      -1.044840203828e-14 
   68       2.440781315560e-10       4.055138947692e-14      -6.508110996004e-13       0.000000000000e+00       2.650639452038e-11       3.100258980917e-12      -1.035127739410e-14 
   69       2.472982830474e-10       4.226083114911e-14      -7.076799614572e-13       0.000000000000e+00       2.561004484957e-11       3.008916780170e-12      -1.025033469479e-14 
   70       2.505492347629e-10       4.400156908429e-14      -7.662255221098e-13       0.000000000000e+00       2.475468857256e-11       2.921572951179e-12      -1.013836749921e-14 
   71       2.538300805423e-10       4.577278292672e-14      -8.264581616028e-13       0.000000000000e+00       2.393581763670e-11       2.837876207874e-12      -1.000728886477e-14 
   72       2.571398560016e-10       4.757356828306e-14      -8.883813696567e-13       0.000000000000e+00       2.314894340212e-11       2.757465276711e-12      -9.850542489240e-15 
   73       2.604795045879e-10       4.940282429328e-14      -9.519645244519e-13       0.000000000000e+00       2.239344872605e-11       2.680286444384e-12      -9.670943885616e-15 
   74       2.638502243391e-10       5.125934370327e-14      -1.017165083867e-12       0.000000000000e+00       2.166938470048e-11       2.606328331915e-12      -9.474292824754e-15 
   75       2.672528576477e-10       5.314184458078e-14      -1.083936537099e-12       0.000000000000e+00       2.097630059111e-11       2.535524611736e-12      -9.267086196783e-15 
   76       2.706878687491e-10       5.504896914784e-14      -1.152228332361e-12       0.000000000000e+00       2.031321946903e-11       2.467751359325e-12      -9.056541426013e-15 
   77       2.741553212100e-10       5.697928261311e-14      -1.221985804593e-12       0.000000000000e+00       1.967861384243e-11       2.402824404831e-12      -8.850619885850e-15 
   78       2.776548554166e-10       5.893127200431e-14      -1.293150103161e-12       0.000000000000e+00       1.907038128826e-11       2.340496684705e-12      -8.658050313693e-15 
   79       2.811856660635e-10       6.090334500059e-14      -1.365658119566e-12       0.000000000000e+00       1.848582008397e-11       2.280455593332e-12      -8.488352225848e-15 
   80       2.847469447782e-10       6.289388125225e-14      -1.439447837740e-12       0.000000000000e+00       1.792230026118e-11       2.222400433193e-12      -8.349592708503e-15 
   81       2.883393460465e-10       6.490139917260e-14      -1.514475614072e-12       0.000000000000e+00       1.737946458772e-11       2.166296081803e-12      -8.241156636087e-15 
   82       2.919637359653e-10       6.692441611630e-14      -1.590701780414e-12       0.000000000000e+00       1.685736712624e-11       2.112158749714e-12      -8.159757751035e-15 
   83       2.956207360343e-10       6.896139827223e-14      -1.668085515709e-12       0.000000000000e+00       1.635580044932e-11       2.059978647681e-12      -8.101575495632e-15 
   84       2.993107092580e-10       7.101076046780e-14      -1.746584874115e-12       0.000000000000e+00       1.587428414933e-11       2.009718821595e-12      -8.062236452408e-15 
   85       3.030337462476e-10       7.307086597335e-14      -1.826156813127e-12       0.000000000000e+00       1.541205334832e-11       1.961313987423e-12      -8.036795784522e-15 
   86       3.067896513233e-10       7.514002630657e-14      -1.906757221702e-12       0.000000000000e+00       1.496804720789e-11       1.914669366142e-12      -8.019718676151e-15 
   87       3.105779286161e-10       7.721650103683e-14      -1.988340948377e-12       0.000000000000e+00       1.454089743908e-11       1.869659518677e-12      -8.004861772885e-15 
   88       3.143977681701e-10       7.929849758957e-14      -2.070861829395e-12       0.000000000000e+00       1.412891681225e-11       1.826127180835e-12      -7.985454622110e-15 
   89       3.182483575162e-10       8.138419610324e-14      -2.154271253427e-12       0.000000000000e+00       1.373050098635e-11       1.783922072787e-12      -7.955552751926e-15 
   90       3.221299027021e-10       8.347182889505e-14      -2.238513536417e-12       0.000000000000e+00       1.334543128159e-11       1.743026844080e-12      -7.914698591324e-15 
   91       3.260427425681e-10       8.555961315841e-14      -2.323529869639e-12       0.000000000000e+00       1.297375605061e-11       1.703448830682e-12      -7.863960903577e-15 
   92       3.299870286375e-10       8.764572719721e-14      -2.409259724620e-12       0.000000000000e+00       1.261539032762e-11       1.665181280915e-12      -7.804531673825e-15 
   93       3.339627160946e-10       8.972831060557e-14      -2.495640859337e-12       0.000000000000e+00       1.227011053028e-11       1.628202789258e-12      -7.737729596486e-15 
   94       3.379695547625e-10       9.180546444752e-14      -2.582609324420e-12       0.000000000000e+00       1.193754916166e-11       1.592476730150e-12      -7.665003562666e-15 
   95       3.420070800818e-10       9.387525143672e-14      -2.670099469345e-12       0.000000000000e+00       1.161718951217e-11       1.557950691801e-12      -7.587936147565e-15 
   96       3.460746040876e-10       9.593569611612e-14      -2.758043948638e-12       0.000000000000e+00       1.130836036147e-11       1.524555909995e-12      -7.508247097887e-15 
   97       3.501712063884e-10       9.798478503768e-14      -2.846373728071e-12       0.000000000000e+00       1.101023068044e-11       1.492206701895e-12      -7.427796819251e-15 
   98       3.542957251438e-10       1.000204669421e-13      -2.935018090862e-12       0.000000000000e+00       1.072180433308e-11       1.460799899851e-12      -7.348589863592e-15 
   99       3.584470466584e-10       1.020406995002e-13      -3.023906020073e-12       0.000000000000e+00       1.044214838815e-11       1.430239469021e-12      -7.272372991626e-15 
  100       3.626250404689e-10       1.040435967034e-13      -3.112970555829e-12       0.000000000000e+00       1.017112640540e-11       1.400515562733e-12      -7.199356862164e-15 
  101       3.668297405598e-10       1.060273027808e-13      -3.202145069649e-12       0.000000000000e+00       9.908759653952e-12       1.371635664908e-12      -7.129318917335e-15 
  102       3.710610532300e-10       1.079899482347e-13      -3.291361965895e-12       0.000000000000e+00       9.655000333405e-12       1.343600147575e-12      -7.061991245610e-15 
  103       3.753187516900e-10       1.099296505843e-13      -3.380552704653e-12       0.000000000000e+00       9.409729107377e-12       1.316402009930e-12      -6.997059154968e-15 
  104       3.796024706597e-10       1.118445151102e-13      -3.469647824610e-12       0.000000000000e+00       9.172752637070e-12       1.290026617406e-12      -6.934159746064e-15 
  105       3.839117009660e-10       1.137326355984e-13      -3.558576965940e-12       0.000000000000e+00       8.943801114835e-12       1.264451440733e-12      -6.872880485395e-15 
  106       3.882457841403e-10       1.155920950840e-13      -3.647268893178e-12       0.000000000000e+00       8.722525797740e-12       1.239645795003e-12      -6.812757778464e-15 
  107       3.926039070163e-10       1.174209665958e-13      -3.735651518104e-12       0.000000000000e+00       8.508496541130e-12       1.215570578739e-12      -6.753275542953e-15 
  108       3.969850963275e-10       1.192173139001e-13      -3.823651922621e-12       0.000000000000e+00       8.301199332192e-12       1.192178012950e-12      -6.693863781883e-15 
  109       4.013882133046e-10       1.209791922449e-13      -3.911196381635e-12       0.000000000000e+00       8.100033823521e-12       1.169411380206e-12      -6.633897156786e-15 
  110       4.058121454457e-10       1.227046974067e-13      -3.998210899588e-12       0.000000000000e+00       7.904448679439e-12       1.147218141124e-12      -6.572822124071e-15 
  111       4.102564213094e-10       1.243921183682e-13      -4.084622849002e-12       0.000000000000e+00       7.714372593306e-12       1.125591751551e-12      -6.510559897904e-15 
  112       4.147206646573e-10       1.260398056636e-13      -4.170359585427e-12       0.000000000000e+00       7.529834071931e-12       1.104534733649e-12      -6.447152627532e-15 
  113       4.192044008909e-10       1.276461260273e-13      -4.255347980142e-12       0.000000000000e+00       7.350827454457e-12       1.084045648881e-12      -6.382639282608e-15 
  114       4.237070535863e-10       1.292094636124e-13      -4.339514448086e-12       0.000000000000e+00       7.177311800350e-12       1.064118968549e-12      -6.317055489887e-15 
  115       4.282279410302e-10       1.307282212099e-13      -4.422784975781e-12       0.000000000000e+00       7.009209777387e-12       1.044744944331e-12      -6.250433369906e-15 
  116       4.327662727551e-10       1.322008214673e-13      -4.505085149266e-12       0.000000000000e+00       6.846406549649e-12       1.025909478819e-12      -6.182801373677e-15 
  117       4.373211460746e-10       1.336257081075e-13      -4.586340182023e-12       0.000000000000e+00       6.688748665510e-12       1.007593996056e-12      -6.114184119368e-15 
  118       4.418915426193e-10       1.350013471475e-13      -4.666474942904e-12       0.000000000000e+00       6.536042945621e-12       9.897753120752e-13      -6.044602228994e-15 
  119       4.464763248715e-10       1.363262281171e-13      -4.745413984059e-12       0.000000000000e+00       6.388055370907e-12       9.724255054374e-13      -5.974072165106e-15 
  120       4.510742327012e-10       1.375988652782e-13      -4.823081568868e-12       0.000000000000e+00       6.244509970553e-12       9.555117877675e-13      -5.902606067472e-15 
  121       4.556838799013e-10       1.388177988429e-13      -4.899401699864e-12       0.000000000000e+00       6.105087709990e-12       9.389963742936e-13      -5.830211589769e-15 
  122       4.603037507232e-10       1.399815961928e-13      -4.974298146666e-12       0.000000000000e+00       5.969425378890e-12       9.228363543844e-13      -5.756891736269e-15 
  123       4.649323825089e-10       1.410889007140e-13      -5.047695436388e-12       0.000000000000e+00       5.837193977666e-12       9.069937326677e-13      -5.682673346652e-15 
  124       4.695689447251e-10       1.421385820581e-13      -5.119521894221e-12       0.000000000000e+00       5.708346442264e-12       8.914671343146e-13      -5.607696603670e-15 
  125       4.742127202303e-10       1.431296055206e-13      -5.189707006423e-12       0.000000000000e+00       5.582896415311e-12       8.762635150968e-13      -5.532135548396e-15 
  126       4.788629231562e-10       1.440609875482e-13      -5.258180524251e-12       0.000000000000e+00       5.460840815108e-12       8.613882681133e-13      -5.456170414564e-15 
  127       4.835186969070e-10       1.449317973319e-13      -5.324872499465e-12       0.000000000000e+00       5.342159349106e-12       8.468451743484e-13      -5.379987690649e-15 
  128       4.881791121594e-10       1.457411584006e-13      -5.389713319831e-12       0.000000000000e+00       5.226814027372e-12       8.326363532298e-13      -5.303780181957e-15 
  129       4.928431648619e-10       1.464882502144e-13      -5.452633744617e-12       0.000000000000e+00       5.114748676060e-12       8.187622131867e-13      -5.227747072706e-15 
  130       4.975097742347e-10       1.471723097582e-13      -5.513564940097e-12       0.000000000000e+00       5.005888450879e-12       8.052214022078e-13      -5.152093988117e-15 
  131       5.021777807688e-10       1.477926331353e-13      -5.572438515051e-12       0.000000000000e+00       4.900139350564e-12       7.920107583994e-13      -5.077033056494e-15 
  132       5.068459442261e-10       1.483485771603e-13      -5.629186556268e-12       0.000000000000e+00       4.797387730345e-12       7.791252605435e-13      -5.002782971311e-15 
  133       5.115129416389e-10       1.488395609529e-13      -5.683741664042e-12       0.000000000000e+00       4.697499815416e-12       7.665579786556e-13      -4.929569053299e-15 
  134       5.161773653093e-10       1.492650675315e-13      -5.736036987679e-12       0.000000000000e+00       4.600321214403e-12       7.543000245434e-13      -4.857623312532e-15 
  135       5.208377208089e-10       1.496246454063e-13      -5.786006260991e-12       0.000000000000e+00       4.505676432838e-12       7.423405023640e-13      -4.787184510508e-15 
  136       5.254924249786e-10       1.499179101729e-13      -5.833583837803e-12       0.000000000000e+00       4.413368386623e-12       7.306664591829e-13      -4.718498222239e-15 
  137       5.301399421119e-10       1.501445739382e-13      -5.878705344174e-12       0.000000000000e+00       4.323220225033e-12       7.192654677967e-13      -4.651756773324e-15 
  138       5.347792126457e-10       1.503045336621e-13      -5.921309636088e-12       0.000000000000e+00       4.235206714029e-12       7.081337815057e-13      -4.586911905099e-15 
  139       5.394092652438e-10       1.503977950213e-13      -5.961337112600e-12       0.000000000000e+00       4.149335589190e-12       6.972689333753e-13      -4.523842751705e-15 
  140       5.440290814805e-10       1.504244471505e-13      -5.998729156333e-12       0.000000000000e+00       4.065606250088e-12       6.866671472551e-13      -4.462413909163e-15 
  141       5.486375947171e-10       1.503846644124e-13      -6.033428172902e-12       0.000000000000e+00       3.984009542302e-12       6.763233050446e-13      -4.402475115837e-15 
  142       5.532336889783e-10       1.502787081679e-13      -6.065377630321e-12       0.000000000000e+00       3.904527539437e-12       6.662309139586e-13      -4.343860932894e-15 
  143       5.578161978295e-10       1.501069285463e-13      -6.094522098424e-12       0.000000000000e+00       3.827133325138e-12       6.563820737928e-13      -4.286390424764e-15 
  144       5.623839032530e-10       1.498697662151e-13      -6.120807288278e-12       0.000000000000e+00       3.751790775108e-12       6.467674441897e-13      -4.229866839600e-15 
  145       5.669355345249e-10       1.495677541506e-13      -6.144180091598e-12       0.000000000000e+00       3.678454339122e-12       6.373762119035e-13      -4.174077289740e-15 
  146       5.714697670918e-10       1.492015194073e-13      -6.164588620163e-12       0.000000000000e+00       3.607068823044e-12       6.281960580663e-13      -4.118792432166e-15 
  147       5.759852214471e-10       1.487717848887e-13      -6.181982245234e-12       0.000000000000e+00       3.537569170844e-12       6.192131254533e-13      -4.063766148964e-15 
  148       5.804804620083e-10       1.482793711170e-13      -6.196311636961e-12       0.000000000000e+00       3.469880246613e-12       6.104119857483e-13      -4.008735227787e-15 
  149       5.849539959933e-10       1.477251980031e-13      -6.207528803810e-12       0.000000000000e+00       3.403916616579e-12       6.017756068097e-13      -3.953419042313e-15 
  150       5.894042722970e-10       1.471102866172e-13      -6.215587131968e-12       0.000000000000e+00       3.339582331125e-12       5.932853199355e-13      -3.897519232708e-15 
  151       5.938296803684e-10       1.464357609582e-13      -6.220441424764e-12       0.000000000000e+00       3.276770706802e-12       5.849207871292e-13      -3.840719386082e-15 
  152       5.982285490867e-10       1.457028497245e-13      -6.222047942082e-12       0.000000000000e+00       3.215364108349e-12       5.766599683654e-13      -3.782684716955e-15 
  153       6.025992687868e-10       1.449128724577e-13      -6.220364683607e-12       0.000000000000e+00       3.155258271262e-12       5.684841984433e-13      -3.723143329477e-15 
  154       6.069406724585e-10       1.440671928014e-13      -6.215352185210e-12       0.000000000000e+00       3.096438271806e-12       5.603940173525e-13      -3.662139174599e-15 
  155       6.112516879977e-10       1.431672642533e-13      -6.206972872072e-12       0.000000000000e+00       3.038909234695e-12       5.523947555730e-13      -3.599802102221e-15 
  156       6.155312177505e-10       1.422146470768e-13      -6.195190861824e-12       0.000000000000e+00       2.982672334869e-12       5.444915500578e-13      -3.536268487455e-15 
  157       6.197781380169e-10       1.412110099921e-13      -6.179972005204e-12       0.000000000000e+00       2.927724704492e-12       5.366893375217e-13      -3.471681326583e-15 
  158       6.239912985546e-10       1.401581318660e-13      -6.161283926716e-12       0.000000000000e+00       2.874059339953e-12       5.289928477295e-13      -3.406190333005e-15 
  159       6.281695220829e-10       1.390579034030e-13      -6.139096065282e-12       0.000000000000e+00       2.821665008866e-12       5.214065967846e-13      -3.339952033194e-15 
  160       6.323116037869e-10       1.379123288355e-13      -6.113379714906e-12       0.000000000000e+00       2.770526157071e-12       5.139348804174e-13      -3.273129862647e-15 
  161       6.364163108208e-10       1.367235276143e-13      -6.084108065326e-12       0.000000000000e+00       2.720622815631e-12       5.065817672735e-13      -3.205894261837e-15 
  162       6.404823818122e-10       1.354937360993e-13      -6.051256242674e-12       0.000000000000e+00       2.671930507835e-12       4.993510922024e-13      -3.138422772162e-15 
  163       6.445085263659e-10       1.342253092500e-13      -6.014801350132e-12       0.000000000000e+00       2.624420156195e-12       4.922464495455e-13      -3.070900131904e-15 
  164       6.484934245676e-10       1.329207223158e-13      -5.974722508587e-12       0.000000000000e+00       2.578057989450e-12       4.852711864253e-13      -3.003518372175e-15 
  165       6.524357264880e-10       1.315825725268e-13      -5.931000897293e-12       0.000000000000e+00       2.532805449559e-12       4.784283960328e-13      -2.936476912870e-15 
  166       6.563340516862e-10       1.302135807839e-13      -5.883619794524e-12       0.000000000000e+00       2.488619098708e-12       4.717209109167e-13      -2.869982658621e-15 
  167       6.601869887145e-10       1.288165933500e-13      -5.832564618232e-12       0.000000000000e+00       2.445450526306e-12       4.651512962717e-13      -2.804250094748e-15 
  168       6.639930946211e-10       1.273945835398e-13      -5.777822966706e-12       0.000000000000e+00       2.403246255986e-12       4.587218432263e-13      -2.739501383209e-15 
  169       6.677508944551e-10       1.259506534107e-13      -5.719384659227e-12       0.000000000000e+00       2.361947652605e-12       4.524345621322e-13      -2.675966458556e-15 
  170       6.714588807693e-10       1.244880354531e-13      -5.657241776724e-12       0.000000000000e+00       2.321490829241e-12       4.462911758519e-13      -2.613883123885e-15 
  171       6.751156120835e-10       1.230099968535e-13      -5.591387985012e-12       0.000000000000e+00       2.281819573437e-12       4.402926302406e-13      -2.553446178368e-15 
  172       6.787200185233e-10       1.215195397844e-13      -5.521816356042e-12       0.000000000000e+00       2.242925530093e-12       4.344375938385e-13      -2.494649838985e-15 
  173       6.822711208332e-10       1.200196792471e-13      -5.448521442046e-12       0.000000000000e+00       2.204811206451e-12       4.287238196380e-13      -2.437432302437e-15 
  174       6.857679336208e-10       1.185135395335e-13      -5.371500014054e-12       0.000000000000e+00       2.167477214869e-12       4.231486080137e-13      -2.381725419728e-15 
  175       6.892094652638e-10       1.170043555188e-13      -5.290751099624e-12       0.000000000000e+00       2.130922232931e-12       4.177087980408e-13      -2.327454584158e-15 
  176       6.925947178183e-10       1.154954739551e-13      -5.206276020571e-12       0.000000000000e+00       2.095142963570e-12       4.124007588141e-13      -2.274538619334e-15 
  177       6.959226869257e-10       1.139903547636e-13      -5.118078430700e-12       0.000000000000e+00       2.060134095183e-12       4.072203807664e-13      -2.222889667168e-15 
  178       6.991923617209e-10       1.124925723283e-13      -5.026164353533e-12       0.000000000000e+00       2.025888261753e-12       4.021630669870e-13      -2.172413075882e-15 
  179       7.024027247399e-10       1.110058167888e-13      -4.930542220040e-12       0.000000000000e+00       1.992396002961e-12       3.972237245403e-13      -2.123007288006e-15 
  180       7.055527518267e-10       1.095338953331e-13      -4.831222906370e-12       0.000000000000e+00       1.959645724310e-12       3.923967557846e-13      -2.074563728387e-15 
  181       7.086414120418e-10       1.080807334910e-13      -4.728219771581e-12       0.000000000000e+00       1.927623657237e-12       3.876760496903e-13      -2.026966692186e-15 
  182       7.116676675695e-10       1.066503764267e-13      -4.621548695369e-12       0.000000000000e+00       1.896313819238e-12       3.830549731589e-13      -1.980093232883e-15 
  183       7.146304736253e-10       1.052469902322e-13      -4.511228115796e-12       0.000000000000e+00       1.865697973979e-12       3.785263623412e-13      -1.933813050281e-15 
  184       7.175287783637e-10       1.038748632200e-13      -4.397279067027e-12       0.000000000000e+00       1.835755591416e-12       3.740825139561e-13      -1.887988378504e-15 
  185       7.203615227859e-10       1.025384072163e-13      -4.279725217051e-12       0.000000000000e+00       1.806463807918e-12       3.697151766092e-13      -1.842473874005e-15 
  186       7.231276406472e-10       1.012421588539e-13      -4.158592905420e-12       0.000000000000e+00       1.777797386377e-12       3.654155421112e-13      -1.797116503563e-15 
  187       7.258260583649e-10       9.999078086543e-14      -4.033911180970e-12       0.000000000000e+00       1.749728676331e-12       3.611742367968e-13      -1.751755432291e-15 
  188       7.284556949256e-10       9.878906337597e-14      -3.905711839559e-12       0.000000000000e+00       1.722227574081e-12       3.569813128428e-13      -1.706221911635e-15 
  189       7.310154617932e-10       9.764192519644e-14      -3.774029461793e-12       0.000000000000e+00       1.695261482807e-12       3.528262395871e-13      -1.660339167376e-15 
  190       7.335042628160e-10       9.655441511643e-14      -3.638901450756e-12       0.000000000000e+00       1.668795272690e-12       3.486978948473e-13      -1.613922287636e-15 
  191       7.359210676331e-10       9.553150459503e-14      -3.500365876817e-12       0.000000000000e+00       1.642798225521e-12       3.445868769752e-13      -1.566818842215e-15 
  192       7.382651382333e-10       9.457744577267e-14      -3.358454752883e-12       0.000000000000e+00       1.617265533398e-12       3.404926527929e-13      -1.519034376655e-15 
  193       7.405358192508e-10       9.369636768316e-14      -3.213200326201e-12       0.000000000000e+00       1.592198339544e-12       3.364169303312e-13      -1.470616137297e-15 
  194       7.427324661426e-10       9.289248113184e-14      -3.064637256268e-12       0.000000000000e+00       1.567596881917e-12       3.323613852283e-13      -1.421613207572e-15 
  195       7.448544453363e-10       9.217007930599e-14      -2.912802645390e-12       0.000000000000e+00       1.543460476181e-12       3.283276596422e-13      -1.372076529292e-15 
  196       7.469011343784e-10       9.153353838525e-14      -2.757736069228e-12       0.000000000000e+00       1.519787498677e-12       3.243173611634e-13      -1.322058923932e-15 
  197       7.488719220826e-10       9.098731815200e-14      -2.599479607359e-12       0.000000000000e+00       1.496575369400e-12       3.203320617275e-13      -1.271615113920e-15 
  198       7.507662086776e-10       9.053596260184e-14      -2.438077873831e-12       0.000000000000e+00       1.473820534970e-12       3.163732965277e-13      -1.220801743917e-15 
  199       7.525834059552e-10       9.018410055393e-14      -2.273578047709e-12       0.000000000000e+00       1.451518451605e-12       3.124425629276e-13      -1.169677402107e-15 
  200       7.543229374188e-10       8.993644626146e-14      -2.106029903640e-12       0.000000000000e+00       1.429663568092e-12       3.085413193736e-13      -1.118302641480e-15 
  201       7.559842384311e-10       8.979780002204e-14      -1.935485842399e-12       0.000000000000e+00       1.408249308764e-12       3.046709843079e-13      -1.066740001121e-15 
  202       7.575667563626e-10       8.977304878810e-14      -1.762000921447e-12       0.000000000000e+00       1.387268056471e-12       3.008329350806e-13      -1.015054027491e-15 
  203       7.590699507394e-10       8.986716677735e-14      -1.585632885484e-12       0.000000000000e+00       1.366711135551e-12       2.970285068626e-13      -9.633112957183e-16 
  204       7.604932933916e-10       9.008521608313e-14      -1.406442197004e-12       0.000000000000e+00       1.346568794806e-12       2.932589915584e-13      -9.115804308795e-16 
  205       7.618362686011e-10       9.043234728489e-14      -1.224492066851e-12       0.000000000000e+00       1.326830190474e-12       2.895256367181e-13      -8.599321292875e-16 
  206       7.630983732500e-10       9.091380005854e-14      -1.039848484767e-12       0.000000000000e+00       1.307483369200e-12       2.858296444508e-13      -8.084391797764e-16 
  207       7.642791169686e-10       9.153490378693e-14      -8.525802499543e-13       0.000000000000e+00       1.288515251013e-12       2.821721703366e-13      -7.571764849880e-16 
  208       7.653780222837e-10       9.230107817021e-14      -6.627590016239e-13       0.000000000000e+00       1.269911612295e-12       2.785543223395e-13      -7.062210826565e-16 
  209       7.663946247663e-10       9.321783383626e-14      -4.704592495521e-13       0.000000000000e+00       1.251657068757e-12       2.749771597199e-13      -6.556521668948e-16 
  210       7.673284731803e-10       9.429077295112e-14      -2.757584046345e-13       0.000000000000e+00       1.233735058408e-12       2.714416919474e-13      -6.055511094803e-16 
  211       7.681791296300e-10       9.552558982938e-14      -7.873680944017e-14       0.000000000000e+00       1.216127824532e-12       2.679488776130e-13      -5.560014811402e-16 
  212       7.689461697088e-10       9.692807154463e-14       1.205222312344e-13       0.000000000000e+00       1.198816398660e-12       2.644996233424e-13      -5.070890728373e-16 
  213       7.696292213760e-10       9.850376784817e-14       3.219367042183e-13       0.000000000000e+00       1.181784303250e-12       2.610947322842e-13      -4.588863251982e-16 
  214       7.702280842010e-10       1.002569748639e-13       5.254390324695e-13       0.000000000000e+00       1.165028973197e-12       2.577347479648e-13      -4.114044030055e-16 
  215       7.707426184617e-10       1.021916839105e-13       7.309637595805e-13       0.000000000000e+00       1.148551073067e-12       2.544200977833e-13      -3.646379239522e-16 
  216       7.711727073877e-10       1.043119057665e-13       9.384433259909e-13       0.000000000000e+00       1.132350839518e-12       2.511511412744e-13      -3.185802399856e-16 
  217       7.715182574105e-10       1.066216704100e-13       1.147808049712e-12       0.000000000000e+00       1.116428074065e-12       2.479281688888e-13      -2.732234175447e-16 
  218       7.717791984134e-10       1.091250267586e-13       1.358986107050e-12       0.000000000000e+00       1.100782135847e-12       2.447514007725e-13      -2.285582177997e-16 
  219       7.719554839817e-10       1.118260424090e-13       1.571903513335e-12       0.000000000000e+00       1.085411934389e-12       2.416209855472e-13      -1.845740768892e-16 
  220       7.720470916528e-10       1.147288033770e-13       1.786484103643e-12       0.000000000000e+00       1.070315922373e-12       2.385369990897e-13      -1.412590861593e-16 
  221       7.720540231662e-10       1.178374138373e-13       2.002649513520e-12       0.000000000000e+00       1.055492088398e-12       2.354994433123e-13      -9.859997240124e-17 
  222       7.719763047135e-10       1.211559958634e-13       2.220319159710e-12       0.000000000000e+00       1.040937949749e-12       2.325082449418e-13      -5.658207809028e-17 
  223       7.718139871889e-10       1.246886891672e-13       2.439410220877e-12       0.000000000000e+00       1.026650545163e-12       2.295632543006e-13      -1.518934162357e-17 
  224       7.715671464387e-10       1.284396508391e-13       2.659837618333e-12       0.000000000000e+00       1.012626427590e-12       2.266642440852e-13       2.559572244137e-17 
  225       7.712358835117e-10       1.324130550878e-13       2.881513996761e-12       0.000000000000e+00       9.988616569641e-13       2.238109081473e-13       6.579204314842e-17 
  226       7.708203249094e-10       1.366130929798e-13       3.104349704938e-12       0.000000000000e+00       9.853517929662e-13       2.210028602729e-13       1.054200129045e-16 
  227       7.703206228358e-10       1.410439721797e-13       3.328252776465e-12       0.000000000000e+00       9.720918877892e-13       2.182396329623e-13       1.445015072415e-16 
  228       7.697369554476e-10       1.457099166897e-13       3.553128910489e-12       0.000000000000e+00       9.590764789044e-13       2.155206762103e-13       1.830599045775e-16 
  229       7.690695271045e-10       1.506151665894e-13       3.778881452426e-12       0.000000000000e+00       9.462995818271e-13       2.128453562854e-13       2.211201059792e-16 
  230       7.683185686186e-10       1.557639777761e-13       4.005411374691e-12       0.000000000000e+00       9.337546828816e-13       2.102129545107e-13       2.587085549228e-16 
  231       7.674843375054e-10       1.611606217039e-13       4.232617257418e-12       0.000000000000e+00       9.214347319671e-13       2.076226660426e-13       2.958532570564e-16 
  232       7.665671182333e-10       1.668093851243e-13       4.460395269188e-12       0.000000000000e+00       9.093321353232e-13       2.050735986515e-13       3.325837999615e-16 
  233       7.655672224738e-10       1.727145698252e-13       4.688639147752e-12       0.000000000000e+00       8.974387482951e-13       2.025647715013e-13       3.689313729145e-16 
  234       7.644849893514e-10       1.788804923717e-13       4.917240180760e-12       0.000000000000e+00       8.857458680997e-13       2.000951139295e-13       4.049287866485e-16 
  235       7.633207856942e-10       1.853114838449e-13       5.146087186480e-12       0.000000000000e+00       8.742442265906e-13       1.976634642269e-13       4.406104931152e-16 
  236       7.620750062835e-10       1.920118895825e-13       5.375066494526e-12       0.000000000000e+00       8.629239830238e-13       1.952685684173e-13       4.760126052465e-16 
  237       7.607480741040e-10       1.989860689184e-13       5.604061926585e-12       0.000000000000e+00       8.517747168234e-13       1.929090790378e-13       5.111729167161e-16 
  238       7.593404363229e-10       2.062380010974e-13       5.832961415982e-12       0.000000000000e+00       8.407874330537e-13       1.905837776662e-13       5.461224638217e-16 
  239       7.578525514394e-10       2.137700770644e-13       6.061677351250e-12       0.000000000000e+00       8.299607286130e-13       1.882922599871e-13       5.808596030100e-16 
  240       7.562849018418e-10       2.215842339731e-13       6.290127427661e-12       0.000000000000e+00       8.192949855789e-13       1.860342898632e-13       6.153744012043e-16 
  241       7.546379982479e-10       2.296823413429e-13       6.518228113995e-12       0.000000000000e+00       8.087903891273e-13       1.838095785762e-13       6.496569543455e-16 
  242       7.529123799466e-10       2.380661999672e-13       6.745894647264e-12       0.000000000000e+00       7.984469245445e-13       1.816177840788e-13       6.836973893107e-16 
  243       7.511086150386e-10       2.467375408231e-13       6.973041027450e-12       0.000000000000e+00       7.882643742387e-13       1.794585102464e-13       7.174858658321e-16 
  244       7.492273006773e-10       2.556980239801e-13       7.199580012228e-12       0.000000000000e+00       7.782423147514e-13       1.773313061291e-13       7.510125784159e-16 
  245       7.472690633105e-10       2.649492375093e-13       7.425423111703e-12       0.000000000000e+00       7.683801137690e-13       1.752356652037e-13       7.842677582605e-16 
  246       7.452345589210e-10       2.744926963918e-13       7.650480583134e-12       0.000000000000e+00       7.586769271347e-13       1.731710246254e-13       8.172416751756e-16 
  247       7.431244732676e-10       2.843298414287e-13       7.874661425671e-12       0.000000000000e+00       7.491316958598e-13       1.711367644797e-13       8.499246395008e-16 
  248       7.409395221266e-10       2.944620381491e-13       8.097873375081e-12       0.000000000000e+00       7.397431431354e-13       1.691322070346e-13       8.823070040242e-16 
  249       7.386804515324e-10       3.048905757200e-13       8.320022898480e-12       0.000000000000e+00       7.305097713439e-13       1.671566159919e-13       9.143791659015e-16 
  250       7.363480380190e-10       3.156166658544e-13       8.541015189063e-12       0.000000000000e+00       7.214298590708e-13       1.652091957399e-13       9.461315685740e-16 
  251       7.339430888607e-10       3.266414417212e-13       8.760754160835e-12       0.000000000000e+00       7.125014581162e-13       1.632890906045e-13       9.775547036881e-16 
  252       7.314664423132e-10       3.379659568534e-13       8.979142443342e-12       0.000000000000e+00       7.037223905062e-13       1.613953841016e-13       1.008639113013e-15 
  253       7.289189678553e-10       3.495911840578e-13       9.196081376400e-12       0.000000000000e+00       6.950902455048e-13       1.595270981888e-13       1.039375390362e-15 
  254       7.263015664288e-10       3.615180143235e-13       9.411471004826e-12       0.000000000000e+00       6.866023766253e-13       1.576831925173e-13       1.069754183506e-15 
  255       7.236151706808e-10       3.737472557310e-13       9.625210073169e-12       0.000000000000e+00       6.782558986420e-13       1.558625636838e-13       1.099766196098e-15 
  256       7.208607452040e-10       3.862796323616e-13       9.837196020441e-12       0.000000000000e+00       6.700476846018e-13       1.540640444826e-13       1.129402189588e-15 
  257       7.180392867779e-10       3.991157832057e-13       1.004732497484e-11       0.000000000000e+00       6.619743628356e-13       1.522864031570e-13       1.158652985144e-15 
  258       7.151518246100e-10       4.122562610726e-13       1.025549174851e-11       0.000000000000e+00       6.540323139703e-13       1.505283426518e-13       1.187509465570e-15 
  259       7.121994205770e-10       4.257015314987e-13       1.046158983221e-11       0.000000000000e+00       6.462176679398e-13       1.487884998648e-13       1.215962577222e-15 
  260       7.091831694654e-10       4.394519716573e-13       1.066551139012e-11       0.000000000000e+00       6.385263009971e-13       1.470654448986e-13       1.244003331931e-15 
  261       7.061041992132e-10       4.535078692669e-13       1.086714725451e-11       0.000000000000e+00       6.309538327259e-13       1.453576803130e-13       1.271622808920e-15 
  262       7.029636711502e-10       4.678694215007e-13       1.106638692051e-11       0.000000000000e+00       6.234956230518e-13       1.436636403764e-13       1.298812156722e-15 
  263       6.997627802401e-10       4.825367338952e-13       1.126311854082e-11       0.000000000000e+00       6.161467692542e-13       1.419816903178e-13       1.325562595098e-15 
  264       6.965027553203e-10       4.975098192597e-13       1.145722892044e-11       0.000000000000e+00       6.089021029778e-13       1.403101255789e-13       1.351865416960e-15 
  265       6.931848593443e-10       5.127885965849e-13       1.164860351142e-11       0.000000000000e+00       6.017561872441e-13       1.386471710658e-13       1.377711990283e-15 
  266       6.898103303129e-10       5.283726288876e-13       1.183713432451e-11       0.000000000000e+00       5.947043475778e-13       1.369913659763e-13       1.403095372199e-15 
  267       6.863802000224e-10       5.442603232241e-13       1.202274415096e-11       0.000000000000e+00       5.877458335629e-13       1.353427429707e-13       1.428015244394e-15 
  268       6.828954659435e-10       5.604496851128e-13       1.220536364576e-11       0.000000000000e+00       5.808808231525e-13       1.337017115770e-13       1.452473249445e-15 
  269       6.793571497839e-10       5.769385741629e-13       1.238492353724e-11       0.000000000000e+00       5.741094027761e-13       1.320686782853e-13       1.476471407401e-15 
  270       6.757662976293e-10       5.937247025420e-13       1.256135463512e-11       0.000000000000e+00       5.674315660986e-13       1.304440464503e-13       1.500012120430e-15 
  271       6.721239800844e-10       6.108056334443e-13       1.273458783865e-11       0.000000000000e+00       5.608472127793e-13       1.288282161951e-13       1.523098177455e-15 
  272       6.684312924134e-10       6.281787795581e-13       1.290455414472e-11       0.000000000000e+00       5.543561472304e-13       1.272215843146e-13       1.545732758800e-15 
  273       6.646893546811e-10       6.458414015344e-13       1.307118465593e-11       0.000000000000e+00       5.479580773763e-13       1.256245441789e-13       1.567919440833e-15 
  274       6.608993118939e-10       6.637906064540e-13       1.323441058874e-11       0.000000000000e+00       5.416526134120e-13       1.240374856362e-13       1.589662200609e-15 
  275       6.570623341401e-10       6.820233462961e-13       1.339416328156e-11       0.000000000000e+00       5.354392665622e-13       1.224607949169e-13       1.610965420509e-15 
  276       6.531796167316e-10       7.005364164056e-13       1.355037420285e-11       0.000000000000e+00       5.293174478404e-13       1.208948545363e-13       1.631833892889e-15 
  277       6.492523803440e-10       7.193264539615e-13       1.370297495925e-11       0.000000000000e+00       5.232864668070e-13       1.193400431984e-13       1.652272824717e-15 
  278       6.452818711579e-10       7.383899364446e-13       1.385189730364e-11       0.000000000000e+00       5.173455303291e-13       1.177967356991e-13       1.672287842216e-15 
  279       6.412693609996e-10       7.577231801052e-13       1.399707314331e-11       0.000000000000e+00       5.114937413386e-13       1.162653028295e-13       1.691884995512e-15 
  280       6.372161474820e-10       7.773223384315e-13       1.413843454803e-11       0.000000000000e+00       5.057300975914e-13       1.147461112796e-13       1.711070763270e-15 
  281       6.331235541455e-10       7.971834006171e-13       1.427591375813e-11       0.000000000000e+00       5.000534904261e-13       1.132395235410e-13       1.729852057341e-15 
  282       6.289929305986e-10       8.173021900290e-13       1.440944319269e-11       0.000000000000e+00       4.944627035232e-13       1.117458978112e-13       1.748236227404e-15 
  283       6.248256526593e-10       8.376743626755e-13       1.453895545757e-11       0.000000000000e+00       4.889564116635e-13       1.102655878961e-13       1.766231065606e-15 
  284       6.206231224955e-10       8.582954056741e-13       1.466438335352e-11       0.000000000000e+00       4.835331794871e-13       1.087989431139e-13       1.783844811207e-15 
  285       6.163867687659e-10       8.791606357197e-13       1.478565988437e-11       0.000000000000e+00       4.781914602524e-13       1.073463081983e-13       1.801086155225e-15 
  286       6.121180467611e-10       9.002651975519e-13       1.490271826501e-11       0.000000000000e+00       4.729295945948e-13       1.059080232016e-13       1.817964245072e-15 
  287       6.078184385443e-10       9.216040624235e-13       1.501549192963e-11       0.000000000000e+00       4.677458092857e-13       1.044844233988e-13       1.834488689204e-15 
  288       6.034894530921e-10       9.431720265681e-13       1.512391453970e-11       0.000000000000e+00       4.626382159912e-13       1.030758391901e-13       1.850669561757e-15 
  289       5.991326264356e-10       9.649637096680e-13       1.522791999220e-11       0.000000000000e+00       4.576048100309e-13       1.016825960049e-13       1.866517407196e-15 
  290       5.947495218010e-10       9.869735533221e-13       1.532744242761e-11       0.000000000000e+00       4.526434691371e-13       1.003050142049e-13       1.882043244953e-15 
  291       5.903417297506e-10       1.009195819514e-12       1.542241623812e-11       0.000000000000e+00       4.477519522132e-13       9.894340898740e-14       1.897258574071e-15 
  292       5.859108683236e-10       1.031624589080e-12       1.551277607565e-11       0.000000000000e+00       4.429278980929e-13       9.759809028890e-14       1.912175377848e-15 
  293       5.814585831772e-10       1.054253760176e-12       1.559845686003e-11       0.000000000000e+00       4.381688242989e-13       9.626936268830e-14       1.926806128476e-15 
  294       5.769865477269e-10       1.077077046747e-12       1.567939378706e-11       0.000000000000e+00       4.334721258017e-13       9.495752531031e-14       1.941163791690e-15 
  295       5.724964632880e-10       1.100087976994e-12       1.575552233663e-11       0.000000000000e+00       4.288350737787e-13       9.366287172883e-14       1.955261831404e-15 
  296       5.679900592161e-10       1.123279891842e-12       1.582677828083e-11       0.000000000000e+00       4.242548143727e-13       9.238568987031e-14       1.969114214358e-15 
  297       5.634689886901e-10       1.146646118007e-12       1.589310426741e-11       0.000000000000e+00       4.197289054120e-13       9.112620439437e-14       1.982732330529e-15 
  298       5.589345101576e-10       1.170180499667e-12       1.595446990813e-11       0.000000000000e+00       4.152569580332e-13       8.988440093011e-14       1.996115578938e-15 
  299       5.543877906470e-10       1.193876889700e-12       1.601085268475e-11       0.000000000000e+00       4.108390726024e-13       8.866019308957e-14       2.009260332325e-15 
  300       5.498300087266e-10       1.217728976129e-12       1.606223147885e-11       0.000000000000e+00       4.064753074506e-13       8.745347904500e-14       2.022162980509e-15 
  301       5.452623545039e-10       1.241730280827e-12       1.610858658878e-11       0.000000000000e+00       4.021656783628e-13       8.626414135426e-14       2.034819930850e-15 
  302       5.406860296249e-10       1.265874158222e-12       1.614989974675e-11       0.000000000000e+00       3.979101580657e-13       8.509204678622e-14       2.047227608709e-15 
  303       5.361022472737e-10       1.290153793999e-12       1.618615413583e-11       0.000000000000e+00       3.937086757158e-13       8.393704614608e-14       2.059382457910e-15 
  304       5.315122321714e-10       1.314562203810e-12       1.621733440696e-11       0.000000000000e+00       3.895611163882e-13       8.279897410078e-14       2.071280941201e-15 
  305       5.269172205760e-10       1.339092231972e-12       1.624342669598e-11       0.000000000000e+00       3.854673205645e-13       8.167764900440e-14       2.082919540711e-15 
  306       5.223184602814e-10       1.363736550177e-12       1.626441864066e-11       0.000000000000e+00       3.814270836209e-13       8.057287272348e-14       2.094294758418e-15 
  307       5.177172106169e-10       1.388487656194e-12       1.628029939770e-11       0.000000000000e+00       3.774401553168e-13       7.948443046244e-14       2.105403116604e-15 
  308       5.131147424468e-10       1.413337872575e-12       1.629105965979e-11       0.000000000000e+00       3.735062392829e-13       7.841209058894e-14       2.116241158318e-15 
  309       5.085123381692e-10       1.438279345356e-12       1.629669167261e-11       0.000000000000e+00       3.696249925093e-13       7.735560445926e-14       2.126805447839e-15 
  310       5.039112917160e-10       1.463304042769e-12       1.629718925182e-11       0.000000000000e+00       3.657960248339e-13       7.631470624367e-14       2.137092571132e-15 
  311       4.993129085517e-10       1.488403753939e-12       1.629254780015e-11       0.000000000000e+00       3.620188984305e-13       7.528911275183e-14       2.147099136315e-15 
  312       4.947185056733e-10       1.513570087591e-12       1.628276432437e-11       0.000000000000e+00       3.582931272973e-13       7.427852325812e-14       2.156821774113e-15 
  313       4.901294116092e-10       1.538794470759e-12       1.626783745234e-11       0.000000000000e+00       3.546181767449e-13       7.328261932709e-14       2.166257138326e-15 
  314       4.855469664190e-10       1.564068147485e-12       1.624776745000e-11       0.000000000000e+00       3.509934628845e-13       7.230106463874e-14       2.175401906285e-15 
  315       4.809725216926e-10       1.589382177523e-12       1.622255623844e-11       0.000000000000e+00       3.474183521166e-13       7.133350481399e-14       2.184252779316e-15 
  316       4.764074405494e-10       1.614727435052e-12       1.619220741088e-11       0.000000000000e+00       3.438921606185e-13       7.037956723999e-14       2.192806483198e-15 
  317       4.718530976382e-10       1.640094607370e-12       1.615672624970e-11       0.000000000000e+00       3.404141538333e-13       6.943886089555e-14       2.201059768626e-15 
  318       4.673108791360e-10       1.665474193606e-12       1.611611974350e-11       0.000000000000e+00       3.369835459575e-13       6.851097617645e-14       2.209009411671e-15 
  319       4.627821827479e-10       1.690856503422e-12       1.607039660405e-11       0.000000000000e+00       3.335994994297e-13       6.759548472088e-14       2.216652214243e-15 
  320       4.582684177059e-10       1.716231655716e-12       1.601956728339e-11       0.000000000000e+00       3.302611244187e-13       6.669193923481e-14       2.223985004549e-15 
  321       4.537710047689e-10       1.741589577332e-12       1.596364399080e-11       0.000000000000e+00       3.269674783116e-13       6.579987331730e-14       2.231004637554e-15 
  322       4.492913762214e-10       1.766920001757e-12       1.590264070984e-11       0.000000000000e+00       3.237175652022e-13       6.491880128596e-14       2.237707995446e-15 
  323       4.448309758735e-10       1.792212467834e-12       1.583657321538e-11       0.000000000000e+00       3.205103353793e-13       6.404821800228e-14       2.244091988092e-15 
  324       4.403912590598e-10       1.817456318458e-12       1.576545909059e-11       0.000000000000e+00       3.173446848148e-13       6.318759869703e-14       2.250153553501e-15 
  325       4.359736926389e-10       1.842640699287e-12       1.568931774402e-11       0.000000000000e+00       3.142194546518e-13       6.233639879560e-14       2.255889658287e-15 
  326       4.315797549930e-10       1.867754557447e-12       1.560817042656e-11       0.000000000000e+00       3.111334306933e-13       6.149405374343e-14       2.261297298124e-15 
  327       4.272109360269e-10       1.892786640230e-12       1.552204024851e-11       0.000000000000e+00       3.080853428900e-13       6.065997883134e-14       2.266373498216e-15 
  328       4.228687371678e-10       1.917725493806e-12       1.543095219655e-11       0.000000000000e+00       3.050738648287e-13       5.983356902093e-14       2.271115313748e-15 
  329       4.185546713641e-10       1.942559461924e-12       1.533493315082e-11       0.000000000000e+00       3.020976132208e-13       5.901419876995e-14       2.275519830355e-15 
  330       4.142702630853e-10       1.967276684614e-12       1.523401190193e-11       0.000000000000e+00       2.991551473900e-13       5.820122185767e-14       2.279584164578e-15 
  331       4.100170483212e-10       1.991865096900e-12       1.512821916793e-11       0.000000000000e+00       2.962449687610e-13       5.739397121027e-14       2.283305464327e-15 
  332       4.057964555204e-10       2.016313307888e-12       1.501758800066e-11       0.000000000000e+00       2.933658006850e-13       5.659189497619e-14       2.286681728054e-15 
  333       4.016094426708e-10       2.040613283078e-12       1.490215498928e-11       0.000000000000e+00       2.905174424511e-13       5.579497166767e-14       2.289714300807e-15 
  334       3.974568443805e-10       2.064757776573e-12       1.478195914254e-11       0.000000000000e+00       2.876999515416e-13       5.500331279373e-14       2.292405488004e-15 
  335       3.933394893811e-10       2.088739460907e-12       1.465704152163e-11       0.000000000000e+00       2.849133664493e-13       5.421702821765e-14       2.294757747886e-15 
  336       3.892582003972e-10       2.112550926705e-12       1.452744525762e-11       0.000000000000e+00       2.821577064700e-13       5.343622613020e-14       2.296773692867e-15 
  337       3.852137940175e-10       2.136184682342e-12       1.439321556890e-11       0.000000000000e+00       2.794329714953e-13       5.266101302293e-14       2.298456090888e-15 
  338       3.812070805637e-10       2.159633153607e-12       1.425439977865e-11       0.000000000000e+00       2.767391418045e-13       5.189149366146e-14       2.299807866761e-15 
  339       3.772388639619e-10       2.182888683358e-12       1.411104733224e-11       0.000000000000e+00       2.740761778581e-13       5.112777105868e-14       2.300832103521e-15 
  340       3.733099416116e-10       2.205943531187e-12       1.396320981473e-11       0.000000000000e+00       2.714440200894e-13       5.036994644808e-14       2.301532043774e-15 
  341       3.694211042567e-10       2.228789873076e-12       1.381094096826e-11       0.000000000000e+00       2.688425886975e-13       4.961811925697e-14       2.301911091052e-15 
  342       3.655731358552e-10       2.251419801060e-12       1.365429670955e-11       0.000000000000e+00       2.662717834396e-13       4.887238707977e-14       2.301972811155e-15 
  343       3.617668134495e-10       2.273825322889e-12       1.349333514728e-11       0.000000000000e+00       2.637314834239e-13       4.813284565127e-14       2.301720933506e-15 
  344       3.580029070364e-10       2.295998361682e-12       1.332811659960e-11       0.000000000000e+00       2.612215469017e-13       4.739958881989e-14       2.301159352497e-15 
  345       3.542821794373e-10       2.317930755593e-12       1.315870361153e-11       0.000000000000e+00       2.587418110602e-13       4.667270852097e-14       2.300292128843e-15 
  346       3.506053861685e-10       2.339614257470e-12       1.298516097243e-11       0.000000000000e+00       2.562920918148e-13       4.595229474997e-14       2.299123490927e-15 
  347       3.469732753111e-10       2.361040534513e-12       1.280755573341e-11       0.000000000000e+00       2.538721836020e-13       4.523843553584e-14       2.297657836152e-15 
  348       3.433865873811e-10       2.382201167937e-12       1.262595722484e-11       0.000000000000e+00       2.514818591714e-13       4.453121691417e-14       2.295899732291e-15 
  349       3.398460552000e-10       2.403087652629e-12       1.244043707371e-11       0.000000000000e+00       2.491208693787e-13       4.383072290055e-14       2.293853918833e-15 
  350       3.363524037643e-10       2.423691396812e-12       1.225106922115e-11       0.000000000000e+00       2.467889429779e-13       4.313703546377e-14       2.291525308339e-15 
  351       3.329063501160e-10       2.444003721703e-12       1.205792993984e-11       0.000000000000e+00       2.444857864143e-13       4.245023449914e-14       2.288918987784e-15 
  352       3.295086032129e-10       2.464015861174e-12       1.186109785143e-11       0.000000000000e+00       2.422110836163e-13       4.177039780170e-14       2.286040219915e-15 
  353       3.261598637984e-10       2.483718961411e-12       1.166065394405e-11       0.000000000000e+00       2.399644957884e-13       4.109760103953e-14       2.282894444592e-15 
  354       3.228608242716e-10       2.503104080575e-12       1.145668158968e-11       0.000000000000e+00       2.377456612039e-13       4.043191772699e-14       2.279487280143e-15 
  355       3.196121685578e-10       2.522162188464e-12       1.124926656168e-11       0.000000000000e+00       2.355541949970e-13       3.977341919799e-14       2.275824524713e-15 
  356       3.164145719783e-10       2.540884166170e-12       1.103849705213e-11       0.000000000000e+00       2.333896889554e-13       3.912217457928e-14       2.271912157613e-15 
  357       3.132687011209e-10       2.559260805741e-12       1.082446368938e-11       0.000000000000e+00       2.312517113130e-13       3.847825076367e-14       2.267756340667e-15 
  358       3.101752137096e-10       2.577282809842e-12       1.060725955543e-11       0.000000000000e+00       2.291398065426e-13       3.784171238333e-14       2.263363419566e-15 
  359       3.071347584750e-10       2.594940791412e-12       1.038698020336e-11       0.000000000000e+00       2.270534951479e-13       3.721262178305e-14       2.258739925215e-15 
  360       3.041479750244e-10       2.612225273330e-12       1.016372367486e-11       0.000000000000e+00       2.249922734563e-13       3.659103899349e-14       2.253892575084e-15 
  361       3.012154937120e-10       2.629126688068e-12       9.937590517589e-12       0.000000000000e+00       2.229556134117e-13       3.597702170446e-14       2.248828274555e-15 
  362       2.983379355088e-10       2.645635377358e-12       9.708683802646e-12       0.000000000000e+00       2.209429623664e-13       3.537062523818e-14       2.243554118275e-15 
  363       2.955159118731e-10       2.661741591848e-12       9.477109142033e-12       0.000000000000e+00       2.189537428744e-13       3.477190252255e-14       2.238077391502e-15 
  364       2.927500246202e-10       2.677435490762e-12       9.242974706085e-12       0.000000000000e+00       2.169873524831e-13       3.418090406442e-14       2.232405571460e-15 
  365       2.900408657932e-10       2.692707141565e-12       9.006391240913e-12       0.000000000000e+00       2.150431635266e-13       3.359767792282e-14       2.226546328680e-15 
  366       2.873890175322e-10       2.707546519616e-12       8.767472085852e-12       0.000000000000e+00       2.131205229178e-13       3.302226968229e-14       2.220507528359e-15 
  367       2.847950519453e-10       2.721943507836e-12       8.526333190908e-12       0.000000000000e+00       2.112187519407e-13       3.245472242608e-14       2.214297231703e-15 
  368       2.822595309784e-10       2.735887896360e-12       8.283093134197e-12       0.000000000000e+00       2.093371460437e-13       3.189507670945e-14       2.207923697280e-15 
  369       2.797830062850e-10       2.749369382206e-12       8.037873139397e-12       0.000000000000e+00       2.074749746312e-13       3.134337053294e-14       2.201395382367e-15 
  370       2.773660190971e-10       2.762377568927e-12       7.790797093186e-12       0.000000000000e+00       2.056314808569e-13       3.079963931561e-14       2.194720944303e-15 
  371       2.750090402402e-10       2.774903253604e-12       7.541982715258e-12       0.000000000000e+00       2.038060190751e-13       3.026390568848e-14       2.187907891379e-15 
  372       2.727122878590e-10       2.786942343995e-12       7.291514651913e-12       0.000000000000e+00       2.019984735470e-13       2.973614848923e-14       2.180958474582e-15 
  373       2.704759023101e-10       2.798492093884e-12       7.039470364600e-12       0.000000000000e+00       2.002088556999e-13       2.921633250271e-14       2.173873637865e-15 
  374       2.683000051919e-10       2.809549830353e-12       6.785928892101e-12       0.000000000000e+00       1.984371678580e-13       2.870441849592e-14       2.166654354270e-15 
  375       2.661846991629e-10       2.820112954567e-12       6.530970860281e-12       0.000000000000e+00       1.966834031544e-13       2.820036318242e-14       2.159301626109e-15 
  376       2.641300677592e-10       2.830178942550e-12       6.274678491838e-12       0.000000000000e+00       1.949475454441e-13       2.770411918671e-14       2.151816485136e-15 
  377       2.621361752132e-10       2.839745345967e-12       6.017135616056e-12       0.000000000000e+00       1.932295692154e-13       2.721563500867e-14       2.144199992724e-15 
  378       2.602030662716e-10       2.848809792900e-12       5.758427678560e-12       0.000000000000e+00       1.915294395027e-13       2.673485498799e-14       2.136453240040e-15 
  379       2.583307660131e-10       2.857369988632e-12       5.498641751063e-12       0.000000000000e+00       1.898471117985e-13       2.626171926854e-14       2.128577348220e-15 
  380       2.565192796668e-10       2.865423716423e-12       5.237866541121e-12       0.000000000000e+00       1.881825319655e-13       2.579616376284e-14       2.120573468545e-15 
  381       2.547685924304e-10       2.872968838291e-12       4.976192401885e-12       0.000000000000e+00       1.865356361489e-13       2.533812011642e-14       2.112442782615e-15 
  382       2.530786692881e-10       2.880003295792e-12       4.713711341853e-12       0.000000000000e+00       1.849063506889e-13       2.488751567226e-14       2.104186502528e-15 
  383       2.514494548287e-10       2.886525110798e-12       4.450517034618e-12       0.000000000000e+00       1.832945920325e-13       2.444427343521e-14       2.095805871051e-15 
  384       2.498808730637e-10       2.892532386279e-12       4.186704828628e-12       0.000000000000e+00       1.817002666460e-13       2.400831203641e-14       2.087302161797e-15 
  385       2.483728272457e-10       2.898023307079e-12       3.922371756928e-12       0.000000000000e+00       1.801232709269e-13       2.357954569765e-14       2.078676679400e-15 
  386       2.469251996857e-10       2.902996140699e-12       3.657616546923e-12       0.000000000000e+00       1.785634911168e-13       2.315788419586e-14       2.069930759694e-15 
  387       2.455378515724e-10       2.907449238075e-12       3.392539630119e-12       0.000000000000e+00       1.770208032126e-13       2.274323282748e-14       2.061065769883e-15 
  388       2.442106227891e-10       2.911381034358e-12       3.127243151882e-12       0.000000000000e+00       1.754950728797e-13       2.233549237287e-14       2.052083108718e-15 
  389       2.429433317324e-10       2.914790049692e-12       2.861830981190e-12       0.000000000000e+00       1.739861553637e-13       2.193455906076e-14       2.042984206675e-15 
  390       2.417357751306e-10       2.917674889995e-12       2.596408720379e-12       0.000000000000e+00       1.724938954026e-13       2.154032453262e-14       2.033770526127e-15 
  391       2.405877278609e-10       2.920034247740e-12       2.331083714904e-12       0.000000000000e+00       1.710181271393e-13       2.115267580711e-14       2.024443561522e-15 
  392       2.394989427682e-10       2.921866902731e-12       2.065965063081e-12       0.000000000000e+00       1.695586740335e-13       2.077149524446e-14       2.015004839557e-15 
  393       2.384691504832e-10       2.923171722886e-12       1.801163625847e-12       0.000000000000e+00       1.681153487743e-13       2.039666051092e-14       2.005455919353e-15 
  394       2.374980592400e-10       2.923947665013e-12       1.536792036509e-12       0.000000000000e+00       1.666879531921e-13       2.002804454316e-14       1.995798392632e-15 
  395       2.365853546946e-10       2.924193775593e-12       1.272964710494e-12       0.000000000000e+00       1.652762781708e-13       1.966551551267e-14       1.986033883890e-15 
  396       2.357306997429e-10       2.923909191558e-12       1.009797855104e-12       0.000000000000e+00       1.638801035604e-13       1.930893679019e-14       1.976164050574e-15 
  397       2.349337343388e-10       2.923093141070e-12       7.474094792676e-13       0.000000000000e+00       1.624991980886e-13       1.895816691011e-14       1.966190583259e-15 
  398       2.341940753123e-10       2.921744944301e-12       4.859194032896e-13       0.000000000000e+00       1.611333192739e-13       1.861305953492e-14       1.956115205819e-15 
  399       2.335113161873e-10       2.919864014214e-12       2.254492686054e-13       0.000000000000e+00       1.597822133368e-13       1.827346341957e-14       1.945939675606e-15 
  400       2.328850270004e-10       2.917449857340e-12      -3.387745246812e-14       0.000000000000e+00       1.584456151128e-13       1.793922237593e-14       1.935665783625e-15 
  401       2.323147541182e-10       2.914502074560e-12      -2.919354469803e-13       0.000000000000e+00       1.571232479642e-13       1.761017523718e-14       1.925295354708e-15 
  402       2.318000200560e-10       2.911020361881e-12      -5.485975515948e-13       0.000000000000e+00       1.558148236927e-13       1.728615582222e-14       1.914830247688e-15 
  403       2.313403232955e-10       2.907004511221e-12      -8.037347428377e-13       0.000000000000e+00       1.545200424512e-13       1.696699290012e-14       1.904272355581e-15 
  404       2.309351381030e-10       2.902454411182e-12      -1.057216127346e-12       0.000000000000e+00       1.532385926562e-13       1.665251015449e-14       1.893623605752e-15 
  405       2.305839143478e-10       2.897370047837e-12      -1.308908932114e-12       0.000000000000e+00       1.519701509001e-13       1.634252614791e-14       1.882885960098e-15 
  406       2.302860773197e-10       2.891751505502e-12      -1.558678494743e-12       0.000000000000e+00       1.507143818632e-13       1.603685428635e-14       1.872061415220e-15 
  407       2.300410275478e-10       2.885598967520e-12      -1.806388253690e-12       0.000000000000e+00       1.494709382264e-13       1.573530278360e-14       1.861152002599e-15 
  408       2.298481406178e-10       2.878912717042e-12      -2.051899738514e-12       0.000000000000e+00       1.482394605826e-13       1.543767462564e-14       1.850159788769e-15 
  409       2.297067669909e-10       2.871693137801e-12      -2.295072560122e-12       0.000000000000e+00       1.470195773499e-13       1.514376753508e-14       1.839086875499e-15 
  410       2.296162738205e-10       2.863941426672e-12      -2.535778703518e-12       0.000000000000e+00       1.458109699370e-13       1.485341093592e-14       1.827935187499e-15 
  411       2.295761724070e-10       2.855661757554e-12      -2.773945983675e-12       0.000000000000e+00       1.446135709648e-13       1.456657836283e-14       1.816705826930e-15 
  412       2.295859948998e-10       2.846859195659e-12      -3.009516109639e-12       0.000000000000e+00       1.434273728933e-13       1.428327896331e-14       1.805399696378e-15 
  413       2.296452525548e-10       2.837538993944e-12      -3.242430521499e-12       0.000000000000e+00       1.422523633605e-13       1.400352084778e-14       1.794017709277e-15 
  414       2.297534355825e-10       2.827706594393e-12      -3.472630390814e-12       0.000000000000e+00       1.410885251416e-13       1.372731108034e-14       1.782560789931e-15 
  415       2.299100129953e-10       2.817367629305e-12      -3.700056621054e-12       0.000000000000e+00       1.399358361070e-13       1.345465566953e-14       1.771029873542e-15 
  416       2.301144324562e-10       2.806527922584e-12      -3.924649848025e-12       0.000000000000e+00       1.387942691815e-13       1.318555955911e-14       1.759425906227e-15 
  417       2.303661201267e-10       2.795193491020e-12      -4.146350440308e-12       0.000000000000e+00       1.376637923026e-13       1.292002661880e-14       1.747749845049e-15 
  418       2.306644805143e-10       2.783370545580e-12      -4.365098499690e-12       0.000000000000e+00       1.365443683796e-13       1.265805963506e-14       1.736002658038e-15 
  419       2.310088963213e-10       2.771065492690e-12      -4.580833861597e-12       0.000000000000e+00       1.354359552519e-13       1.239966030186e-14       1.724185324214e-15 
  420       2.313987282921e-10       2.758284935525e-12      -4.793496095527e-12       0.000000000000e+00       1.343385056480e-13       1.214482921140e-14       1.712298833614e-15 
  421       2.318333150614e-10       2.745035675295e-12      -5.003024505486e-12       0.000000000000e+00       1.332519671441e-13       1.189356584493e-14       1.700344187314e-15 
  422       2.323119730026e-10       2.731324712530e-12      -5.209358130418e-12       0.000000000000e+00       1.321762821226e-13       1.164586856348e-14       1.688322397453e-15 
  423       2.328339960752e-10       2.717159248366e-12      -5.412435744637e-12       0.000000000000e+00       1.311113877309e-13       1.140173459863e-14       1.676234487259e-15 
  424       2.333986556733e-10       2.702546685834e-12      -5.612195858264e-12       0.000000000000e+00       1.300572158404e-13       1.116116004326e-14       1.664081491071e-15 
  425       2.340052004733e-10       2.687494631144e-12      -5.808576717660e-12       0.000000000000e+00       1.290136930046e-13       1.092413984233e-14       1.651864454364e-15 
  426       2.346528562819e-10       2.672010894971e-12      -6.001516305855e-12       0.000000000000e+00       1.279807404183e-13       1.069066778365e-14       1.639584433772e-15 
  427       2.353408258844e-10       2.656103493747e-12      -6.190952342986e-12       0.000000000000e+00       1.269582738760e-13       1.046073648862e-14       1.627242497115e-15 
  428       2.360682888923e-10       2.639780650938e-12      -6.376822286726e-12       0.000000000000e+00       1.259462037307e-13       1.023433740300e-14       1.614839723420e-15 
  429       2.368344015917e-10       2.623050798339e-12      -6.559063332721e-12       0.000000000000e+00       1.249444348527e-13       1.001146078769e-14       1.602377202946e-15 
  430       2.376382967911e-10       2.605922577355e-12      -6.737612415021e-12       0.000000000000e+00       1.239528665879e-13       9.792095709473e-15       1.589856037208e-15 
  431       2.384790836692e-10       2.588404840291e-12      -6.912406206513e-12       0.000000000000e+00       1.229713927169e-13       9.576230031779e-15       1.577277339003e-15 
  432       2.393558476233e-10       2.570506651636e-12      -7.083381119355e-12       0.000000000000e+00       1.219999014135e-13       9.363850405461e-15       1.564642232430e-15 
  433       2.402676501172e-10       2.552237289351e-12      -7.250473305409e-12       0.000000000000e+00       1.210382752036e-13       9.154942259548e-15       1.551951852919e-15 
  434       2.412135285290e-10       2.533606246152e-12      -7.413618656674e-12       0.000000000000e+00       1.200863909235e-13       8.949489792010e-15       1.539207347251e-15 
  435       2.421924959992e-10       2.514623230802e-12      -7.572752805720e-12       0.000000000000e+00       1.191441196788e-13       8.747475960521e-15       1.526409873583e-15 
  436       2.432035412788e-10       2.495298169393e-12      -7.727811126121e-12       0.000000000000e+00       1.182113268032e-13       8.548882473224e-15       1.513560601476e-15 
  437       2.442456285773e-10       2.475641206636e-12      -7.878728732885e-12       0.000000000000e+00       1.172878718170e-13       8.353689779491e-15       1.500660711911e-15 
  438       2.453176974106e-10       2.455662707142e-12      -8.025440482892e-12       0.000000000000e+00       1.163736083861e-13       8.161877060688e-15       1.487711397322e-15 
  439       2.464186624490e-10       2.435373256714e-12      -8.167880975326e-12       0.000000000000e+00       1.154683842801e-13       7.973422220935e-15       1.474713861615e-15 
  440       2.475474133652e-10       2.414783663631e-12      -8.305984552105e-12       0.000000000000e+00       1.145720413317e-13       7.788301877873e-15       1.461669320192e-15 
  441       2.487028146826e-10       2.393904959934e-12      -8.439685298317e-12       0.000000000000e+00       1.136844153947e-13       7.606491353426e-15       1.448578999976e-15 
  442       2.498837056228e-10       2.372748402714e-12      -8.568917042653e-12       0.000000000000e+00       1.128053363032e-13       7.427964664559e-15       1.435444139437e-15 
  443       2.510888999540e-10       2.351325475395e-12      -8.693613357840e-12       0.000000000000e+00       1.119346278303e-13       7.252694514050e-15       1.422265988613e-15 
  444       2.523171858389e-10       2.329647889025e-12      -8.813707561073e-12       0.000000000000e+00       1.110721076463e-13       7.080652281242e-15       1.409045809135e-15 
  445       2.535673256824e-10       2.307727583561e-12      -8.929132714451e-12       0.000000000000e+00       1.102175872778e-13       6.911808012817e-15       1.395784874253e-15 
  446       2.548380559804e-10       2.285576729152e-12      -9.039821625407e-12       0.000000000000e+00       1.093708720663e-13       6.746130413551e-15       1.382484468857e-15 
  447       2.561280871667e-10       2.263207727431e-12      -9.145706847142e-12       0.000000000000e+00       1.085317611270e-13       6.583586837079e-15       1.369145889504e-15 
  448       2.574361034619e-10       2.240633212796e-12      -9.246720679059e-12       0.000000000000e+00       1.077000473072e-13       6.424143276660e-15       1.355770444440e-15 
  449       2.587608857122e-10       2.217865570993e-12      -9.342806936659e-12       0.000000000000e+00       1.068755524435e-13       6.267767276009e-15       1.342359417734e-15 
  450       2.601016845930e-10       2.194915475077e-12      -9.433956679756e-12       0.000000000000e+00       1.060582344742e-13       6.114436784331e-15       1.328913960358e-15 
  451       2.614578591869e-10       2.171793304591e-12      -9.520173641630e-12       0.000000000000e+00       1.052480837126e-13       5.964131569747e-15       1.315435195627e-15 
  452       2.628287550053e-10       2.148509624986e-12      -9.601462571483e-12       0.000000000000e+00       1.044450878420e-13       5.816830317647e-15       1.301924254777e-15 
  453       2.642137039099e-10       2.125075188621e-12      -9.677829241870e-12       0.000000000000e+00       1.036492318954e-13       5.672510623192e-15       1.288382276967e-15 
  454       2.656120240334e-10       2.101500935763e-12      -9.749280456115e-12       0.000000000000e+00       1.028604982349e-13       5.531148983804e-15       1.274810409279e-15 
  455       2.670230197008e-10       2.077797995586e-12      -9.815824055739e-12       0.000000000000e+00       1.020788665314e-13       5.392720791668e-15       1.261209806724e-15 
  456       2.684459813501e-10       2.053977687172e-12      -9.877468927880e-12       0.000000000000e+00       1.013043137447e-13       5.257200326230e-15       1.247581632242e-15 
  457       2.698801854537e-10       2.030051520510e-12      -9.934225012720e-12       0.000000000000e+00       1.005368141023e-13       5.124560746688e-15       1.233927056708e-15 
  458       2.713248944395e-10       2.006031197495e-12      -9.986103310904e-12       0.000000000000e+00       9.977633907995e-14       4.994774084498e-15       1.220247258933e-15 
  459       2.727793566114e-10       1.981928612931e-12      -1.003311589097e-11       0.000000000000e+00       9.902285738068e-14       4.867811235864e-15       1.206543425666e-15 
  460       2.742428060711e-10       1.957755855525e-12      -1.007527589675e-11       0.000000000000e+00       9.827633491475e-14       4.743641954238e-15       1.192816751597e-15 
  461       2.757144626385e-10       1.933525208891e-12      -1.011259755484e-11       0.000000000000e+00       9.753673477921e-14       4.622234842818e-15       1.179068439361e-15 
  462       2.771935317732e-10       1.909249152550e-12      -1.014509618197e-11       0.000000000000e+00       9.680401723754e-14       4.503557347043e-15       1.165299699540e-15 
  463       2.786792044953e-10       1.884940362927e-12      -1.017278819246e-11       0.000000000000e+00       9.607813969938e-14       4.387575747093e-15       1.151511750666e-15 
  464       2.801706573065e-10       1.860611714354e-12      -1.019569110563e-11       0.000000000000e+00       9.535905670008e-14       4.274255150384e-15       1.137705819224e-15 
  465       2.816670521112e-10       1.836276280065e-12      -1.021382355324e-11       0.000000000000e+00       9.464671988046e-14       4.163559484064e-15       1.123883139654e-15 
  466       2.831675361375e-10       1.811947333201e-12      -1.022720528688e-11       0.000000000000e+00       9.394107796637e-14       4.055451487515e-15       1.110044954353e-15 
  467       2.846712418584e-10       1.787638347807e-12      -1.023585718542e-11       0.000000000000e+00       9.324207674840e-14       3.949892704846e-15       1.096192513681e-15 
  468       2.861772869125e-10       1.763362999832e-12      -1.023980126245e-11       0.000000000000e+00       9.254965906152e-14       3.846843477391e-15       1.082327075960e-15 
  469       2.876847740254e-10       1.739135168127e-12      -1.023906067366e-11       0.000000000000e+00       9.186376476473e-14       3.746262936208e-15       1.068449907479e-15 
  470       2.891927909307e-10       1.714968935451e-12      -1.023365972427e-11       0.000000000000e+00       9.118433072070e-14       3.648108994572e-15       1.054562282495e-15 
  471       2.907004102908e-10       1.690878589462e-12      -1.022362387649e-11       0.000000000000e+00       9.051129077545e-14       3.552338340479e-15       1.040665483241e-15 
  472       2.922066896183e-10       1.666878623723e-12      -1.020897975692e-11       0.000000000000e+00       8.984457573799e-14       3.458906429137e-15       1.026760799919e-15 
  473       2.937106711967e-10       1.642983738699e-12      -1.018975516395e-11       0.000000000000e+00       8.918411335997e-14       3.367767475465e-15       1.012849530713e-15 
  474       2.952113820016e-10       1.619208842758e-12      -1.016597907524e-11       0.000000000000e+00       8.852982831534e-14       3.278874446592e-15       9.989329817847e-16 
  475       2.967078336221e-10       1.595569053171e-12      -1.013768165509e-11       0.000000000000e+00       8.788164218001e-14       3.192179054353e-15       9.850124672802e-16 
  476       2.981990221812e-10       1.572079697110e-12      -1.010489426186e-11       0.000000000000e+00       8.723947341146e-14       3.107631747784e-15       9.710893093307e-16 
  477       2.996839282571e-10       1.548756312649e-12      -1.006764945547e-11       0.000000000000e+00       8.660323732846e-14       3.025181705624e-15       9.571648380562e-16 
  478       3.011615168047e-10       1.525614649763e-12      -1.002598100473e-11       0.000000000000e+00       8.597284609068e-14       2.944776828808e-15       9.432403915679e-16 
  479       3.026307370760e-10       1.502670671329e-12      -9.979923894799e-12       0.000000000000e+00       8.534820867836e-14       2.866363732965e-15       9.293173159709e-16 
  480       3.040905225413e-10       1.479940554124e-12      -9.929514334638e-12       0.000000000000e+00       8.472923087193e-14       2.789887740919e-15       9.153969653676e-16 
  481       3.055397908107e-10       1.457440689827e-12      -9.874789764390e-12       0.000000000000e+00       8.411581523173e-14       2.715292875179e-15       9.014807018596e-16 
  482       3.069774435547e-10       1.435187686015e-12      -9.815788862824e-12       0.000000000000e+00       8.350786107760e-14       2.642521850443e-15       8.875698955509e-16 
  483       3.084023664252e-10       1.413198367169e-12      -9.752551554752e-12       0.000000000000e+00       8.290526446855e-14       2.571516066092e-15       8.736659245508e-16 
  484       3.098134289768e-10       1.391489775666e-12      -9.685119018456e-12       0.000000000000e+00       8.230791818244e-14       2.502215598687e-15       8.597701749765e-16 
  485       3.112094845880e-10       1.370079172785e-12      -9.613533693111e-12       0.000000000000e+00       8.171571169560e-14       2.434559194468e-15       8.458840409556e-16 
  486       3.125893703817e-10       1.348984039703e-12      -9.537839286206e-12       0.000000000000e+00       8.112853116250e-14       2.368484261849e-15       8.320089246295e-16 
  487       3.139519071467e-10       1.328222078497e-12      -9.458080780965e-12       0.000000000000e+00       8.054625939540e-14       2.303926863917e-15       8.181462361553e-16 
  488       3.152960437339e-10       1.307809573615e-12      -9.374306790076e-12       0.000000000000e+00       7.996879506263e-14       2.240833049361e-15       8.042973239157e-16 
  489       3.166212951400e-10       1.287756420544e-12      -9.286576678925e-12       0.000000000000e+00       7.939611095424e-14       2.179193232015e-15       7.904632628509e-16 
  490       3.179273173250e-10       1.268070950946e-12      -9.194953669287e-12       0.000000000000e+00       7.882819741283e-14       2.119008821192e-15       7.766450598230e-16 
  491       3.192137639114e-10       1.248761558960e-12      -9.099502520802e-12       0.000000000000e+00       7.826504326129e-14       2.060280974105e-15       7.628437228074e-16 
  492       3.204802861776e-10       1.229836701380e-12      -9.000289539579e-12       0.000000000000e+00       7.770663579213e-14       2.003010594065e-15       7.490602608603e-16 
  493       3.217265330518e-10       1.211304897830e-12      -8.897382586802e-12       0.000000000000e+00       7.715296075676e-14       1.947198328679e-15       7.352956840863e-16 
  494       3.229521511057e-10       1.193174730938e-12      -8.790851087326e-12       0.000000000000e+00       7.660400235485e-14       1.892844568051e-15       7.215510036061e-16 
  495       3.241567845482e-10       1.175454846513e-12      -8.680766038288e-12       0.000000000000e+00       7.605974322364e-14       1.839949442978e-15       7.078272315242e-16 
  496       3.253400752190e-10       1.158153953717e-12      -8.567200017706e-12       0.000000000000e+00       7.552016442723e-14       1.788512823155e-15       6.941253808967e-16 
  497       3.265016625824e-10       1.141280825244e-12      -8.450227193081e-12       0.000000000000e+00       7.498524544591e-14       1.738534315364e-15       6.804464656988e-16 
  498       3.276411837210e-10       1.124844297494e-12      -8.329923330004e-12       0.000000000000e+00       7.445496416552e-14       1.690013261682e-15       6.667915007924e-16 
  499       3.287582733292e-10       1.108853270748e-12      -8.206365800753e-12       0.000000000000e+00       7.392929686670e-14       1.642948737677e-15       6.531615018941e-16 
  500       3.298525637074e-10       1.093316709341e-12      -8.079633592905e-12       0.000000000000e+00       7.340821821424e-14       1.597339550603e-15       6.395574855423e-16 
  501       3.309236847551e-10       1.078243641844e-12      -7.949807317930e-12       0.000000000000e+00       7.289170124642e-14       1.553184237607e-15       6.259804690655e-16 
  502       3.319712639650e-10       1.063643161230e-12      -7.816969219799e-12       0.000000000000e+00       7.237971736428e-14       1.510481063919e-15       6.124314705496e-16 
  503       3.329949264165e-10       1.049524425057e-12      -7.681203183588e-12       0.000000000000e+00       7.187223632097e-14       1.469228021058e-15       5.989115088056e-16 
  504       3.339942947695e-10       1.035896655641e-12      -7.542594744076e-12       0.000000000000e+00       7.136922621107e-14       1.429422825026e-15       5.854216033375e-16 
  505       3.349689892582e-10       1.022769140228e-12      -7.401231094355e-12       0.000000000000e+00       7.087065345989e-14       1.391062914510e-15       5.719627743094e-16 
  506       3.359186276846e-10       1.010151231173e-12      -7.257201094425e-12       0.000000000000e+00       7.037648281280e-14       1.354145449081e-15       5.585360425140e-16 
  507       3.368428254122e-10       9.980523461153e-13      -7.110595279806e-12       0.000000000000e+00       6.988667732453e-14       1.318667307390e-15       5.451424293394e-16 
  508       3.377411953599e-10       9.864819681517e-13      -6.961505870134e-12       0.000000000000e+00       6.940119834852e-14       1.284625085370e-15       5.317829567375e-16 
  509       3.386133479955e-10       9.754496460128e-13      -6.810026777766e-12       0.000000000000e+00       6.892000552620e-14       1.252015094433e-15       5.184586471912e-16 
  510       3.394588913297e-10       9.649649942381e-13      -6.656253616386e-12       0.000000000000e+00       6.844305677635e-14       1.220833359669e-15       5.051705236822e-16 
  511       3.402774309092e-10       9.550376933517e-13      -6.500283709604e-12       0.000000000000e+00       6.797030828436e-14       1.191075618048e-15       4.919196096589e-16 
  512       3.410685698112e-10       9.456774900369e-13      -6.342216099562e-12       0.000000000000e+00       6.750171449163e-14       1.162737316613e-15       4.787069290035e-16 
  513       3.418319086364e-10       9.368941973122e-13      -6.182151555535e-12       0.000000000000e+00       6.703722808479e-14       1.135813610685e-15       4.655335060004e-16 
  514       3.425670455032e-10       9.286976947058e-13      -6.020192582537e-12       0.000000000000e+00       6.657679998509e-14       1.110299362058e-15       4.524003653031e-16 
  515       3.432735760411e-10       9.210979284314e-13      -5.856443429919e-12       0.000000000000e+00       6.612037933770e-14       1.086189137200e-15       4.393085319027e-16 
  516       3.439510933845e-10       9.141049115635e-13      -5.691010099978e-12       0.000000000000e+00       6.566791350102e-14       1.063477205451e-15       4.262590310946e-16 
  517       3.445991881664e-10       9.077287242122e-13      -5.524000356556e-12       0.000000000000e+00       6.521934803599e-14       1.042157537220e-15       4.132528884472e-16 
  518       3.452174485120e-10       9.019795136990e-13      -5.355523733645e-12       0.000000000000e+00       6.477462669542e-14       1.022223802189e-15       4.002911297687e-16 
  519       3.458054600328e-10       8.968674947318e-13      -5.185691543989e-12       0.000000000000e+00       6.433369141333e-14       1.003669367508e-15       3.873747810754e-16 
  520       3.463628058197e-10       8.924029495800e-13      -5.014616887688e-12       0.000000000000e+00       6.389648229420e-14       9.864872959929e-16       3.745048685588e-16 
  521       3.468890664372e-10       8.885962282503e-13      -4.842414660801e-12       0.000000000000e+00       6.346293760238e-14       9.706703443285e-16       3.616824185538e-16 
  522       3.473838199167e-10       8.854577486614e-13      -4.669201563948e-12       0.000000000000e+00       6.303299375132e-14       9.562109612643e-16       3.489084575061e-16 
  523       3.478466417507e-10       8.829979968198e-13      -4.495096110913e-12       0.000000000000e+00       6.260658529294e-14       9.431012858143e-16       3.361840119397e-16 
  524       3.482771048859e-10       8.812275269944e-13      -4.320218637250e-12       0.000000000000e+00       6.218364490694e-14       9.313331454563e-16       3.235101084249e-16 
  525       3.486747797175e-10       8.801569618925e-13      -4.144691308884e-12       0.000000000000e+00       6.176410339011e-14       9.208980543303e-16       3.108877735460e-16 
  526       3.490392340824e-10       8.797969928346e-13      -3.968638130711e-12       0.000000000000e+00       6.134788964564e-14       9.117872114375e-16       2.983180338686e-16 
  527       3.493701292278e-10       8.801565224443e-13      -3.792176358996e-12       0.000000000000e+00       6.093494194450e-14       9.039906383172e-16       2.858019292806e-16 
  528       3.496675106428e-10       8.812370359727e-13      -3.615390460347e-12       0.000000000000e+00       6.052524207306e-14       8.974945695525e-16       2.733405534862e-16 
  529       3.499315252458e-10       8.830380748799e-13      -3.438357450566e-12       0.000000000000e+00       6.011878210741e-14       8.922839866491e-16       2.609350145663e-16 
  530       3.501623261714e-10       8.855590796359e-13      -3.261155430694e-12       0.000000000000e+00       5.971555322078e-14       8.883434698723e-16       2.485864216800e-16 
  531       3.503600728056e-10       8.887993890956e-13      -3.083863591907e-12       0.000000000000e+00       5.931554567777e-14       8.856571960750e-16       2.362958850384e-16 
  532       3.505249308205e-10       8.927582398721e-13      -2.906562220415e-12       0.000000000000e+00       5.891874882847e-14       8.842089365253e-16       2.240645158776e-16 
  533       3.506570722100e-10       8.974347657116e-13      -2.729332702352e-12       0.000000000000e+00       5.852515110268e-14       8.839820547345e-16       2.118934264323e-16 
  534       3.507566753243e-10       9.028279968673e-13      -2.552257528679e-12       0.000000000000e+00       5.813474000409e-14       8.849595042847e-16       1.997837299094e-16 
  535       3.508239249053e-10       9.089368594737e-13      -2.375420300072e-12       0.000000000000e+00       5.774750210442e-14       8.871238266569e-16       1.877365404611e-16 
  536       3.508590121216e-10       9.157601749208e-13      -2.198905731825e-12       0.000000000000e+00       5.736342303764e-14       8.904571490586e-16       1.757529731585e-16 
  537       3.508621346039e-10       9.232966592283e-13      -2.022799658743e-12       0.000000000000e+00       5.698248749413e-14       8.949411822517e-16       1.638341439653e-16 
  538       3.508334964795e-10       9.315449224197e-13      -1.847189040036e-12       0.000000000000e+00       5.660467921486e-14       9.005572183801e-16       1.519811697107e-16 
  539       3.507733084078e-10       9.405034678970e-13      -1.672161964219e-12       0.000000000000e+00       5.622998098558e-14       9.072861287979e-16       1.401951680631e-16 
  540       3.506817876154e-10       9.501706918142e-13      -1.497807654004e-12       0.000000000000e+00       5.585837463098e-14       9.151083618969e-16       1.284772575039e-16 
  541       3.505591579310e-10       9.605448824520e-13      -1.324216471199e-12       0.000000000000e+00       5.548984100888e-14       9.240039409346e-16       1.168285573002e-16 
  542       3.504056498206e-10       9.716242195921e-13      -1.151479921601e-12       0.000000000000e+00       5.512436000441e-14       9.339524618619e-16       1.052501874788e-16 
  543       3.502215004226e-10       9.834067738908e-13      -9.796906598942e-13       0.000000000000e+00       5.476191052418e-14       9.449330911508e-16       9.374326879945e-17 
  544       3.500069535829e-10       9.958905062541e-13      -8.089424945460e-13       0.000000000000e+00       5.440247049048e-14       9.569245636226e-16       8.230892272826e-17 
  545       3.497622598898e-10       1.009073267211e-12      -6.393303927008e-13       0.000000000000e+00       5.404601683544e-14       9.699051802752e-16       7.094827141116e-17 
  546       3.494876767095e-10       1.022952796289e-12      -4.709504850775e-13       0.000000000000e+00       5.369252549518e-14       9.838528061115e-16       5.966243764736e-17 
  547       3.491834682207e-10       1.037526721386e-12      -3.039000708651e-13       0.000000000000e+00       5.334197140408e-14       9.987448679666e-16       4.845254486275e-17 
  548       3.488499054501e-10       1.052792558147e-12      -1.382776226186e-13       0.000000000000e+00       5.299432848885e-14       1.014558352336e-15       3.731971708336e-17 
  549       3.484872663072e-10       1.068747709338e-12       2.581720884529e-14       0.000000000000e+00       5.264956966280e-14       1.031269803203e-15       2.626507890878e-17 
  550       3.480958356197e-10       1.085389464217e-12       1.882835895520e-13       0.000000000000e+00       5.230766681993e-14       1.048855319868e-15       1.528975548558e-17 
  551       3.476759051682e-10       1.102714997915e-12       3.490194974734e-13       0.000000000000e+00       5.196859082921e-14       1.067290554774e-15       4.394872480788e-18 
  552       3.472277737217e-10       1.120721370801e-12       5.079217176317e-13       0.000000000000e+00       5.163231152867e-14       1.086550711335e-15      -6.418443944707e-18 
  553       3.467517470722e-10       1.139405527865e-12       6.648858372037e-13       0.000000000000e+00       5.129879771963e-14       1.106610541766e-15      -1.714906716272e-17 
  554       3.462481380704e-10       1.158764298087e-12       8.198062406249e-13       0.000000000000e+00       5.096801716085e-14       1.127444344908e-15      -2.779587010431e-17 
  555       3.457172666602e-10       1.178794393811e-12       9.725761046933e-13       0.000000000000e+00       5.063993656275e-14       1.149025964058e-15      -3.835772528640e-17 
  556       3.451594599144e-10       1.199492410124e-12       1.123087393674e-12       0.000000000000e+00       5.031452158153e-14       1.171328784794e-15      -4.883350483826e-17 
  557       3.445750520690e-10       1.220854824226e-12       1.271230854403e-12       0.000000000000e+00       4.999173681340e-14       1.194325732807e-15      -5.922208052815e-17 
  558       3.439643845592e-10       1.242877994803e-12       1.416896011391e-12       0.000000000000e+00       4.967154578873e-14       1.217989271725e-15      -6.952232378985e-17 
  559       3.433278060538e-10       1.265558161406e-12       1.559971161927e-12       0.000000000000e+00       4.935391096625e-14       1.242291400941e-15      -7.973310574920e-17 
  560       3.426656724905e-10       1.288891443822e-12       1.700343371187e-12       0.000000000000e+00       4.903879372721e-14       1.267203653446e-15      -8.985329725074e-17 
  561       3.419783471110e-10       1.312873841448e-12       1.837898467329e-12       0.000000000000e+00       4.872615436955e-14       1.292697093648e-15      -9.988176888418e-17 
  562       3.412662004964e-10       1.337501232669e-12       1.972521036606e-12       0.000000000000e+00       4.841595210212e-14       1.318742315209e-15      -1.098173910110e-16 
  563       3.405296106017e-10       1.362769374225e-12       2.104094418465e-12       0.000000000000e+00       4.810814503882e-14       1.345309438864e-15      -1.196590337912e-16 
  564       3.397689627912e-10       1.388673900593e-12       2.232500700653e-12       0.000000000000e+00       4.780269019280e-14       1.372368110259e-15      -1.294055672094e-16 
  565       3.389846498739e-10       1.415210323356e-12       2.357620714321e-12       0.000000000000e+00       4.749954347061e-14       1.399887497767e-15      -1.390558611020e-16 
  566       3.381770834869e-10       1.442373177497e-12       2.479348353832e-12       0.000000000000e+00       4.719866639406e-14       1.427839362110e-15      -1.486090177007e-16 
  567       3.373467284995e-10       1.470153437399e-12       2.597633950913e-12       0.000000000000e+00       4.690004646739e-14       1.456207356368e-15      -1.580650757849e-16 
  568       3.364940695637e-10       1.498541033135e-12       2.712442006704e-12       0.000000000000e+00       4.660367732254e-14       1.484977960931e-15      -1.674243246974e-16 
  569       3.356195998848e-10       1.527525696587e-12       2.823736968479e-12       0.000000000000e+00       4.630955203566e-14       1.514137432349e-15      -1.766870735791e-16 
  570       3.347238212606e-10       1.557096960504e-12       2.931483230109e-12       0.000000000000e+00       4.601766312381e-14       1.543671802306e-15      -1.858536514829e-16 
  571       3.338072441205e-10       1.587244157558e-12       3.035645132517e-12       0.000000000000e+00       4.572800254161e-14       1.573566876593e-15      -1.949244074868e-16 
  572       3.328703875653e-10       1.617956419398e-12       3.136186964146e-12       0.000000000000e+00       4.544056167797e-14       1.603808234089e-15      -2.038997108076e-16 
  573       3.319137794063e-10       1.649222675705e-12       3.233072961412e-12       0.000000000000e+00       4.515533135278e-14       1.634381225736e-15      -2.127799509144e-16 
  574       3.309379562045e-10       1.681031653250e-12       3.326267309172e-12       0.000000000000e+00       4.487230181362e-14       1.665270973514e-15      -2.215655376423e-16 
  575       3.299434633101e-10       1.713371874944e-12       3.415734141177e-12       0.000000000000e+00       4.459146273240e-14       1.696462369420e-15      -2.302569013054e-16 
  576       3.289308549019e-10       1.746231658898e-12       3.501437540538e-12       0.000000000000e+00       4.431280320212e-14       1.727940074443e-15      -2.388544928109e-16 
  577       3.279006940265e-10       1.779599117477e-12       3.583341540181e-12       0.000000000000e+00       4.403631173351e-14       1.759688517538e-15      -2.473587837721e-16 
  578       3.268535526375e-10       1.813462156354e-12       3.661410123315e-12       0.000000000000e+00       4.376197625177e-14       1.791691894607e-15      -2.557702666222e-16 
  579       3.257900116354e-10       1.847808473566e-12       3.735607223884e-12       0.000000000000e+00       4.348978409324e-14       1.823934167474e-15      -2.640894547279e-16 
  580       3.247106609060e-10       1.882625558569e-12       3.805896727035e-12       0.000000000000e+00       4.321972200209e-14       1.856399062858e-15      -2.723168825027e-16 
  581       3.236160993609e-10       1.917900691295e-12       3.872242469573e-12       0.000000000000e+00       4.295177612702e-14       1.889070071354e-15      -2.804531055202e-16 
  582       3.225069349756e-10       1.953620941203e-12       3.934608240423e-12       0.000000000000e+00       4.268593201798e-14       1.921930446408e-15      -2.884987006282e-16 
  583       3.213837848300e-10       1.989773166339e-12       3.992957781093e-12       0.000000000000e+00       4.242217462281e-14       1.954963203290e-15      -2.964542660617e-16 
  584       3.202472751468e-10       2.026344012389e-12       4.047254786129e-12       0.000000000000e+00       4.216048828399e-14       1.988151118077e-15      -3.043204215567e-16 
  585       3.190980413314e-10       2.063319911733e-12       4.097462903581e-12       0.000000000000e+00       4.190085673529e-14       2.021476726624e-15      -3.120978084636e-16 
  586       3.179367280109e-10       2.100687082502e-12       4.143545735461e-12       0.000000000000e+00       4.164326309852e-14       2.054922323542e-15      -3.197870898607e-16 
  587       3.167639890739e-10       2.138431527635e-12       4.185466838202e-12       0.000000000000e+00       4.138768988014e-14       2.088469961176e-15      -3.273889506675e-16 
  588       3.155804877091e-10       2.176539033929e-12       4.223189723121e-12       0.000000000000e+00       4.113411896805e-14       2.122101448577e-15      -3.349040977587e-16 
  589       3.143868964454e-10       2.214995171099e-12       4.256677856879e-12       0.000000000000e+00       4.088253162821e-14       2.155798350485e-15      -3.423332600774e-16 
  590       3.131838971907e-10       2.253785290832e-12       4.285894661939e-12       0.000000000000e+00       4.063290850137e-14       2.189541986301e-15      -3.496771887485e-16 
  591       3.119721812715e-10       2.292894525839e-12       4.310803517030e-12       0.000000000000e+00       4.038522959976e-14       2.223313429062e-15      -3.569366571924e-16 
  592       3.107524494723e-10       2.332307788916e-12       4.331367757604e-12       0.000000000000e+00       4.013947430378e-14       2.257093504423e-15      -3.641124612387e-16 
  593       3.095254120745e-10       2.372009771995e-12       4.347550676300e-12       0.000000000000e+00       3.989562135870e-14       2.290862789628e-15      -3.712054192390e-16 
  594       3.082917888963e-10       2.411984945199e-12       4.359315523400e-12       0.000000000000e+00       3.965364887134e-14       2.324601612490e-15      -3.782163721814e-16 
  595       3.070523093316e-10       2.452217555903e-12       4.366625507294e-12       0.000000000000e+00       3.941353430680e-14       2.358290050364e-15      -3.851461838030e-16 
  596       3.058077123896e-10       2.492691627779e-12       4.369443794938e-12       0.000000000000e+00       3.917525448509e-14       2.391907929127e-15      -3.919957407043e-16 
  597       3.045587467340e-10       2.533390959862e-12       4.367733512313e-12       0.000000000000e+00       3.893878557790e-14       2.425434822154e-15      -3.987659524620e-16 
  598       3.033061707224e-10       2.574299125597e-12       4.361457744890e-12       0.000000000000e+00       3.870410310523e-14       2.458850049289e-15      -4.054577517431e-16 
  599       3.020507524456e-10       2.615399471900e-12       4.350579538086e-12       0.000000000000e+00       3.847118193215e-14       2.492132675831e-15      -4.120720944178e-16 
  600       3.007932697669e-10       2.656675118210e-12       4.335061897726e-12       0.000000000000e+00       3.823999626542e-14       2.525261511502e-15      -4.186099596736e-16 
  601       2.995345103615e-10       2.698108955543e-12       4.314867790503e-12       0.000000000000e+00       3.801051965024e-14       2.558215109426e-15      -4.250723501285e-16 
  602       2.982752717559e-10       2.739683645553e-12       4.289960144440e-12       0.000000000000e+00       3.778272496693e-14       2.590971765108e-15      -4.314602919443e-16 
  603       2.970163613670e-10       2.781381619581e-12       4.260301849350e-12       0.000000000000e+00       3.755658442761e-14       2.623509515407e-15      -4.377748349407e-16 
  604       2.957585965417e-10       2.823185077713e-12       4.225855757294e-12       0.000000000000e+00       3.733206957290e-14       2.655806137515e-15      -4.440170527082e-16 
  605       2.945027408269e-10       2.865076816673e-12       4.186596059262e-12       0.000000000000e+00       3.710915547310e-14       2.687843688946e-15      -4.501877039644e-16 
  606       2.932493110156e-10       2.907042737312e-12       4.142542715149e-12       0.000000000000e+00       3.688783344937e-14       2.719622249647e-15      -4.562862074350e-16 
  607       2.919987655321e-10       2.949069395630e-12       4.093727853736e-12       0.000000000000e+00       3.666809865234e-14       2.751146508767e-15      -4.623116425130e-16 
  608       2.907515677995e-10       2.991143178733e-12       4.040184475685e-12       0.000000000000e+00       3.644994588338e-14       2.782421254053e-15      -4.682630857846e-16 
  609       2.895081862580e-10       3.033250304156e-12       3.981946457722e-12       0.000000000000e+00       3.623336959278e-14       2.813451372308e-15      -4.741396110316e-16 
  610       2.882690943833e-10       3.075376819192e-12       3.919048556820e-12       0.000000000000e+00       3.601836387770e-14       2.844241849861e-15      -4.799402892347e-16 
  611       2.870347707053e-10       3.117508600219e-12       3.851526414385e-12       0.000000000000e+00       3.580492248032e-14       2.874797773026e-15      -4.856641885754e-16 
  612       2.858056988261e-10       3.159631352025e-12       3.779416560441e-12       0.000000000000e+00       3.559303878591e-14       2.905124328562e-15      -4.913103744390e-16 
  613       2.845823674391e-10       3.201730607134e-12       3.702756417810e-12       0.000000000000e+00       3.538270582084e-14       2.935226804143e-15      -4.968779094173e-16 
  614       2.833652703468e-10       3.243791725135e-12       3.621584306297e-12       0.000000000000e+00       3.517391625071e-14       2.965110588813e-15      -5.023658533112e-16 
  615       2.821549064798e-10       3.285799892007e-12       3.535939446877e-12       0.000000000000e+00       3.496666237841e-14       2.994781173455e-15      -5.077732631329e-16 
  616       2.809517799149e-10       3.327740119443e-12       3.445861965876e-12       0.000000000000e+00       3.476093614217e-14       3.024244151248e-15      -5.130991931092e-16 
  617       2.797563998939e-10       3.369597244184e-12       3.351392899156e-12       0.000000000000e+00       3.455672911362e-14       3.053505218134e-15      -5.183426946838e-16 
  618       2.785692808415e-10       3.411355927336e-12       3.252574196297e-12       0.000000000000e+00       3.435403249593e-14       3.082570173281e-15      -5.235028165196e-16 
  619       2.773909423845e-10       3.453000653702e-12       3.149448724786e-12       0.000000000000e+00       3.415283712180e-14       3.111444919540e-15      -5.285786045021e-16 
  620       2.762219093698e-10       3.494515731111e-12       3.042060274193e-12       0.000000000000e+00       3.395313345157e-14       3.140135463916e-15      -5.335691017414e-16 
  621       2.750627118828e-10       3.535885289736e-12       2.930453560364e-12       0.000000000000e+00       3.375491157127e-14       3.168647918024e-15      -5.384733485751e-16 
  622       2.739138852663e-10       3.577093281430e-12       2.814674229597e-12       0.000000000000e+00       3.355816119074e-14       3.196988498555e-15      -5.432903825708e-16 
  623       2.727759701383e-10       3.618123479045e-12       2.694768862831e-12       0.000000000000e+00       3.336287164164e-14       3.225163527738e-15      -5.480192385287e-16 
  624       2.716495124112e-10       3.658959475764e-12       2.570784979827e-12       0.000000000000e+00       3.316903187554e-14       3.253179433802e-15      -5.526589484847e-16 
  625       2.705350633097e-10       3.699584684424e-12       2.442771043353e-12       0.000000000000e+00       3.297663046201e-14       3.281042751440e-15      -5.572085417122e-16 
  626       2.694331793897e-10       3.739982336843e-12       2.310776463371e-12       0.000000000000e+00       3.278565558668e-14       3.308760122272e-15      -5.616670447256e-16 
  627       2.683444225562e-10       3.780135483149e-12       2.174851601214e-12       0.000000000000e+00       3.259609504930e-14       3.336338295303e-15      -5.660334812823e-16 
  628       2.672693600823e-10       3.820026991103e-12       2.035047773777e-12       0.000000000000e+00       3.240793626182e-14       3.363784127395e-15      -5.703068723856e-16 
  629       2.662085646276e-10       3.859639545429e-12       1.891417257695e-12       0.000000000000e+00       3.222116624646e-14       3.391104583721e-15      -5.744862362873e-16 
  630       2.651626142561e-10       3.898955647137e-12       1.744013293533e-12       0.000000000000e+00       3.203577163377e-14       3.418306738231e-15      -5.785705884902e-16 
  631       2.641320924556e-10       3.937957612853e-12       1.592890089963e-12       0.000000000000e+00       3.185173866073e-14       3.445397774115e-15      -5.825589417512e-16 
  632       2.631175881553e-10       3.976627574141e-12       1.438102827955e-12       0.000000000000e+00       3.166905316878e-14       3.472384984265e-15      -5.864503060831e-16 
  633       2.621196957447e-10       4.014947476835e-12       1.279707664956e-12       0.000000000000e+00       3.148770060193e-14       3.499275771741e-15      -5.902436887582e-16 
  634       2.611390150920e-10       4.052899080362e-12       1.117761739074e-12       0.000000000000e+00       3.130766600480e-14       3.526077650227e-15      -5.939380943100e-16 
  635       2.601761515625e-10       4.090463957069e-12       9.523231732667e-13       0.000000000000e+00       3.112893402070e-14       3.552798244499e-15      -5.975325245367e-16 
  636       2.592317160372e-10       4.127623491549e-12       7.834510795194e-13       0.000000000000e+00       3.095148888971e-14       3.579445290887e-15      -6.010259785030e-16 
  637       2.583063249311e-10       4.164358879971e-12       6.112055630328e-13       0.000000000000e+00       3.077531444675e-14       3.606026637737e-15      -6.044174525435e-16 
  638       2.574006002116e-10       4.200651129400e-12       4.356477264054e-13       0.000000000000e+00       3.060039411962e-14       3.632550245873e-15      -6.077059402647e-16 
  639       2.565151694173e-10       4.236481057131e-12       2.568396738179e-13       0.000000000000e+00       3.042671092713e-14       3.659024189060e-15      -6.108904325481e-16 
  640       2.556506656762e-10       4.271829290010e-12       7.484451521699e-14       0.000000000000e+00       3.025424747711e-14       3.685456654468e-15      -6.139699175526e-16 
  641       2.548077277242e-10       4.306676263762e-12      -1.102736295008e-13       0.000000000000e+00       3.008298596452e-14       3.711855943134e-15      -6.169433807170e-16 
  642       2.539869999235e-10       4.341002222318e-12      -2.984496263049e-13       0.000000000000e+00       2.991290816949e-14       3.738230470426e-15      -6.198098047630e-16 
  643       2.531891322812e-10       4.374787217144e-12      -4.896173228472e-13       0.000000000000e+00       2.974399545542e-14       3.764588766500e-15      -6.225681696974e-16 
  644       2.524146913683e-10       4.408013217936e-12      -6.837078573585e-13       0.000000000000e+00       2.957623141674e-14       3.790936824959e-15      -6.252177723492e-16 
  645       2.516638908256e-10       4.440670498537e-12      -8.806445517965e-13       0.000000000000e+00       2.940960989190e-14       3.817270081992e-15      -6.277591929118e-16 
  646       2.509368547958e-10       4.472751394208e-12      -1.080347894855e-12       0.000000000000e+00       2.924412712790e-14       3.843581256629e-15      -6.301933502788e-16 
  647       2.502337064631e-10       4.504248203269e-12      -1.282737213761e-12       0.000000000000e+00       2.907977914585e-14       3.869862985824e-15      -6.325211845851e-16 
  648       2.495545680462e-10       4.535153187041e-12      -1.487730669598e-12       0.000000000000e+00       2.891656173979e-14       3.896107824144e-15      -6.347436573019e-16 
  649       2.488995607909e-10       4.565458569779e-12      -1.695245252641e-12       0.000000000000e+00       2.875447047555e-14       3.922308243471e-15      -6.368617513315e-16 
  650       2.482688049629e-10       4.595156538610e-12      -1.905196777681e-12       0.000000000000e+00       2.859350068955e-14       3.948456632699e-15      -6.388764711023e-16 
  651       2.476624198404e-10       4.624239243467e-12      -2.117499879356e-12       0.000000000000e+00       2.843364748770e-14       3.974545297426e-15      -6.407888426636e-16 
  652       2.470805237071e-10       4.652698797029e-12      -2.332068007477e-12       0.000000000000e+00       2.827490574415e-14       4.000566459653e-15      -6.425999137810e-16 
  653       2.465232338447e-10       4.680527274657e-12      -2.548813422361e-12       0.000000000000e+00       2.811727010020e-14       4.026512257484e-15      -6.443107540309e-16 
  654       2.459906665254e-10       4.707716714326e-12      -2.767647190156e-12       0.000000000000e+00       2.796073496310e-14       4.052374744815e-15      -6.459224548954e-16 
  655       2.454829370052e-10       4.734259116568e-12      -2.988479178169e-12       0.000000000000e+00       2.780529450489e-14       4.078145891040e-15      -6.474361298576e-16 
  656       2.450001595163e-10       4.760146444403e-12      -3.211218050202e-12       0.000000000000e+00       2.765094266124e-14       4.103817580740e-15      -6.488529144964e-16 
  657       2.445424472595e-10       4.785370623279e-12      -3.435771261870e-12       0.000000000000e+00       2.749767313028e-14       4.129381613382e-15      -6.501739665814e-16 
  658       2.441099123977e-10       4.809923541006e-12      -3.662045055939e-12       0.000000000000e+00       2.734547937146e-14       4.154829703018e-15      -6.514004661675e-16 
  659       2.437026660477e-10       4.833797047695e-12      -3.889944457648e-12       0.000000000000e+00       2.719435460436e-14       4.180153477978e-15      -6.525336156907e-16 
  660       2.433208182739e-10       4.856982955693e-12      -4.119373270045e-12       0.000000000000e+00       2.704429180751e-14       4.205344480570e-15      -6.535746400622e-16 
  661       2.429644780802e-10       4.879473039517e-12      -4.350234069306e-12       0.000000000000e+00       2.689528371729e-14       4.230394166773e-15      -6.545247867638e-16 
  662       2.426337534030e-10       4.901259035797e-12      -4.582428200073e-12       0.000000000000e+00       2.674732282669e-14       4.255293905938e-15      -6.553853259426e-16 
  663       2.423287511042e-10       4.922332643206e-12      -4.815855770779e-12       0.000000000000e+00       2.660040138421e-14       4.280034980480e-15      -6.561575505062e-16 
  664       2.420495769635e-10       4.942685522400e-12      -5.050415648974e-12       0.000000000000e+00       2.645451139265e-14       4.304608585578e-15      -6.568427762174e-16 
  665       2.417963356715e-10       4.962309295953e-12      -5.286005456658e-12       0.000000000000e+00       2.630964460797e-14       4.329005828871e-15      -6.574423417892e-16 
  666       2.415691308220e-10       4.981195548294e-12      -5.522521565609e-12       0.000000000000e+00       2.616579253812e-14       4.353217730152e-15      -6.579576089799e-16 
  667       2.413680649051e-10       4.999335825644e-12      -5.759859092710e-12       0.000000000000e+00       2.602294644188e-14       4.377235221070e-15      -6.583899626879e-16 
  668       2.411932392998e-10       5.016721635950e-12      -5.997911895278e-12       0.000000000000e+00       2.588109732769e-14       4.401049144820e-15      -6.587408110466e-16 
  669       2.410447542667e-10       5.033344448826e-12      -6.236572566394e-12       0.000000000000e+00       2.574023595248e-14       4.424650255845e-15      -6.590115855195e-16 
  670       2.409227089407e-10       5.049195695486e-12      -6.475732430230e-12       0.000000000000e+00       2.560035282052e-14       4.448029219531e-15      -6.592037409949e-16 
  671       2.408272013237e-10       5.064266768681e-12      -6.715281537382e-12       0.000000000000e+00       2.546143818227e-14       4.471176611902e-15      -6.593187558812e-16 
  672       2.407583282774e-10       5.078549022634e-12      -6.955108660192e-12       0.000000000000e+00       2.532348203316e-14       4.494082919320e-15      -6.593581322015e-16 
  673       2.407161855160e-10       5.092033772982e-12      -7.195101288083e-12       0.000000000000e+00       2.518647411250e-14       4.516738538176e-15      -6.593233956887e-16 
  674       2.407008675990e-10       5.104712296705e-12      -7.435145622881e-12       0.000000000000e+00       2.505040390225e-14       4.539133774594e-15      -6.592160958804e-16 
  675       2.407124679237e-10       5.116575832069e-12      -7.675126574154e-12       0.000000000000e+00       2.491526062590e-14       4.561258844121e-15      -6.590378062140e-16 
  676       2.407510787183e-10       5.127615578559e-12      -7.914927754528e-12       0.000000000000e+00       2.478103324729e-14       4.583103871429e-15      -6.587901241212e-16 
  677       2.408167910340e-10       5.137822696814e-12      -8.154431475027e-12       0.000000000000e+00       2.464771046944e-14       4.604658890007e-15      -6.584746711237e-16 
  678       2.409096947385e-10       5.147188308569e-12      -8.393518740394e-12       0.000000000000e+00       2.451528073341e-14       4.625913841860e-15      -6.580930929272e-16 
  679       2.410298785081e-10       5.155703496586e-12      -8.632069244425e-12       0.000000000000e+00       2.438373221709e-14       4.646858577207e-15      -6.576470595173e-16 
  680       2.411774298208e-10       5.163359304593e-12      -8.869961365294e-12       0.000000000000e+00       2.425305283409e-14       4.667482854174e-15      -6.571382652536e-16 
  681       2.413524349487e-10       5.170146737220e-12      -9.107072160884e-12       0.000000000000e+00       2.412323023255e-14       4.687776338494e-15      -6.565684289651e-16 
  682       2.415549789511e-10       5.176056759935e-12      -9.343277364114e-12       0.000000000000e+00       2.399425179397e-14       4.707728603202e-15      -6.559392940453e-16 
  683       2.417850871282e-10       5.181082424057e-12      -9.578460171082e-12       0.000000000000e+00       2.386610638143e-14       4.727330796605e-15      -6.552523185561e-16 
  684       2.420425480270e-10       5.185225291697e-12      -9.812537820812e-12       0.000000000000e+00       2.373878962759e-14       4.746580685888e-15      -6.545077380897e-16 
  685       2.423270866427e-10       5.188489147836e-12      -1.004543557363e-11       0.000000000000e+00       2.361229875723e-14       4.765477720567e-15      -6.537054830909e-16 
  686       2.426384225939e-10       5.190877888150e-12      -1.027707796731e-11       0.000000000000e+00       2.348663084744e-14       4.784021374090e-15      -6.528454870514e-16 
  687       2.429762700991e-10       5.192395519492e-12      -1.050738881469e-11       0.000000000000e+00       2.336178282688e-14       4.802211143963e-15      -6.519276865255e-16 
  688       2.433403379557e-10       5.193046160375e-12      -1.073629120121e-11       0.000000000000e+00       2.323775147506e-14       4.820046551873e-15      -6.509520211446e-16 
  689       2.437303295164e-10       5.192834041453e-12      -1.096370748256e-11       0.000000000000e+00       2.311453342162e-14       4.837527143816e-15      -6.499184336336e-16 
  690       2.441459426679e-10       5.191763506006e-12      -1.118955928222e-11       0.000000000000e+00       2.299212514565e-14       4.854652490220e-15      -6.488268698252e-16 
  691       2.445868698081e-10       5.189839010419e-12      -1.141376748905e-11       0.000000000000e+00       2.287052297492e-14       4.871422186070e-15      -6.476772786760e-16 
  692       2.450527978237e-10       5.187065124667e-12      -1.163625225492e-11       0.000000000000e+00       2.274972308524e-14       4.887835851036e-15      -6.464696122811e-16 
  693       2.455434080683e-10       5.183446532796e-12      -1.185693299224e-11       0.000000000000e+00       2.262972149966e-14       4.903893129594e-15      -6.452038258903e-16 
  694       2.460583763397e-10       5.178988033406e-12      -1.207572837160e-11       0.000000000000e+00       2.251051408783e-14       4.919593691155e-15      -6.438798779223e-16 
  695       2.465973728577e-10       5.173694540131e-12      -1.229255631931e-11       0.000000000000e+00       2.239209656522e-14       4.934937230188e-15      -6.424977299813e-16 
  696       2.471600622420e-10       5.167571082126e-12      -1.250733401503e-11       0.000000000000e+00       2.227446449248e-14       4.949923466343e-15      -6.410573468711e-16 
  697       2.477461034894e-10       5.160622804546e-12      -1.271997788933e-11       0.000000000000e+00       2.215761327465e-14       4.964552144583e-15      -6.395586966112e-16 
  698       2.483551499521e-10       5.152854969027e-12      -1.293040362126e-11       0.000000000000e+00       2.204153816049e-14       4.978823035303e-15      -6.380017504520e-16 
  699       2.489868493149e-10       5.144272954172e-12      -1.313852613601e-11       0.000000000000e+00       2.192623424178e-14       4.992735934455e-15      -6.363864828897e-16 
  700       2.496408435731e-10       5.134882256031e-12      -1.334425960240e-11       0.000000000000e+00       2.181169645253e-14       5.006290663678e-15      -6.347128716821e-16 
  701       2.503167690101e-10       5.124688488585e-12      -1.354751743056e-11       0.000000000000e+00       2.169791956836e-14       5.019487070420e-15      -6.329808978638e-16 
  702       2.510142561753e-10       5.113697384226e-12      -1.374821226943e-11       0.000000000000e+00       2.158489820573e-14       5.032325028062e-15      -6.311905457612e-16 
  703       2.517329298614e-10       5.101914794240e-12      -1.394625600443e-11       0.000000000000e+00       2.147262682122e-14       5.044804436047e-15      -6.293418030084e-16 
  704       2.524724090825e-10       5.089346689293e-12      -1.414155975499e-11       0.000000000000e+00       2.136109971086e-14       5.056925219999e-15      -6.274346605619e-16 
  705       2.532323070515e-10       5.075999159905e-12      -1.433403387215e-11       0.000000000000e+00       2.125031100937e-14       5.068687331857e-15      -6.254691127162e-16 
  706       2.540122311578e-10       5.061878416944e-12      -1.452358793616e-11       0.000000000000e+00       2.114025468946e-14       5.080090749990e-15      -6.234451571194e-16 
  707       2.548117829452e-10       5.046990792096e-12      -1.471013075406e-11       0.000000000000e+00       2.103092456113e-14       5.091135479332e-15      -6.213627947879e-16 
  708       2.556305580894e-10       5.031342738357e-12      -1.489357035726e-11       0.000000000000e+00       2.092231427094e-14       5.101821551498e-15      -6.192220301223e-16 
  709       2.564681463757e-10       5.014940830510e-12      -1.507381399916e-11       0.000000000000e+00       2.081441730130e-14       5.112149024917e-15      -6.170228709222e-16 
  710       2.573241316769e-10       4.997791765610e-12      -1.525076815269e-11       0.000000000000e+00       2.070722696975e-14       5.122117984953e-15      -6.147653284021e-16 
  711       2.581980919305e-10       4.979902363463e-12      -1.542433850791e-11       0.000000000000e+00       2.060073642826e-14       5.131728544029e-15      -6.124494172061e-16 
  712       2.590895991171e-10       4.961279567113e-12      -1.559442996962e-11       0.000000000000e+00       2.049493866250e-14       5.140980841756e-15      -6.100751554238e-16 
  713       2.599982192372e-10       4.941930443320e-12      -1.576094665495e-11       0.000000000000e+00       2.038982649114e-14       5.149875045055e-15      -6.076425646050e-16 
  714       2.609235122898e-10       4.921862183046e-12      -1.592379189090e-11       0.000000000000e+00       2.028539256510e-14       5.158411348286e-15      -6.051516697757e-16 
  715       2.618650322495e-10       4.901082101933e-12      -1.608286821198e-11       0.000000000000e+00       2.018162936691e-14       5.166589973366e-15      -6.026024994528e-16 
  716       2.628223270442e-10       4.879597640791e-12      -1.623807735776e-11       0.000000000000e+00       2.007852920989e-14       5.174411169902e-15      -5.999950856598e-16 
  717       2.637949385332e-10       4.857416366075e-12      -1.638932027050e-11       0.000000000000e+00       1.997608423754e-14       5.181875215312e-15      -5.973294639419e-16 
  718       2.647824024844e-10       4.834545970370e-12      -1.653649709267e-11       0.000000000000e+00       1.987428642275e-14       5.188982414952e-15      -5.946056733815e-16 
  719       2.657842485523e-10       4.810994272873e-12      -1.667950716461e-11       0.000000000000e+00       1.977312756714e-14       5.195733102237e-15      -5.918237566136e-16 
  720       2.668000002556e-10       4.786769219875e-12      -1.681824902208e-11       0.000000000000e+00       1.967259930029e-14       5.202127638772e-15      -5.889837598405e-16 
  721       2.678291749548e-10       4.761878885243e-12      -1.695262039384e-11       0.000000000000e+00       1.957269307907e-14       5.208166414474e-15      -5.860857328480e-16 
  722       2.688712877890e-10       4.736332263393e-12      -1.708253187429e-11       0.000000000000e+00       1.947340133098e-14       5.213850445444e-15      -5.831298489070e-16 
  723       2.699258636184e-10       4.710141664797e-12      -1.720794824915e-11       0.000000000000e+00       1.937472091093e-14       5.219183180576e-15      -5.801167671062e-16 
  724       2.709924252789e-10       4.683320369816e-12      -1.732884799975e-11       0.000000000000e+00       1.927664971287e-14       5.224168731691e-15      -5.770472773691e-16 
  725       2.720704896233e-10       4.655881841261e-12      -1.744520970431e-11       0.000000000000e+00       1.917918553158e-14       5.228811279351e-15      -5.739221812720e-16 
  726       2.731595675003e-10       4.627839725052e-12      -1.755701203869e-11       0.000000000000e+00       1.908232606226e-14       5.233115073128e-15      -5.707422920877e-16 
  727       2.742591637328e-10       4.599207850886e-12      -1.766423377714e-11       0.000000000000e+00       1.898606890003e-14       5.237084431863e-15      -5.675084348277e-16 
  728       2.753687770966e-10       4.570000232901e-12      -1.776685379297e-11       0.000000000000e+00       1.889041153950e-14       5.240723743931e-15      -5.642214462856e-16 
  729       2.764879002989e-10       4.540231070338e-12      -1.786485105936e-11       0.000000000000e+00       1.879535137432e-14       5.244037467499e-15      -5.608821750794e-16 
  730       2.776160199571e-10       4.509914748211e-12      -1.795820465001e-11       0.000000000000e+00       1.870088569674e-14       5.247030130793e-15      -5.574914816951e-16 
  731       2.787526165773e-10       4.479065837966e-12      -1.804689373994e-11       0.000000000000e+00       1.860701169712e-14       5.249706332362e-15      -5.540502385290e-16 
  732       2.798971645327e-10       4.447699098148e-12      -1.813089760619e-11       0.000000000000e+00       1.851372646352e-14       5.252070741333e-15      -5.505593299308e-16 
  733       2.810491320425e-10       4.415829475064e-12      -1.821019562854e-11       0.000000000000e+00       1.842102698123e-14       5.254128097681e-15      -5.470196522464e-16 
  734       2.822079811504e-10       4.383472103451e-12      -1.828476729026e-11       0.000000000000e+00       1.832891013232e-14       5.255883212489e-15      -5.434321138608e-16 
  735       2.833731677030e-10       4.350642307137e-12      -1.835459217884e-11       0.000000000000e+00       1.823737269519e-14       5.257340968210e-15      -5.397976352412e-16 
  736       2.845441413288e-10       4.317355599706e-12      -1.841964998671e-11       0.000000000000e+00       1.814641134410e-14       5.258506318929e-15      -5.361171489795e-16 
  737       2.857203454164e-10       4.283627685164e-12      -1.847992051197e-11       0.000000000000e+00       1.805602264876e-14       5.259384290628e-15      -5.323915998354e-16 
  738       2.869012170932e-10       4.249474458603e-12      -1.853538365914e-11       0.000000000000e+00       1.796620307383e-14       5.259979981446e-15      -5.286219447791e-16 
  739       2.880861872041e-10       4.214912006864e-12      -1.858601943989e-11       0.000000000000e+00       1.787694897852e-14       5.260298561944e-15      -5.248091530346e-16 
  740       2.892746802902e-10       4.179956609203e-12      -1.863180797372e-11       0.000000000000e+00       1.778825661609e-14       5.260345275365e-15      -5.209542061220e-16 
  741       2.904661145669e-10       4.144624737956e-12      -1.867272948878e-11       0.000000000000e+00       1.770012213343e-14       5.260125437899e-15      -5.170580979007e-16 
  742       2.916599019033e-10       4.108933059202e-12      -1.870876432251e-11       0.000000000000e+00       1.761254157058e-14       5.259644438944e-15      -5.131218346125e-16 
  743       2.928554477999e-10       4.072898433430e-12      -1.873989292244e-11       0.000000000000e+00       1.752551086031e-14       5.258907741367e-15      -5.091464349239e-16 
  744       2.940521513678e-10       4.036537916198e-12      -1.876609584688e-11       0.000000000000e+00       1.743902582766e-14       5.257920881772e-15      -5.051329299693e-16 
  745       2.952494053073e-10       3.999868758804e-12      -1.878735376566e-11       0.000000000000e+00       1.735308218947e-14       5.256689470757e-15      -5.010823633942e-16 
  746       2.964465958860e-10       3.962908408948e-12      -1.880364746089e-11       0.000000000000e+00       1.726767555396e-14       5.255219193178e-15      -4.969957913973e-16 
  747       2.976431029179e-10       3.925674511395e-12      -1.881495782763e-11       0.000000000000e+00       1.718280142023e-14       5.253515808415e-15      -4.928742827741e-16 
  748       2.988382997419e-10       3.888184908642e-12      -1.882126587469e-11       0.000000000000e+00       1.709845517786e-14       5.251585150628e-15      -4.887189189595e-16 
  749       3.000315532002e-10       3.850457641578e-12      -1.882255272532e-11       0.000000000000e+00       1.701463210643e-14       5.249433129027e-15      -4.845307940704e-16 
  750       3.012222236169e-10       3.812510950157e-12      -1.881879961793e-11       0.000000000000e+00       1.693132737509e-14       5.247065728128e-15      -4.803110149493e-16 
  751       3.024096647769e-10       3.774363274053e-12      -1.880998790687e-11       0.000000000000e+00       1.684853604206e-14       5.244489008021e-15      -4.760607012062e-16 
  752       3.035932239043e-10       3.736033253330e-12      -1.879609906311e-11       0.000000000000e+00       1.676625305424e-14       5.241709104628e-15      -4.717809852624e-16 
  753       3.047722416408e-10       3.697539729107e-12      -1.877711467499e-11       0.000000000000e+00       1.668447324673e-14       5.238732229968e-15      -4.674730123929e-16 
  754       3.059460520248e-10       3.658901744218e-12      -1.875301644897e-11       0.000000000000e+00       1.660319134237e-14       5.235564672421e-15      -4.631379407692e-16 
  755       3.071139824693e-10       3.620138543881e-12      -1.872378621033e-11       0.000000000000e+00       1.652240195128e-14       5.232212796987e-15      -4.587769415024e-16 
  756       3.082753537412e-10       3.581269576361e-12      -1.868940590392e-11       0.000000000000e+00       1.644209957047e-14       5.228683045549e-15      -4.543911986861e-16 
  757       3.094294799396e-10       3.542314493634e-12      -1.864985759490e-11       0.000000000000e+00       1.636227858330e-14       5.224981937141e-15      -4.499819094390e-16 
  758       3.105756684741e-10       3.503293152051e-12      -1.860512346942e-11       0.000000000000e+00       1.628293325910e-14       5.221116068202e-15      -4.455502839483e-16 
  759       3.117132200439e-10       3.464225613004e-12      -1.855518583543e-11       0.000000000000e+00       1.620405775268e-14       5.217092112845e-15      -4.410975455118e-16 
  760       3.128414286162e-10       3.425132143590e-12      -1.850002712334e-11       0.000000000000e+00       1.612564610389e-14       5.212916823119e-15      -4.366249305816e-16 
  761       3.139596395210e-10       3.386032147191e-12      -1.843964015059e-11       0.000000000000e+00       1.604769301662e-14       5.208594908878e-15      -4.321335199051e-16 
  762       3.150674250006e-10       3.346940931385e-12      -1.837405912963e-11       0.000000000000e+00       1.597019621307e-14       5.204122632293e-15      -4.276237283139e-16 
  763       3.161644119832e-10       3.307872879394e-12      -1.830332925574e-11       0.000000000000e+00       1.589315412373e-14       5.199494091071e-15      -4.230958052397e-16 
  764       3.172502242617e-10       3.268842514997e-12      -1.822749650004e-11       0.000000000000e+00       1.581656511168e-14       5.194703327549e-15      -4.185500027370e-16 
  765       3.183244824847e-10       3.229864502974e-12      -1.814660761222e-11       0.000000000000e+00       1.574042747238e-14       5.189744328512e-15      -4.139865754916e-16 
  766       3.193868041468e-10       3.190953649547e-12      -1.806071012349e-11       0.000000000000e+00       1.566473943328e-14       5.184611025021e-15      -4.094057808278e-16 
  767       3.204368035792e-10       3.152124902827e-12      -1.796985234940e-11       0.000000000000e+00       1.558949915362e-14       5.179297292234e-15      -4.048078787172e-16 
  768       3.214740919408e-10       3.113393353253e-12      -1.787408339268e-11       0.000000000000e+00       1.551470472409e-14       5.173796949234e-15      -4.001931317859e-16 
  769       3.224982772083e-10       3.074774234037e-12      -1.777345314611e-11       0.000000000000e+00       1.544035416654e-14       5.168103758846e-15      -3.955618053227e-16 
  770       3.235089641669e-10       3.036282921607e-12      -1.766801229537e-11       0.000000000000e+00       1.536644543372e-14       5.162211427469e-15      -3.909141672871e-16 
  771       3.245057544014e-10       2.997934936049e-12      -1.755781232193e-11       0.000000000000e+00       1.529297640896e-14       5.156113604893e-15      -3.862504883170e-16 
  772       3.254882462860e-10       2.959745941552e-12      -1.744290550585e-11       0.000000000000e+00       1.521994490589e-14       5.149803884125e-15      -3.815710417368e-16 
  773       3.264560349758e-10       2.921731746849e-12      -1.732334492864e-11       0.000000000000e+00       1.514734866815e-14       5.143275801214e-15      -3.768761035654e-16 
  774       3.274087123969e-10       2.883908305662e-12      -1.719918447618e-11       0.000000000000e+00       1.507518536911e-14       5.136522835075e-15      -3.721659525240e-16 
  775       3.283458672368e-10       2.846291717144e-12      -1.707047884149e-11       0.000000000000e+00       1.500345261155e-14       5.129538407310e-15      -3.674408700438e-16 
  776       3.292670849359e-10       2.808898226322e-12      -1.693728352764e-11       0.000000000000e+00       1.493214792742e-14       5.122315882032e-15      -3.627011402744e-16 
  777       3.301719476771e-10       2.771744224539e-12      -1.679965485059e-11       0.000000000000e+00       1.486126877749e-14       5.114848565695e-15      -3.579470500914e-16 
  778       3.310600343773e-10       2.734846249900e-12      -1.665764994204e-11       0.000000000000e+00       1.479081255110e-14       5.107129706907e-15      -3.531788891043e-16 
  779       3.319309206772e-10       2.698220987714e-12      -1.651132675229e-11       0.000000000000e+00       1.472077656587e-14       5.099152496265e-15      -3.483969496648e-16 
  780       3.327841789328e-10       2.661885270933e-12      -1.636074405310e-11       0.000000000000e+00       1.465115806737e-14       5.090910066169e-15      -3.436015268741e-16 
  781       3.336193782051e-10       2.625856080601e-12      -1.620596144052e-11       0.000000000000e+00       1.458195422888e-14       5.082395490655e-15      -3.387929185915e-16 
  782       3.344360842516e-10       2.590150546296e-12      -1.604703933778e-11       0.000000000000e+00       1.451316215108e-14       5.073601785209e-15      -3.339714254417e-16 
  783       3.352338595163e-10       2.554785946568e-12      -1.588403899813e-11       0.000000000000e+00       1.444477886175e-14       5.064521906600e-15      -3.291373508234e-16 
  784       3.360122631206e-10       2.519779709389e-12      -1.571702250768e-11       0.000000000000e+00       1.437680131549e-14       5.055148752698e-15      -3.242910009166e-16 
  785       3.367708508539e-10       2.485149412591e-12      -1.554605278827e-11       0.000000000000e+00       1.430922639341e-14       5.045475162298e-15      -3.194326846906e-16 
  786       3.375091751640e-10       2.450912784310e-12      -1.537119360034e-11       0.000000000000e+00       1.424205090289e-14       5.035493914947e-15      -3.145627139126e-16 
  787       3.382267851482e-10       2.417087703433e-12      -1.519250954575e-11       0.000000000000e+00       1.417527157724e-14       5.025197730766e-15      -3.096814031546e-16 
  788       3.389232265433e-10       2.383692200035e-12      -1.501006607066e-11       0.000000000000e+00       1.410888507541e-14       5.014579270273e-15      -3.047890698023e-16 
  789       3.395980417168e-10       2.350744455825e-12      -1.482392946838e-11       0.000000000000e+00       1.404288798174e-14       5.003631134206e-15      -2.998860340622e-16 
  790       3.402507696573e-10       2.318262804593e-12      -1.463416688222e-11       0.000000000000e+00       1.397727680564e-14       4.992345863352e-15      -2.949726189702e-16 
  791       3.408809459648e-10       2.286265732643e-12      -1.444084630835e-11       0.000000000000e+00       1.391204798130e-14       4.980715938363e-15      -2.900491503990e-16 
  792       3.414881028420e-10       2.254771879248e-12      -1.424403659864e-11       0.000000000000e+00       1.384719786740e-14       4.968733779587e-15      -2.851159570663e-16 
  793       3.420717690843e-10       2.223800037084e-12      -1.404380746355e-11       0.000000000000e+00       1.378272274685e-14       4.956391746887e-15      -2.801733705427e-16 
  794       3.426314700707e-10       2.193369152677e-12      -1.384022947495e-11       0.000000000000e+00       1.371861882645e-14       4.943682139465e-15      -2.752217252597e-16 
  795       3.431667277545e-10       2.163498326846e-12      -1.363337406898e-11       0.000000000000e+00       1.365488223663e-14       4.930597195691e-15      -2.702613585173e-16 
  796       3.436770606537e-10       2.134206815144e-12      -1.342331354893e-11       0.000000000000e+00       1.359150903115e-14       4.917129092918e-15      -2.652926104923e-16 
  797       3.441619838417e-10       2.105514028305e-12      -1.321012108806e-11       0.000000000000e+00       1.352849518683e-14       4.903269947316e-15      -2.603158242460e-16 
  798       3.446210089382e-10       2.077439532683e-12      -1.299387073249e-11       0.000000000000e+00       1.346583660324e-14       4.889011813685e-15      -2.553313457323e-16 
  799       3.450536440993e-10       2.050003050697e-12      -1.277463740402e-11       0.000000000000e+00       1.340352910240e-14       4.874346685289e-15      -2.503395238053e-16 
  800       3.454594685465e-10       2.023222151157e-12      -1.255249780559e-11       0.000000000000e+00       1.334156896044e-14       4.859269400271e-15      -2.453408190052e-16 
  801       3.458383576616e-10       1.997105273154e-12      -1.232753314994e-11       0.000000000000e+00       1.327995451377e-14       4.843786419411e-15      -2.403361320738e-16 
  802       3.461902619787e-10       1.971658575808e-12      -1.209982648636e-11       0.000000000000e+00       1.321868458164e-14       4.827907208125e-15      -2.353264814465e-16 
  803       3.465151330229e-10       1.946888236860e-12      -1.186946180564e-11       0.000000000000e+00       1.315775793662e-14       4.811641344744e-15      -2.303128950460e-16 
  804       3.468129233150e-10       1.922800452687e-12      -1.163652404313e-11       0.000000000000e+00       1.309717330448e-14       4.794998520876e-15      -2.252964103107e-16 
  805       3.470835863758e-10       1.899401438313e-12      -1.140109908170e-11       0.000000000000e+00       1.303692936396e-14       4.777988541780e-15      -2.202780742227e-16 
  806       3.473270767309e-10       1.876697427416e-12      -1.116327375483e-11       0.000000000000e+00       1.297702474659e-14       4.760621326732e-15      -2.152589433363e-16 
  807       3.475433499153e-10       1.854694672339e-12      -1.092313584959e-11       0.000000000000e+00       1.291745803647e-14       4.742906909389e-15      -2.102400838064e-16 
  808       3.477323624776e-10       1.833399444103e-12      -1.068077410969e-11       0.000000000000e+00       1.285822777014e-14       4.724855438165e-15      -2.052225714165e-16 
  809       3.478940719853e-10       1.812818032417e-12      -1.043627823847e-11       0.000000000000e+00       1.279933243633e-14       4.706477176592e-15      -2.002074916072e-16 
  810       3.480284370286e-10       1.792956745686e-12      -1.018973890197e-11       0.000000000000e+00       1.274077047581e-14       4.687782503692e-15      -1.951959395044e-16 
  811       3.481354172256e-10       1.773821911024e-12      -9.941247731925e-12       0.000000000000e+00       1.268254028116e-14       4.668781914343e-15      -1.901890199478e-16 
  812       3.482149732265e-10       1.755419874261e-12      -9.690897328780e-12       0.000000000000e+00       1.262464019662e-14       4.649486019650e-15      -1.851878475188e-16 
  813       3.482670667183e-10       1.737756999960e-12      -9.438781264740e-12       0.000000000000e+00       1.256706851789e-14       4.629905547309e-15      -1.801935465693e-16 
  814       3.482916604294e-10       1.720839671420e-12      -9.184994086780e-12       0.000000000000e+00       1.250982349191e-14       4.610051341978e-15      -1.752072512495e-16 
  815       3.482887181342e-10       1.704674290691e-12      -8.929631319670e-12       0.000000000000e+00       1.245290331669e-14       4.589934365644e-15      -1.702301055364e-16 
  816       3.482582046577e-10       1.689267278584e-12      -8.672789469000e-12       0.000000000000e+00       1.239630614114e-14       4.569565697992e-15      -1.652632632624e-16 
  817       3.482000858798e-10       1.674625074679e-12      -8.414566024204e-12       0.000000000000e+00       1.234003006485e-14       4.548956536773e-15      -1.603078881430e-16 
  818       3.481143287404e-10       1.660754137339e-12      -8.155059461582e-12       0.000000000000e+00       1.228407313790e-14       4.528118198169e-15      -1.553651538055e-16 
  819       3.480009012435e-10       1.647660943718e-12      -7.894369247329e-12       0.000000000000e+00       1.222843336068e-14       4.507062117165e-15      -1.504362438172e-16 
  820       3.478597724621e-10       1.635351989770e-12      -7.632595840553e-12       0.000000000000e+00       1.217310868371e-14       4.485799847918e-15      -1.455223517139e-16 
  821       3.476909125426e-10       1.623833790266e-12      -7.369840696302e-12       0.000000000000e+00       1.211809700742e-14       4.464343064119e-15      -1.406246810275e-16 
  822       3.474942927093e-10       1.613112878797e-12      -7.106206268588e-12       0.000000000000e+00       1.206339618197e-14       4.442703559367e-15      -1.357444453153e-16 
  823       3.472698852695e-10       1.603195807787e-12      -6.841796013410e-12       0.000000000000e+00       1.200900400710e-14       4.420893247534e-15      -1.308828681875e-16 
  824       3.470176636173e-10       1.594089148506e-12      -6.576714391779e-12       0.000000000000e+00       1.195491823188e-14       4.398924163135e-15      -1.260411833358e-16 
  825       3.467376022387e-10       1.585799491077e-12      -6.311066872741e-12       0.000000000000e+00       1.190113655453e-14       4.376808461694e-15      -1.212206345617e-16 
  826       3.464296767162e-10       1.578333444488e-12      -6.044959936402e-12       0.000000000000e+00       1.184765662226e-14       4.354558420113e-15      -1.164224758048e-16 
  827       3.460938637331e-10       1.571697636604e-12      -5.778501076950e-12       0.000000000000e+00       1.179447603107e-14       4.332186437043e-15      -1.116479711708e-16 
  828       3.457301410784e-10       1.565898714174e-12      -5.511798805680e-12       0.000000000000e+00       1.174159232554e-14       4.309705033245e-15      -1.068983949605e-16 
  829       3.453384876509e-10       1.560943342843e-12      -5.244962654021e-12       0.000000000000e+00       1.168900299866e-14       4.287126851966e-15      -1.021750316973e-16 
  830       3.449188834644e-10       1.556838207163e-12      -4.978103176554e-12       0.000000000000e+00       1.163670549161e-14       4.264464659302e-15      -9.747917615592e-17 
  831       3.444713096518e-10       1.553590010606e-12      -4.711331954040e-12       0.000000000000e+00       1.158469719361e-14       4.241731344567e-15      -9.281213339064e-17 
  832       3.439957484698e-10       1.551205475566e-12      -4.444761596444e-12       0.000000000000e+00       1.153297544171e-14       4.218939920664e-15      -8.817521876357e-17 
  833       3.434921833038e-10       1.549691343381e-12      -4.178505745956e-12       0.000000000000e+00       1.148153752059e-14       4.196103524447e-15      -8.356975797291e-17 
  834       3.429605986720e-10       1.549054374334e-12      -3.912679080019e-12       0.000000000000e+00       1.143038066237e-14       4.173235417096e-15      -7.899708708132e-17 
  835       3.424009802302e-10       1.549301347668e-12      -3.647397314349e-12       0.000000000000e+00       1.137950204645e-14       4.150348984482e-15      -7.445855254414e-17 
  836       3.418133147764e-10       1.550439061595e-12      -3.382777205963e-12       0.000000000000e+00       1.132889879927e-14       4.127457737531e-15      -6.995551123774e-17 
  837       3.411975902554e-10       1.552474333308e-12      -3.118936556199e-12       0.000000000000e+00       1.127856799417e-14       4.104575312602e-15      -6.548933048777e-17 
  838       3.405537957634e-10       1.555413998989e-12      -2.855994213743e-12       0.000000000000e+00       1.122850665116e-14       4.081715471844e-15      -6.106138809749e-17 
  839       3.398819690332e-10       1.559262769742e-12      -2.594061527790e-12       0.000000000000e+00       1.117871210681e-14       4.058889367754e-15      -5.667274308294e-17 
  840       3.391823397872e-10       1.564016758469e-12      -2.333216538451e-12       0.000000000000e+00       1.112918313122e-14       4.036097283918e-15      -5.232314154211e-17 
  841       3.384551888874e-10       1.569669840410e-12      -2.073529343356e-12       0.000000000000e+00       1.107991883014e-14       4.013336751317e-15      -4.801199354791e-17 
  842       3.377008010934e-10       1.576215786659e-12      -1.815070608393e-12       0.000000000000e+00       1.103091827646e-14       3.990605271030e-15      -4.373870084633e-17 
  843       3.369194650745e-10       1.583648263811e-12      -1.557911569279e-12       0.000000000000e+00       1.098218051014e-14       3.967900314133e-15      -3.950265682871e-17 
  844       3.361114734231e-10       1.591960833608e-12      -1.302124033124e-12       0.000000000000e+00       1.093370453806e-14       3.945219321604e-15      -3.530324650391e-17 
  845       3.352771226669e-10       1.601146952588e-12      -1.047780380003e-12       0.000000000000e+00       1.088548933391e-14       3.922559704226e-15      -3.113984647059e-17 
  846       3.344167132815e-10       1.611199971721e-12      -7.949535645214e-13       0.000000000000e+00       1.083753383805e-14       3.899918842486e-15      -2.701182488942e-17 
  847       3.335305497035e-10       1.622113136064e-12      -5.437171173840e-13       0.000000000000e+00       1.078983695738e-14       3.877294086477e-15      -2.291854145527e-17 
  848       3.326189403427e-10       1.633879584403e-12      -2.941451469636e-13       0.000000000000e+00       1.074239756520e-14       3.854682755805e-15      -1.885934736951e-17 
  849       3.316821975952e-10       1.646492348895e-12      -4.631234086890e-14       0.000000000000e+00       1.069521450112e-14       3.832082139487e-15      -1.483358531215e-17 
  850       3.307206378556e-10       1.659944354717e-12       1.997060324875e-13       0.000000000000e+00       1.064828657092e-14       3.809489495855e-15      -1.084058941414e-17 
  851       3.297345815300e-10       1.674228419714e-12       4.438341223209e-13       0.000000000000e+00       1.060161254637e-14       3.786902052457e-15      -6.879685229532e-18 
  852       3.287243530487e-10       1.689337254036e-12       6.859954939062e-13       0.000000000000e+00       1.055519116520e-14       3.764317005961e-15      -2.950189707761e-18 
  853       3.276902808784e-10       1.705263459793e-12       9.261131270097e-13       0.000000000000e+00       1.050902113087e-14       3.741731522057e-15       9.485888341654e-19 
  854       3.266326975357e-10       1.721999530692e-12       1.164109414321e-12       0.000000000000e+00       1.046310111251e-14       3.719142735355e-15       4.817350739426e-18 
  855       3.255519395987e-10       1.739537851690e-12       1.399906159886e-12       0.000000000000e+00       1.041742974479e-14       3.696547749296e-15       8.656805039163e-18 
  856       3.244483477208e-10       1.757870698632e-12       1.633424577536e-12       0.000000000000e+00       1.037200562775e-14       3.673943636045e-15       1.246766948026e-17 
  857       3.233222666423e-10       1.776990237902e-12       1.864585289321e-12       0.000000000000e+00       1.032682732670e-14       3.651327436399e-15       1.625067055311e-17 
  858       3.221740452039e-10       1.796888526067e-12       2.093308323944e-12       0.000000000000e+00       1.028189337210e-14       3.628696159687e-15       2.000654351940e-17 
  859       3.210040363589e-10       1.817557509521e-12       2.319513115189e-12       0.000000000000e+00       1.023720225941e-14       3.606046783674e-15       2.373603243988e-17 
  860       3.198125971860e-10       1.838989024129e-12       2.543118500355e-12       0.000000000000e+00       1.019275244899e-14       3.583376254461e-15       2.743989020211e-17 
  861       3.186000889020e-10       1.861174794878e-12       2.764042718685e-12       0.000000000000e+00       1.014854236595e-14       3.560681486388e-15       3.111887854829e-17 
  862       3.173668768745e-10       1.884106435517e-12       2.982203409804e-12       0.000000000000e+00       1.010457040001e-14       3.537959361937e-15       3.477376810299e-17 
  863       3.161133306343e-10       1.907775448205e-12       3.197517612144e-12       0.000000000000e+00       1.006083490543e-14       3.515206731635e-15       3.840533840095e-17 
  864       3.148398238884e-10       1.932173223155e-12       3.409901761379e-12       0.000000000000e+00       1.001733420080e-14       3.492420413953e-15       4.201437791483e-17 
  865       3.135467345325e-10       1.957291038282e-12       3.619271688859e-12       0.000000000000e+00       9.974066568992e-15       3.469597195212e-15       4.560168408300e-17 
  866       3.122344446638e-10       1.983120058842e-12       3.825542620035e-12       0.000000000000e+00       9.931030256979e-15       3.446733829483e-15       4.916806333731e-17 
  867       3.109033405933e-10       2.009651337088e-12       4.028629172901e-12       0.000000000000e+00       9.888223475727e-15       3.423827038490e-15       5.271433113088e-17 
  868       3.095538128590e-10       2.036875811904e-12       4.228445356415e-12       0.000000000000e+00       9.845644400068e-15       3.400873511511e-15       5.624131196584e-17 
  869       3.081862562381e-10       2.064784308459e-12       4.424904568939e-12       0.000000000000e+00       9.803291168566e-15       3.377869905284e-15       5.974983942114e-17 
  870       3.068010697601e-10       2.093367537847e-12       4.617919596667e-12       0.000000000000e+00       9.761161883396e-15       3.354812843903e-15       6.324075618029e-17 
  871       3.053986567189e-10       2.122616096735e-12       4.807402612057e-12       0.000000000000e+00       9.719254610212e-15       3.331698918727e-15       6.671491405918e-17 
  872       3.039794246860e-10       2.152520467008e-12       4.993265172265e-12       0.000000000000e+00       9.677567378020e-15       3.308524688278e-15       7.017317403380e-17 
  873       3.025437855229e-10       2.183071015414e-12       5.175418217573e-12       0.000000000000e+00       9.636098179052e-15       3.285286678143e-15       7.361640626806e-17 
  874       3.010921553939e-10       2.214257993210e-12       5.353772069826e-12       0.000000000000e+00       9.594844968637e-15       3.261981380880e-15       7.704549014153e-17 
  875       2.996249547785e-10       2.246071535807e-12       5.528236430859e-12       0.000000000000e+00       9.553805665074e-15       3.238605255916e-15       8.046131427724e-17 
  876       2.981426084845e-10       2.278501662413e-12       5.698720380931e-12       0.000000000000e+00       9.512978149502e-15       3.215154729452e-15       8.386477656945e-17 
  877       2.966455456603e-10       2.311538275684e-12       5.865132377158e-12       0.000000000000e+00       9.472360265778e-15       3.191626194363e-15       8.725678421141e-17 
  878       2.951341970685e-10       2.345170475620e-12       6.027392883361e-12       0.000000000000e+00       9.431950080749e-15       3.168017217281e-15       9.063793014246e-17 
  879       2.936089868318e-10       2.379384489477e-12       6.185472492935e-12       0.000000000000e+00       9.391746670094e-15       3.144330182013e-15       9.400751643702e-17 
  880       2.920703405751e-10       2.414165706737e-12       6.339354436739e-12       0.000000000000e+00       9.351749345298e-15       3.120568706508e-15       9.736451473266e-17 
  881       2.905186881641e-10       2.449499361267e-12       6.489022009521e-12       0.000000000000e+00       9.311957394342e-15       3.096736441256e-15       1.007078883165e-16 
  882       2.889544637182e-10       2.485370530860e-12       6.634458570312e-12       0.000000000000e+00       9.272370081617e-15       3.072837069383e-15       1.040365921027e-16 
  883       2.873781056219e-10       2.521764136777e-12       6.775647542824e-12       0.000000000000e+00       9.232986647837e-15       3.048874306735e-15       1.073495726101e-16 
  884       2.857900565377e-10       2.558664943279e-12       6.912572415846e-12       0.000000000000e+00       9.193806309952e-15       3.024851901971e-15       1.106457679393e-16 
  885       2.841907634181e-10       2.596057557171e-12       7.045216743638e-12       0.000000000000e+00       9.154828261058e-15       3.000773636655e-15       1.139241077504e-16 
  886       2.825806775178e-10       2.633926427342e-12       7.173564146329e-12       0.000000000000e+00       9.116051670315e-15       2.976643325343e-15       1.171835132406e-16 
  887       2.809602544060e-10       2.672255844296e-12       7.297598310310e-12       0.000000000000e+00       9.077475682855e-15       2.952464815673e-15       1.204228971211e-16 
  888       2.793299539785e-10       2.711029939700e-12       7.417302988634e-12       0.000000000000e+00       9.039099419697e-15       2.928241988455e-15       1.236411635953e-16 
  889       2.776902404703e-10       2.750232685916e-12       7.532662001409e-12       0.000000000000e+00       9.000921977660e-15       2.903978757765e-15       1.268372083357e-16 
  890       2.760415824674e-10       2.789847895543e-12       7.643659236193e-12       0.000000000000e+00       8.962942429276e-15       2.879679071029e-15       1.300099184615e-16 
  891       2.743844529194e-10       2.829859220957e-12       7.750278648394e-12       0.000000000000e+00       8.925159822702e-15       2.855346909116e-15       1.331581725162e-16 
  892       2.727193291516e-10       2.870250153845e-12       7.852504261660e-12       0.000000000000e+00       8.887573181633e-15       2.830986286427e-15       1.362808404450e-16 
  893       2.710466928769e-10       2.911004024749e-12       7.950320168282e-12       0.000000000000e+00       8.850181505214e-15       2.806601250988e-15       1.393767835721e-16 
  894       2.693670302088e-10       2.952104002600e-12       8.043710529583e-12       0.000000000000e+00       8.812983767957e-15       2.782195884535e-15       1.424448545784e-16 
  895       2.676808316730e-10       2.993533094261e-12       8.132659576317e-12       0.000000000000e+00       8.775978919647e-15       2.757774302606e-15       1.454838974789e-16 
  896       2.659885922198e-10       3.035274144063e-12       8.217151609068e-12       0.000000000000e+00       8.739165885261e-15       2.733340654634e-15       1.484927476000e-16 
  897       2.642908112364e-10       3.077309833345e-12       8.297170998638e-12       0.000000000000e+00       8.702543564878e-15       2.708899124033e-15       1.514702315571e-16 
  898       2.625879925593e-10       3.119622679992e-12       8.372702186451e-12       0.000000000000e+00       8.666110833592e-15       2.684453928289e-15       1.544151672320e-16 
  899       2.608806444862e-10       3.162195037976e-12       8.443729684945e-12       0.000000000000e+00       8.629866541426e-15       2.660009319050e-15       1.573263637506e-16 
  900       2.591692797884e-10       3.205009096890e-12       8.510238077967e-12       0.000000000000e+00       8.593809513242e-15       2.635569582216e-15       1.602026214600e-16 
  901       2.574544157232e-10       3.248046881491e-12       8.572212021170e-12       0.000000000000e+00       8.557938548659e-15       2.611139038032e-15       1.630427319061e-16 
  902       2.557365740458e-10       3.291290251239e-12       8.629636242411e-12       0.000000000000e+00       8.522252421958e-15       2.586722041171e-15       1.658454778111e-16 
  903       2.540162810218e-10       3.334720899831e-12       8.682495542143e-12       0.000000000000e+00       8.486749882005e-15       2.562322980830e-15       1.686096330510e-16 
  904       2.522940674394e-10       3.378320354747e-12       8.730774793815e-12       0.000000000000e+00       8.451429652155e-15       2.537946280819e-15       1.713339626329e-16 
  905       2.505704686216e-10       3.422069976780e-12       8.774458944263e-12       0.000000000000e+00       8.416290430168e-15       2.513596399648e-15       1.740172226728e-16 
  906       2.488460244383e-10       3.465950959584e-12       8.813533014110e-12       0.000000000000e+00       8.381330888124e-15       2.489277830620e-15       1.766581603726e-16 
  907       2.471212793190e-10       3.509944329205e-12       8.847982098161e-12       0.000000000000e+00       8.346549672333e-15       2.464995101921e-15       1.792555139979e-16 
  908       2.453967822645e-10       3.554030943626e-12       8.877791365798e-12       0.000000000000e+00       8.311945403249e-15       2.440752776705e-15       1.818080128552e-16 
  909       2.436730868594e-10       3.598191492299e-12       8.902946061375e-12       0.000000000000e+00       8.277516675382e-15       2.416555453192e-15       1.843143772697e-16 
  910       2.419507512843e-10       3.642406495691e-12       8.923431504617e-12       0.000000000000e+00       8.243262057212e-15       2.392407764752e-15       1.867733185625e-16 
  911       2.402303383280e-10       3.686656304817e-12       8.939233091012e-12       0.000000000000e+00       8.209180091101e-15       2.368314379996e-15       1.891835390281e-16 
  912       2.385124154000e-10       3.730921100783e-12       8.950336292211e-12       0.000000000000e+00       8.175269293207e-15       2.344280002868e-15       1.915437319120e-16 
  913       2.367975545423e-10       3.775180894321e-12       8.956726656420e-12       0.000000000000e+00       8.141528153396e-15       2.320309372732e-15       1.938525813879e-16 
  914       2.350863324419e-10       3.819415525331e-12       8.958389808798e-12       0.000000000000e+00       8.107955135153e-15       2.296407264466e-15       1.961087625355e-16 
  915       2.333793304432e-10       3.863604662417e-12       8.955311451853e-12       0.000000000000e+00       8.074548675499e-15       2.272578488546e-15       1.983109413176e-16 
  916       2.316771345598e-10       3.907727802427e-12       8.947477365837e-12       0.000000000000e+00       8.041307184901e-15       2.248827891143e-15       2.004577745579e-16 
  917       2.299802895349e-10       3.951765430600e-12       8.934882707253e-12       0.000000000000e+00       8.008229236095e-15       2.225159874217e-15       2.025482976637e-16 
  918       2.282891601949e-10       3.995702522162e-12       8.917560065817e-12       0.000000000000e+00       7.975314134030e-15       2.201576947268e-15       2.045830946052e-16 
  919       2.266040679123e-10       4.039525095571e-12       8.895551855031e-12       0.000000000000e+00       7.942561354829e-15       2.178081152704e-15       2.065631465215e-16 
  920       2.249253363636e-10       4.083219056665e-12       8.868901056286e-12       0.000000000000e+00       7.909970357635e-15       2.154674543765e-15       2.084894456957e-16 
  921       2.232532915346e-10       4.126770198370e-12       8.837651220584e-12       0.000000000000e+00       7.877540584558e-15       2.131359184541e-15       2.103629955880e-16 
  922       2.215882617266e-10       4.170164200402e-12       8.801846470259e-12       0.000000000000e+00       7.845271460612e-15       2.108137149997e-15       2.121848108687e-16 
  923       2.199305775619e-10       4.213386628970e-12       8.761531500699e-12       0.000000000000e+00       7.813162393653e-15       2.085010525995e-15       2.139559174503e-16 
  924       2.182805719892e-10       4.256422936485e-12       8.716751582066e-12       0.000000000000e+00       7.781212774321e-15       2.061981409311e-15       2.156773525209e-16 
  925       2.166385802896e-10       4.299258461260e-12       8.667552561018e-12       0.000000000000e+00       7.749421975978e-15       2.039051907660e-15       2.173501645763e-16 
  926       2.150049400825e-10       4.341878427213e-12       8.613980862432e-12       0.000000000000e+00       7.717789354651e-15       2.016224139717e-15       2.189754134535e-16 
  927       2.133799913307e-10       4.384267943579e-12       8.556083491121e-12       0.000000000000e+00       7.686314248967e-15       1.993500235138e-15       2.205541703625e-16 
  928       2.117640763465e-10       4.426412004603e-12       8.493908033560e-12       0.000000000000e+00       7.654995980097e-15       1.970882334584e-15       2.220875179199e-16 
  929       2.101575397973e-10       4.468295489253e-12       8.427502659606e-12       0.000000000000e+00       7.623833851695e-15       1.948372589736e-15       2.235765501812e-16 
  930       2.085607287114e-10       4.509903160922e-12       8.356916124216e-12       0.000000000000e+00       7.592827149833e-15       1.925973163325e-15       2.250223726733e-16 
  931       2.069739924833e-10       4.551219667130e-12       8.282197769174e-12       0.000000000000e+00       7.561975142950e-15       1.903686229148e-15       2.264261024280e-16 
  932       2.053976828799e-10       4.592229539228e-12       8.203397524807e-12       0.000000000000e+00       7.531277081782e-15       1.881513972090e-15       2.277888680138e-16 
  933       2.038321540458e-10       4.632917192108e-12       8.120565911711e-12       0.000000000000e+00       7.500732199309e-15       1.859458588148e-15       2.291118095696e-16 
  934       2.022777625094e-10       4.673266923899e-12       8.033754042469e-12       0.000000000000e+00       7.470339710690e-15       1.837522284450e-15       2.303960788364e-16 
  935       2.007348671880e-10       4.713262915678e-12       7.943013623372e-12       0.000000000000e+00       7.440098813208e-15       1.815707279278e-15       2.316428391910e-16 
  936       1.992038293939e-10       4.752889231170e-12       7.848396956144e-12       0.000000000000e+00       7.410008686203e-15       1.794015802090e-15       2.328532656781e-16 
  937       1.976850128402e-10       4.792129816453e-12       7.749956939659e-12       0.000000000000e+00       7.380068491017e-15       1.772450093538e-15       2.340285450433e-16 
  938       1.961787836462e-10       4.830968499666e-12       7.647747071667e-12       0.000000000000e+00       7.350277370933e-15       1.751012405495e-15       2.351698757657e-16 
  939       1.946855103431e-10       4.869388990707e-12       7.541821450510e-12       0.000000000000e+00       7.320634451112e-15       1.729705001073e-15       2.362784680908e-16 
  940       1.932055638798e-10       4.907374880941e-12       7.432234776847e-12       0.000000000000e+00       7.291138838536e-15       1.708530154644e-15       2.373555440632e-16 
  941       1.917393176286e-10       4.944909642903e-12       7.319042355376e-12       0.000000000000e+00       7.261789621947e-15       1.687490151863e-15       2.384023375591e-16 
  942       1.902871473910e-10       4.981976630005e-12       7.202300096551e-12       0.000000000000e+00       7.232585871784e-15       1.666587289691e-15       2.394200943193e-16 
  943       1.888494314030e-10       5.018559076236e-12       7.082064518307e-12       0.000000000000e+00       7.203526640127e-15       1.645823876413e-15       2.404100719819e-16 
  944       1.874265503413e-10       5.054640095867e-12       6.958392747781e-12       0.000000000000e+00       7.174610960635e-15       1.625202231661e-15       2.413735401148e-16 
  945       1.860188873283e-10       5.090202683159e-12       6.831342523033e-12       0.000000000000e+00       7.145837848484e-15       1.604724686439e-15       2.423117802490e-16 
  946       1.846268279388e-10       5.125229712062e-12       6.700972194766e-12       0.000000000000e+00       7.117206300310e-15       1.584393583137e-15       2.432260859105e-16 
  947       1.832507602046e-10       5.159703935924e-12       6.567340728048e-12       0.000000000000e+00       7.088715294146e-15       1.564211275560e-15       2.441177626538e-16 
  948       1.818910746210e-10       5.193607987191e-12       6.430507704036e-12       0.000000000000e+00       7.060363789364e-15       1.544180128946e-15       2.449881280942e-16 
  949       1.805481641520e-10       5.226924377114e-12       6.290533321692e-12       0.000000000000e+00       7.032150726612e-15       1.524302519986e-15       2.458385119406e-16 
  950       1.792224242363e-10       5.259635495452e-12       6.147478399509e-12       0.000000000000e+00       7.004075027757e-15       1.504580836852e-15       2.466702560284e-16 
  951       1.779142527928e-10       5.291723610177e-12       6.001404377231e-12       0.000000000000e+00       6.976135595823e-15       1.485017479208e-15       2.474847143521e-16 
  952       1.766240502264e-10       5.323170867178e-12       5.852373317574e-12       0.000000000000e+00       6.948331314931e-15       1.465614858243e-15       2.482832530980e-16 
  953       1.753522194336e-10       5.353959289964e-12       5.700447907945e-12       0.000000000000e+00       6.920661050239e-15       1.446375396684e-15       2.490672506772e-16 
  954       1.740991658082e-10       5.384070779369e-12       5.545691462169e-12       0.000000000000e+00       6.893123647880e-15       1.427301528822e-15       2.498380977577e-16 
  955       1.728652972472e-10       5.413487113257e-12       5.388167922205e-12       0.000000000000e+00       6.865717934906e-15       1.408395700531e-15       2.505971972981e-16 
  956       1.716509650884e-10       5.442192218585e-12       5.227942912676e-12       0.000000000000e+00       6.838442852773e-15       1.389659620083e-15       2.513455911723e-16 
  957       1.704562859247e-10       5.470179026214e-12       5.065086918627e-12       0.000000000000e+00       6.811297860161e-15       1.371091998009e-15       2.520828337324e-16 
  958       1.692813170796e-10       5.497442720228e-12       4.899672159724e-12       0.000000000000e+00       6.784282536193e-15       1.352690772751e-15       2.528081011036e-16 
  959       1.681261154253e-10       5.523978475067e-12       4.731771543712e-12       0.000000000000e+00       6.757396447394e-15       1.334453856669e-15       2.535205630150e-16 
  960       1.669907373817e-10       5.549781455527e-12       4.561458668268e-12       0.000000000000e+00       6.730639147654e-15       1.316379135961e-15       2.542193827834e-16 
  961       1.658752389133e-10       5.574846816770e-12       4.388807822865e-12       0.000000000000e+00       6.704010178181e-15       1.298464470587e-15       2.549037172970e-16 
  962       1.647796755279e-10       5.599169704319e-12       4.213893990626e-12       0.000000000000e+00       6.677509067462e-15       1.280707694192e-15       2.555727169995e-16 
  963       1.637041022741e-10       5.622745254063e-12       4.036792850191e-12       0.000000000000e+00       6.651135331218e-15       1.263106614030e-15       2.562255258734e-16 
  964       1.626485737395e-10       5.645568592259e-12       3.857580777571e-12       0.000000000000e+00       6.624888472362e-15       1.245659010889e-15       2.568612814240e-16 
  965       1.616131440486e-10       5.667634835535e-12       3.676334848006e-12       0.000000000000e+00       6.598767980955e-15       1.228362639008e-15       2.574791146630e-16 
  966       1.605978668605e-10       5.688939090891e-12       3.493132837830e-12       0.000000000000e+00       6.572773334166e-15       1.211215226008e-15       2.580781500926e-16 
  967       1.596027953672e-10       5.709476455701e-12       3.308053226328e-12       0.000000000000e+00       6.546903996228e-15       1.194214472809e-15       2.586575056888e-16 
  968       1.586279822913e-10       5.729242017719e-12       3.121175197594e-12       0.000000000000e+00       6.521159418392e-15       1.177358053559e-15       2.592162928854e-16 
  969       1.576734798840e-10       5.748230855075e-12       2.932578642389e-12       0.000000000000e+00       6.495539038891e-15       1.160643615551e-15       2.597536165580e-16 
  970       1.567393399230e-10       5.766438036282e-12       2.742344160008e-12       0.000000000000e+00       6.470042282893e-15       1.144068779152e-15       2.602685750071e-16 
  971       1.558256137108e-10       5.783858620237e-12       2.550553060129e-12       0.000000000000e+00       6.444668562457e-15       1.127631137723e-15       2.607602599426e-16 
  972       1.549323520719e-10       5.800487656223e-12       2.357287364681e-12       0.000000000000e+00       6.419417276493e-15       1.111328257541e-15       2.612277564670e-16 
  973       1.540596053515e-10       5.816320183910e-12       2.162629809700e-12       0.000000000000e+00       6.394287810719e-15       1.095157677728e-15       2.616701430595e-16 
  974       1.532074234129e-10       5.831351233362e-12       1.966663847186e-12       0.000000000000e+00       6.369279537619e-15       1.079116910167e-15       2.620864915595e-16 
  975       1.523758556360e-10       5.845575825032e-12       1.769473646967e-12       0.000000000000e+00       6.344391816397e-15       1.063203439431e-15       2.624758671505e-16 
  976       1.515649509145e-10       5.858988969770e-12       1.571144098556e-12       0.000000000000e+00       6.319623992937e-15       1.047414722704e-15       2.628373283440e-16 
  977       1.507747576545e-10       5.871585668824e-12       1.371760813011e-12       0.000000000000e+00       6.294975399760e-15       1.031748189702e-15       2.631699269630e-16 
  978       1.500053237721e-10       5.883360913840e-12       1.171410124794e-12       0.000000000000e+00       6.270445355982e-15       1.016201242602e-15       2.634727081256e-16 
  979       1.492566966915e-10       5.894309686867e-12       9.701790936292e-13       0.000000000000e+00       6.246033167267e-15       1.000771255959e-15       2.637447102296e-16 
  980       1.485289233429e-10       5.904426960357e-12       7.681555063662e-13       0.000000000000e+00       6.221738125793e-15       9.854555766332e-16       2.639849649350e-16 
  981       1.478220501603e-10       5.913707697170e-12       5.654278788357e-13       0.000000000000e+00       6.197559510198e-15       9.702515237128e-16       2.641924971489e-16 
  982       1.471361230797e-10       5.922146850574e-12       3.620854577103e-13       0.000000000000e+00       6.173496585546e-15       9.551563884357e-16       2.643663250087e-16 
  983       1.464711875367e-10       5.929739364247e-12       1.582182223642e-13       0.000000000000e+00       6.149548603284e-15       9.401674341139e-16       2.645054598658e-16 
  984       1.458272884648e-10       5.936480172281e-12      -4.608311326789e-14       0.000000000000e+00       6.125714801191e-15       9.252818960566e-16       2.646089062695e-16 
  985       1.452044702933e-10       5.942364199183e-12      -2.507270988310e-13       0.000000000000e+00       6.101994403347e-15       9.104969814936e-16       2.646756619510e-16 
  986       1.446027769448e-10       5.947386359879e-12      -4.556215456906e-13       0.000000000000e+00       6.078386620079e-15       8.958098694980e-16       2.647047178066e-16 
  987       1.440222518337e-10       5.951541559712e-12      -6.606735250733e-13       0.000000000000e+00       6.054890647928e-15       8.812177109102e-16       2.646950578820e-16 
  988       1.434629378640e-10       5.954824694451e-12      -8.657893662073e-13       0.000000000000e+00       6.031505669600e-15       8.667176282605e-16       2.646456593557e-16 
  989       1.429248774268e-10       5.957230650285e-12      -1.070874654463e-12       0.000000000000e+00       6.008230853925e-15       8.523067156930e-16       2.645554925231e-16 
  990       1.424081123990e-10       5.958754303835e-12      -1.275834229493e-12       0.000000000000e+00       5.985065355815e-15       8.379820388882e-16       2.644235207797e-16 
  991       1.419126841406e-10       5.959390522146e-12      -1.480572183375e-12       0.000000000000e+00       5.962008316221e-15       8.237406349867e-16       2.642487006054e-16 
  992       1.414386334930e-10       5.959134162696e-12      -1.684991858748e-12       0.000000000000e+00       5.939058862090e-15       8.095795125124e-16       2.640299815481e-16 
  993       1.409860007767e-10       5.957980073398e-12      -1.888995846957e-12       0.000000000000e+00       5.916216106322e-15       7.954956512956e-16       2.637663062074e-16 
  994       1.405548257894e-10       5.955923092599e-12      -2.092485986193e-12       0.000000000000e+00       5.893479147728e-15       7.814860023966e-16       2.634566102183e-16 
  995       1.401451089858e-10       5.952960050091e-12      -2.295370405913e-12       0.000000000000e+00       5.870847171333e-15       7.675480779324e-16       2.631001642437e-16 
  996       1.397566943967e-10       5.949095802313e-12      -2.497584777133e-12       0.000000000000e+00       5.848319750973e-15       7.536817301977e-16       2.626976054833e-16 
  997       1.393893849869e-10       5.944337285751e-12      -2.699071370399e-12       0.000000000000e+00       5.825896551057e-15       7.398873985090e-16       2.622499212750e-16 
  998       1.390429813110e-10       5.938691524203e-12      -2.899772036775e-12       0.000000000000e+00       5.803577226591e-15       7.261655216632e-16       2.617581084839e-16 
  999       1.387172815066e-10       5.932165629028e-12      -3.099628206847e-12       0.000000000000e+00       5.781361423147e-15       7.125165379327e-16       2.612231735278e-16 
 1000       1.384120812875e-10       5.924766799390e-12      -3.298580889709e-12       0.000000000000e+00       5.759248776834e-15       6.989408850594e-16       2.606461324022e-16 
 1001       1.381271739367e-10       5.916502322501e-12      -3.496570671959e-12       0.000000000000e+00       5.737238914268e-15       6.854390002500e-16       2.600280107053e-16 
 1002       1.378623503002e-10       5.907379573864e-12      -3.693537716694e-12       0.000000000000e+00       5.715331452539e-15       6.720113201705e-16       2.593698436636e-16 
 1003       1.376173987799e-10       5.897406017524e-12      -3.889421762503e-12       0.000000000000e+00       5.693525999182e-15       6.586582809406e-16       2.586726761568e-16 
 1004       1.373921053266e-10       5.886589206303e-12      -4.084162122461e-12       0.000000000000e+00       5.671822152148e-15       6.453803181289e-16       2.579375627431e-16 
 1005       1.371862534337e-10       5.874936782055e-12      -4.277697683123e-12       0.000000000000e+00       5.650219499769e-15       6.321778667473e-16       2.571655676840e-16 
 1006       1.369996241303e-10       5.862456475902e-12      -4.469966903516e-12       0.000000000000e+00       5.628717620733e-15       6.190513612457e-16       2.563577649699e-16 
 1007       1.368319959743e-10       5.849156108483e-12      -4.660907814134e-12       0.000000000000e+00       5.607316084048e-15       6.060012355067e-16       2.555152383453e-16 
 1008       1.366831450457e-10       5.835043590196e-12      -4.850458015935e-12       0.000000000000e+00       5.586014449016e-15       5.930279228404e-16       2.546390813335e-16 
 1009       1.365528449401e-10       5.820126921447e-12      -5.038554679328e-12       0.000000000000e+00       5.564812265201e-15       5.801318559789e-16       2.537303972623e-16 
 1010       1.364408667613e-10       5.804414192889e-12      -5.225134543173e-12       0.000000000000e+00       5.543709072395e-15       5.673134670712e-16       2.527902992887e-16 
 1011       1.363469791154e-10       5.787913585669e-12      -5.410133913772e-12       0.000000000000e+00       5.522704400593e-15       5.545731876777e-16       2.518199104245e-16 
 1012       1.362709481033e-10       5.770633371675e-12      -5.593488663861e-12       0.000000000000e+00       5.501797769959e-15       5.419114487652e-16       2.508203635613e-16 
 1013       1.362125373144e-10       5.752581913777e-12      -5.775134231610e-12       0.000000000000e+00       5.480988690798e-15       5.293286807012e-16       2.497928014954e-16 
 1014       1.361715078197e-10       5.733767666071e-12      -5.955005619609e-12       0.000000000000e+00       5.460276663520e-15       5.168253132487e-16       2.487383769534e-16 
 1015       1.361476181648e-10       5.714199174129e-12      -6.133037393868e-12       0.000000000000e+00       5.439661178617e-15       5.044017755611e-16       2.476582526172e-16 
 1016       1.361406243637e-10       5.693885075235e-12      -6.309163682807e-12       0.000000000000e+00       5.419141716627e-15       4.920584961768e-16       2.465536011491e-16 
 1017       1.361502798915e-10       5.672834098639e-12      -6.483318176251e-12       0.000000000000e+00       5.398717748105e-15       4.797959030138e-16       2.454256052170e-16 
 1018       1.361763356778e-10       5.651055065795e-12      -6.655434124426e-12       0.000000000000e+00       5.378388733592e-15       4.676144233643e-16       2.442754575197e-16 
 1019       1.362185401001e-10       5.628556890606e-12      -6.825444336947e-12       0.000000000000e+00       5.358154123586e-15       4.555144838898e-16       2.431043608118e-16 
 1020       1.362766389770e-10       5.605348579674e-12      -6.993281181819e-12       0.000000000000e+00       5.338013358512e-15       4.434965106154e-16       2.419135279292e-16 
 1021       1.363503755612e-10       5.581439232537e-12      -7.158876584426e-12       0.000000000000e+00       5.317965868685e-15       4.315609289244e-16       2.407041818139e-16 
 1022       1.364394905331e-10       5.556838041918e-12      -7.322162026527e-12       0.000000000000e+00       5.298011074289e-15       4.197081635537e-16       2.394775555397e-16 
 1023       1.365437219937e-10       5.531554293971e-12      -7.483068545246e-12       0.000000000000e+00       5.278148385341e-15       4.079386385875e-16       2.382348923368e-16 
 1024       1.366628054581e-10       5.505597368519e-12      -7.641526732072e-12       0.000000000000e+00       5.258377201659e-15       3.962527774528e-16       2.369774456172e-16 
 1025       1.367964738486e-10       5.478976739307e-12      -7.797466731848e-12       0.000000000000e+00       5.238696912835e-15       3.846510029136e-16       2.357064790001e-16 
 1026       1.369444574880e-10       5.451701974240e-12      -7.950818241767e-12       0.000000000000e+00       5.219106898203e-15       3.731337370661e-16       2.344232663367e-16 
 1027       1.371064840929e-10       5.423782735631e-12      -8.101510510364e-12       0.000000000000e+00       5.199606526810e-15       3.617014013327e-16       2.331290917354e-16 
 1028       1.372822787667e-10       5.395228780444e-12      -8.249472336512e-12       0.000000000000e+00       5.180195157381e-15       3.503544164573e-16       2.318252495875e-16 
 1029       1.374715639931e-10       5.366049960539e-12      -8.394632068414e-12       0.000000000000e+00       5.160872138294e-15       3.390932024996e-16       2.305130445915e-16 
 1030       1.376740596293e-10       5.336256222916e-12      -8.536917602598e-12       0.000000000000e+00       5.141636807546e-15       3.279181788301e-16       2.291937917791e-16 
 1031       1.378894828992e-10       5.305857609962e-12      -8.676256382910e-12       0.000000000000e+00       5.122488492723e-15       3.168297641245e-16       2.278688165399e-16 
 1032       1.381175483865e-10       5.274864259692e-12      -8.812575399508e-12       0.000000000000e+00       5.103426510970e-15       3.058283763586e-16       2.265394546466e-16 
 1033       1.383579680281e-10       5.243286405995e-12      -8.945801187855e-12       0.000000000000e+00       5.084450168960e-15       2.949144328030e-16       2.252070522803e-16 
 1034       1.386104501297e-10       5.211134962060e-12      -9.075870245968e-12       0.000000000000e+00       5.065558839042e-15       2.840887282254e-16       2.238726948032e-16 
 1035       1.388746964104e-10       5.178423279184e-12      -9.202760449379e-12       0.000000000000e+00       5.046752188917e-15       2.733535753612e-16       2.225363888291e-16 
 1036       1.391504049025e-10       5.145165413298e-12      -9.326460078015e-12       0.000000000000e+00       5.028029955148e-15       2.627116805454e-16       2.211978686466e-16 
 1037       1.394372709193e-10       5.111375544347e-12      -9.446957438352e-12       0.000000000000e+00       5.009391867250e-15       2.521657670030e-16       2.198568664192e-16 
 1038       1.397349870476e-10       5.077067976605e-12      -9.564240863578e-12       0.000000000000e+00       4.990837647671e-15       2.417185748858e-16       2.185131121791e-16 
 1039       1.400432431410e-10       5.042257138979e-12      -9.678298713754e-12       0.000000000000e+00       4.972367011770e-15       2.313728613101e-16       2.171663338229e-16 
 1040       1.403617263132e-10       5.006957585325e-12      -9.789119375976e-12       0.000000000000e+00       4.953979667791e-15       2.211314003929e-16       2.158162571058e-16 
 1041       1.406901209311e-10       4.971183994753e-12      -9.896691264536e-12       0.000000000000e+00       4.935675316849e-15       2.109969832898e-16       2.144626056363e-16 
 1042       1.410281086078e-10       4.934951171940e-12      -1.000100282109e-11       0.000000000000e+00       4.917453652900e-15       2.009724182318e-16       2.131051008713e-16 
 1043       1.413753681958e-10       4.898274047438e-12      -1.010204251480e-11       0.000000000000e+00       4.899314362722e-15       1.910605305623e-16       2.117434621108e-16 
 1044       1.417315757800e-10       4.861167677985e-12      -1.019979884253e-11       0.000000000000e+00       4.881257125894e-15       1.812641627744e-16       2.103774064923e-16 
 1045       1.420964046711e-10       4.823647246816e-12      -1.029426032899e-11       0.000000000000e+00       4.863281614774e-15       1.715861745478e-16       2.090066489860e-16 
 1046       1.424695253985e-10       4.785728063969e-12      -1.038541552687e-11       0.000000000000e+00       4.845387494475e-15       1.620294427862e-16       2.076309023891e-16 
 1047       1.428506057036e-10       4.747425566600e-12      -1.047325301706e-11       0.000000000000e+00       4.827574422845e-15       1.525968616539e-16       2.062498773212e-16 
 1048       1.432393105329e-10       4.708755319290e-12      -1.055776140876e-11       0.000000000000e+00       4.809842050441e-15       1.432913426134e-16       2.048632822183e-16 
 1049       1.436353020309e-10       4.669733014355e-12      -1.063892933968e-11       0.000000000000e+00       4.792190020515e-15       1.341158144625e-16       2.034708233281e-16 
 1050       1.440382395335e-10       4.630374472156e-12      -1.071674547617e-11       0.000000000000e+00       4.774617968983e-15       1.250732233707e-16       2.020722047046e-16 
 1051       1.444477795612e-10       4.590695641410e-12      -1.079119851341e-11       0.000000000000e+00       4.757125524410e-15       1.161665329173e-16       2.006671282026e-16 
 1052       1.448635758118e-10       4.550712599501e-12      -1.086227717555e-11       0.000000000000e+00       4.739712307982e-15       1.073987241277e-16       1.992552934731e-16 
 1053       1.452852791541e-10       4.510441552785e-12      -1.092997021587e-11       0.000000000000e+00       4.722377933490e-15       9.877279551105e-17       1.978363979572e-16 
 1054       1.457125376205e-10       4.469898836906e-12      -1.099426641699e-11       0.000000000000e+00       4.705122007302e-15       9.029176309685e-17       1.964101368816e-16 
 1055       1.461449964005e-10       4.429100917101e-12      -1.105515459095e-11       0.000000000000e+00       4.687944128348e-15       8.195866047249e-17       1.949762032529e-16 
 1056       1.465822978337e-10       4.388064388514e-12      -1.111262357945e-11       0.000000000000e+00       4.670843888089e-15       7.377653882011e-17       1.935342878525e-16 
 1057       1.470240814029e-10       4.346805976503e-12      -1.116666225397e-11       0.000000000000e+00       4.653820870505e-15       6.574846695378e-17       1.920840792315e-16 
 1058       1.474699837274e-10       4.305342536951e-12      -1.121725951592e-11       0.000000000000e+00       4.636874652064e-15       5.787753135657e-17       1.906252637051e-16 
 1059       1.479196385558e-10       4.263691056576e-12      -1.126440429686e-11       0.000000000000e+00       4.620004801706e-15       5.016683621766e-17       1.891575253478e-16 
 1060       1.483726767595e-10       4.221868653241e-12      -1.130808555860e-11       0.000000000000e+00       4.603210880819e-15       4.261950346945e-17       1.876805459877e-16 
 1061       1.488287263256e-10       4.179892576264e-12      -1.134829229339e-11       0.000000000000e+00       4.586492443215e-15       3.523867282465e-17       1.861940052017e-16 
 1062       1.492874123502e-10       4.137780206727e-12      -1.138501352408e-11       0.000000000000e+00       4.569849035112e-15       2.802750181338e-17       1.846975803099e-16 
 1063       1.497483570312e-10       4.095549057788e-12      -1.141823830429e-11       0.000000000000e+00       4.553280195109e-15       2.098916582029e-17       1.831909463704e-16 
 1064       1.502111796619e-10       4.053216774989e-12      -1.144795571855e-11       0.000000000000e+00       4.536785454166e-15       1.412685812161e-17       1.816737761744e-16 
 1065       1.506754966238e-10       4.010801136566e-12      -1.147415488248e-11       0.000000000000e+00       4.520364335579e-15       7.443789922325e-18       1.801457402406e-16 
 1066       1.511409213799e-10       3.968320053760e-12      -1.149682494295e-11       0.000000000000e+00       4.504016354960e-15       9.431903932120e-19       1.786065068098e-16 
 1067       1.516070644676e-10       3.925791571127e-12      -1.151595507824e-11       0.000000000000e+00       4.487741020218e-15      -5.371693292029e-18       1.770557418402e-16 
 1068       1.520735334922e-10       3.883233866846e-12      -1.153153449818e-11       0.000000000000e+00       4.471537831529e-15      -1.149759591968e-17       1.754931090019e-16 
 1069       1.525399331196e-10       3.840665253033e-12      -1.154355244437e-11       0.000000000000e+00       4.455406281322e-15      -1.743123419892e-17       1.739182696714e-16 
 1070       1.530058650699e-10       3.798104176045e-12      -1.155199819027e-11       0.000000000000e+00       4.439345854253e-15      -2.316930672468e-17       1.723308829267e-16 
 1071       1.534709281101e-10       3.755569216795e-12      -1.155686104142e-11       0.000000000000e+00       4.423356027184e-15      -2.870849394060e-17       1.707306055418e-16 
 1072       1.539347180475e-10       3.713079091061e-12      -1.155813033557e-11       0.000000000000e+00       4.407436269161e-15      -3.404545810190e-17       1.691170919818e-16 
 1073       1.543968594853e-10       3.670651558952e-12      -1.155580309351e-11       0.000000000000e+00       4.391586096094e-15      -3.917796966008e-17       1.674901020932e-16 
 1074       1.548571015771e-10       3.628300136435e-12      -1.154990708533e-11       0.000000000000e+00       4.375805235658e-15      -4.410830328783e-17       1.658498257919e-16 
 1075       1.553152235625e-10       3.586037339643e-12      -1.154047807858e-11       0.000000000000e+00       4.360093464596e-15      -4.883988802338e-17       1.641965627861e-16 
 1076       1.557710031196e-10       3.543875771859e-12      -1.152755221703e-11       0.000000000000e+00       4.344450554200e-15      -5.337618512213e-17       1.625306152874e-16 
 1077       1.562242163609e-10       3.501828123709e-12      -1.151116602165e-11       0.000000000000e+00       4.328876270297e-15      -5.772068813684e-17       1.608522880167e-16 
 1078       1.566746378303e-10       3.459907173356e-12      -1.149135639155e-11       0.000000000000e+00       4.313370373233e-15      -6.187692299788e-17       1.591618882100e-16 
 1079       1.571220404991e-10       3.418125786703e-12      -1.146816060494e-11       0.000000000000e+00       4.297932617856e-15      -6.584844809336e-17       1.574597256245e-16 
 1080       1.575661957627e-10       3.376496917582e-12      -1.144161632011e-11       0.000000000000e+00       4.282562753497e-15      -6.963885434935e-17       1.557461125449e-16 
 1081       1.580068734370e-10       3.335033607955e-12      -1.141176157637e-11       0.000000000000e+00       4.267260523959e-15      -7.325176531009e-17       1.540213637887e-16 
 1082       1.584438417547e-10       3.293748988107e-12      -1.137863479499e-11       0.000000000000e+00       4.252025667496e-15      -7.669083721815e-17       1.522857967127e-16 
 1083       1.588768673618e-10       3.252656276848e-12      -1.134227478021e-11       0.000000000000e+00       4.236857916801e-15      -7.995975909467e-17       1.505397312188e-16 
 1084       1.593057153142e-10       3.211768781703e-12      -1.130272072015e-11       0.000000000000e+00       4.221756998984e-15      -8.306225281949e-17       1.487834897599e-16 
 1085       1.597301490741e-10       3.171099899111e-12      -1.126001218780e-11       0.000000000000e+00       4.206722635562e-15      -8.600207321142e-17       1.470173973458e-16 
 1086       1.601499305060e-10       3.130663114622e-12      -1.121418914196e-11       0.000000000000e+00       4.191754542437e-15      -8.878300810837e-17       1.452417815497e-16 
 1087       1.605648198738e-10       3.090472003093e-12      -1.116529192821e-11       0.000000000000e+00       4.176852429884e-15      -9.140887844758e-17       1.434569725134e-16 
 1088       1.609745758368e-10       3.050540228885e-12      -1.111336127985e-11       0.000000000000e+00       4.162016002533e-15      -9.388353834579e-17       1.416633029538e-16 
 1089       1.613789554464e-10       3.010881546055e-12      -1.105843831889e-11       0.000000000000e+00       4.147244959352e-15      -9.621087517947e-17       1.398611081687e-16 
 1090       1.617777141423e-10       2.971509798559e-12      -1.100056455699e-11       0.000000000000e+00       4.132538993630e-15      -9.839480966499e-17       1.380507260428e-16 
 1091       1.621706057491e-10       2.932438920444e-12      -1.093978189640e-11       0.000000000000e+00       4.117897792966e-15      -1.004392959388e-16       1.362324970535e-16 
 1092       1.625573824726e-10       2.893682936046e-12      -1.087613263096e-11       0.000000000000e+00       4.103321039245e-15      -1.023483216376e-16       1.344067642772e-16 
 1093       1.629377948964e-10       2.855255960186e-12      -1.080965944702e-11       0.000000000000e+00       4.088808408627e-15      -1.041259079787e-16       1.325738733951e-16 
 1094       1.633115919784e-10       2.817172198364e-12      -1.074040542445e-11       0.000000000000e+00       4.074359571528e-15      -1.057761098400e-16       1.307341726989e-16 
 1095       1.636785210468e-10       2.779445946961e-12      -1.066841403751e-11       0.000000000000e+00       4.059974192607e-15      -1.073030158403e-16       1.288880130973e-16 
 1096       1.640383277971e-10       2.742091593429e-12      -1.059372915591e-11       0.000000000000e+00       4.045651930745e-15      -1.087107484194e-16       1.270357481217e-16 
 1097       1.643907562883e-10       2.705123616493e-12      -1.051639504570e-11       0.000000000000e+00       4.031392439032e-15      -1.100034639184e-16       1.251777339319e-16 
 1098       1.647355489392e-10       2.668556586341e-12      -1.043645637025e-11       0.000000000000e+00       4.017195364751e-15      -1.111853526599e-16       1.233143293226e-16 
 1099       1.650724465249e-10       2.632405164827e-12      -1.035395819122e-11       0.000000000000e+00       4.003060349358e-15      -1.122606390281e-16       1.214458957290e-16 
 1100       1.654011881736e-10       2.596684105664e-12      -1.026894596951e-11       0.000000000000e+00       3.988987028472e-15      -1.132335815492e-16       1.195727972329e-16 
 1101       1.657215113625e-10       2.561408254619e-12      -1.018146556619e-11       0.000000000000e+00       3.974975031850e-15      -1.141084729711e-16       1.176954005685e-16 
 1102       1.660331519145e-10       2.526592549712e-12      -1.009156324351e-11       0.000000000000e+00       3.961023983379e-15      -1.148896403442e-16       1.158140751288e-16 
 1103       1.663358439947e-10       2.492252021413e-12      -9.999285665831e-12       0.000000000000e+00       3.947133501056e-15      -1.155814451013e-16       1.139291929710e-16 
 1104       1.666293201067e-10       2.458401792833e-12      -9.904679900580e-12       0.000000000000e+00       3.933303196971e-15      -1.161882831378e-16       1.120411288229e-16 
 1105       1.669133110893e-10       2.425057079928e-12      -9.807793419216e-12       0.000000000000e+00       3.919532677291e-15      -1.167145848919e-16       1.101502600886e-16 
 1106       1.671875461124e-10       2.392233191689e-12      -9.708674098189e-12       0.000000000000e+00       3.905821542246e-15      -1.171648154247e-16       1.082569668549e-16 
 1107       1.674517526742e-10       2.359945530342e-12      -9.607370219898e-12       0.000000000000e+00       3.892169386109e-15      -1.175434745007e-16       1.063616318965e-16 
 1108       1.677056565968e-10       2.328209591542e-12      -9.503930473647e-12       0.000000000000e+00       3.878575797185e-15      -1.178550966677e-16       1.044646406828e-16 
 1109       1.679489820233e-10       2.297040964572e-12      -9.398403956608e-12       0.000000000000e+00       3.865040357787e-15      -1.181042513370e-16       1.025663813833e-16 
 1110       1.681814514141e-10       2.266455332536e-12      -9.290840174775e-12       0.000000000000e+00       3.851562644227e-15      -1.182955428640e-16       1.006672448738e-16 
 1111       1.684027855429e-10       2.236468472559e-12      -9.181289043927e-12       0.000000000000e+00       3.838142226795e-15      -1.184336106276e-16       9.876762474250e-17 
 1112       1.686127457382e-10       2.207094228855e-12      -9.069801862508e-12       0.000000000000e+00       3.824778714202e-15      -1.185224648489e-16       9.686790163910e-17 
 1113       1.688112612206e-10       2.178338402383e-12      -8.956434242352e-12       0.000000000000e+00       3.811471887565e-15      -1.185634843256e-16       9.496839608674e-17 
 1114       1.689983034312e-10       2.150204781284e-12      -8.841243218377e-12       0.000000000000e+00       3.798221568147e-15      -1.185573925450e-16       9.306941506203e-17 
 1115       1.691738439400e-10       2.122697160727e-12      -8.724286281203e-12       0.000000000000e+00       3.785027573054e-15      -1.185049195756e-16       9.117126759979e-17 
 1116       1.693378544460e-10       2.095819342912e-12      -8.605621378207e-12       0.000000000000e+00       3.771889715216e-15      -1.184068020832e-16       8.927426479741e-17 
 1117       1.694903067780e-10       2.069575137061e-12      -8.485306914575e-12       0.000000000000e+00       3.758807803380e-15      -1.182637833466e-16       8.737871981940e-17 
 1118       1.696311728950e-10       2.043968359427e-12      -8.363401754355e-12       0.000000000000e+00       3.745781642097e-15      -1.180766132733e-16       8.548494790178e-17 
 1119       1.697604248868e-10       2.019002833289e-12      -8.239965221509e-12       0.000000000000e+00       3.732811031707e-15      -1.178460484152e-16       8.359326635654e-17 
 1120       1.698780349745e-10       1.994682388950e-12      -8.115057100966e-12       0.000000000000e+00       3.719895768332e-15      -1.175728519848e-16       8.170399457610e-17 
 1121       1.699839755110e-10       1.971010863744e-12      -7.988737639677e-12       0.000000000000e+00       3.707035643859e-15      -1.172577938706e-16       7.981745403777e-17 
 1122       1.700782189817e-10       1.947992102028e-12      -7.861067547666e-12       0.000000000000e+00       3.694230445933e-15      -1.169016506531e-16       7.793396830818e-17 
 1123       1.701607380048e-10       1.925629955187e-12      -7.732107999083e-12       0.000000000000e+00       3.681479957940e-15      -1.165052056202e-16       7.605386304774e-17 
 1124       1.702315053320e-10       1.903928281630e-12      -7.601920633257e-12       0.000000000000e+00       3.668783958999e-15      -1.160692487837e-16       7.417746601511e-17 
 1125       1.702904938490e-10       1.882890946794e-12      -7.470567555749e-12       0.000000000000e+00       3.656142223947e-15      -1.155945768944e-16       7.230510707161e-17 
 1126       1.703376765761e-10       1.862521823139e-12      -7.338111339406e-12       0.000000000000e+00       3.643554523329e-15      -1.150819934583e-16       7.043711818571e-17 
 1127       1.703730266684e-10       1.842824790153e-12      -7.204615025410e-12       0.000000000000e+00       3.631020623385e-15      -1.145323087523e-16       6.857383343747e-17 
 1128       1.703965174168e-10       1.823803734347e-12      -7.070142124338e-12       0.000000000000e+00       3.618540286039e-15      -1.139463398397e-16       6.671558902298e-17 
 1129       1.704081222484e-10       1.805462549259e-12      -6.934756617207e-12       0.000000000000e+00       3.606113268887e-15      -1.133249105865e-16       6.486272325883e-17 
 1130       1.704078147268e-10       1.787805135450e-12      -6.798522956532e-12       0.000000000000e+00       3.593739325181e-15      -1.126688516769e-16       6.301557658655e-17 
 1131       1.703955685528e-10       1.770835400506e-12      -6.661506067378e-12       0.000000000000e+00       3.581418203825e-15      -1.119790006289e-16       6.117449157704e-17 
 1132       1.703713575651e-10       1.754557259038e-12      -6.523771348411e-12       0.000000000000e+00       3.569149649353e-15      -1.112562018105e-16       5.933981293507e-17 
 1133       1.703351557405e-10       1.738974632680e-12      -6.385384672952e-12       0.000000000000e+00       3.556933401928e-15      -1.105013064553e-16       5.751188750370e-17 
 1134       1.702869371948e-10       1.724091450092e-12      -6.246412390032e-12       0.000000000000e+00       3.544769197319e-15      -1.097151726782e-16       5.569106426873e-17 
 1135       1.702266761828e-10       1.709911646957e-12      -6.106921325441e-12       0.000000000000e+00       3.532656766898e-15      -1.088986654912e-16       5.387769436315e-17 
 1136       1.701543470996e-10       1.696439165980e-12      -5.966978782784e-12       0.000000000000e+00       3.520595837623e-15      -1.080526568195e-16       5.207213107163e-17 
 1137       1.700699244804e-10       1.683677956892e-12      -5.826652544532e-12       0.000000000000e+00       3.508586132027e-15      -1.071780255168e-16       5.027472983490e-17 
 1138       1.699733830015e-10       1.671631976445e-12      -5.686010873077e-12       0.000000000000e+00       3.496627368206e-15      -1.062756573814e-16       4.848584825427e-17 
 1139       1.698646974807e-10       1.660305188415e-12      -5.545122511781e-12       0.000000000000e+00       3.484719259808e-15      -1.053464451721e-16       4.670584609605e-17 
 1140       1.697438428776e-10       1.649701563602e-12      -5.404056686035e-12       0.000000000000e+00       3.472861516020e-15      -1.043912886236e-16       4.493508529599e-17 
 1141       1.696107942947e-10       1.639825079828e-12      -5.262883104305e-12       0.000000000000e+00       3.461053841557e-15      -1.034110944625e-16       4.317392996375e-17 
 1142       1.694655269773e-10       1.630679721935e-12      -5.121671959189e-12       0.000000000000e+00       3.449295936647e-15      -1.024067764233e-16       4.142274638736e-17 
 1143       1.693080163144e-10       1.622269481791e-12      -4.980493928471e-12       0.000000000000e+00       3.437587497023e-15      -1.013792552638e-16       3.968190303764e-17 
 1144       1.691382378394e-10       1.614598358284e-12      -4.839420176170e-12       0.000000000000e+00       3.425928213910e-15      -1.003294587811e-16       3.795177057269e-17 
 1145       1.689561672299e-10       1.607670357325e-12      -4.698522353596e-12       0.000000000000e+00       3.414317774010e-15      -9.925832182743e-17       3.623272184230e-17 
 1146       1.687617803093e-10       1.601489491845e-12      -4.557872600401e-12       0.000000000000e+00       3.402755859494e-15      -9.816678632581e-17       3.452513189243e-17 
 1147       1.685550530463e-10       1.596059781799e-12      -4.417543545632e-12       0.000000000000e+00       3.391242147987e-15      -9.705580128593e-17       3.282937796967e-17 
 1148       1.683359615562e-10       1.591385254161e-12      -4.277608308787e-12       0.000000000000e+00       3.379776312557e-15      -9.592632281986e-17       3.114583952564e-17 
 1149       1.681044821010e-10       1.587469942927e-12      -4.138140500864e-12       0.000000000000e+00       3.368358021706e-15      -9.477931415793e-17       2.947489822150e-17 
 1150       1.678605910901e-10       1.584317889115e-12      -3.999214225414e-12       0.000000000000e+00       3.356986939351e-15      -9.361574566446e-17       2.781693793239e-17 
 1151       1.676042933017e-10       1.581931400626e-12      -3.860898648594e-12       0.000000000000e+00       3.345662758688e-15      -9.243597014807e-17       2.617225520179e-17 
 1152       1.673357069386e-10       1.580305807646e-12      -3.723241631710e-12       0.000000000000e+00       3.334385304257e-15      -9.123784007698e-17       2.454078935110e-17 
 1153       1.670549796531e-10       1.579434640653e-12      -3.586285892942e-12       0.000000000000e+00       3.323154431144e-15      -9.001856648886e-17       2.292238895205e-17 
 1154       1.667622604277e-10       1.579311364357e-12      -3.450074420059e-12       0.000000000000e+00       3.311969991226e-15      -8.877534148737e-17       2.131690106231e-17 
 1155       1.664576995780e-10       1.579929377540e-12      -3.314650470981e-12       0.000000000000e+00       3.300831833156e-15      -8.750533820141e-17       1.972417122184e-17 
 1156       1.661414487558e-10       1.581282012899e-12      -3.180057574341e-12       0.000000000000e+00       3.289739802359e-15      -8.620571074440e-17       1.814404344920e-17 
 1157       1.658136609519e-10       1.583362536892e-12      -3.046339530044e-12       0.000000000000e+00       3.278693741020e-15      -8.487359417352e-17       1.657636023795e-17 
 1158       1.654744904997e-10       1.586164149575e-12      -2.913540409831e-12       0.000000000000e+00       3.267693488077e-15      -8.350610444894e-17       1.502096255296e-17 
 1159       1.651240930780e-10       1.589679984446e-12      -2.781704557839e-12       0.000000000000e+00       3.256738879210e-15      -8.210033839310e-17       1.347768982677e-17 
 1160       1.647626257139e-10       1.593903108290e-12      -2.650876591163e-12       0.000000000000e+00       3.245829746835e-15      -8.065337364997e-17       1.194637995593e-17 
 1161       1.643902467864e-10       1.598826521018e-12      -2.521101400415e-12       0.000000000000e+00       3.234965920092e-15      -7.916226864426e-17       1.042686929736e-17 
 1162       1.640071160291e-10       1.604443155511e-12      -2.392424150291e-12       0.000000000000e+00       3.224147224838e-15      -7.762406254072e-17       8.918992664689e-18 
 1163       1.636133945332e-10       1.610745877463e-12      -2.264890280126e-12       0.000000000000e+00       3.213373483636e-15      -7.603577520336e-17       7.422583324588e-18 
 1164       1.632092447511e-10       1.617727485220e-12      -2.138545504459e-12       0.000000000000e+00       3.202644515749e-15      -7.439440715472e-17       5.937472993143e-18 
 1165       1.627948304989e-10       1.625380709626e-12      -2.013435813595e-12       0.000000000000e+00       3.191960137130e-15      -7.269693953511e-17       4.463491832188e-18 
 1166       1.623703169599e-10       1.633698213865e-12      -1.889607474161e-12       0.000000000000e+00       3.181320160410e-15      -7.094033406188e-17       3.000468445651e-18 
 1167       1.619358706875e-10       1.642672593299e-12      -1.767107029676e-12       0.000000000000e+00       3.170724394895e-15      -6.912153298865e-17       1.548229875904e-18 
 1168       1.614916596083e-10       1.652296375317e-12      -1.645981301105e-12       0.000000000000e+00       3.160172646552e-15      -6.723745906459e-17       1.066016001107e-19 
 1169       1.610378530254e-10       1.662562019172e-12      -1.526277387424e-12       0.000000000000e+00       3.149664718001e-15      -6.528501549364e-17      -1.324592473429e-18 
 1170       1.605746216211e-10       1.673461915826e-12      -1.408042666180e-12       0.000000000000e+00       3.139200408508e-15      -6.326108589377e-17      -2.745530008931e-18 
 1171       1.601021374603e-10       1.684988387791e-12      -1.291324794053e-12       0.000000000000e+00       3.128779513975e-15      -6.116253425628e-17      -4.156390246780e-18 
 1172       1.596205739935e-10       1.697133688972e-12      -1.176171707417e-12       0.000000000000e+00       3.118401826930e-15      -5.898620490498e-17      -5.557354007182e-18 
 1173       1.591301060599e-10       1.709890004509e-12      -1.062631622902e-12       0.000000000000e+00       3.108067136519e-15      -5.672892245549e-17      -6.948603693817e-18 
 1174       1.586309098904e-10       1.723249450620e-12      -9.507530379556e-13       0.000000000000e+00       3.097775228500e-15      -5.438749177447e-17      -8.330323297496e-18 
 1175       1.581231631108e-10       1.737204074444e-12      -8.405847314023e-13       0.000000000000e+00       3.087525885226e-15      -5.195869793890e-17      -9.702698399808e-18 
 1176       1.576070447448e-10       1.751745853879e-12      -7.321757640074e-13       0.000000000000e+00       3.077318885645e-15      -4.943930619528e-17      -1.106591617678e-17 
 1177       1.570827352173e-10       1.766866697430e-12      -6.255754790369e-13       0.000000000000e+00       3.067154005287e-15      -4.682606191896e-17      -1.242016540251e-17 
 1178       1.565504163572e-10       1.782558444048e-12      -5.208335028197e-13       0.000000000000e+00       3.057031016253e-15      -4.411569057331e-17      -1.376563645287e-17 
 1179       1.560102714007e-10       1.798812862974e-12      -4.179997453081e-13       0.000000000000e+00       3.046949687211e-15      -4.130489766904e-17      -1.510252130909e-17 
 1180       1.554624849941e-10       1.815621653579e-12      -3.171244006401e-13       0.000000000000e+00       3.036909783383e-15      -3.839036872341e-17      -1.643101356147e-17 
 1181       1.549072431974e-10       1.832976445208e-12      -2.182579477001e-13       0.000000000000e+00       3.026911066538e-15      -3.536876921949e-17      -1.775130841299e-17 
 1182       1.543447334868e-10       1.850868797024e-12      -1.214511506806e-13       0.000000000000e+00       3.016953294982e-15      -3.223674456543e-17      -1.906360268300e-17 
 1183       1.537751447584e-10       1.869290197846e-12      -2.675505964371e-14       0.000000000000e+00       3.007036223550e-15      -2.899092005371e-17      -2.036809481085e-17 
 1184       1.531986673307e-10       1.888232065996e-12       6.577898891798e-14       0.000000000000e+00       2.997159603596e-15      -2.562790082036e-17      -2.166498485954e-17 
 1185       1.526154929480e-10       1.907685749137e-12       1.560993715195e-13       0.000000000000e+00       2.987323182985e-15      -2.214427180425e-17      -2.295447451939e-17 
 1186       1.520258147836e-10       1.927642524118e-12       2.441541771224e-13       0.000000000000e+00       2.977526706086e-15      -1.853659770634e-17      -2.423676711168e-17 
 1187       1.514298274426e-10       1.948093596817e-12       3.298912065732e-13       0.000000000000e+00       2.967769913757e-15      -1.480142294889e-17      -2.551206759232e-17 
 1188       1.508277269650e-10       1.969030101981e-12       4.132579720423e-13       0.000000000000e+00       2.958052543343e-15      -1.093527163477e-17      -2.678058255547e-17 
 1189       1.502197108293e-10       1.990443103069e-12       4.942016964621e-13       0.000000000000e+00       2.948374328662e-15      -6.934647506688e-18      -2.804252023724e-17 
 1190       1.496059793156e-10       2.012323100510e-12       5.726773230472e-13       0.000000000000e+00       2.938735024935e-15      -2.797649670659e-18      -2.929803433507e-17 
 1191       1.489867396099e-10       2.034658550182e-12       6.486716526744e-13       0.000000000000e+00       2.929134483916e-15       1.471158427423e-18      -3.054705470345e-17 
 1192       1.483622017566e-10       2.057437326421e-12       7.221795018560e-13       0.000000000000e+00       2.919572579668e-15       5.865558255729e-18      -3.178945458594e-17 
 1193       1.477325773060e-10       2.080647211758e-12       7.931957196663e-13       0.000000000000e+00       2.910049183702e-15       1.037928644038e-17      -3.302510660978e-17 
 1194       1.470980793165e-10       2.104275896719e-12       8.617151878584e-13       0.000000000000e+00       2.900564164967e-15       1.500603466937e-17      -3.425388278470e-17 
 1195       1.464589223590e-10       2.128310979628e-12       9.277328209808e-13       0.000000000000e+00       2.891117389850e-15       1.973944959653e-17      -3.547565450184e-17 
 1196       1.458153225193e-10       2.152739966403e-12       9.912435664947e-13       0.000000000000e+00       2.881708722163e-15       2.457313274548e-17      -3.669029253268e-17 
 1197       1.451674974014e-10       2.177550270362e-12       1.052242404890e-12       0.000000000000e+00       2.872338023139e-15       2.950064041352e-17      -3.789766702786e-17 
 1198       1.445156661312e-10       2.202729212021e-12       1.110724349804e-12       0.000000000000e+00       2.863005151427e-15       3.451548357565e-17      -3.909764751617e-17 
 1199       1.438600493590e-10       2.228264018894e-12       1.166684448136e-12       0.000000000000e+00       2.853709963080e-15       3.961112778843e-17      -4.029010290337e-17 
 1200       1.432008692632e-10       2.254141825295e-12       1.220117780164e-12       0.000000000000e+00       2.844452311552e-15       4.478099309400e-17      -4.147490147112e-17 
 1201       1.425383495534e-10       2.280349672139e-12       1.271019459665e-12       0.000000000000e+00       2.835232047692e-15       5.001845392397e-17      -4.265191087588e-17 
 1202       1.418727154736e-10       2.306874506741e-12       1.319384634026e-12       0.000000000000e+00       2.826049019734e-15       5.531683900339e-17      -4.382099814778e-17 
 1203       1.412041938052e-10       2.333703182619e-12       1.365208484368e-12       0.000000000000e+00       2.816903073291e-15       6.066943125466e-17      -4.498202968955e-17 
 1204       1.405330128706e-10       2.360822459293e-12       1.408486225657e-12       0.000000000000e+00       2.807794051350e-15       6.606946770154e-17      -4.613487127539e-17 
 1205       1.398594025358e-10       2.388219002087e-12       1.449213106821e-12       0.000000000000e+00       2.798721794263e-15       7.151013937300e-17      -4.727938804987e-17 
 1206       1.391835942144e-10       2.415879381926e-12       1.487384410873e-12       0.000000000000e+00       2.789686139743e-15       7.698459120724e-17      -4.841544452683e-17 
 1207       1.385058208702e-10       2.443790075144e-12       1.522995455020e-12       0.000000000000e+00       2.780686922854e-15       8.248592195561e-17      -4.954290458830e-17 
 1208       1.378263170206e-10       2.471937463277e-12       1.556041590785e-12       0.000000000000e+00       2.771723976005e-15       8.800718408654e-17      -5.066163148335e-17 
 1209       1.371453187398e-10       2.500307832868e-12       1.586518204121e-12       0.000000000000e+00       2.762797128945e-15       9.354138368948e-17      -5.177148782701e-17 
 1210       1.364630636620e-10       2.528887375266e-12       1.614420715530e-12       0.000000000000e+00       2.753906208753e-15       9.908148037888e-17      -5.287233559917e-17 
 1211       1.357797909846e-10       2.557662186430e-12       1.639744580177e-12       0.000000000000e+00       2.745051039835e-15       1.046203871981e-16      -5.396403614347e-17 
 1212       1.350957414714e-10       2.586618266724e-12       1.662485288011e-12       0.000000000000e+00       2.736231443915e-15       1.101509705233e-16      -5.504645016619e-17 
 1213       1.344111574558e-10       2.615741520723e-12       1.682638363878e-12       0.000000000000e+00       2.727447240026e-15       1.156660499676e-16      -5.611943773517e-17 
 1214       1.337262828442e-10       2.645017757010e-12       1.700199367639e-12       0.000000000000e+00       2.718698244509e-15       1.211583982846e-16      -5.718285827867e-17 
 1215       1.330413631188e-10       2.674432687979e-12       1.715163894288e-12       0.000000000000e+00       2.709984270999e-15       1.266207412729e-16      -5.823657058430e-17 
 1216       1.323566453410e-10       2.703971929635e-12       1.727527574067e-12       0.000000000000e+00       2.701305130425e-15       1.320457576796e-16      -5.928043279789e-17 
 1217       1.316723781549e-10       2.733621001394e-12       1.737286072585e-12       0.000000000000e+00       2.692660630999e-15       1.374260791042e-16      -6.031430242240e-17 
 1218       1.309888117901e-10       2.763365325886e-12       1.744435090931e-12       0.000000000000e+00       2.684050578210e-15       1.427542899030e-16      -6.133803631681e-17 
 1219       1.303061980648e-10       2.793190228752e-12       1.748970365797e-12       0.000000000000e+00       2.675474774817e-15       1.480229270927e-16      -6.235149069502e-17 
 1220       1.296247903897e-10       2.823080938448e-12       1.750887669587e-12       0.000000000000e+00       2.666933020842e-15       1.532244802542e-16      -6.335452112476e-17 
 1221       1.289448437704e-10       2.853022586044e-12       1.750182810541e-12       0.000000000000e+00       2.658425113566e-15       1.583513914369e-16      -6.434698252645e-17 
 1222       1.282666148112e-10       2.883000205026e-12       1.746851632848e-12       0.000000000000e+00       2.649950847518e-15       1.633960550626e-16      -6.532872917212e-17 
 1223       1.275903617178e-10       2.912998731093e-12       1.740890016764e-12       0.000000000000e+00       2.641510014471e-15       1.683508178291e-16      -6.629961468432e-17 
 1224       1.269163443009e-10       2.943003001965e-12       1.732293878727e-12       0.000000000000e+00       2.633102403433e-15       1.732079786145e-16      -6.725949203498e-17 
 1225       1.262448239794e-10       2.972997757175e-12       1.721059171477e-12       0.000000000000e+00       2.624727800642e-15       1.779597883811e-16      -6.820821354433e-17 
 1226       1.255760637833e-10       3.002967637877e-12       1.707181884169e-12       0.000000000000e+00       2.616385989560e-15       1.825984500790e-16      -6.914563087979e-17 
 1227       1.249103283571e-10       3.032897186642e-12       1.690658042495e-12       0.000000000000e+00       2.608076750863e-15       1.871161185507e-16      -7.007159505488e-17 
 1228       1.242478839630e-10       3.062770847262e-12       1.671483708795e-12       0.000000000000e+00       2.599799862435e-15       1.915049004343e-16      -7.098595642808e-17 
 1229       1.235889768449e-10       3.092573888373e-12       1.649660755174e-12       0.000000000000e+00       2.591555121141e-15       1.957590968901e-16      -7.188857639469e-17 
 1230       1.229337680310e-10       3.122295186771e-12       1.625214257764e-12       0.000000000000e+00       2.583342408421e-15       1.998819611697e-16      -7.277936261663e-17 
 1231       1.222823977623e-10       3.151924476804e-12       1.598175309579e-12       0.000000000000e+00       2.575161625462e-15       2.038790212313e-16      -7.365823420948e-17 
 1232       1.216350070626e-10       3.181451429429e-12       1.568575266868e-12       0.000000000000e+00       2.567012671485e-15       2.077558442898e-16      -7.452511008734e-17 
 1233       1.209917377402e-10       3.210865652080e-12       1.536445749684e-12       0.000000000000e+00       2.558895443740e-15       2.115180368991e-16      -7.537990896270e-17 
 1234       1.203527323892e-10       3.240156688548e-12       1.501818642459e-12       0.000000000000e+00       2.550809837500e-15       2.151712450342e-16      -7.622254934622e-17 
 1235       1.197181343912e-10       3.269314018850e-12       1.464726094584e-12       0.000000000000e+00       2.542755746060e-15       2.187211541729e-16      -7.705294954662e-17 
 1236       1.190880879167e-10       3.298327059106e-12       1.425200520977e-12       0.000000000000e+00       2.534733060726e-15       2.221734893778e-16      -7.787102767041e-17 
 1237       1.184627379265e-10       3.327185161413e-12       1.383274602667e-12       0.000000000000e+00       2.526741670815e-15       2.255340153785e-16      -7.867670162182e-17 
 1238       1.178422301734e-10       3.355877613716e-12       1.338981287360e-12       0.000000000000e+00       2.518781463647e-15       2.288085366536e-16      -7.946988910254e-17 
 1239       1.172267112034e-10       3.384393639686e-12       1.292353790021e-12       0.000000000000e+00       2.510852324542e-15       2.320028975121e-16      -8.025050761159e-17 
 1240       1.166163283575e-10       3.412722398592e-12       1.243425593443e-12       0.000000000000e+00       2.502954136811e-15       2.351229821763e-16      -8.101847444511e-17 
 1241       1.160112297729e-10       3.440852985174e-12       1.192230448829e-12       0.000000000000e+00       2.495086781756e-15       2.381747148632e-16      -8.177370669624e-17 
 1242       1.154115643846e-10       3.468774429521e-12       1.138802376363e-12       0.000000000000e+00       2.487250138662e-15       2.411640598663e-16      -8.251612125488e-17 
 1243       1.148174819271e-10       3.496475696939e-12       1.083175665783e-12       0.000000000000e+00       2.479444084791e-15       2.440970216383e-16      -8.324563480755e-17 
 1244       1.142291329354e-10       3.523945687832e-12       1.025384876961e-12       0.000000000000e+00       2.471668495379e-15       2.469796448723e-16      -8.396216383721e-17 
 1245       1.136466687471e-10       3.551173237570e-12       9.654648404764e-13       0.000000000000e+00       2.463923243632e-15       2.498180145846e-16      -8.466562462309e-17 
 1246       1.130702415032e-10       3.578147116365e-12       9.034506581883e-13       0.000000000000e+00       2.456208200716e-15       2.526182561956e-16      -8.535593324048e-17 
 1247       1.125000041503e-10       3.604856029149e-12       8.393777038142e-13       0.000000000000e+00       2.448523235756e-15       2.553865356131e-16      -8.603300556062e-17 
 1248       1.119361104416e-10       3.631288615441e-12       7.732816235037e-13       0.000000000000e+00       2.440868215831e-15       2.581290593130e-16      -8.669675725044e-17 
 1249       1.113787149384e-10       3.657433449226e-12       7.051983364133e-13       0.000000000000e+00       2.433243005967e-15       2.608520744224e-16      -8.734710377247e-17 
 1250       1.108279730118e-10       3.683279038828e-12       6.351640352820e-13       0.000000000000e+00       2.425647469132e-15       2.635618688006e-16      -8.798396038458e-17 
 1251       1.102840408442e-10       3.708813826783e-12       5.632151870060e-13       0.000000000000e+00       2.418081466231e-15       2.662647711219e-16      -8.860724213989e-17 
 1252       1.097470754305e-10       3.734026189714e-12       4.893885332143e-13       0.000000000000e+00       2.410544856105e-15       2.689671509571e-16      -8.921686388652e-17 
 1253       1.092172345799e-10       3.758904438205e-12       4.137210908432e-13       0.000000000000e+00       2.403037495518e-15       2.716754188556e-16      -8.981274026746e-17 
 1254       1.086946769173e-10       3.783436816674e-12       3.362501527120e-13       0.000000000000e+00       2.395559239158e-15       2.743960264273e-16      -9.039478572038e-17 
 1255       1.081795618846e-10       3.807611503250e-12       2.570132880975e-13       0.000000000000e+00       2.388109939630e-15       2.771354664250e-16      -9.096291447744e-17 
 1256       1.076720497425e-10       3.831416609641e-12       1.760483433096e-13       0.000000000000e+00       2.380689447453e-15       2.799002728258e-16      -9.151704056514e-17 
 1257       1.071723015715e-10       3.854840181017e-12       9.339344226601e-14       0.000000000000e+00       2.373297611049e-15       2.826970209134e-16      -9.205707780413e-17 
 1258       1.066804792741e-10       3.877870195874e-12       9.086987067749e-15       0.000000000000e+00       2.365934276744e-15       2.855323273601e-16      -9.258293980905e-17 
 1259       1.061967455757e-10       3.900494565917e-12      -7.683234142616e-14       0.000000000000e+00       2.358599288762e-15       2.884128503086e-16      -9.309453998831e-17 
 1260       1.057212640262e-10       3.922701135927e-12      -1.643255830234e-13       0.000000000000e+00       2.351292489217e-15       2.913452894543e-16      -9.359179154398e-17 
 1261       1.052541990017e-10       3.944477683639e-12      -2.533534976231e-13       0.000000000000e+00       2.344013718108e-15       2.943363861269e-16      -9.407460747154e-17 
 1262       1.047957157059e-10       3.965811919617e-12      -3.438765646413e-13       0.000000000000e+00       2.336762813319e-15       2.973929233726e-16      -9.454290055978e-17 
 1263       1.043459801714e-10       3.986691487124e-12      -4.358549824350e-13       0.000000000000e+00       2.329539610608e-15       3.005217260362e-16      -9.499658339058e-17 
 1264       1.039051592613e-10       4.007103961999e-12      -5.292486677280e-13       0.000000000000e+00       2.322343943605e-15       3.037296608427e-16      -9.543556833872e-17 
 1265       1.034734206709e-10       4.027036852530e-12      -6.240172550350e-13       0.000000000000e+00       2.315175643805e-15       3.070236364798e-16      -9.585976757175e-17 
 1266       1.030509329289e-10       4.046477599328e-12      -7.201200960869e-13       0.000000000000e+00       2.308034540565e-15       3.104106036793e-16      -9.626909304977e-17 
 1267       1.026378653989e-10       4.065413575201e-12      -8.175162592559e-13       0.000000000000e+00       2.300920461099e-15       3.138975552997e-16      -9.666345652530e-17 
 1268       1.022343595010e-10       4.083833766567e-12      -9.161639341830e-13       0.000000000000e+00       2.293833246420e-15       3.174893805175e-16      -9.704279387941e-17 
 1269       1.018404420100e-10       4.101733839147e-12      -1.016018639308e-12       0.000000000000e+00       2.286772799395e-15       3.211824001616e-16      -9.740713843771e-17 
 1270       1.014561107602e-10       4.119111130426e-12      -1.117034992528e-12       0.000000000000e+00       2.279739037237e-15       3.249707570081e-16      -9.775654849932e-17 
 1271       1.010813633347e-10       4.135962973413e-12      -1.219167303506e-12       0.000000000000e+00       2.272731875598e-15       3.288485548311e-16      -9.809108307886e-17 
 1272       1.007161970641e-10       4.152286696637e-12      -1.322369573046e-12       0.000000000000e+00       2.265751228570e-15       3.328098583242e-16      -9.841080190804e-17 
 1273       1.003606090263e-10       4.168079624152e-12      -1.426595492475e-12       0.000000000000e+00       2.258797008675e-15       3.368486930228e-16      -9.871576543735e-17 
 1274       1.000145960456e-10       4.183339075532e-12      -1.531798443026e-12       0.000000000000e+00       2.251869126867e-15       3.409590452263e-16      -9.900603483769e-17 
 1275       9.967815469226e-11       4.198062365874e-12      -1.637931495217e-12       0.000000000000e+00       2.244967492523e-15       3.451348619193e-16      -9.928167200198e-17 
 1276       9.935128128160e-11       4.212246805793e-12      -1.744947408229e-12       0.000000000000e+00       2.238092013444e-15       3.493700506943e-16      -9.954273954682e-17 
 1277       9.903397187347e-11       4.225889701426e-12      -1.852798629290e-12       0.000000000000e+00       2.231242595847e-15       3.536584796733e-16      -9.978930081414e-17 
 1278       9.872622227157e-11       4.238988354430e-12      -1.961437293056e-12       0.000000000000e+00       2.224419144361e-15       3.579939774298e-16      -1.000214198728e-16 
 1279       9.842802802279e-11       4.251540061978e-12      -2.070815220988e-12       0.000000000000e+00       2.217621562028e-15       3.623703329106e-16      -1.002391615203e-16 
 1280       9.813938441655e-11       4.263542116764e-12      -2.180883920735e-12       0.000000000000e+00       2.210849750294e-15       3.667812953582e-16      -1.004425912844e-16 
 1281       9.786028648413e-11       4.274991807000e-12      -2.291594585515e-12       0.000000000000e+00       2.204103609007e-15       3.712205742321e-16      -1.006317754245e-16 
 1282       9.759072899803e-11       4.285886416412e-12      -2.402898093493e-12       0.000000000000e+00       2.197383036414e-15       3.756818391313e-16      -1.008067809339e-16 
 1283       9.733070647130e-11       4.296223224246e-12      -2.514745007164e-12       0.000000000000e+00       2.190687929153e-15       3.801587197162e-16      -1.009676755407e-16 
 1284       9.708021315689e-11       4.305999505264e-12      -2.627085572732e-12       0.000000000000e+00       2.184018182256e-15       3.846448056302e-16      -1.011145277100e-16 
 1285       9.683924304696e-11       4.315212529740e-12      -2.739869719494e-12       0.000000000000e+00       2.177373689140e-15       3.891336464218e-16      -1.012474066453e-16 
 1286       9.660778987225e-11       4.323859563468e-12      -2.853047059213e-12       0.000000000000e+00       2.170754341602e-15       3.936187514669e-16      -1.013663822901e-16 
 1287       9.638584710143e-11       4.331937867753e-12      -2.966566885508e-12       0.000000000000e+00       2.164160029820e-15       3.980935898901e-16      -1.014715253296e-16 
 1288       9.617340794039e-11       4.339444699414e-12      -3.080378173227e-12       0.000000000000e+00       2.157590642347e-15       4.025515904874e-16      -1.015629071925e-16 
 1289       9.597046533166e-11       4.346377310785e-12      -3.194429577831e-12       0.000000000000e+00       2.151046066104e-15       4.069861416474e-16      -1.016406000523e-16 
 1290       9.577701195366e-11       4.352732949712e-12      -3.308669434775e-12       0.000000000000e+00       2.144526186381e-15       4.113905912739e-16      -1.017046768292e-16 
 1291       9.559304022010e-11       4.358508859552e-12      -3.423045758887e-12       0.000000000000e+00       2.138030886828e-15       4.157582467074e-16      -1.017552111917e-16 
 1292       9.541854227933e-11       4.363702279177e-12      -3.537506243747e-12       0.000000000000e+00       2.131560049458e-15       4.200823746472e-16      -1.017922775582e-16 
 1293       9.525351001361e-11       4.368310442965e-12      -3.651998261074e-12       0.000000000000e+00       2.125113554635e-15       4.243562010736e-16      -1.018159510986e-16 
 1294       9.509793503854e-11       4.372330580809e-12      -3.766468860097e-12       0.000000000000e+00       2.118691281076e-15       4.285729111693e-16      -1.018263077359e-16 
 1295       9.495180870233e-11       4.375759918111e-12      -3.880864766946e-12       0.000000000000e+00       2.112293105845e-15       4.327256492420e-16      -1.018234241482e-16 
 1296       9.481512208518e-11       4.378595675779e-12      -3.995132384022e-12       0.000000000000e+00       2.105918904349e-15       4.368075186457e-16      -1.018073777698e-16 
 1297       9.468786599860e-11       4.380835070235e-12      -4.109217789386e-12       0.000000000000e+00       2.099568550334e-15       4.408115817032e-16      -1.017782467932e-16 
 1298       9.457003098477e-11       4.382475313407e-12      -4.223066736137e-12       0.000000000000e+00       2.093241915881e-15       4.447308596277e-16      -1.017361101706e-16 
 1299       9.446160731587e-11       4.383513612728e-12      -4.336624651789e-12       0.000000000000e+00       2.086938871404e-15       4.485583324450e-16      -1.016810476156e-16 
 1300       9.436258499340e-11       4.383947171143e-12      -4.449836637656e-12       0.000000000000e+00       2.080659285643e-15       4.522869389153e-16      -1.016131396048e-16 
 1301       9.427295374756e-11       4.383773187100e-12      -4.562647468232e-12       0.000000000000e+00       2.074403025663e-15       4.559095764550e-16      -1.015324673795e-16 
 1302       9.419270303656e-11       4.382988854556e-12      -4.675001590569e-12       0.000000000000e+00       2.068169956847e-15       4.594191010591e-16      -1.014391129473e-16 
 1303       9.412182204599e-11       4.381591362970e-12      -4.786843123659e-12       0.000000000000e+00       2.061959942896e-15       4.628083272227e-16      -1.013331590837e-16 
 1304       9.406029968812e-11       4.379577897309e-12      -4.898115857815e-12       0.000000000000e+00       2.055772845820e-15       4.660700278632e-16      -1.012146893337e-16 
 1305       9.400812460127e-11       4.376945638042e-12      -5.008763254052e-12       0.000000000000e+00       2.049608525941e-15       4.691969342421e-16      -1.010837880137e-16 
 1306       9.396528514915e-11       4.373691761144e-12      -5.118728443466e-12       0.000000000000e+00       2.043466841881e-15       4.721817358872e-16      -1.009405402128e-16 
 1307       9.393175084225e-11       4.369814858044e-12      -5.227958511312e-12       0.000000000000e+00       2.037347663520e-15       4.750190989231e-16      -1.007850371052e-16 
 1308       9.390741637592e-11       4.365319212867e-12      -5.336417402927e-12       0.000000000000e+00       2.031250911012e-15       4.777117459289e-16      -1.006173919490e-16 
 1309       9.389215696496e-11       4.360210573037e-12      -5.444073160949e-12       0.000000000000e+00       2.025176516195e-15       4.802644439376e-16      -1.004377242695e-16 
 1310       9.388584686282e-11       4.354494733770e-12      -5.550893653397e-12       0.000000000000e+00       2.019124409672e-15       4.826819922614e-16      -1.002461545670e-16 
 1311       9.388835935962e-11       4.348177538169e-12      -5.656846573353e-12       0.000000000000e+00       2.013094520810e-15       4.849692225549e-16      -1.000428043188e-16 
 1312       9.389956678018e-11       4.341264877325e-12      -5.761899438643e-12       0.000000000000e+00       2.007086777733e-15       4.871309988794e-16      -9.982779598114e-17 
 1313       9.391934048209e-11       4.333762690417e-12      -5.866019591521e-12       0.000000000000e+00       2.001101107324e-15       4.891722177656e-16      -9.960125299131e-17 
 1314       9.394755085371e-11       4.325676964807e-12      -5.969174198345e-12       0.000000000000e+00       1.995137435219e-15       4.910978082782e-16      -9.936329976959e-17 
 1315       9.398406731223e-11       4.317013736144e-12      -6.071330249264e-12       0.000000000000e+00       1.989195685803e-15       4.929127320786e-16      -9.911406172131e-17 
 1316       9.402875830169e-11       4.307779088460e-12      -6.172454557895e-12       0.000000000000e+00       1.983275782210e-15       4.946219834895e-16      -9.885366523881e-17 
 1317       9.408149129102e-11       4.297979154270e-12      -6.272513761005e-12       0.000000000000e+00       1.977377646317e-15       4.962305895577e-16      -9.858223770349e-17 
 1318       9.414213277210e-11       4.287620114673e-12      -6.371474318197e-12       0.000000000000e+00       1.971501198744e-15       4.977436101180e-16      -9.829990748782e-17 
 1319       9.421054825777e-11       4.276708199447e-12      -6.469302511584e-12       0.000000000000e+00       1.965646358849e-15       4.991661378571e-16      -9.800680395732e-17 
 1320       9.428660227986e-11       4.265249687152e-12      -6.565964445475e-12       0.000000000000e+00       1.959813044725e-15       5.005032983770e-16      -9.770305747262e-17 
 1321       9.437015838725e-11       4.253250905226e-12      -6.661426046056e-12       0.000000000000e+00       1.954001173198e-15       5.017602502586e-16      -9.738879939143e-17 
 1322       9.446107914391e-11       4.240718230088e-12      -6.755653061069e-12       0.000000000000e+00       1.948210659824e-15       5.029421851253e-16      -9.706416207057e-17 
 1323       9.455922612690e-11       4.227658087233e-12      -6.848611059497e-12       0.000000000000e+00       1.942441418882e-15       5.040543277069e-16      -9.672927886798e-17 
 1324       9.466445992444e-11       4.214076951334e-12      -6.940265431240e-12       0.000000000000e+00       1.936693363380e-15       5.051019359028e-16      -9.638428414476e-17 
 1325       9.477664013395e-11       4.199981346337e-12      -7.030581386802e-12       0.000000000000e+00       1.930966405042e-15       5.060903008461e-16      -9.602931326710e-17 
 1326       9.489562536004e-11       4.185377845568e-12      -7.119523956969e-12       0.000000000000e+00       1.925260454312e-15       5.070247469668e-16      -9.566450260840e-17 
 1327       9.502127321262e-11       4.170273071824e-12      -7.207057992491e-12       0.000000000000e+00       1.919575420346e-15       5.079106320559e-16      -9.528998955119e-17 
 1328       9.515344030486e-11       4.154673697476e-12      -7.293148163762e-12       0.000000000000e+00       1.913911211015e-15       5.087533473286e-16      -9.490591248921e-17 
 1329       9.529198225129e-11       4.138586444568e-12      -7.377758960505e-12       0.000000000000e+00       1.908267732895e-15       5.095583174880e-16      -9.451241082936e-17 
 1330       9.543675366579e-11       4.122018084914e-12      -7.460854691450e-12       0.000000000000e+00       1.902644891269e-15       5.103310007890e-16      -9.410962499377e-17 
 1331       9.558760815966e-11       4.104975440201e-12      -7.542399484014e-12       0.000000000000e+00       1.897042590122e-15       5.110768891018e-16      -9.369769642178e-17 
 1332       9.574439833962e-11       4.087465382084e-12      -7.622357283988e-12       0.000000000000e+00       1.891460732140e-15       5.118015079752e-16      -9.327676757195e-17 
 1333       9.590697580590e-11       4.069494832287e-12      -7.700691855213e-12       0.000000000000e+00       1.885899218702e-15       5.125104167008e-16      -9.284698192409e-17 
 1334       9.607519115021e-11       4.051070762704e-12      -7.777366779264e-12       0.000000000000e+00       1.880357949885e-15       5.132092083763e-16      -9.240848398125e-17 
 1335       9.624889395384e-11       4.032200195493e-12      -7.852345455128e-12       0.000000000000e+00       1.874836824452e-15       5.139035099691e-16      -9.196141927175e-17 
 1336       9.642793278566e-11       4.012890203182e-12      -7.925591098892e-12       0.000000000000e+00       1.869335739856e-15       5.145989823801e-16      -9.150593435119e-17 
 1337       9.661215520016e-11       3.993147908760e-12      -7.997066743416e-12       0.000000000000e+00       1.863854592234e-15       5.153013205071e-16      -9.104217680445e-17 
 1338       9.680140773548e-11       3.972980485784e-12      -8.066735238021e-12       0.000000000000e+00       1.858393276405e-15       5.160162533088e-16      -9.057029524770e-17 
 1339       9.699553591149e-11       3.952395158474e-12      -8.134559248167e-12       0.000000000000e+00       1.852951685864e-15       5.167495438679e-16      -9.009043933045e-17 
 1340       9.719438422776e-11       3.931399201811e-12      -8.200501255134e-12       0.000000000000e+00       1.847529712784e-15       5.175069894554e-16      -8.960275973750e-17 
 1341       9.739779616164e-11       3.909999941638e-12      -8.264523555704e-12       0.000000000000e+00       1.842127248010e-15       5.182944215936e-16      -8.910740819101e-17 
 1342       9.760561416631e-11       3.888204754762e-12      -8.326588261846e-12       0.000000000000e+00       1.836744181056e-15       5.191177061200e-16      -8.860453745248e-17 
 1343       9.781767966875e-11       3.866021069046e-12      -8.386657300389e-12       0.000000000000e+00       1.831380400101e-15       5.199827432511e-16      -8.809430132476e-17 
 1344       9.803383306787e-11       3.843456363516e-12      -8.444692412712e-12       0.000000000000e+00       1.826035791990e-15       5.208954676457e-16      -8.757685465408e-17 
 1345       9.825391373246e-11       3.820518168452e-12      -8.500655154421e-12       0.000000000000e+00       1.820710242226e-15       5.218618484688e-16      -8.705235333205e-17 
 1346       9.847776051410e-11       3.797214455117e-12      -8.554513041397e-12       0.000000000000e+00       1.815403645195e-15       5.228862626008e-16      -8.652094448676e-17 
 1347       9.870521329585e-11       3.773554809353e-12      -8.606258061657e-12       0.000000000000e+00       1.810115934949e-15       5.239665947998e-16      -8.598273693547e-17 
 1348       9.893611145647e-11       3.749549270929e-12      -8.655888363962e-12       0.000000000000e+00       1.804847054752e-15       5.250990844371e-16      -8.543783041495e-17 
 1349       9.917029335518e-11       3.725207945199e-12      -8.703402129780e-12       0.000000000000e+00       1.799596946879e-15       5.262799474785e-16      -8.488632536460e-17 
 1350       9.940759632975e-11       3.700541003225e-12      -8.748797573379e-12       0.000000000000e+00       1.794365552619e-15       5.275053764398e-16      -8.432832292785e-17 
 1351       9.964785669455e-11       3.675558681907e-12      -8.792072941912e-12       0.000000000000e+00       1.789152812269e-15       5.287715403431e-16      -8.376392495351e-17 
 1352       9.989090973865e-11       3.650271284103e-12      -8.833226515506e-12       0.000000000000e+00       1.783958665133e-15       5.300745846726e-16      -8.319323399713e-17 
 1353       1.001365897239e-10       3.624689178758e-12      -8.872256607348e-12       0.000000000000e+00       1.778783049519e-15       5.314106313304e-16      -8.261635332234e-17 
 1354       1.003847298828e-10       3.598822801024e-12      -8.909161563776e-12       0.000000000000e+00       1.773625902739e-15       5.327757785929e-16      -8.203338690228e-17 
 1355       1.006351624170e-10       3.572682652390e-12      -8.943939764366e-12       0.000000000000e+00       1.768487161104e-15       5.341661010664e-16      -8.144443942087e-17 
 1356       1.008877184950e-10       3.546279300802e-12      -8.976589622020e-12       0.000000000000e+00       1.763366759922e-15       5.355776496431e-16      -8.084961627426e-17 
 1357       1.011422282503e-10       3.519623380794e-12      -9.007109583054e-12       0.000000000000e+00       1.758264633497e-15       5.370064514572e-16      -8.024902357211e-17 
 1358       1.013985207794e-10       3.492725593606e-12      -9.035498127287e-12       0.000000000000e+00       1.753180715127e-15       5.384485098405e-16      -7.964276813904e-17 
 1359       1.016564241403e-10       3.465596707314e-12      -9.061753768126e-12       0.000000000000e+00       1.748114937099e-15       5.398998042790e-16      -7.903095751593e-17 
 1360       1.019157653500e-10       3.438247556952e-12      -9.085875052659e-12       0.000000000000e+00       1.743067230688e-15       5.413562903681e-16      -7.841369996128e-17 
 1361       1.021763703828e-10       3.410689044640e-12      -9.107860561741e-12       0.000000000000e+00       1.738037526157e-15       5.428138997692e-16      -7.779110445262e-17 
 1362       1.024380641686e-10       3.382932139704e-12      -9.127708910078e-12       0.000000000000e+00       1.733025752751e-15       5.442685401652e-16      -7.716328068783e-17 
 1363       1.027006705904e-10       3.354987878807e-12      -9.145418746323e-12       0.000000000000e+00       1.728031838697e-15       5.457160952168e-16      -7.653033908654e-17 
 1364       1.029640124831e-10       3.326867366068e-12      -9.160988753158e-12       0.000000000000e+00       1.723055711202e-15       5.471524245180e-16      -7.589239079145e-17 
 1365       1.032279116310e-10       3.298581773193e-12      -9.174417647384e-12       0.000000000000e+00       1.718097296447e-15       5.485733635527e-16      -7.524954766971e-17 
 1366       1.034921887662e-10       3.270142339592e-12      -9.185704180010e-12       0.000000000000e+00       1.713156519590e-15       5.499747236501e-16      -7.460192231431e-17 
 1367       1.037566635663e-10       3.241560372512e-12      -9.194847136338e-12       0.000000000000e+00       1.708233304760e-15       5.513522919408e-16      -7.394962804539e-17 
 1368       1.040211546529e-10       3.212847247157e-12      -9.201845336057e-12       0.000000000000e+00       1.703327575056e-15       5.527018313130e-16      -7.329277891165e-17 
 1369       1.042854795895e-10       3.184014406816e-12      -9.206697633324e-12       0.000000000000e+00       1.698439252544e-15       5.540190803680e-16      -7.263148969170e-17 
 1370       1.045494548795e-10       3.155073362982e-12      -9.209402916858e-12       0.000000000000e+00       1.693568258255e-15       5.552997533767e-16      -7.196587589538e-17 
 1371       1.048128959643e-10       3.126035695485e-12      -9.209960110025e-12       0.000000000000e+00       1.688714512183e-15       5.565395402351e-16      -7.129605376520e-17 
 1372       1.050756172214e-10       3.096913052612e-12      -9.208368170926e-12       0.000000000000e+00       1.683877933284e-15       5.577341064204e-16      -7.062214027764e-17 
 1373       1.053374319624e-10       3.067717151232e-12      -9.204626092486e-12       0.000000000000e+00       1.679058439468e-15       5.588790929472e-16      -6.994425314454e-17 
 1374       1.055981524314e-10       3.038459776922e-12      -9.198732902544e-12       0.000000000000e+00       1.674255947605e-15       5.599701163230e-16      -6.926251081446e-17 
 1375       1.058575898024e-10       3.009152784092e-12      -9.190687663937e-12       0.000000000000e+00       1.669470373516e-15       5.610027685045e-16      -6.857703247402e-17 
 1376       1.061155541782e-10       2.979808096110e-12      -9.180489474591e-12       0.000000000000e+00       1.664701631975e-15       5.619726168534e-16      -6.788793804930e-17 
 1377       1.063718545876e-10       2.950437705425e-12      -9.168137467608e-12       0.000000000000e+00       1.659949636703e-15       5.628752040925e-16      -6.719534820719e-17 
 1378       1.066262989844e-10       2.921053673694e-12      -9.153630811355e-12       0.000000000000e+00       1.655214300367e-15       5.637060482615e-16      -6.649938435672e-17 
 1379       1.068786942446e-10       2.891668131907e-12      -9.136968709552e-12       0.000000000000e+00       1.650495534581e-15       5.644606426731e-16      -6.580016865048e-17 
 1380       1.071288461650e-10       2.862293280511e-12      -9.118150401359e-12       0.000000000000e+00       1.645793249898e-15       5.651344558686e-16      -6.509782398593e-17 
 1381       1.073765594611e-10       2.832941389534e-12      -9.097175161464e-12       0.000000000000e+00       1.641107355812e-15       5.657229315744e-16      -6.439247400679e-17 
 1382       1.076216377654e-10       2.803624798712e-12      -9.074042300173e-12       0.000000000000e+00       1.636437760754e-15       5.662214886577e-16      -6.368424310441e-17 
 1383       1.078638836249e-10       2.774355917612e-12      -9.048751163498e-12       0.000000000000e+00       1.631784372089e-15       5.666255210821e-16      -6.297325641909e-17 
 1384       1.081030984998e-10       2.745147225758e-12      -9.021301133241e-12       0.000000000000e+00       1.627147096115e-15       5.669303978644e-16      -6.225963984150e-17 
 1385       1.083390993836e-10       2.716010527776e-12      -8.991696003791e-12       0.000000000000e+00       1.622525846332e-15       5.671326077765e-16      -6.154351181515e-17 
 1386       1.085717688606e-10       2.686954709970e-12      -8.959957162868e-12       0.000000000000e+00       1.617920568350e-15       5.672332067683e-16      -6.082495864648e-17 
 1387       1.088010055731e-10       2.657987960309e-12      -8.926110550122e-12       0.000000000000e+00       1.613331215238e-15       5.672344068564e-16      -6.010405893680e-17 
 1388       1.090267076461e-10       2.629118511331e-12      -8.890182293411e-12       0.000000000000e+00       1.608757739276e-15       5.671384347080e-16      -5.938089175836e-17 
 1389       1.092487726865e-10       2.600354640227e-12      -8.852198709169e-12       0.000000000000e+00       1.604200091953e-15       5.669475316679e-16      -5.865553665517e-17 
 1390       1.094670977824e-10       2.571704668917e-12      -8.812186302766e-12       0.000000000000e+00       1.599658223965e-15       5.666639537861e-16      -5.792807364388e-17 
 1391       1.096815795017e-10       2.543176964128e-12      -8.770171768868e-12       0.000000000000e+00       1.595132085214e-15       5.662899718455e-16      -5.719858321461e-17 
 1392       1.098921138916e-10       2.514779937473e-12      -8.726181991800e-12       0.000000000000e+00       1.590621624802e-15       5.658278713894e-16      -5.646714633181e-17 
 1393       1.100985964776e-10       2.486522045527e-12      -8.680244045908e-12       0.000000000000e+00       1.586126791038e-15       5.652799527488e-16      -5.573384443510e-17 
 1394       1.103009222627e-10       2.458411789909e-12      -8.632385195920e-12       0.000000000000e+00       1.581647531426e-15       5.646485310699e-16      -5.499875944014e-17 
 1395       1.104989857263e-10       2.430457717360e-12      -8.582632897310e-12       0.000000000000e+00       1.577183792669e-15       5.639359363420e-16      -5.426197373947e-17 
 1396       1.106926808235e-10       2.402668419817e-12      -8.531014796656e-12       0.000000000000e+00       1.572735520669e-15       5.631445134248e-16      -5.352357020332e-17 
 1397       1.108819009842e-10       2.375052534496e-12      -8.477558732003e-12       0.000000000000e+00       1.568302660518e-15       5.622766220756e-16      -5.278363218055e-17 
 1398       1.110665391121e-10       2.347618743968e-12      -8.422292733227e-12       0.000000000000e+00       1.563885156504e-15       5.613346369773e-16      -5.204224349940e-17 
 1399       1.112464875838e-10       2.320375776240e-12      -8.365245022394e-12       0.000000000000e+00       1.559482952104e-15       5.603209477658e-16      -5.129948846842e-17 
 1400       1.114216382480e-10       2.293332404828e-12      -8.306444014122e-12       0.000000000000e+00       1.555095989983e-15       5.592379590573e-16      -5.055545187728e-17 
 1401       1.115918824248e-10       2.266497448840e-12      -8.245918315944e-12       0.000000000000e+00       1.550724211997e-15       5.580880904759e-16      -4.981021899761e-17 
 1402       1.117571109043e-10       2.239879773055e-12      -8.183696728670e-12       0.000000000000e+00       1.546367559182e-15       5.568737766813e-16      -4.906387558388e-17 
 1403       1.119172139462e-10       2.213488287996e-12      -8.119808246747e-12       0.000000000000e+00       1.542025971762e-15       5.555974673962e-16      -4.831650787424e-17 
 1404       1.120720812786e-10       2.187331950014e-12      -8.054282058621e-12       0.000000000000e+00       1.537699389139e-15       5.542616274337e-16      -4.756820259137e-17 
 1405       1.122216020974e-10       2.161419761362e-12      -7.987147547099e-12       0.000000000000e+00       1.533387749897e-15       5.528687367250e-16      -4.681904694332e-17 
 1406       1.123656650649e-10       2.135760770276e-12      -7.918434289712e-12       0.000000000000e+00       1.529090991799e-15       5.514212903467e-16      -4.606912862436e-17 
 1407       1.125041583095e-10       2.110364071055e-12      -7.848172059075e-12       0.000000000000e+00       1.524809051781e-15       5.499217985487e-16      -4.531853581585e-17 
 1408       1.126369694246e-10       2.085238804133e-12      -7.776390823250e-12       0.000000000000e+00       1.520541865957e-15       5.483727867813e-16      -4.456735718707e-17 
 1409       1.127639854675e-10       2.060394156163e-12      -7.703120746106e-12       0.000000000000e+00       1.516289369610e-15       5.467767957229e-16      -4.381568189609e-17 
 1410       1.128850929588e-10       2.035839360095e-12      -7.628392187682e-12       0.000000000000e+00       1.512051497197e-15       5.451363813074e-16      -4.306359959060e-17 
 1411       1.130001778813e-10       2.011583695251e-12      -7.552235704549e-12       0.000000000000e+00       1.507828182343e-15       5.434541147521e-16      -4.231120040875e-17 
 1412       1.131091256791e-10       1.987636487405e-12      -7.474682050172e-12       0.000000000000e+00       1.503619357839e-15       5.417325825847e-16      -4.155857498005e-17 
 1413       1.132118212571e-10       1.964007108863e-12      -7.395762175267e-12       0.000000000000e+00       1.499424955642e-15       5.399743866710e-16      -4.080581442616e-17 
 1414       1.133081489795e-10       1.940704978540e-12      -7.315507228172e-12       0.000000000000e+00       1.495244906873e-15       5.381821442428e-16      -4.005301036178e-17 
 1415       1.133979926695e-10       1.917739562036e-12      -7.233948555200e-12       0.000000000000e+00       1.491079141816e-15       5.363584879247e-16      -3.930025489549e-17 
 1416       1.134812356078e-10       1.895120371720e-12      -7.151117701003e-12       0.000000000000e+00       1.486927589911e-15       5.345060657622e-16      -3.854764063060e-17 
 1417       1.135577605323e-10       1.872856966801e-12      -7.067046408938e-12       0.000000000000e+00       1.482790179761e-15       5.326275412490e-16      -3.779526066597e-17 
 1418       1.136274496369e-10       1.850958953414e-12      -6.981766621424e-12       0.000000000000e+00       1.478666839122e-15       5.307255933545e-16      -3.704320859693e-17 
 1419       1.136901845706e-10       1.829435984692e-12      -6.895310480304e-12       0.000000000000e+00       1.474557494906e-15       5.288029165514e-16      -3.629157851606e-17 
 1420       1.137458464368e-10       1.808297760847e-12      -6.807710327209e-12       0.000000000000e+00       1.470462073177e-15       5.268622208431e-16      -3.554046501407e-17 
 1421       1.137943157920e-10       1.787554029250e-12      -6.718998703918e-12       0.000000000000e+00       1.466380499150e-15       5.249062317913e-16      -3.478996318066e-17 
 1422       1.138354726455e-10       1.767214584505e-12      -6.629208352721e-12       0.000000000000e+00       1.462312697189e-15       5.229376905435e-16      -3.404016860535e-17 
 1423       1.138691964581e-10       1.747289268533e-12      -6.538372216779e-12       0.000000000000e+00       1.458258590806e-15       5.209593538605e-16      -3.329117737834e-17 
 1424       1.138953873538e-10       1.727786631849e-12      -6.446523844423e-12       0.000000000000e+00       1.454218109368e-15       5.189736125607e-16      -3.254308012025e-17 
 1425       1.139140299952e-10       1.708709902216e-12      -6.353698605850e-12       0.000000000000e+00       1.450191208302e-15       5.169813425100e-16      -3.179594400262e-17 
 1426       1.139251303625e-10       1.690060974747e-12      -6.259932489644e-12       0.000000000000e+00       1.446177849094e-15       5.149830418861e-16      -3.104983054446e-17 
 1427       1.139286946006e-10       1.671841746942e-12      -6.165261700355e-12       0.000000000000e+00       1.442177992596e-15       5.129792116961e-16      -3.030480156708e-17 
 1428       1.139247290198e-10       1.654054118691e-12      -6.069722658888e-12       0.000000000000e+00       1.438191599026e-15       5.109703557818e-16      -2.956091919462e-17 
 1429       1.139132400956e-10       1.636699992270e-12      -5.973352002884e-12       0.000000000000e+00       1.434218627968e-15       5.089569808240e-16      -2.881824585449e-17 
 1430       1.138942344697e-10       1.619781272340e-12      -5.876186587113e-12       0.000000000000e+00       1.430259038364e-15       5.069395963479e-16      -2.807684427794e-17 
 1431       1.138677189501e-10       1.603299865948e-12      -5.778263483853e-12       0.000000000000e+00       1.426312788522e-15       5.049187147278e-16      -2.733677750049e-17 
 1432       1.138337005113e-10       1.587257682525e-12      -5.679619983278e-12       0.000000000000e+00       1.422379836107e-15       5.028948511925e-16      -2.659810886246e-17 
 1433       1.137921862948e-10       1.571656633884e-12      -5.580293593845e-12       0.000000000000e+00       1.418460138143e-15       5.008685238297e-16      -2.586090200948e-17 
 1434       1.137431836096e-10       1.556498634222e-12      -5.480322042676e-12       0.000000000000e+00       1.414553651010e-15       4.988402535911e-16      -2.512522089296e-17 
 1435       1.136866999323e-10       1.541785600118e-12      -5.379743275948e-12       0.000000000000e+00       1.410660330445e-15       4.968105642976e-16      -2.439112977058e-17 
 1436       1.136227429078e-10       1.527519450532e-12      -5.278595459274e-12       0.000000000000e+00       1.406780131538e-15       4.947799826441e-16      -2.365869320682e-17 
 1437       1.135513203492e-10       1.513702106801e-12      -5.176916978095e-12       0.000000000000e+00       1.402913008732e-15       4.927490382044e-16      -2.292797607343e-17 
 1438       1.134724402387e-10       1.500335492645e-12      -5.074746438056e-12       0.000000000000e+00       1.399058915823e-15       4.907182634361e-16      -2.219904354996e-17 
 1439       1.133861107275e-10       1.487421534159e-12      -4.972122665403e-12       0.000000000000e+00       1.395217805953e-15       4.886881936857e-16      -2.147196112421e-17 
 1440       1.132923401364e-10       1.474962159819e-12      -4.869084707358e-12       0.000000000000e+00       1.391389631616e-15       4.866593671936e-16      -2.074679459275e-17 
 1441       1.131911369563e-10       1.462959300475e-12      -4.765671832511e-12       0.000000000000e+00       1.387574344651e-15       4.846323250986e-16      -2.002361006143e-17 
 1442       1.130825098481e-10       1.451414889354e-12      -4.661923531206e-12       0.000000000000e+00       1.383771896243e-15       4.826076114437e-16      -1.930247394587e-17 
 1443       1.129664676435e-10       1.440330862056e-12      -4.557879515922e-12       0.000000000000e+00       1.379982236923e-15       4.805857731802e-16      -1.858345297192e-17 
 1444       1.128430193452e-10       1.429709156557e-12      -4.453579721662e-12       0.000000000000e+00       1.376205316562e-15       4.785673601729e-16      -1.786661417623e-17 
 1445       1.127121741273e-10       1.419551713207e-12      -4.349064306337e-12       0.000000000000e+00       1.372441084373e-15       4.765529252055e-16      -1.715202490667e-17 
 1446       1.125739413357e-10       1.409860474725e-12      -4.244373651154e-12       0.000000000000e+00       1.368689488912e-15       4.745430239849e-16      -1.643975282289e-17 
 1447       1.124283304883e-10       1.400637386206e-12      -4.139548360999e-12       0.000000000000e+00       1.364950478069e-15       4.725382151465e-16      -1.572986589677e-17 
 1448       1.122753512754e-10       1.391884395113e-12      -4.034629264824e-12       0.000000000000e+00       1.361223999074e-15       4.705390602592e-16      -1.502243241295e-17 
 1449       1.121150135604e-10       1.383603451278e-12      -3.929657416031e-12       0.000000000000e+00       1.357509998492e-15       4.685461238303e-16      -1.431752096930e-17 
 1450       1.119473273796e-10       1.375796506905e-12      -3.824674092859e-12       0.000000000000e+00       1.353808422223e-15       4.665599733101e-16      -1.361520047744e-17 
 1451       1.117723029431e-10       1.368465516563e-12      -3.719720798771e-12       0.000000000000e+00       1.350119215499e-15       4.645811790974e-16      -1.291554016321e-17 
 1452       1.115899506349e-10       1.361612437192e-12      -3.614839262837e-12       0.000000000000e+00       1.346442322883e-15       4.626103145442e-16      -1.221860956721e-17 
 1453       1.114002810131e-10       1.355239228094e-12      -3.510071440120e-12       0.000000000000e+00       1.342777688271e-15       4.606479559605e-16      -1.152447854526e-17 
 1454       1.112033048106e-10       1.349347850941e-12      -3.405459512061e-12       0.000000000000e+00       1.339125254883e-15       4.586946826195e-16      -1.083321726890e-17 
 1455       1.109990329353e-10       1.343940269768e-12      -3.301045886870e-12       0.000000000000e+00       1.335484965270e-15       4.567510767624e-16      -1.014489622589e-17 
 1456       1.107874764706e-10       1.339018450973e-12      -3.196873199902e-12       0.000000000000e+00       1.331856761308e-15       4.548177236035e-16      -9.459586220738e-18 
 1457       1.105686466754e-10       1.334584363319e-12      -3.092984314051e-12       0.000000000000e+00       1.328240584196e-15       4.528952113350e-16      -8.777358375145e-18 
 1458       1.103425549849e-10       1.330639977929e-12      -2.989422320133e-12       0.000000000000e+00       1.324636374458e-15       4.509841311320e-16      -8.098284128538e-18 
 1459       1.101092130108e-10       1.327187268290e-12      -2.886230537270e-12       0.000000000000e+00       1.321044071939e-15       4.490850771574e-16      -7.422435238553e-18 
 1460       1.098686325416e-10       1.324228210248e-12      -2.783452513276e-12       0.000000000000e+00       1.317463615804e-15       4.471986465670e-16      -6.749883781539e-18 
 1461       1.096208255428e-10       1.321764782010e-12      -2.681132025044e-12       0.000000000000e+00       1.313894944535e-15       4.453254395142e-16      -6.080702153046e-18 
 1462       1.093658041578e-10       1.319798964141e-12      -2.579313078932e-12       0.000000000000e+00       1.310337995936e-15       4.434660591554e-16      -5.414963068333e-18 
 1463       1.091035944905e-10       1.318331619390e-12      -2.478036666621e-12       0.000000000000e+00       1.306792712396e-15       4.416207416093e-16      -4.752731696142e-18 
 1464       1.088342781050e-10       1.317359119923e-12      -2.377330996444e-12       0.000000000000e+00       1.303259056780e-15       4.397882417800e-16      -4.094041973039e-18 
 1465       1.085579509417e-10       1.316876686371e-12      -2.277221165168e-12       0.000000000000e+00       1.299736996696e-15       4.379669364054e-16      -3.438920053280e-18 
 1466       1.082747095733e-10       1.316879504880e-12      -2.177732393863e-12       0.000000000000e+00       1.296226499240e-15       4.361551930763e-16      -2.787392154095e-18 
 1467       1.079846512061e-10       1.317362727048e-12      -2.078890028102e-12       0.000000000000e+00       1.292727530991e-15       4.343513702200e-16      -2.139484555740e-18 
 1468       1.076878736807e-10       1.318321469861e-12      -1.980719538167e-12       0.000000000000e+00       1.289240058010e-15       4.325538170849e-16      -1.495223601559e-18 
 1469       1.073844754736e-10       1.319750815632e-12      -1.883246519254e-12       0.000000000000e+00       1.285764045842e-15       4.307608737246e-16      -8.546356980338e-19 
 1470       1.070745556982e-10       1.321645811933e-12      -1.786496691674e-12       0.000000000000e+00       1.282299459511e-15       4.289708709822e-16      -2.177473148456e-19 
 1471       1.067582141057e-10       1.324001471534e-12      -1.690495901059e-12       0.000000000000e+00       1.278846263520e-15       4.271821304743e-16       4.154150150720e-19 
 1472       1.064355510867e-10       1.326812772340e-12      -1.595270118565e-12       0.000000000000e+00       1.275404421853e-15       4.253929645756e-16       1.044824695476e-18 
 1473       1.061066676717e-10       1.330074657325e-12      -1.500845441077e-12       0.000000000000e+00       1.271973897969e-15       4.236016764027e-16       1.670455066756e-18 
 1474       1.057716655330e-10       1.333782034471e-12      -1.407248091410e-12       0.000000000000e+00       1.268554654805e-15       4.218065597986e-16       2.292279405883e-18 
 1475       1.054306469852e-10       1.337929776703e-12      -1.314504418516e-12       0.000000000000e+00       1.265146654773e-15       4.200058993170e-16       2.910270926347e-18 
 1476       1.050837149865e-10       1.342512721824e-12      -1.222640897685e-12       0.000000000000e+00       1.261749859757e-15       4.181979702059e-16       3.524402778105e-18 
 1477       1.047309731403e-10       1.347525672456e-12      -1.131684130751e-12       0.000000000000e+00       1.258364231117e-15       4.163810383928e-16       4.134648047523e-18 
 1478       1.043725256954e-10       1.352963395970e-12      -1.041660846296e-12       0.000000000000e+00       1.254989729682e-15       4.145533604680e-16       4.740979757323e-18 
 1479       1.040084775481e-10       1.358820624429e-12      -9.525978998514e-13       0.000000000000e+00       1.251626315753e-15       4.127131836694e-16       5.343370866520e-18 
 1480       1.036389342427e-10       1.365092054519e-12      -8.645222741035e-13       0.000000000000e+00       1.248273949101e-15       4.108587458665e-16       5.941794270374e-18 
 1481       1.032640019730e-10       1.371772347488e-12      -7.774610790976e-13       0.000000000000e+00       1.244932588964e-15       4.089882755445e-16       6.536222800327e-18 
 1482       1.028837875833e-10       1.378856129082e-12      -6.914415524408e-13       0.000000000000e+00       1.241602194050e-15       4.070999917888e-16       7.126629223951e-18 
 1483       1.024983985693e-10       1.386337989482e-12      -6.064910595067e-13       0.000000000000e+00       1.238282722530e-15       4.051921042691e-16       7.712986244891e-18 
 1484       1.021079430798e-10       1.394212483240e-12      -5.226370936386e-13       0.000000000000e+00       1.234974132043e-15       4.032628132235e-16       8.295266502808e-18 
 1485       1.017125299171e-10       1.402474129213e-12      -4.399072763535e-13       0.000000000000e+00       1.231676379689e-15       4.013103094429e-16       8.873442573323e-18 
 1486       1.013122685390e-10       1.411117410505e-12      -3.583293575462e-13       0.000000000000e+00       1.228389422033e-15       3.993327742550e-16       9.447486967962e-18 
 1487       1.009072690590e-10       1.420136774396e-12      -2.779312156926e-13       0.000000000000e+00       1.225113215102e-15       3.973283795089e-16       1.001737213410e-17 
 1488       1.004976422483e-10       1.429526632286e-12      -1.987408580541e-13       0.000000000000e+00       1.221847714382e-15       3.952952875589e-16       1.058307045489e-17 
 1489       1.000834995364e-10       1.439281359626e-12      -1.207864208808e-13       0.000000000000e+00       1.218592874821e-15       3.932316512488e-16       1.114455424925e-17 
 1490       9.966495301225e-11       1.449395295856e-12      -4.409616961582e-14       0.000000000000e+00       1.215348650822e-15       3.911356138964e-16       1.170179577174e-17 
 1491       9.924211542572e-11       1.459862744342e-12       3.130150090107e-14       0.000000000000e+00       1.212114996247e-15       3.890053092774e-16       1.225476721258e-17 
 1492       9.881510018844e-11       1.470677972312e-12       1.053780662297e-13       0.000000000000e+00       1.208891864416e-15       3.868388616099e-16       1.280344069754e-17 
 1493       9.838402137505e-11       1.481835210792e-12       1.781048721257e-13       0.000000000000e+00       1.205679208101e-15       3.846343855382e-16       1.334778828788e-17 
 1494       9.794899372431e-11       1.493328654544e-12       2.494531343364e-13       0.000000000000e+00       1.202476979531e-15       3.823899861175e-16       1.388778198036e-17 
 1495       9.751013264026e-11       1.505152461999e-12       3.193939383973e-13       0.000000000000e+00       1.199285130384e-15       3.801037587979e-16       1.442339370710e-17 
 1496       9.706755419331e-11       1.517300755197e-12       3.878982394283e-13       0.000000000000e+00       1.196103611793e-15       3.777737894085e-16       1.495459533557e-17 
 1497       9.662137512143e-11       1.529767619722e-12       4.549368619296e-13       0.000000000000e+00       1.192932374340e-15       3.753981541417e-16       1.548135866855e-17 
 1498       9.617171283127e-11       1.542547104637e-12       5.204804995781e-13       0.000000000000e+00       1.189771368057e-15       3.729749195377e-16       1.600365544402e-17 
 1499       9.571868539927e-11       1.555633222425e-12       5.844997150235e-13       0.000000000000e+00       1.186620542425e-15       3.705021424682e-16       1.652145733514e-17 
 1500       9.526241157283e-11       1.569019948918e-12       6.469649396845e-13       0.000000000000e+00       1.183479846371e-15       3.679778701211e-16       1.703473595021e-17 
 1501       9.480301077142e-11       1.582701223240e-12       7.078464735450e-13       0.000000000000e+00       1.180349228269e-15       3.654001399843e-16       1.754346283256e-17 
 1502       9.434060295379e-11       1.596670641105e-12       7.671191511851e-13       0.000000000000e+00       1.177228640251e-15       3.627677456428e-16       1.804761133721e-17 
 1503       9.387530821586e-11       1.610920531585e-12       8.247763899885e-13       0.000000000000e+00       1.174118051194e-15       3.600825423574e-16       1.854716228074e-17 
 1504       9.340724719114e-11       1.625442871224e-12       8.808162783332e-13       0.000000000000e+00       1.171017433857e-15       3.573471639063e-16       1.904209834632e-17 
 1505       9.293654118552e-11       1.640229589779e-12       9.352369218149e-13       0.000000000000e+00       1.167926760579e-15       3.545642588353e-16       1.953240221206e-17 
 1506       9.246331217831e-11       1.655272570141e-12       9.880364432914e-13       0.000000000000e+00       1.164846003280e-15       3.517364904826e-16       2.001805655108e-17 
 1507       9.198768282344e-11       1.670563648255e-12       1.039212982927e-12       0.000000000000e+00       1.161775133455e-15       3.488665370037e-16       2.049904403151e-17 
 1508       9.150977645058e-11       1.686094613038e-12       1.088764698236e-12       0.000000000000e+00       1.158714122179e-15       3.459570913960e-16       2.097534731657e-17 
 1509       9.102971706621e-11       1.701857206301e-12       1.136689764128e-12       0.000000000000e+00       1.155662940100e-15       3.430108615245e-16       2.144694906461e-17 
 1510       9.054762935484e-11       1.717843122668e-12       1.182986372952e-12       0.000000000000e+00       1.152621557445e-15       3.400305701460e-16       2.191383192915e-17 
 1511       9.006363868006e-11       1.734044009498e-12       1.227652734538e-12       0.000000000000e+00       1.149589944013e-15       3.370189549343e-16       2.237597855892e-17 
 1512       8.957787108571e-11       1.750451466802e-12       1.270687076247e-12       0.000000000000e+00       1.146568069177e-15       3.339787685052e-16       2.283337159789e-17 
 1513       8.909045329702e-11       1.767057047166e-12       1.312087643008e-12       0.000000000000e+00       1.143555901884e-15       3.309127784413e-16       2.328599368534e-17 
 1514       8.860151272168e-11       1.783852255670e-12       1.351852697368e-12       0.000000000000e+00       1.140553410652e-15       3.278237673170e-16       2.373382745589e-17 
 1515       8.811117745106e-11       1.800828549807e-12       1.389980519534e-12       0.000000000000e+00       1.137560563569e-15       3.247145327233e-16       2.417685553955e-17 
 1516       8.761957626123e-11       1.817977339405e-12       1.426469407416e-12       0.000000000000e+00       1.134577328296e-15       3.215878872931e-16       2.461506056174e-17 
 1517       8.712683861420e-11       1.835289986547e-12       1.461317676674e-12       0.000000000000e+00       1.131603672059e-15       3.184466587255e-16       2.504842514339e-17 
 1518       8.663309465897e-11       1.852757805489e-12       1.494523660759e-12       0.000000000000e+00       1.128639561657e-15       3.152936898114e-16       2.547693190091e-17 
 1519       8.613847523269e-11       1.870372062582e-12       1.526085710962e-12       0.000000000000e+00       1.125684963452e-15       3.121318384577e-16       2.590056344628e-17 
 1520       8.564311186178e-11       1.888123976191e-12       1.556002196452e-12       0.000000000000e+00       1.122739843375e-15       3.089639777131e-16       2.631930238708e-17 
 1521       8.514713676309e-11       1.906004716616e-12       1.584271504324e-12       0.000000000000e+00       1.119804166923e-15       3.057929957922e-16       2.673313132656e-17 
 1522       8.465068284496e-11       1.924005406013e-12       1.610892039645e-12       0.000000000000e+00       1.116877899156e-15       3.026217961010e-16       2.714203286363e-17 
 1523       8.415388370844e-11       1.942117118310e-12       1.635862225492e-12       0.000000000000e+00       1.113961004699e-15       2.994532972614e-16       2.754598959296e-17 
 1524       8.365687364833e-11       1.960330879133e-12       1.659180503005e-12       0.000000000000e+00       1.111053447740e-15       2.962904331365e-16       2.794498410497e-17 
 1525       8.315978765438e-11       1.978637665721e-12       1.680845331421e-12       0.000000000000e+00       1.108155192029e-15       2.931361528554e-16       2.833899898591e-17 
 1526       8.266276141239e-11       1.997028406848e-12       1.700855188126e-12       0.000000000000e+00       1.105266200877e-15       2.899934208378e-16       2.872801681792e-17 
 1527       8.216593130531e-11       2.015493982746e-12       1.719208568699e-12       0.000000000000e+00       1.102386437155e-15       2.868652168194e-16       2.911202017902e-17 
 1528       8.166943441443e-11       2.034025225018e-12       1.735903986950e-12       0.000000000000e+00       1.099515863295e-15       2.837545358768e-16       2.949099164318e-17 
 1529       8.117340852048e-11       2.052612916567e-12       1.750939974970e-12       0.000000000000e+00       1.096654441285e-15       2.806643884520e-16       2.986491378040e-17 
 1530       8.067799210473e-11       2.071247791507e-12       1.764315083173e-12       0.000000000000e+00       1.093802132673e-15       2.775978003777e-16       3.023376915667e-17 
 1531       8.018332435016e-11       2.089920535092e-12       1.776027880341e-12       0.000000000000e+00       1.090958898563e-15       2.745578129020e-16       3.059754033409e-17 
 1532       7.968954514259e-11       2.108621783628e-12       1.786076953669e-12       0.000000000000e+00       1.088124699614e-15       2.715474827137e-16       3.095620987090e-17 
 1533       7.919679507178e-11       2.127342124400e-12       1.794460908805e-12       0.000000000000e+00       1.085299496041e-15       2.685698819666e-16       3.130976032148e-17 
 1534       7.870521543256e-11       2.146072095585e-12       1.801178369901e-12       0.000000000000e+00       1.082483247612e-15       2.656280983052e-16       3.165817423644e-17 
 1535       7.821494822601e-11       2.164802186181e-12       1.806227979650e-12       0.000000000000e+00       1.079675913651e-15       2.627252348888e-16       3.200143416264e-17 
 1536       7.772613616053e-11       2.183522835918e-12       1.809608399335e-12       0.000000000000e+00       1.076877453031e-15       2.598644104172e-16       3.233952264325e-17 
 1537       7.723892265298e-11       2.202224435184e-12       1.811318308874e-12       0.000000000000e+00       1.074087824178e-15       2.570487591550e-16       3.267242221778e-17 
 1538       7.675345182985e-11       2.220897324943e-12       1.811356406860e-12       0.000000000000e+00       1.071306985069e-15       2.542814309571e-16       3.300011542212e-17 
 1539       7.626986852835e-11       2.239531796656e-12       1.809721410606e-12       0.000000000000e+00       1.068534893229e-15       2.515655912929e-16       3.332258478860e-17 
 1540       7.578831829753e-11       2.258118092199e-12       1.806412056195e-12       0.000000000000e+00       1.065771505734e-15       2.489044212721e-16       3.363981284601e-17 
 1541       7.530893582849e-11       2.276646979133e-12       1.801430441919e-12       0.000000000000e+00       1.063016782709e-15       2.463002398390e-16       3.395178552928e-17 
 1542       7.483181012250e-11       2.295111482641e-12       1.794792093257e-12       0.000000000000e+00       1.060270697874e-15       2.437518611947e-16       3.425850244364e-17 
 1543       7.435701899447e-11       2.313505169870e-12       1.786515993529e-12       0.000000000000e+00       1.057533228095e-15       2.412572123404e-16       3.455996669794e-17 
 1544       7.388464061445e-11       2.331821576025e-12       1.776621249373e-12       0.000000000000e+00       1.054804349896e-15       2.388142086116e-16       3.485618150416e-17 
 1545       7.341475350816e-11       2.350054204320e-12       1.765127090967e-12       0.000000000000e+00       1.052084039453e-15       2.364207536590e-16       3.514715017755e-17 
 1546       7.294743655756e-11       2.368196525926e-12       1.752052872232e-12       0.000000000000e+00       1.049372272595e-15       2.340747394284e-16       3.543287613691e-17 
 1547       7.248276900139e-11       2.386241979922e-12       1.737418071051e-12       0.000000000000e+00       1.046669024806e-15       2.317740461421e-16       3.571336290477e-17 
 1548       7.202083043570e-11       2.404183973239e-12       1.721242289480e-12       0.000000000000e+00       1.043974271217e-15       2.295165422789e-16       3.598861410763e-17 
 1549       7.156170081440e-11       2.422015880616e-12       1.703545253963e-12       0.000000000000e+00       1.041287986615e-15       2.273000845547e-16       3.625863347616e-17 
 1550       7.110546044983e-11       2.439731044543e-12       1.684346815542e-12       0.000000000000e+00       1.038610145435e-15       2.251225179037e-16       3.652342484540e-17 
 1551       7.065219001325e-11       2.457322775215e-12       1.663666950072e-12       0.000000000000e+00       1.035940721761e-15       2.229816754582e-16       3.678299215501e-17 
 1552       7.020197053545e-11       2.474784350479e-12       1.641525758435e-12       0.000000000000e+00       1.033279689327e-15       2.208753785299e-16       3.703733944948e-17 
 1553       6.975488340724e-11       2.492109015781e-12       1.617943466749e-12       0.000000000000e+00       1.030627021514e-15       2.188014365900e-16       3.728647087832e-17 
 1554       6.931101038003e-11       2.509289984119e-12       1.592940426588e-12       0.000000000000e+00       1.027982691353e-15       2.167576472499e-16       3.753039069629e-17 
 1555       6.887043356636e-11       2.526320435992e-12       1.566537115187e-12       0.000000000000e+00       1.025346671520e-15       2.147417962421e-16       3.776910326363e-17 
 1556       6.843323544045e-11       2.543193519346e-12       1.538754135662e-12       0.000000000000e+00       1.022718934336e-15       2.127516574002e-16       3.800261304626e-17 
 1557       6.799949883873e-11       2.559902349524e-12       1.509612217218e-12       0.000000000000e+00       1.020099451769e-15       2.107849926403e-16       3.823092461600e-17 
 1558       6.756930696042e-11       2.576440009217e-12       1.479132215365e-12       0.000000000000e+00       1.017488195432e-15       2.088395519407e-16       3.845404265077e-17 
 1559       6.714274336802e-11       2.592799548413e-12       1.447335112131e-12       0.000000000000e+00       1.014885136580e-15       2.069130733233e-16       3.867197193484e-17 
 1560       6.671989198793e-11       2.608973984344e-12       1.414242016272e-12       0.000000000000e+00       1.012290246114e-15       2.050032828337e-16       3.888471735901e-17 
 1561       6.630083711092e-11       2.624956301438e-12       1.379874163491e-12       0.000000000000e+00       1.009703494574e-15       2.031078945219e-16       3.909228392087e-17 
 1562       6.588566339270e-11       2.640739451265e-12       1.344252916643e-12       0.000000000000e+00       1.007124852145e-15       2.012246104229e-16       3.929467672495e-17 
 1563       6.547445585451e-11       2.656316352488e-12       1.307399765956e-12       0.000000000000e+00       1.004554288652e-15       1.993511205375e-16       3.949190098300e-17 
 1564       6.506729988360e-11       2.671679890812e-12       1.269336329239e-12       0.000000000000e+00       1.001991773559e-15       1.974851028125e-16       3.968396201418e-17 
 1565       6.466428123379e-11       2.686822918935e-12       1.230084352097e-12       0.000000000000e+00       9.994372759715e-16       1.956242231217e-16       3.987086524526e-17 
 1566       6.426548602606e-11       2.701738256493e-12       1.189665708143e-12       0.000000000000e+00       9.968907646337e-16       1.937661352463e-16       4.005261621085e-17 
 1567       6.387100074903e-11       2.716418690011e-12       1.148102399213e-12       0.000000000000e+00       9.943522079275e-16       1.919084808553e-16       4.022922055364e-17 
 1568       6.348091225955e-11       2.730856972855e-12       1.105416555576e-12       0.000000000000e+00       9.918215738724e-16       1.900488894865e-16       4.040068402458e-17 
 1569       6.309530778325e-11       2.745045825177e-12       1.061630436151e-12       0.000000000000e+00       9.892988301249e-16       1.881849785269e-16       4.056701248309e-17 
 1570       6.271427491502e-11       2.758977933866e-12       1.016766428717e-12       0.000000000000e+00       9.867839439777e-16       1.863143531931e-16       4.072821189732e-17 
 1571       6.233790161964e-11       2.772645952496e-12       9.708470501255e-13       0.000000000000e+00       9.842768823588e-16       1.844346065124e-16       4.088428834433e-17 
 1572       6.196627623228e-11       2.786042501279e-12       9.238949465175e-13       0.000000000000e+00       9.817776118309e-16       1.825433193028e-16       4.103524801032e-17 
 1573       6.159948745903e-11       2.799160167009e-12       8.759328935328e-13       0.000000000000e+00       9.792860985907e-16       1.806380601539e-16       4.118109719083e-17 
 1574       6.123762437748e-11       2.811991503014e-12       8.269837965244e-13       0.000000000000e+00       9.768023084682e-16       1.787163854077e-16       4.132184229097e-17 
 1575       6.088077643726e-11       2.824529029105e-12       7.770706907719e-13       0.000000000000e+00       9.743262069260e-16       1.767758391387e-16       4.145748982565e-17 
 1576       6.052903346056e-11       2.836765231525e-12       7.262167416941e-13       0.000000000000e+00       9.718577590585e-16       1.748139531349e-16       4.158804641977e-17 
 1577       6.018248564268e-11       2.848692562896e-12       6.744452450622e-13       0.000000000000e+00       9.693969295914e-16       1.728282468783e-16       4.171351880842e-17 
 1578       5.984122355262e-11       2.860303442172e-12       6.217796272126e-13       0.000000000000e+00       9.669436828807e-16       1.708162275254e-16       4.183391383715e-17 
 1579       5.950533813356e-11       2.871590254587e-12       5.682434452606e-13       0.000000000000e+00       9.644979829121e-16       1.687753898878e-16       4.194923846216e-17 
 1580       5.917490562852e-11       2.882546380295e-12       5.138608125093e-13       0.000000000000e+00       9.620597961748e-16       1.667038883247e-16       4.205950214826e-17 
 1581       5.884994220347e-11       2.893169290825e-12       4.586576785587e-13       0.000000000000e+00       9.596291003128e-16       1.646025592630e-16       4.216472408678e-17 
 1582       5.853044890516e-11       2.903457481195e-12       4.026605614731e-13       0.000000000000e+00       9.572058755523e-16       1.624729173643e-16       4.226492604493e-17 
 1583       5.821642669775e-11       2.913409443822e-12       3.458961238934e-13       0.000000000000e+00       9.547901018337e-16       1.603164853255e-16       4.236012997445e-17 
 1584       5.790787646262e-11       2.923023668515e-12       2.883911732709e-13       0.000000000000e+00       9.523817588115e-16       1.581347938916e-16       4.245035801192e-17 
 1585       5.760479899820e-11       2.932298642478e-12       2.301726621006e-13       0.000000000000e+00       9.499808258533e-16       1.559293818684e-16       4.253563247909e-17 
 1586       5.730719501978e-11       2.941232850308e-12       1.712676881546e-13       0.000000000000e+00       9.475872820393e-16       1.537017961357e-16       4.261597588322e-17 
 1587       5.701506515934e-11       2.949824773992e-12       1.117034947156e-13       0.000000000000e+00       9.452011061620e-16       1.514535916601e-16       4.269141091742e-17 
 1588       5.672840996535e-11       2.958072892906e-12       5.150747081078e-14       0.000000000000e+00       9.428222767254e-16       1.491863315077e-16       4.276196046094e-17 
 1589       5.644722990264e-11       2.965975683814e-12      -9.292848555265e-15       0.000000000000e+00       9.404507719444e-16       1.469015868570e-16       4.282764757957e-17 
 1590       5.617152535215e-11       2.973531620868e-12      -7.066978216668e-14       0.000000000000e+00       9.380865697445e-16       1.446009370119e-16       4.288849552589e-17 
 1591       5.590129661082e-11       2.980739175604e-12      -1.325955023630e-13       0.000000000000e+00       9.357296477607e-16       1.422859694145e-16       4.294452773968e-17 
 1592       5.563654389136e-11       2.987596816940e-12      -1.950420348055e-13       0.000000000000e+00       9.333799833376e-16       1.399582796581e-16       4.299576784818e-17 
 1593       5.537726732210e-11       2.994103011180e-12      -2.579812582440e-13       0.000000000000e+00       9.310375535282e-16       1.376194714997e-16       4.304223966648e-17 
 1594       5.512346694679e-11       3.000256222004e-12      -3.213849042831e-13       0.000000000000e+00       9.287023350938e-16       1.352711568735e-16       4.308396719780e-17 
 1595       5.487514272446e-11       3.006054910477e-12      -3.852245571487e-13       0.000000000000e+00       9.263743045033e-16       1.329149559031e-16       4.312097463387e-17 
 1596       5.463229452916e-11       3.011497535037e-12      -4.494716534548e-13       0.000000000000e+00       9.240534379323e-16       1.305524969148e-16       4.315328635522e-17 
 1597       5.439492214989e-11       3.016582551501e-12      -5.140974819696e-13       0.000000000000e+00       9.217397112630e-16       1.281854164503e-16       4.318092693154e-17 
 1598       5.416302529033e-11       3.021308413060e-12      -5.790731833823e-13       0.000000000000e+00       9.194331000834e-16       1.258153592797e-16       4.320392112199e-17 
 1599       5.393660356869e-11       3.025673570280e-12      -6.443697500696e-13       0.000000000000e+00       9.171335796868e-16       1.234439784142e-16       4.322229387553e-17 
 1600       5.371565651756e-11       3.029676471098e-12      -7.099580258620e-13       0.000000000000e+00       9.148411250711e-16       1.210729351192e-16       4.323607033129e-17 
 1601       5.350018358368e-11       3.033315560823e-12      -7.758087058106e-13       0.000000000000e+00       9.125557109382e-16       1.187038989270e-16       4.324527581884e-17 
 1602       5.329018412781e-11       3.036589282131e-12      -8.418923359532e-13       0.000000000000e+00       9.102773116938e-16       1.163385476495e-16       4.324993585857e-17 
 1603       5.308565742451e-11       3.039496075068e-12      -9.081793130813e-13       0.000000000000e+00       9.080059014464e-16       1.139785673917e-16       4.325007616201e-17 
 1604       5.288660266197e-11       3.042034377047e-12      -9.746398845062e-13       0.000000000000e+00       9.057414540069e-16       1.116256525639e-16       4.324572263212e-17 
 1605       5.269301894188e-11       3.044202622844e-12      -1.041244147826e-12       0.000000000000e+00       9.034839428881e-16       1.092815058947e-16       4.323690136370e-17 
 1606       5.250490527915e-11       3.045999244600e-12      -1.107962050691e-12       0.000000000000e+00       9.012333413039e-16       1.069478384444e-16       4.322363864364e-17 
 1607       5.232226060184e-11       3.047422671818e-12      -1.174763390572e-12       0.000000000000e+00       8.989896221690e-16       1.046263696173e-16       4.320596095132e-17 
 1608       5.214508375090e-11       3.048471331362e-12      -1.241617814526e-12       0.000000000000e+00       8.967527580983e-16       1.023188271745e-16       4.318389495887e-17 
 1609       5.197337348003e-11       3.049143647455e-12      -1.308494818960e-12       0.000000000000e+00       8.945227214059e-16       1.000269472474e-16       4.315746753158e-17 
 1610       5.180712845550e-11       3.049438041677e-12      -1.375363749404e-12       0.000000000000e+00       8.922994841052e-16       9.775247435009e-17       4.312670572815e-17 
 1611       5.164634725595e-11       3.049352932967e-12      -1.442193800270e-12       0.000000000000e+00       8.900830179078e-16       9.549716139224e-17       4.309163680109e-17 
 1612       5.149102837224e-11       3.048886737616e-12      -1.508954014624e-12       0.000000000000e+00       8.878732942233e-16       9.326276969215e-17       4.305228819702e-17 
 1613       5.134117020723e-11       3.048037869272e-12      -1.575613283950e-12       0.000000000000e+00       8.856702841582e-16       9.105106898953e-17       4.300868755698e-17 
 1614       5.119677107564e-11       3.046804738932e-12      -1.642140347917e-12       0.000000000000e+00       8.834739585160e-16       8.886383745837e-17       4.296086271681e-17 
 1615       5.105782920385e-11       3.045185754946e-12      -1.708503794146e-12       0.000000000000e+00       8.812842877962e-16       8.670286171983e-17       4.290884170743e-17 
 1616       5.092434272974e-11       3.043179323013e-12      -1.774672057975e-12       0.000000000000e+00       8.791012421938e-16       8.456993685512e-17       4.285265275523e-17 
 1617       5.079630970247e-11       3.040783846178e-12      -1.840613422228e-12       0.000000000000e+00       8.769247915988e-16       8.246686641837e-17       4.279232428233e-17 
 1618       5.067372808236e-11       3.037997724836e-12      -1.906296016980e-12       0.000000000000e+00       8.747549055955e-16       8.039546244947e-17       4.272788490698e-17 
 1619       5.055658575337e-11       3.034820229016e-12      -1.971690096264e-12       0.000000000000e+00       8.725915558330e-16       7.835720993965e-17       4.265936401567e-17 
 1620       5.044483046244e-11       3.031254123885e-12      -2.036774891168e-12       0.000000000000e+00       8.704347231609e-16       7.635225688627e-17       4.258679348471e-17 
 1621       5.033839960819e-11       3.027303067968e-12      -2.101531818200e-12       0.000000000000e+00       8.682843905568e-16       7.438041513757e-17       4.251020597491e-17 
 1622       5.023723020292e-11       3.022970743051e-12      -2.165942207839e-12       0.000000000000e+00       8.661405407610e-16       7.244149510929e-17       4.242963436146e-17 
 1623       5.014125887193e-11       3.018260854213e-12      -2.229987304403e-12       0.000000000000e+00       8.640031562756e-16       7.053530578222e-17       4.234511173434e-17 
 1624       5.005042185294e-11       3.013177129871e-12      -2.293648265921e-12       0.000000000000e+00       8.618722193647e-16       6.866165469967e-17       4.225667139865e-17 
 1625       4.996465499543e-11       3.007723321815e-12      -2.356906164003e-12       0.000000000000e+00       8.597477120532e-16       6.682034796502e-17       4.216434687498e-17 
 1626       4.988389376000e-11       3.001903205246e-12      -2.419741983714e-12       0.000000000000e+00       8.576296161268e-16       6.501119023923e-17       4.206817189976e-17 
 1627       4.980807321773e-11       2.995720578819e-12      -2.482136623439e-12       0.000000000000e+00       8.555179131316e-16       6.323398473837e-17       4.196818042560e-17 
 1628       4.973712804955e-11       2.989179264675e-12      -2.544070894759e-12       0.000000000000e+00       8.534125843731e-16       6.148853323114e-17       4.186440662170e-17 
 1629       4.967099254562e-11       2.982283108484e-12      -2.605525522317e-12       0.000000000000e+00       8.513136109164e-16       5.977463603638e-17       4.175688487413e-17 
 1630       4.960960060467e-11       2.975035979482e-12      -2.666481143693e-12       0.000000000000e+00       8.492209735853e-16       5.809209202060e-17       4.164564978626e-17 
 1631       4.955288573336e-11       2.967441770509e-12      -2.726918309274e-12       0.000000000000e+00       8.471346529621e-16       5.644069859550e-17       4.153073617908e-17 
 1632       4.950078104568e-11       2.959504398050e-12      -2.786817482119e-12       0.000000000000e+00       8.450546293867e-16       5.482025171548e-17       4.141217909156e-17 
 1633       4.945321926227e-11       2.951227802271e-12      -2.846159037838e-12       0.000000000000e+00       8.429808829568e-16       5.323054587519e-17       4.129001378099e-17 
 1634       4.941013270980e-11       2.942615947055e-12      -2.904923264459e-12       0.000000000000e+00       8.409133935268e-16       5.167137410700e-17       4.116427572341e-17 
 1635       4.937145332036e-11       2.933672820049e-12      -2.963090362296e-12       0.000000000000e+00       8.388521407078e-16       5.014252797859e-17       4.103500061385e-17 
 1636       4.933711263078e-11       2.924402432692e-12      -3.020640443823e-12       0.000000000000e+00       8.367971038668e-16       4.864379759040e-17       4.090222436681e-17 
 1637       4.930704178202e-11       2.914808820263e-12      -3.077553533545e-12       0.000000000000e+00       8.347482621266e-16       4.717497157320e-17       4.076598311651e-17 
 1638       4.928117151854e-11       2.904896041911e-12      -3.133809567868e-12       0.000000000000e+00       8.327055943648e-16       4.573583708559e-17       4.062631321734e-17 
 1639       4.925943218764e-11       2.894668180700e-12      -3.189388394966e-12       0.000000000000e+00       8.306690792140e-16       4.432617981152e-17       4.048325124413e-17 
 1640       4.924175373882e-11       2.884129343644e-12      -3.244269774659e-12       0.000000000000e+00       8.286386950607e-16       4.294578395782e-17       4.033683399259e-17 
 1641       4.922806572320e-11       2.873283661747e-12      -3.298433378277e-12       0.000000000000e+00       8.266144200453e-16       4.159443225171e-17       4.018709847961e-17 
 1642       4.921829729281e-11       2.862135290040e-12      -3.351858788535e-12       0.000000000000e+00       8.245962320615e-16       4.027190593834e-17       4.003408194362e-17 
 1643       4.921237720000e-11       2.850688407623e-12      -3.404525499400e-12       0.000000000000e+00       8.225841087557e-16       3.897798477829e-17       3.987782184498e-17 
 1644       4.921023379679e-11       2.838947217698e-12      -3.456412915965e-12       0.000000000000e+00       8.205780275266e-16       3.771244704510e-17       3.971835586632e-17 
 1645       4.921179503423e-11       2.826915947611e-12      -3.507500354319e-12       0.000000000000e+00       8.185779655249e-16       3.647506952278e-17       3.955572191289e-17 
 1646       4.921698846177e-11       2.814598848890e-12      -3.557767041417e-12       0.000000000000e+00       8.165838996526e-16       3.526562750335e-17       3.938995811292e-17 
 1647       4.922574122663e-11       2.802000197286e-12      -3.607192114948e-12       0.000000000000e+00       8.145958065629e-16       3.408389478436e-17       3.922110281797e-17 
 1648       4.923798007314e-11       2.789124292804e-12      -3.655754623212e-12       0.000000000000e+00       8.126136626591e-16       3.292964366637e-17       3.904919460333e-17 
 1649       4.925363134213e-11       2.775975459750e-12      -3.703433524985e-12       0.000000000000e+00       8.106374440948e-16       3.180264495054e-17       3.887427226832e-17 
 1650       4.927262097029e-11       2.762558046765e-12      -3.750207689393e-12       0.000000000000e+00       8.086671267730e-16       3.070266793610e-17       3.869637483667e-17 
 1651       4.929487448950e-11       2.748876426863e-12      -3.796055895781e-12       0.000000000000e+00       8.067026863460e-16       2.962948041786e-17       3.851554155689e-17 
 1652       4.932031702626e-11       2.734934997473e-12      -3.840956833584e-12       0.000000000000e+00       8.047440982144e-16       2.858284868379e-17       3.833181190260e-17 
 1653       4.934887330099e-11       2.720738180473e-12      -3.884889102198e-12       0.000000000000e+00       8.027913375274e-16       2.756253751249e-17       3.814522557293e-17 
 1654       4.938046762741e-11       2.706290422232e-12      -3.927831210851e-12       0.000000000000e+00       8.008443791815e-16       2.656831017072e-17       3.795582249281e-17 
 1655       4.941502391194e-11       2.691596193646e-12      -3.969761578472e-12       0.000000000000e+00       7.989031978206e-16       2.559992841094e-17       3.776364281341e-17 
 1656       4.945246565300e-11       2.676659990180e-12      -4.010658533565e-12       0.000000000000e+00       7.969677678355e-16       2.465715246880e-17       3.756872691242e-17 
 1657       4.949271594045e-11       2.661486331902e-12      -4.050500314076e-12       0.000000000000e+00       7.950380633631e-16       2.373974106071e-17       3.737111539445e-17 
 1658       4.953569699118e-11       2.646080017468e-12      -4.089268401302e-12       0.000000000000e+00       7.931140602571e-16       2.284745073046e-17       3.717084753241e-17 
 1659       4.958132875301e-11       2.630446888443e-12      -4.126957554049e-12       0.000000000000e+00       7.911957420185e-16       2.198003388805e-17       3.696795657578e-17 
 1660       4.962953028720e-11       2.614593071802e-12      -4.163565862758e-12       0.000000000000e+00       7.892830939164e-16       2.113724074862e-17       3.676247440165e-17 
 1661       4.968022023044e-11       2.598524726643e-12      -4.199091423523e-12       0.000000000000e+00       7.873761010217e-16       2.031881997927e-17       3.655443307020e-17 
 1662       4.973331679417e-11       2.582248044243e-12      -4.233532338106e-12       0.000000000000e+00       7.854747482063e-16       1.952451869650e-17       3.634386482502e-17 
 1663       4.978873776389e-11       2.565769248103e-12      -4.266886713954e-12       0.000000000000e+00       7.835790201430e-16       1.875408246374e-17       3.613080209341e-17 
 1664       4.984640049857e-11       2.549094594001e-12      -4.299152664213e-12       0.000000000000e+00       7.816889013054e-16       1.800725528882e-17       3.591527748661e-17 
 1665       4.990622192991e-11       2.532230370036e-12      -4.330328307749e-12       0.000000000000e+00       7.798043759669e-16       1.728377962147e-17       3.569732380015e-17 
 1666       4.996811856178e-11       2.515182896685e-12      -4.360411769156e-12       0.000000000000e+00       7.779254282007e-16       1.658339635082e-17       3.547697401411e-17 
 1667       5.003200646948e-11       2.497958526847e-12      -4.389401178783e-12       0.000000000000e+00       7.760520418796e-16       1.590584480287e-17       3.525426129342e-17 
 1668       5.009780129913e-11       2.480563645894e-12      -4.417294672738e-12       0.000000000000e+00       7.741842006750e-16       1.525086273802e-17       3.502921898814e-17 
 1669       5.016541826699e-11       2.463004671723e-12      -4.444090392915e-12       0.000000000000e+00       7.723218880572e-16       1.461818634850e-17       3.480188063376e-17 
 1670       5.023477215882e-11       2.445288054800e-12      -4.469786487004e-12       0.000000000000e+00       7.704650872946e-16       1.400755025595e-17       3.457227995147e-17 
 1671       5.030577732921e-11       2.427420278216e-12      -4.494381108507e-12       0.000000000000e+00       7.686137814537e-16       1.341868750883e-17       3.434045084847e-17 
 1672       5.037834770096e-11       2.409407857732e-12      -4.517872416757e-12       0.000000000000e+00       7.667679533981e-16       1.285132957995e-17       3.410642741826e-17 
 1673       5.045239676434e-11       2.391257341831e-12      -4.540258576934e-12       0.000000000000e+00       7.649275857887e-16       1.230520636397e-17       3.387024394089e-17 
 1674       5.052783757655e-11       2.372975311767e-12      -4.561537760078e-12       0.000000000000e+00       7.630926610832e-16       1.178004617488e-17       3.363193488332e-17 
 1675       5.060458276095e-11       2.354568381612e-12      -4.581708143108e-12       0.000000000000e+00       7.612631615354e-16       1.127557574349e-17       3.339153489964e-17 
 1676       5.068254450649e-11       2.336043198311e-12      -4.600767908838e-12       0.000000000000e+00       7.594390691955e-16       1.079152021492e-17       3.314907883139e-17 
 1677       5.076163456699e-11       2.317406441725e-12      -4.618715245990e-12       0.000000000000e+00       7.576203659087e-16       1.032760314611e-17       3.290460170786e-17 
 1678       5.084176426053e-11       2.298664824688e-12      -4.635548349215e-12       0.000000000000e+00       7.558070333160e-16       9.883546503281e-18       3.265813874635e-17 
 1679       5.092284446877e-11       2.279825093048e-12      -4.651265419107e-12       0.000000000000e+00       7.539990528527e-16       9.459070659475e-18       3.240972535248e-17 
 1680       5.100478563630e-11       2.260894025725e-12      -4.665864662215e-12       0.000000000000e+00       7.521964057490e-16       9.053894392001e-18       3.215939712047e-17 
 1681       5.108749776998e-11       2.241878434754e-12      -4.679344291068e-12       0.000000000000e+00       7.503990730289e-16       8.667734879950e-18       3.190718983346e-17 
 1682       5.117089043830e-11       2.222785165337e-12      -4.691702524183e-12       0.000000000000e+00       7.486070355103e-16       8.300307701681e-18       3.165313946372e-17 
 1683       5.125487277068e-11       2.203621095896e-12      -4.702937586084e-12       0.000000000000e+00       7.468202738042e-16       7.951326832321e-18       3.139728217304e-17 
 1684       5.133935345686e-11       2.184393138116e-12      -4.713047707320e-12       0.000000000000e+00       7.450387683147e-16       7.620504641246e-18       3.113965431294e-17 
 1685       5.142424074624e-11       2.165108236998e-12      -4.722031124479e-12       0.000000000000e+00       7.432624992385e-16       7.307551889583e-18       3.088029242501e-17 
 1686       5.150944244719e-11       2.145773370911e-12      -4.729886080205e-12       0.000000000000e+00       7.414914465644e-16       7.012177727699e-18       3.061923324116e-17 
 1687       5.159486592642e-11       2.126395551636e-12      -4.736610823212e-12       0.000000000000e+00       7.397255900730e-16       6.734089692691e-18       3.035651368394e-17 
 1688       5.168041810831e-11       2.106981824420e-12      -4.742203608303e-12       0.000000000000e+00       7.379649093363e-16       6.472993705881e-18       3.009217086680e-17 
 1689       5.176600547428e-11       2.087539268024e-12      -4.746662696387e-12       0.000000000000e+00       7.362093837176e-16       6.228594070310e-18       2.982624209442e-17 
 1690       5.185153406209e-11       2.068074994773e-12      -4.749986354489e-12       0.000000000000e+00       7.344589923706e-16       6.000593468226e-18       2.955876486296e-17 
 1691       5.193690946522e-11       2.048596150605e-12      -4.752172855775e-12       0.000000000000e+00       7.327137142394e-16       5.788692958580e-18       2.928977686037e-17 
 1692       5.202203683220e-11       2.029109915119e-12      -4.753220479561e-12       0.000000000000e+00       7.309735280582e-16       5.592591974516e-18       2.901931596665e-17 
 1693       5.210682086596e-11       2.009623501629e-12      -4.753127511330e-12       0.000000000000e+00       7.292384123503e-16       5.411988320865e-18       2.874742025420e-17 
 1694       5.219116582315e-11       1.990144157210e-12      -4.751892242754e-12       0.000000000000e+00       7.275083454287e-16       5.246578171637e-18       2.847412798805e-17 
 1695       5.227497551353e-11       1.970679162747e-12      -4.749512971702e-12       0.000000000000e+00       7.257833053949e-16       5.096056067513e-18       2.819947762616e-17 
 1696       5.235815329926e-11       1.951235832988e-12      -4.745988002262e-12       0.000000000000e+00       7.240632701387e-16       4.960114913338e-18       2.792350781975e-17 
 1697       5.244060963831e-11       1.931821117360e-12      -4.741318096513e-12       0.000000000000e+00       7.223482189855e-16       4.838441060768e-18       2.764625619527e-17 
 1698       5.252228478706e-11       1.912440398567e-12      -4.735513852931e-12       0.000000000000e+00       7.206381376521e-16       4.730699514881e-18       2.736775568851e-17 
 1699       5.260312629210e-11       1.893098683730e-12      -4.728588391630e-12       0.000000000000e+00       7.189330133327e-16       4.636548595029e-18       2.708803817951e-17 
 1700       5.268308146367e-11       1.873801002717e-12      -4.720554908498e-12       0.000000000000e+00       7.172328330551e-16       4.555644835391e-18       2.680713570814e-17 
 1701       5.276209737528e-11       1.854552408171e-12      -4.711426675313e-12       0.000000000000e+00       7.155375836802e-16       4.487642982265e-18       2.652508047438e-17 
 1702       5.284012086338e-11       1.835357975546e-12      -4.701217039864e-12       0.000000000000e+00       7.138472519022e-16       4.432195991351e-18       2.624190483854e-17 
 1703       5.291709852702e-11       1.816222803136e-12      -4.689939426068e-12       0.000000000000e+00       7.121618242477e-16       4.388955025044e-18       2.595764132149e-17 
 1704       5.299297672749e-11       1.797152012113e-12      -4.677607334086e-12       0.000000000000e+00       7.104812870756e-16       4.357569449715e-18       2.567232260492e-17 
 1705       5.306770158800e-11       1.778150746555e-12      -4.664234340445e-12       0.000000000000e+00       7.088056265771e-16       4.337686833007e-18       2.538598153158e-17 
 1706       5.314121899335e-11       1.759224173484e-12      -4.649834098153e-12       0.000000000000e+00       7.071348287750e-16       4.328952941115e-18       2.509865110548e-17 
 1707       5.321347458954e-11       1.740377482892e-12      -4.634420336820e-12       0.000000000000e+00       7.054688795234e-16       4.331011736081e-18       2.481036449218e-17 
 1708       5.328441378347e-11       1.721615887783e-12      -4.618006862775e-12       0.000000000000e+00       7.038077645077e-16       4.343505373073e-18       2.452115501898e-17 
 1709       5.335398174257e-11       1.702944624198e-12      -4.600607559183e-12       0.000000000000e+00       7.021514692441e-16       4.366074197682e-18       2.423105617521e-17 
 1710       5.342212339449e-11       1.684368951252e-12      -4.582236386165e-12       0.000000000000e+00       7.004999790793e-16       4.398356743202e-18       2.394010161241e-17 
 1711       5.348878342672e-11       1.665894151165e-12      -4.562907380917e-12       0.000000000000e+00       6.988532791899e-16       4.439989727922e-18       2.364832514461e-17 
 1712       5.355390628627e-11       1.647525529297e-12      -4.542634657824e-12       0.000000000000e+00       6.972113545828e-16       4.490608052414e-18       2.335576074857e-17 
 1713       5.361743617933e-11       1.629268414180e-12      -4.521432408585e-12       0.000000000000e+00       6.955741900943e-16       4.549844796816e-18       2.306244256398e-17 
 1714       5.367931707093e-11       1.611128157549e-12      -4.499314902323e-12       0.000000000000e+00       6.939417703899e-16       4.617331218128e-18       2.276840489375e-17 
 1715       5.373949268456e-11       1.593110134378e-12      -4.476296485712e-12       0.000000000000e+00       6.923140799641e-16       4.692696747490e-18       2.247368220420e-17 
 1716       5.379790650188e-11       1.575219742912e-12      -4.452391583087e-12       0.000000000000e+00       6.906911031400e-16       4.775568987476e-18       2.217830912533e-17 
 1717       5.385450176234e-11       1.557462404698e-12      -4.427614696570e-12       0.000000000000e+00       6.890728240692e-16       4.865573709382e-18       2.188232045105e-17 
 1718       5.390922146288e-11       1.539843564620e-12      -4.401980406180e-12       0.000000000000e+00       6.874592267311e-16       4.962334850510e-18       2.158575113941e-17 
 1719       5.396200835752e-11       1.522368690933e-12      -4.375503369960e-12       0.000000000000e+00       6.858502949330e-16       5.065474511458e-18       2.128863631285e-17 
 1720       5.401280495709e-11       1.505043275293e-12      -4.348198324089e-12       0.000000000000e+00       6.842460123095e-16       5.174612953407e-18       2.099101125843e-17 
 1721       5.406155352884e-11       1.487872832791e-12      -4.320080083000e-12       0.000000000000e+00       6.826463623223e-16       5.289368595410e-18       2.069291142808e-17 
 1722       5.410819609611e-11       1.470862901986e-12      -4.291163539503e-12       0.000000000000e+00       6.810513282599e-16       5.409358011677e-18       2.039437243882e-17 
 1723       5.415267443800e-11       1.454019044939e-12      -4.261463664901e-12       0.000000000000e+00       6.794608932374e-16       5.534195928867e-18       2.009543007301e-17 
 1724       5.419493008901e-11       1.437346847244e-12      -4.230995509106e-12       0.000000000000e+00       6.778750401960e-16       5.663495223370e-18       1.979612027861e-17 
 1725       5.423490433872e-11       1.420851918065e-12      -4.199774200759e-12       0.000000000000e+00       6.762937519026e-16       5.796866918600e-18       1.949647916936e-17 
 1726       5.427253823141e-11       1.404539890161e-12      -4.167814947350e-12       0.000000000000e+00       6.747170109498e-16       5.933920182280e-18       1.919654302507e-17 
 1727       5.430777256576e-11       1.388416419928e-12      -4.135133035333e-12       0.000000000000e+00       6.731447997556e-16       6.074262323730e-18       1.889634829184e-17 
 1728       5.434054789449e-11       1.372487187427e-12      -4.101743830247e-12       0.000000000000e+00       6.715771005626e-16       6.217498791156e-18       1.859593158231e-17 
 1729       5.437080452401e-11       1.356757896415e-12      -4.067662776832e-12       0.000000000000e+00       6.700138954382e-16       6.363233168935e-18       1.829532967588e-17 
 1730       5.439848251407e-11       1.341234274385e-12      -4.032905399149e-12       0.000000000000e+00       6.684551662742e-16       6.511067174904e-18       1.799457951896e-17 
 1731       5.442352167746e-11       1.325922072591e-12      -3.997487300696e-12       0.000000000000e+00       6.669008947862e-16       6.660600657651e-18       1.769371822521e-17 
 1732       5.444586157962e-11       1.310827066086e-12      -3.961424164531e-12       0.000000000000e+00       6.653510625138e-16       6.811431593798e-18       1.739278307575e-17 
 1733       5.446544153833e-11       1.295955053753e-12      -3.924731753385e-12       0.000000000000e+00       6.638056508196e-16       6.963156085289e-18       1.709181151946e-17 
 1734       5.448220062335e-11       1.281311858340e-12      -3.887425909780e-12       0.000000000000e+00       6.622646408897e-16       7.115368356682e-18       1.679084117314e-17 
 1735       5.449607765607e-11       1.266903326489e-12      -3.849522556154e-12       0.000000000000e+00       6.607280137325e-16       7.267660752431e-18       1.648990982184e-17 
 1736       5.450702130223e-11       1.252734565096e-12      -3.811038083084e-12       0.000000000000e+00       6.591957515686e-16       7.419726139383e-18       1.618905272284e-17 
 1737       5.451502044368e-11       1.238807643270e-12      -3.771990517330e-12       0.000000000000e+00       6.576678420100e-16       7.571666063497e-18       1.588829449271e-17 
 1738       5.452007406191e-11       1.225123871069e-12      -3.732398363872e-12       0.000000000000e+00       6.561442739154e-16       7.723685185054e-18       1.558765715236e-17 
 1739       5.452218116833e-11       1.211684561421e-12      -3.692280218831e-12       0.000000000000e+00       6.546250360033e-16       7.875989110573e-18       1.528716281717e-17 
 1740       5.452134080428e-11       1.198491030126e-12      -3.651654769595e-12       0.000000000000e+00       6.531101168519e-16       8.028784394169e-18       1.498683369710e-17 
 1741       5.451755204116e-11       1.185544595859e-12      -3.610540794960e-12       0.000000000000e+00       6.515995048992e-16       8.182278538919e-18       1.468669209685e-17 
 1742       5.451081398044e-11       1.172846580175e-12      -3.568957165259e-12       0.000000000000e+00       6.500931884421e-16       8.336679998225e-18       1.438676041594e-17 
 1743       5.450112575374e-11       1.160398307507e-12      -3.526922842497e-12       0.000000000000e+00       6.485911556369e-16       8.492198177174e-18       1.408706114887e-17 
 1744       5.448848652286e-11       1.148201105170e-12      -3.484456880485e-12       0.000000000000e+00       6.470933944984e-16       8.649043433906e-18       1.378761688527e-17 
 1745       5.447289547990e-11       1.136256303366e-12      -3.441578424973e-12       0.000000000000e+00       6.455998928999e-16       8.807427080971e-18       1.348845031000e-17 
 1746       5.445435184725e-11       1.124565235185e-12      -3.398306713785e-12       0.000000000000e+00       6.441106385731e-16       8.967561386698e-18       1.318958420328e-17 
 1747       5.443285487768e-11       1.113129236605e-12      -3.354661076952e-12       0.000000000000e+00       6.426256191075e-16       9.129659576552e-18       1.289104144086e-17 
 1748       5.440840385443e-11       1.101949646500e-12      -3.310660936844e-12       0.000000000000e+00       6.411448219506e-16       9.293935834502e-18       1.259284499409e-17 
 1749       5.438099809121e-11       1.091027806638e-12      -3.266325808306e-12       0.000000000000e+00       6.396682344070e-16       9.460605304381e-18       1.229501793012e-17 
 1750       5.435063693230e-11       1.080365061684e-12      -3.221675298792e-12       0.000000000000e+00       6.381958436390e-16       9.629884091251e-18       1.199758341197e-17 
 1751       5.431731975260e-11       1.069962759206e-12      -3.176729108496e-12       0.000000000000e+00       6.367276366655e-16       9.801989262762e-18       1.170056469871e-17 
 1752       5.428104595768e-11       1.059822249672e-12      -3.131507030487e-12       0.000000000000e+00       6.352636003623e-16       9.977138850521e-18       1.140398514554e-17 
 1753       5.424181498385e-11       1.049944886458e-12      -3.086028950844e-12       0.000000000000e+00       6.338037214616e-16       1.015555185145e-17       1.110786820398e-17 
 1754       5.419962629821e-11       1.040332025848e-12      -3.040314848790e-12       0.000000000000e+00       6.323479865519e-16       1.033744822915e-17       1.081223742194e-17 
 1755       5.415447939874e-11       1.030985027035e-12      -2.994384796821e-12       0.000000000000e+00       6.308963820776e-16       1.052304891526e-17       1.051711644391e-17 
 1756       5.410637381430e-11       1.021905252127e-12      -2.948258960844e-12       0.000000000000e+00       6.294488943389e-16       1.071257581085e-17       1.022252901105e-17 
 1757       5.405530910475e-11       1.013094066148e-12      -2.901957600313e-12       0.000000000000e+00       6.280055094913e-16       1.090625178771e-17       9.928498961335e-18 
 1758       5.400128486097e-11       1.004552837038e-12      -2.855501068354e-12       0.000000000000e+00       6.265662135456e-16       1.110430068981e-17       9.635050229680e-18 
 1759       5.394430070494e-11       9.962829356609e-13      -2.808909811909e-12       0.000000000000e+00       6.251309923675e-16       1.130694733459e-17       9.342206848082e-18 
 1760       5.388435628978e-11       9.882857358016e-13      -2.762204371862e-12       0.000000000000e+00       6.236998316776e-16       1.151441751434e-17       9.049992945744e-18 
 1761       5.382145129984e-11       9.805626141722e-13      -2.715405383174e-12       0.000000000000e+00       6.222727170505e-16       1.172693799760e-17       8.758432749207e-18 
 1762       5.375558545072e-11       9.731149504131e-13      -2.668533575023e-12       0.000000000000e+00       6.208496339155e-16       1.194473653046e-17       8.467550582481e-18 
 1763       5.368675848938e-11       9.659441270957e-13      -2.621609770929e-12       0.000000000000e+00       6.194305675554e-16       1.216804183798e-17       8.177370867174e-18 
 1764       5.361497019413e-11       9.590515297250e-13      -2.574654888891e-12       0.000000000000e+00       6.180155031071e-16       1.239708362551e-17       7.887918122630e-18 
 1765       5.354022037475e-11       9.524385467422e-13      -2.527689941525e-12       0.000000000000e+00       6.166044255604e-16       1.263209258010e-17       7.599216966052e-18 
 1766       5.346250887255e-11       9.461065695272e-13      -2.480736036189e-12       0.000000000000e+00       6.151973197588e-16       1.287330037180e-17       7.311292112638e-18 
 1767       5.338183556036e-11       9.400569924009e-13      -2.433814375126e-12       0.000000000000e+00       6.137941703984e-16       1.312093965508e-17       7.024168375709e-18 
 1768       5.329820034267e-11       9.342912126283e-13      -2.386946255591e-12       0.000000000000e+00       6.123949620281e-16       1.337524407017e-17       6.737870666843e-18 
 1769       5.321160315565e-11       9.288106304205e-13      -2.340153069987e-12       0.000000000000e+00       6.109996790491e-16       1.363644824442e-17       6.452423996005e-18 
 1770       5.312204396721e-11       9.236166489376e-13      -2.293456305998e-12       0.000000000000e+00       6.096083057148e-16       1.390478779367e-17       6.167853471676e-18 
 1771       5.302952277707e-11       9.187106742909e-13      -2.246877546725e-12       0.000000000000e+00       6.082208261305e-16       1.418049932360e-17       5.884184300989e-18 
 1772       5.293403961681e-11       9.140941155460e-13      -2.200438470818e-12       0.000000000000e+00       6.068372242533e-16       1.446382043111e-17       5.601441789854e-18 
 1773       5.283559454994e-11       9.097683847245e-13      -2.154160852607e-12       0.000000000000e+00       6.054574838915e-16       1.475498970568e-17       5.319651343094e-18 
 1774       5.273418767195e-11       9.057348968074e-13      -2.108066562242e-12       0.000000000000e+00       6.040815887045e-16       1.505424673071e-17       5.038838464571e-18 
 1775       5.262982589649e-11       9.019944112475e-13      -2.062176024358e-12       0.000000000000e+00       6.027095234051e-16       1.536176842333e-17       4.759027014933e-18 
 1776       5.252254337502e-11       8.985450505666e-13      -2.016503579933e-12       0.000000000000e+00       6.013412773765e-16       1.567747747697e-17       4.480233968857e-18 
 1777       5.241238124564e-11       8.953842654293e-13      -1.971062086462e-12       0.000000000000e+00       5.999768410844e-16       1.600123234236e-17       4.202474614840e-18 
 1778       5.229938086252e-11       8.925094916270e-13      -1.925864456026e-12       0.000000000000e+00       5.986162048772e-16       1.633289074462e-17       3.925764293739e-18 
 1779       5.218358379625e-11       8.899181500559e-13      -1.880923655364e-12       0.000000000000e+00       5.972593589858e-16       1.667230968227e-17       3.650118398827e-18 
 1780       5.206503183416e-11       8.876076466939e-13      -1.836252705948e-12       0.000000000000e+00       5.959062935235e-16       1.701934542618e-17       3.375552375864e-18 
 1781       5.194376698061e-11       8.855753725787e-13      -1.791864684063e-12       0.000000000000e+00       5.945569984855e-16       1.737385351845e-17       3.102081723159e-18 
 1782       5.181983145734e-11       8.838187037849e-13      -1.747772720876e-12       0.000000000000e+00       5.932114637490e-16       1.773568877139e-17       2.829721991635e-18 
 1783       5.169326770376e-11       8.823350014013e-13      -1.703990002514e-12       0.000000000000e+00       5.918696790728e-16       1.810470526646e-17       2.558488784894e-18 
 1784       5.156411837729e-11       8.811216115089e-13      -1.660529770138e-12       0.000000000000e+00       5.905316340971e-16       1.848075635320e-17       2.288397759284e-18 
 1785       5.143242635367e-11       8.801758651581e-13      -1.617405320019e-12       0.000000000000e+00       5.891973183435e-16       1.886369464817e-17       2.019464623958e-18 
 1786       5.129823472725e-11       8.794950783459e-13      -1.574630003611e-12       0.000000000000e+00       5.878667212144e-16       1.925337203389e-17       1.751705140946e-18 
 1787       5.116158681137e-11       8.790765519940e-13      -1.532217227630e-12       0.000000000000e+00       5.865398319934e-16       1.964963965778e-17       1.485135125213e-18 
 1788       5.102252613862e-11       8.789175719257e-13      -1.490180454125e-12       0.000000000000e+00       5.852166398443e-16       2.005234793111e-17       1.219770444728e-18 
 1789       5.088109646118e-11       8.790154088438e-13      -1.448533200554e-12       0.000000000000e+00       5.838971338117e-16       2.046134652790e-17       9.556270205288e-19 
 1790       5.073734175114e-11       8.793673183076e-13      -1.407289039859e-12       0.000000000000e+00       5.825813028200e-16       2.087648438394e-17       6.927208267837e-19 
 1791       5.059130620080e-11       8.799705407109e-13      -1.366461600545e-12       0.000000000000e+00       5.812691356741e-16       2.129760969562e-17       4.310678908591e-19 
 1792       5.044303422303e-11       8.808223012592e-13      -1.326064566747e-12       0.000000000000e+00       5.799606210582e-16       2.172456991898e-17       1.706842933828e-19 
 1793       5.029257045153e-11       8.819198099472e-13      -1.286111678312e-12       0.000000000000e+00       5.786557475363e-16       2.215721176857e-17      -8.841383169059e-20 
 1794       5.013995974120e-11       8.832602615362e-13      -1.246616730871e-12       0.000000000000e+00       5.773545035518e-16       2.259538121642e-17      -3.462102970152e-19 
 1795       4.998524716841e-11       8.848408355318e-13      -1.207593575915e-12       0.000000000000e+00       5.760568774273e-16       2.303892349099e-17      -6.026888617892e-19 
 1796       4.982847803137e-11       8.866586961611e-13      -1.169056120868e-12       0.000000000000e+00       5.747628573643e-16       2.348768307608e-17      -8.578332316897e-19 
 1797       4.966969785039e-11       8.887109923505e-13      -1.131018329165e-12       0.000000000000e+00       5.734724314429e-16       2.394150370980e-17      -1.111627058809e-18 
 1798       4.950895236826e-11       8.909948577030e-13      -1.093494220326e-12       0.000000000000e+00       5.721855876220e-16       2.440022838349e-17      -1.364053941587e-18 
 1799       4.934628755050e-11       8.935074104754e-13      -1.056497870029e-12       0.000000000000e+00       5.709023137386e-16       2.486369934067e-17      -1.615097424751e-18 
 1800       4.918174958575e-11       8.962457535563e-13      -1.020043410187e-12       0.000000000000e+00       5.696225975081e-16       2.533175807597e-17      -1.864740999248e-18 
 1801       4.901538488602e-11       8.992069744434e-13      -9.841450290228e-13       0.000000000000e+00       5.683464265236e-16       2.580424533408e-17      -2.112968102179e-18 
 1802       4.884724008705e-11       9.023881452206e-13      -9.488169711443e-13       0.000000000000e+00       5.670737882559e-16       2.628100110867e-17      -2.359762116738e-18 
 1803       4.867736204861e-11       9.057863225360e-13      -9.140735376183e-13       0.000000000000e+00       5.658046700534e-16       2.676186464138e-17      -2.605106372141e-18 
 1804       4.850579785484e-11       9.093985475792e-13      -8.799290860464e-13       0.000000000000e+00       5.645390591418e-16       2.724667442067e-17      -2.848984143571e-18 
 1805       4.833259481454e-11       9.132218460586e-13      -8.463980306398e-13       0.000000000000e+00       5.632769426238e-16       2.773526818087e-17      -3.091378652101e-18 
 1806       4.815780046148e-11       9.172532281791e-13      -8.134948422944e-13       0.000000000000e+00       5.620183074791e-16       2.822748290102e-17      -3.332273064641e-18 
 1807       4.798146255478e-11       9.214896886194e-13      -7.812340486657e-13       0.000000000000e+00       5.607631405640e-16       2.872315480387e-17      -3.571650493866e-18 
 1808       4.780362907914e-11       9.259282065097e-13      -7.496302342437e-13       0.000000000000e+00       5.595114286111e-16       2.922211935480e-17      -3.809493998152e-18 
 1809       4.762434824523e-11       9.305657454089e-13      -7.186980404283e-13       0.000000000000e+00       5.582631582296e-16       2.972421126077e-17      -4.045786581514e-18 
 1810       4.744366848997e-11       9.353992532823e-13      -6.884521656039e-13       0.000000000000e+00       5.570183159045e-16       3.022926446924e-17      -4.280511193539e-18 
 1811       4.726163847686e-11       9.404256624791e-13      -6.589073652146e-13       0.000000000000e+00       5.557768879966e-16       3.073711216712e-17      -4.513650729322e-18 
 1812       4.707830709628e-11       9.456418897095e-13      -6.300784518392e-13       0.000000000000e+00       5.545388607426e-16       3.124758677972e-17      -4.745188029402e-18 
 1813       4.689372346584e-11       9.510448360228e-13      -6.019802952661e-13       0.000000000000e+00       5.533042202543e-16       3.176051996968e-17      -4.975105879695e-18 
 1814       4.670793735562e-11       9.566311699700e-13      -5.746255043576e-13       0.000000000000e+00       5.520729534705e-16       3.227577403906e-17      -5.203388065540e-18 
 1815       4.652100046704e-11       9.623966752267e-13      -5.480174520447e-13       0.000000000000e+00       5.508450510200e-16       3.279333641483e-17      -5.430022543250e-18 
 1816       4.633296516492e-11       9.683368976632e-13      -5.221571942141e-13       0.000000000000e+00       5.496205043811e-16       3.331322592347e-17      -5.654998294015e-18 
 1817       4.614388405386e-11       9.744473616500e-13      -4.970457828023e-13       0.000000000000e+00       5.483993049319e-16       3.383546145715e-17      -5.878304272091e-18 
 1818       4.595380997852e-11       9.807235700277e-13      -4.726842657855e-13       0.000000000000e+00       5.471814439502e-16       3.436006197372e-17      -6.099929404774e-18 
 1819       4.576279602399e-11       9.871610040767e-13      -4.490736871709e-13       0.000000000000e+00       5.459669126130e-16       3.488704649689e-17      -6.319862592373e-18 
 1820       4.557089551609e-11       9.937551234865e-13      -4.262150869866e-13       0.000000000000e+00       5.447557019971e-16       3.541643411623e-17      -6.538092708184e-18 
 1821       4.537816202175e-11       1.000501366326e-12      -4.041095012724e-13       0.000000000000e+00       5.435478030780e-16       3.594824398732e-17      -6.754608598463e-18 
 1822       4.518464934928e-11       1.007395149010e-12      -3.827579620703e-13       0.000000000000e+00       5.423432067303e-16       3.648249533178e-17      -6.969399082400e-18 
 1823       4.499041154876e-11       1.014431866276e-12      -3.621614974151e-13       0.000000000000e+00       5.411419037274e-16       3.701920743742e-17      -7.182452952094e-18 
 1824       4.479550291236e-11       1.021606891144e-12      -3.423211313244e-13       0.000000000000e+00       5.399438847413e-16       3.755839965824e-17      -7.393758972525e-18 
 1825       4.459997797463e-11       1.028915574895e-12      -3.232378837899e-13       0.000000000000e+00       5.387491403424e-16       3.810009141459e-17      -7.603305881527e-18 
 1826       4.440389151290e-11       1.036353247034e-12      -3.049127707675e-13       0.000000000000e+00       5.375576609993e-16       3.864430219321e-17      -7.811082389766e-18 
 1827       4.420729854757e-11       1.043915215263e-12      -2.873468041675e-13       0.000000000000e+00       5.363694370789e-16       3.919105154733e-17      -8.017077180706e-18 
 1828       4.401025434245e-11       1.051596765450e-12      -2.705409918458e-13       0.000000000000e+00       5.351844588458e-16       3.974035909676e-17      -8.221278910592e-18 
 1829       4.381281440509e-11       1.059393161599e-12      -2.544963375941e-13       0.000000000000e+00       5.340027164624e-16       4.029224452795e-17      -8.423676208415e-18 
 1830       4.361503448715e-11       1.067299645819e-12      -2.392138411300e-13       0.000000000000e+00       5.328241999887e-16       4.084672759410e-17      -8.624257675893e-18 
 1831       4.341697058466e-11       1.075311438292e-12      -2.246944980884e-13       0.000000000000e+00       5.316488993821e-16       4.140382811523e-17      -8.823011887437e-18 
 1832       4.321867893844e-11       1.083423737245e-12      -2.109393000113e-13       0.000000000000e+00       5.304768044971e-16       4.196356597827e-17      -9.019927390134e-18 
 1833       4.302021603435e-11       1.091631718920e-12      -1.979492343384e-13       0.000000000000e+00       5.293079050854e-16       4.252596113714e-17      -9.214992703711e-18 
 1834       4.282163860368e-11       1.099930537539e-12      -1.857252843979e-13       0.000000000000e+00       5.281421907954e-16       4.309103361285e-17      -9.408196320516e-18 
 1835       4.262300362348e-11       1.108315325281e-12      -1.742684293971e-13       0.000000000000e+00       5.269796511724e-16       4.365880349354e-17      -9.599526705488e-18 
 1836       4.242436831686e-11       1.116781192244e-12      -1.635796444122e-13       0.000000000000e+00       5.258202756582e-16       4.422929093463e-17      -9.788972296132e-18 
 1837       4.222579015335e-11       1.125323226421e-12      -1.536599003797e-13       0.000000000000e+00       5.246640535907e-16       4.480251615885e-17      -9.976521502492e-18 
 1838       4.202732684922e-11       1.133936493663e-12      -1.445101640865e-13       0.000000000000e+00       5.235109742043e-16       4.537849945634e-17      -1.016216270712e-17 
 1839       4.182903636781e-11       1.142616037654e-12      -1.361313981601e-13       0.000000000000e+00       5.223610266292e-16       4.595726118475e-17      -1.034588426507e-17 
 1840       4.163097691990e-11       1.151356879880e-12      -1.285245610599e-13       0.000000000000e+00       5.212141998915e-16       4.653882176929e-17      -1.052767450384e-17 
 1841       4.143320696399e-11       1.160154019596e-12      -1.216906070671e-13       0.000000000000e+00       5.200704829129e-16       4.712320170287e-17      -1.070752172337e-17 
 1842       4.123578520666e-11       1.169002433796e-12      -1.156304862751e-13       0.000000000000e+00       5.189298645108e-16       4.771042154612e-17      -1.088541419600e-17 
 1843       4.103877060291e-11       1.177897077185e-12      -1.103451445808e-13       0.000000000000e+00       5.177923333976e-16       4.830050192752e-17      -1.106134016646e-17 
 1844       4.084222235649e-11       1.186832882146e-12      -1.058355236744e-13       0.000000000000e+00       5.166578781811e-16       4.889346354345e-17      -1.123528785183e-17 
 1845       4.064619992020e-11       1.195804758711e-12      -1.021025610300e-13       0.000000000000e+00       5.155264873638e-16       4.948932715831e-17      -1.140724544152e-17 
 1846       4.045076299628e-11       1.204807594531e-12      -9.914718989639e-14       0.000000000000e+00       5.143981493433e-16       5.008811360459e-17      -1.157720109725e-17 
 1847       4.025597153670e-11       1.213836254842e-12      -9.697033928750e-14       0.000000000000e+00       5.132728524116e-16       5.068984378293e-17      -1.174514295300e-17 
 1848       4.006188574350e-11       1.222885582441e-12      -9.557293397275e-14       0.000000000000e+00       5.121505847552e-16       5.129453866223e-17      -1.191105911501e-17 
 1849       3.986856606914e-11       1.231950397649e-12      -9.495589446767e-14       0.000000000000e+00       5.110313344549e-16       5.190221927975e-17      -1.207493766175e-17 
 1850       3.967607321683e-11       1.241025498286e-12      -9.512013702445e-14       0.000000000000e+00       5.099150894856e-16       5.251290674115e-17      -1.223676664387e-17 
 1851       3.948446814084e-11       1.250105659634e-12      -9.606657362238e-14       0.000000000000e+00       5.088018377161e-16       5.312662222060e-17      -1.239653408419e-17 
 1852       3.929381204686e-11       1.259185634415e-12      -9.779611195842e-14       0.000000000000e+00       5.076915669089e-16       5.374338696088e-17      -1.255422797770e-17 
 1853       3.910416145367e-11       1.268260425635e-12      -1.003079408489e-13       0.000000000000e+00       5.065842655767e-16       5.436318426794e-17      -1.270983671410e-17 
 1854       3.891555333493e-11       1.277326107556e-12      -1.035943716486e-13       0.000000000000e+00       5.054799255587e-16       5.498584516647e-17      -1.286335034927e-17 
 1855       3.872801986068e-11       1.286379011149e-12      -1.076459560724e-13       0.000000000000e+00       5.043785394644e-16       5.561116184144e-17      -1.301475934383e-17 
 1856       3.854159332557e-11       1.295415451780e-12      -1.124531970164e-13       0.000000000000e+00       5.032800998185e-16       5.623892556043e-17      -1.316405414137e-17 
 1857       3.835630614895e-11       1.304431729192e-12      -1.180065484887e-13       0.000000000000e+00       5.021845990608e-16       5.686892667235e-17      -1.331122516851e-17 
 1858       3.817219087509e-11       1.313424127481e-12      -1.242964155399e-13       0.000000000000e+00       5.010920295460e-16       5.750095460618e-17      -1.345626283484e-17 
 1859       3.798928017328e-11       1.322388915076e-12      -1.313131541935e-13       0.000000000000e+00       5.000023835438e-16       5.813479786978e-17      -1.359915753292e-17 
 1860       3.780760683806e-11       1.331322344719e-12      -1.390470713771e-13       0.000000000000e+00       4.989156532387e-16       5.877024404859e-17      -1.373989963829e-17 
 1861       3.762720378931e-11       1.340220653444e-12      -1.474884248526e-13       0.000000000000e+00       4.978318307296e-16       5.940707980441e-17      -1.387847950940e-17 
 1862       3.744810407245e-11       1.349080062554e-12      -1.566274231467e-13       0.000000000000e+00       4.967509080299e-16       6.004509087418e-17      -1.401488748768e-17 
 1863       3.727034085862e-11       1.357896777603e-12      -1.664542254821e-13       0.000000000000e+00       4.956728770672e-16       6.068406206869e-17      -1.414911389745e-17 
 1864       3.709394744478e-11       1.366666988373e-12      -1.769589417076e-13       0.000000000000e+00       4.945977296833e-16       6.132377727138e-17      -1.428114904598e-17 
 1865       3.691895725394e-11       1.375386868855e-12      -1.881316322289e-13       0.000000000000e+00       4.935254576340e-16       6.196401943706e-17      -1.441098322341e-17 
 1866       3.674540383526e-11       1.384052577225e-12      -1.999623079391e-13       0.000000000000e+00       4.924560525891e-16       6.260457059071e-17      -1.453860670279e-17 
 1867       3.657332086425e-11       1.392660255828e-12      -2.124409301498e-13       0.000000000000e+00       4.913895061317e-16       6.324521182618e-17      -1.466400974005e-17 
 1868       3.640274214291e-11       1.401206031151e-12      -2.255574105211e-13       0.000000000000e+00       4.903258097590e-16       6.388572330500e-17      -1.478718257398e-17 
 1869       3.623370159990e-11       1.409686013808e-12      -2.393016109926e-13       0.000000000000e+00       4.892649548811e-16       6.452588425510e-17      -1.490811542623e-17 
 1870       3.606623329072e-11       1.418096298515e-12      -2.536633437139e-13       0.000000000000e+00       4.882069328218e-16       6.516547296960e-17      -1.502679850130e-17 
 1871       3.590037139781e-11       1.426432964072e-12      -2.686323709753e-13       0.000000000000e+00       4.871517348177e-16       6.580426680552e-17      -1.514322198651e-17 
 1872       3.573615023079e-11       1.434692073337e-12      -2.841984051383e-13       0.000000000000e+00       4.860993520187e-16       6.644204218259e-17      -1.525737605201e-17 
 1873       3.557360422656e-11       1.442869673214e-12      -3.003511085665e-13       0.000000000000e+00       4.850497754873e-16       6.707857458196e-17      -1.536925085077e-17 
 1874       3.541276794948e-11       1.450961794623e-12      -3.170800935558e-13       0.000000000000e+00       4.840029961988e-16       6.771363854500e-17      -1.547883651855e-17 
 1875       3.525367609155e-11       1.458964452484e-12      -3.343749222653e-13       0.000000000000e+00       4.829590050411e-16       6.834700767201e-17      -1.558612317388e-17 
 1876       3.509636347253e-11       1.466873645695e-12      -3.522251066482e-13       0.000000000000e+00       4.819177928146e-16       6.897845462102e-17      -1.569110091811e-17 
 1877       3.494086504014e-11       1.474685357112e-12      -3.706201083817e-13       0.000000000000e+00       4.808793502316e-16       6.960775110651e-17      -1.579375983530e-17 
 1878       3.478721587020e-11       1.482395553527e-12      -3.895493387984e-13       0.000000000000e+00       4.798436679169e-16       7.023466789820e-17      -1.589408999231e-17 
 1879       3.463545116680e-11       1.490000185646e-12      -4.090021588161e-13       0.000000000000e+00       4.788107364073e-16       7.085897481979e-17      -1.599208143870e-17 
 1880       3.448560626243e-11       1.497495188072e-12      -4.289678788695e-13       0.000000000000e+00       4.777805461512e-16       7.148044074770e-17      -1.608772420680e-17 
 1881       3.433771661821e-11       1.504876479278e-12      -4.494357588397e-13       0.000000000000e+00       4.767530875087e-16       7.209883360986e-17      -1.618100831163e-17 
 1882       3.419181782397e-11       1.512139961594e-12      -4.703950079856e-13       0.000000000000e+00       4.757283507518e-16       7.271392038444e-17      -1.627192375091e-17 
 1883       3.404794559847e-11       1.519281521178e-12      -4.918347848743e-13       0.000000000000e+00       4.747063260636e-16       7.332546709863e-17      -1.636046050509e-17 
 1884       3.390613578952e-11       1.526297028002e-12      -5.137441973116e-13       0.000000000000e+00       4.736870035385e-16       7.393323882737e-17      -1.644660853726e-17 
 1885       3.376642437417e-11       1.533182335825e-12      -5.361123022727e-13       0.000000000000e+00       4.726703731822e-16       7.453699969213e-17      -1.653035779322e-17 
 1886       3.362884745887e-11       1.539933282179e-12      -5.589281058329e-13       0.000000000000e+00       4.716564249112e-16       7.513651285966e-17      -1.661169820141e-17 
 1887       3.349344127959e-11       1.546545688340e-12      -5.821805630982e-13       0.000000000000e+00       4.706451485528e-16       7.573154054073e-17      -1.669061967291e-17 
 1888       3.336024220205e-11       1.553015359314e-12      -6.058585781359e-13       0.000000000000e+00       4.696365338453e-16       7.632184398890e-17      -1.676711210146e-17 
 1889       3.322928672180e-11       1.559338083814e-12      -6.299510039053e-13       0.000000000000e+00       4.686305704373e-16       7.690718349930e-17      -1.684116536341e-17 
 1890       3.310061146445e-11       1.565509634235e-12      -6.544466421880e-13       0.000000000000e+00       4.676272478879e-16       7.748731840735e-17      -1.691276931772e-17 
 1891       3.297425318580e-11       1.571525766640e-12      -6.793342435190e-13       0.000000000000e+00       4.666265556663e-16       7.806200708751e-17      -1.698191380597e-17 
 1892       3.285024214452e-11       1.577382762009e-12      -7.046022243252e-13       0.000000000000e+00       4.656284838738e-16       7.863105598497e-17      -1.704859057609e-17 
 1893       3.272858216392e-11       1.583079054611e-12      -7.302378160889e-13       0.000000000000e+00       4.646330254147e-16       7.919446712766e-17      -1.711279906996e-17 
 1894       3.260927041627e-11       1.588613616187e-12      -7.562279094650e-13       0.000000000000e+00       4.636401738416e-16       7.975229175275e-17      -1.717454068060e-17 
 1895       3.249230403622e-11       1.593985415817e-12      -7.825593363961e-13       0.000000000000e+00       4.626499226353e-16       8.030458137779e-17      -1.723381683245e-17 
 1896       3.237768012076e-11       1.599193419917e-12      -8.092188700341e-13       0.000000000000e+00       4.616622652044e-16       8.085138780106e-17      -1.729062898146e-17 
 1897       3.226539572914e-11       1.604236592236e-12      -8.361932246612e-13       0.000000000000e+00       4.606771948852e-16       8.139276310198e-17      -1.734497861516e-17 
 1898       3.215544788280e-11       1.609113893852e-12      -8.634690556109e-13       0.000000000000e+00       4.596947049419e-16       8.192875964153e-17      -1.739686725266e-17 
 1899       3.204783356534e-11       1.613824283171e-12      -8.910329591896e-13       0.000000000000e+00       4.587147885662e-16       8.245943006264e-17      -1.744629644476e-17 
 1900       3.194254972242e-11       1.618366715925e-12      -9.188714725973e-13       0.000000000000e+00       4.577374388772e-16       8.298482729058e-17      -1.749326777397e-17 
 1901       3.183959326173e-11       1.622740145168e-12      -9.469710738487e-13       0.000000000000e+00       4.567626489212e-16       8.350500453338e-17      -1.753778285456e-17 
 1902       3.173896105290e-11       1.626943521270e-12      -9.753181816949e-13       0.000000000000e+00       4.557904116719e-16       8.402001528220e-17      -1.757984333262e-17 
 1903       3.164064992749e-11       1.630975791922e-12      -1.003899155544e-12       0.000000000000e+00       4.548207200300e-16       8.452991331175e-17      -1.761945088615e-17 
 1904       3.154465667885e-11       1.634835902126e-12      -1.032700295382e-12       0.000000000000e+00       4.538535668232e-16       8.503475268068e-17      -1.765660722502e-17 
 1905       3.145097806213e-11       1.638522794196e-12      -1.061707841696e-12       0.000000000000e+00       4.528889448060e-16       8.553458773202e-17      -1.769131409114e-17 
 1906       3.135961079417e-11       1.642035407752e-12      -1.090907975392e-12       0.000000000000e+00       4.519268466597e-16       8.602947309349e-17      -1.772357325841e-17 
 1907       3.127055155349e-11       1.645372679724e-12      -1.120286817719e-12       0.000000000000e+00       4.509672649920e-16       8.651946367799e-17      -1.775338653285e-17 
 1908       3.118379698016e-11       1.648533544340e-12      -1.149830430188e-12       0.000000000000e+00       4.500101923374e-16       8.700461468396e-17      -1.778075575259e-17 
 1909       3.109934367580e-11       1.651516933131e-12      -1.179524814494e-12       0.000000000000e+00       4.490556211564e-16       8.748498159577e-17      -1.780568278797e-17 
 1910       3.101718820349e-11       1.654321774924e-12      -1.209355912439e-12       0.000000000000e+00       4.481035438362e-16       8.796062018414e-17      -1.782816954157e-17 
 1911       3.093732708771e-11       1.656946995839e-12      -1.239309605849e-12       0.000000000000e+00       4.471539526897e-16       8.843158650652e-17      -1.784821794829e-17 
 1912       3.085975681429e-11       1.659391519292e-12      -1.269371716500e-12       0.000000000000e+00       4.462068399561e-16       8.889793690753e-17      -1.786582997534e-17 
 1913       3.078447383034e-11       1.661654265982e-12      -1.299528006035e-12       0.000000000000e+00       4.452621978003e-16       8.935972801930e-17      -1.788100762236e-17 
 1914       3.071147454416e-11       1.663734153900e-12      -1.329764175888e-12       0.000000000000e+00       4.443200183130e-16       8.981701676192e-17      -1.789375292146e-17 
 1915       3.064075532526e-11       1.665630098316e-12      -1.360065867203e-12       0.000000000000e+00       4.433802935108e-16       9.026986034380e-17      -1.790406793722e-17 
 1916       3.057231250420e-11       1.667341011783e-12      -1.390418660755e-12       0.000000000000e+00       4.424430153355e-16       9.071831626211e-17      -1.791195476683e-17 
 1917       3.050614237260e-11       1.668865804130e-12      -1.420808076877e-12       0.000000000000e+00       4.415081756544e-16       9.116244230315e-17      -1.791741554006e-17 
 1918       3.044224118304e-11       1.670203382463e-12      -1.451219575371e-12       0.000000000000e+00       4.405757662603e-16       9.160229654275e-17      -1.792045241936e-17 
 1919       3.038060514903e-11       1.671352651160e-12      -1.481638555438e-12       0.000000000000e+00       4.396457788709e-16       9.203793734668e-17      -1.792106759991e-17 
 1920       3.032123044491e-11       1.672312511868e-12      -1.512050355595e-12       0.000000000000e+00       4.387182051292e-16       9.246942337107e-17      -1.791926330966e-17 
 1921       3.026411320583e-11       1.673081863501e-12      -1.542440253596e-12       0.000000000000e+00       4.377930366029e-16       9.289681356276e-17      -1.791504180937e-17 
 1922       3.020924952764e-11       1.673659602237e-12      -1.572793466356e-12       0.000000000000e+00       4.368702647846e-16       9.332016715973e-17      -1.790840539271e-17 
 1923       3.015663546689e-11       1.674044621515e-12      -1.603095149867e-12       0.000000000000e+00       4.359498810917e-16       9.373954369149e-17      -1.789935638626e-17 
 1924       3.010626704070e-11       1.674235812034e-12      -1.633330399127e-12       0.000000000000e+00       4.350318768662e-16       9.415500297952e-17      -1.788789714959e-17 
 1925       3.005814022677e-11       1.674232061747e-12      -1.663484248052e-12       0.000000000000e+00       4.341162433743e-16       9.456660513759e-17      -1.787403007533e-17 
 1926       3.001225096326e-11       1.674032255861e-12      -1.693541669404e-12       0.000000000000e+00       4.332029718068e-16       9.497441057223e-17      -1.785775758917e-17 
 1927       2.996859514874e-11       1.673635276833e-12      -1.723487574710e-12       0.000000000000e+00       4.322920532786e-16       9.537847998309e-17      -1.783908214997e-17 
 1928       2.992716864217e-11       1.673040004368e-12      -1.753306814182e-12       0.000000000000e+00       4.313834788287e-16       9.577887436336e-17      -1.781800624977e-17 
 1929       2.988796726279e-11       1.672245315415e-12      -1.782984176640e-12       0.000000000000e+00       4.304772394202e-16       9.617565500017e-17      -1.779453241387e-17 
 1930       2.985098679008e-11       1.671250084166e-12      -1.812504389432e-12       0.000000000000e+00       4.295733259399e-16       9.656888347496e-17      -1.776866320087e-17 
 1931       2.981621858614e-11       1.670053660061e-12      -1.841853185775e-12       0.000000000000e+00       4.286717298121e-16       9.695858984814e-17      -1.774040212084e-17 
 1932       2.978363642673e-11       1.668657305772e-12      -1.871020515779e-12       0.000000000000e+00       4.277724448445e-16       9.734467694847e-17      -1.770975639731e-17 
 1933       2.975320957028e-11       1.667062770115e-12      -1.899997359604e-12       0.000000000000e+00       4.268754653959e-16       9.772701535904e-17      -1.767673422632e-17 
 1934       2.972490712621e-11       1.665271811040e-12      -1.928774662204e-12       0.000000000000e+00       4.259807857638e-16       9.810547516658e-17      -1.764134386028e-17 
 1935       2.969869805473e-11       1.663286195644e-12      -1.957343333285e-12       0.000000000000e+00       4.250884001842e-16       9.847992596081e-17      -1.760359360807e-17 
 1936       2.967455116661e-11       1.661107700184e-12      -1.985694247255e-12       0.000000000000e+00       4.241983028317e-16       9.885023683385e-17      -1.756349183510e-17 
 1937       2.965243512298e-11       1.658738110088e-12      -2.013818243184e-12       0.000000000000e+00       4.233104878192e-16       9.921627637959e-17      -1.752104696343e-17 
 1938       2.963231843516e-11       1.656179219973e-12      -2.041706124761e-12       0.000000000000e+00       4.224249491978e-16       9.957791269305e-17      -1.747626747180e-17 
 1939       2.961416946444e-11       1.653432833649e-12      -2.069348660243e-12       0.000000000000e+00       4.215416809568e-16       9.993501336975e-17      -1.742916189575e-17 
 1940       2.959795642185e-11       1.650500764140e-12      -2.096736582416e-12       0.000000000000e+00       4.206606770238e-16       1.002874455051e-16      -1.737973882771e-17 
 1941       2.958364736801e-11       1.647384833691e-12      -2.123860588551e-12       0.000000000000e+00       4.197819312640e-16       1.006350756938e-16      -1.732800691704e-17 
 1942       2.957121021288e-11       1.644086873784e-12      -2.150711340353e-12       0.000000000000e+00       4.189054374808e-16       1.009777700293e-16      -1.727397487015e-17 
 1943       2.956061271560e-11       1.640608725148e-12      -2.177279463924e-12       0.000000000000e+00       4.180311894151e-16       1.013153941027e-16      -1.721765145058e-17 
 1944       2.955182248425e-11       1.636952237772e-12      -2.203555549715e-12       0.000000000000e+00       4.171591807456e-16       1.016478130029e-16      -1.715904547904e-17 
 1945       2.954480697567e-11       1.633119270922e-12      -2.229530152480e-12       0.000000000000e+00       4.162894050886e-16       1.019748913155e-16      -1.709816583356e-17 
 1946       2.953953349526e-11       1.629111693146e-12      -2.255193791235e-12       0.000000000000e+00       4.154218559979e-16       1.022964931219e-16      -1.703502144952e-17 
 1947       2.953596919674e-11       1.624931382293e-12      -2.280536949211e-12       0.000000000000e+00       4.145565269646e-16       1.026124819995e-16      -1.696962131976e-17 
 1948       2.953408108201e-11       1.620580225523e-12      -2.305550073811e-12       0.000000000000e+00       4.136934114171e-16       1.029227210204e-16      -1.690197449464e-17 
 1949       2.953383600091e-11       1.616060119319e-12      -2.330223576563e-12       0.000000000000e+00       4.128325027210e-16       1.032270727508e-16      -1.683209008213e-17 
 1950       2.953520065101e-11       1.611372969501e-12      -2.354547833080e-12       0.000000000000e+00       4.119737941788e-16       1.035253992507e-16      -1.675997724793e-17 
 1951       2.953814157744e-11       1.606520691239e-12      -2.378513183009e-12       0.000000000000e+00       4.111172790303e-16       1.038175620733e-16      -1.668564521547e-17 
 1952       2.954262517264e-11       1.601505209064e-12      -2.402109929993e-12       0.000000000000e+00       4.102629504519e-16       1.041034222640e-16      -1.660910326610e-17 
 1953       2.954861767621e-11       1.596328456881e-12      -2.425328341624e-12       0.000000000000e+00       4.094108015569e-16       1.043828403599e-16      -1.653036073905e-17 
 1954       2.955608517468e-11       1.590992377983e-12      -2.448158649395e-12       0.000000000000e+00       4.085608253953e-16       1.046556763895e-16      -1.644942703163e-17 
 1955       2.956499360131e-11       1.585498925061e-12      -2.470591048662e-12       0.000000000000e+00       4.077130149536e-16       1.049217898716e-16      -1.636631159924e-17 
 1956       2.957530873590e-11       1.579850060220e-12      -2.492615698594e-12       0.000000000000e+00       4.068673631549e-16       1.051810398151e-16      -1.628102395546e-17 
 1957       2.958699620455e-11       1.574047754990e-12      -2.514222722133e-12       0.000000000000e+00       4.060238628584e-16       1.054332847181e-16      -1.619357367216e-17 
 1958       2.960002147951e-11       1.568093990335e-12      -2.535402205943e-12       0.000000000000e+00       4.051825068600e-16       1.056783825673e-16      -1.610397037956e-17 
 1959       2.961434987895e-11       1.561990756674e-12      -2.556144200373e-12       0.000000000000e+00       4.043432878914e-16       1.059161908375e-16      -1.601222376631e-17 
 1960       2.962994656675e-11       1.555740053886e-12      -2.576438719409e-12       0.000000000000e+00       4.035061986206e-16       1.061465664909e-16      -1.591834357961e-17 
 1961       2.964677655233e-11       1.549343891324e-12      -2.596275740627e-12       0.000000000000e+00       4.026712316515e-16       1.063693659765e-16      -1.582233962523e-17 
 1962       2.966480469040e-11       1.542804287833e-12      -2.615645205155e-12       0.000000000000e+00       4.018383795239e-16       1.065844452295e-16      -1.572422176764e-17 
 1963       2.968399568081e-11       1.536123271754e-12      -2.634537017619e-12       0.000000000000e+00       4.010076347134e-16       1.067916596705e-16      -1.562399993009e-17 
 1964       2.970431406829e-11       1.529302880945e-12      -2.652941046110e-12       0.000000000000e+00       4.001789896312e-16       1.069908642053e-16      -1.552168409466e-17 
 1965       2.972572424232e-11       1.522345162786e-12      -2.670847122129e-12       0.000000000000e+00       3.993524366243e-16       1.071819132236e-16      -1.541728430238e-17 
 1966       2.974819043686e-11       1.515252174200e-12      -2.688245040549e-12       0.000000000000e+00       3.985279679749e-16       1.073646605990e-16      -1.531081065329e-17 
 1967       2.977167673018e-11       1.508025981656e-12      -2.705124559568e-12       0.000000000000e+00       3.977055759008e-16       1.075389596883e-16      -1.520227330652e-17 
 1968       2.979614704466e-11       1.500668661191e-12      -2.721475400665e-12       0.000000000000e+00       3.968852525550e-16       1.077046633304e-16      -1.509168248039e-17 
 1969       2.982156514658e-11       1.493182298416e-12      -2.737287248556e-12       0.000000000000e+00       3.960669900255e-16       1.078616238462e-16      -1.497904845249e-17 
 1970       2.984789453504e-11       1.485569159693e-12      -2.752551366604e-12       0.000000000000e+00       3.952507808823e-16       1.080097416164e-16      -1.486439588845e-17 
 1971       2.987509810823e-11       1.477832207028e-12      -2.767265456267e-12       0.000000000000e+00       3.944366198203e-16       1.081491112121e-16      -1.474780694460e-17 
 1972       2.990313849429e-11       1.469974587030e-12      -2.781428833666e-12       0.000000000000e+00       3.936245020281e-16       1.082798763489e-16      -1.462937848572e-17 
 1973       2.993197816175e-11       1.461999460109e-12      -2.795040817411e-12       0.000000000000e+00       3.928144226423e-16       1.084021814071e-16      -1.450920778592e-17 
 1974       2.996157941931e-11       1.453910000502e-12      -2.808100728606e-12       0.000000000000e+00       3.920063767478e-16       1.085161714332e-16      -1.438739252920e-17 
 1975       2.999190441564e-11       1.445709396284e-12      -2.820607890859e-12       0.000000000000e+00       3.912003593773e-16       1.086219921405e-16      -1.426403080992e-17 
 1976       3.002291513920e-11       1.437400849388e-12      -2.832561630279e-12       0.000000000000e+00       3.903963655112e-16       1.087197899099e-16      -1.413922113337e-17 
 1977       3.005457341798e-11       1.428987575623e-12      -2.843961275492e-12       0.000000000000e+00       3.895943900780e-16       1.088097117909e-16      -1.401306241628e-17 
 1978       3.008684091938e-11       1.420472804695e-12      -2.854806157635e-12       0.000000000000e+00       3.887944279539e-16       1.088919055023e-16      -1.388565398733e-17 
 1979       3.011967914989e-11       1.411859780218e-12      -2.865095610371e-12       0.000000000000e+00       3.879964739624e-16       1.089665194334e-16      -1.375709558772e-17 
 1980       3.015304945500e-11       1.403151759738e-12      -2.874828969889e-12       0.000000000000e+00       3.872005228750e-16       1.090337026447e-16      -1.362748737164e-17 
 1981       3.018691301890e-11       1.394352014750e-12      -2.884005574911e-12       0.000000000000e+00       3.864065694102e-16       1.090936048685e-16      -1.349692990683e-17 
 1982       3.022123086434e-11       1.385463830713e-12      -2.892624766698e-12       0.000000000000e+00       3.856146082343e-16       1.091463765104e-16      -1.336552417509e-17 
 1983       3.025596385240e-11       1.376490507069e-12      -2.900685889053e-12       0.000000000000e+00       3.848246339607e-16       1.091921686496e-16      -1.323337157282e-17 
 1984       3.029107268227e-11       1.367435357264e-12      -2.908188288331e-12       0.000000000000e+00       3.840366411500e-16       1.092311330401e-16      -1.310057391153e-17 
 1985       3.032651789106e-11       1.358301708761e-12      -2.915131313440e-12       0.000000000000e+00       3.832506243099e-16       1.092634221113e-16      -1.296723341837e-17 
 1986       3.036225985360e-11       1.349092903062e-12      -2.921514315846e-12       0.000000000000e+00       3.824665778953e-16       1.092891889693e-16      -1.283345273668e-17 
 1987       3.039825878224e-11       1.339812295724e-12      -2.927336649584e-12       0.000000000000e+00       3.816844963080e-16       1.093085873974e-16      -1.269933492645e-17 
 1988       3.043447472659e-11       1.330463256377e-12      -2.932597671258e-12       0.000000000000e+00       3.809043738966e-16       1.093217718572e-16      -1.256498346493e-17 
 1989       3.047086757340e-11       1.321049168742e-12      -2.937296740049e-12       0.000000000000e+00       3.801262049566e-16       1.093288974892e-16      -1.243050224708e-17 
 1990       3.050739704629e-11       1.311573430648e-12      -2.941433217717e-12       0.000000000000e+00       3.793499837303e-16       1.093301201141e-16      -1.229599558615e-17 
 1991       3.054402270557e-11       1.302039454053e-12      -2.945006468613e-12       0.000000000000e+00       3.785757044064e-16       1.093255962332e-16      -1.216156821418e-17 
 1992       3.058070394801e-11       1.292450665059e-12      -2.948015859678e-12       0.000000000000e+00       3.778033611204e-16       1.093154830298e-16      -1.202732528252e-17 
 1993       3.061740000668e-11       1.282810503929e-12      -2.950460760451e-12       0.000000000000e+00       3.770329479542e-16       1.092999383696e-16      -1.189337236236e-17 
 1994       3.065406995070e-11       1.273122425110e-12      -2.952340543074e-12       0.000000000000e+00       3.762644589359e-16       1.092791208018e-16      -1.175981544527e-17 
 1995       3.069067268507e-11       1.263389897244e-12      -2.953654582300e-12       0.000000000000e+00       3.754978880402e-16       1.092531895600e-16      -1.162676094372e-17 
 1996       3.072716695042e-11       1.253616403192e-12      -2.954402255494e-12       0.000000000000e+00       3.747332291879e-16       1.092223045629e-16      -1.149431569158e-17 
 1997       3.076351132285e-11       1.243805440048e-12      -2.954582942640e-12       0.000000000000e+00       3.739704762458e-16       1.091866264156e-16      -1.136258694469e-17 
 1998       3.079966421370e-11       1.233960519159e-12      -2.954196026349e-12       0.000000000000e+00       3.732096230271e-16       1.091463164099e-16      -1.123168238132e-17 
 1999       3.083558386935e-11       1.224085166142e-12      -2.953240891860e-12       0.000000000000e+00       3.724506632906e-16       1.091015365256e-16      -1.110171010279e-17 
 2000       3.087122837101e-11       1.214182920901e-12      -2.951716927049e-12       0.000000000000e+00       3.716935907413e-16       1.090524494311e-16      -1.097277863389e-17 
 2001       3.090655563453e-11       1.204257337648e-12      -2.949623522434e-12       0.000000000000e+00       3.709383990298e-16       1.089992184847e-16      -1.084499692349e-17 
 2002       3.094152341016e-11       1.194311984917e-12      -2.946960071179e-12       0.000000000000e+00       3.701850817525e-16       1.089420077348e-16      -1.071847434501e-17 
 2003       3.097608928239e-11       1.184350445585e-12      -2.943725969098e-12       0.000000000000e+00       3.694336324515e-16       1.088809819216e-16      -1.059332069698e-17 
 2004       3.101021066971e-11       1.174376316888e-12      -2.939920614665e-12       0.000000000000e+00       3.686840446144e-16       1.088163064771e-16      -1.046964620355e-17 
 2005       3.104384482441e-11       1.164393210439e-12      -2.935543409015e-12       0.000000000000e+00       3.679363116743e-16       1.087481475269e-16      -1.034756151500e-17 
 2006       3.107694883240e-11       1.154404752249e-12      -2.930593755953e-12       0.000000000000e+00       3.671904270098e-16       1.086766718902e-16      -1.022717770830e-17 
 2007       3.110947961296e-11       1.144414582739e-12      -2.925071061956e-12       0.000000000000e+00       3.664463839446e-16       1.086020470814e-16      -1.010860628762e-17 
 2008       3.114139391857e-11       1.134426356764e-12      -2.918974736181e-12       0.000000000000e+00       3.657041757479e-16       1.085244413103e-16      -9.991959184837e-18 
 2009       3.117265184001e-11       1.124443566931e-12      -2.912305409712e-12       0.000000000000e+00       3.649637961119e-16       1.084439617628e-16      -9.877311300902e-18 
 2010       3.120322734994e-11       1.114469012114e-12      -2.905068603007e-12       0.000000000000e+00       3.642252405908e-16       1.083604689470e-16      -9.764587830481e-18 
 2011       3.123309783575e-11       1.104505325105e-12      -2.897271085184e-12       0.000000000000e+00       3.634885051723e-16       1.082737609959e-16      -9.653676117442e-18 
 2012       3.126224060106e-11       1.094555148970e-12      -2.888919657242e-12       0.000000000000e+00       3.627535858004e-16       1.081836352645e-16      -9.544463038927e-18 
 2013       3.129063286569e-11       1.084621137061e-12      -2.880021152102e-12       0.000000000000e+00       3.620204783755e-16       1.080898883290e-16      -9.436835004761e-18 
 2014       3.131825176547e-11       1.074705953028e-12      -2.870582434653e-12       0.000000000000e+00       3.612891787540e-16       1.079923159856e-16      -9.330677956867e-18 
 2015       3.134507435224e-11       1.064812270835e-12      -2.860610401790e-12       0.000000000000e+00       3.605596827488e-16       1.078907132498e-16      -9.225877368675e-18 
 2016       3.137107759365e-11       1.054942774768e-12      -2.850111982457e-12       0.000000000000e+00       3.598319861286e-16       1.077848743551e-16      -9.122318244535e-18 
 2017       3.139623837313e-11       1.045100159452e-12      -2.839094137688e-12       0.000000000000e+00       3.591060846182e-16       1.076745927524e-16      -9.019885119132e-18 
 2018       3.142053348977e-11       1.035287129862e-12      -2.827563860649e-12       0.000000000000e+00       3.583819738982e-16       1.075596611089e-16      -8.918462056892e-18 
 2019       3.144393965819e-11       1.025506401334e-12      -2.815528176681e-12       0.000000000000e+00       3.576596496052e-16       1.074398713071e-16      -8.817932651402e-18 
 2020       3.146643350848e-11       1.015760699579e-12      -2.802994143338e-12       0.000000000000e+00       3.569391073318e-16       1.073150144440e-16      -8.718180024815e-18 
 2021       3.148799158607e-11       1.006052760698e-12      -2.789968850433e-12       0.000000000000e+00       3.562203426258e-16       1.071848808297e-16      -8.619086827265e-18 
 2022       3.150859035163e-11       9.963853311898e-13      -2.776459420076e-12       0.000000000000e+00       3.555033509912e-16       1.070492599871e-16      -8.520535236279e-18 
 2023       3.152820618099e-11       9.867611679680e-13      -2.762473006718e-12       0.000000000000e+00       3.547881278874e-16       1.069079406505e-16      -8.422406956190e-18 
 2024       3.154681536502e-11       9.771830383711e-13      -2.748016797192e-12       0.000000000000e+00       3.540746687291e-16       1.067607107647e-16      -8.324583217547e-18 
 2025       3.156439410953e-11       9.676537201764e-13      -2.733098010755e-12       0.000000000000e+00       3.533629688869e-16       1.066073574843e-16      -8.226944776529e-18 
 2026       3.158091853517e-11       9.581760016119e-13      -2.717723899128e-12       0.000000000000e+00       3.526530236864e-16       1.064476671722e-16      -8.129371914355e-18 
 2027       3.159636467735e-11       9.487526813695e-13      -2.701901746539e-12       0.000000000000e+00       3.519448284088e-16       1.062814253992e-16      -8.031744436700e-18 
 2028       3.161070848609e-11       9.393865686174e-13      -2.685638869765e-12       0.000000000000e+00       3.512383782903e-16       1.061084169429e-16      -7.933941673101e-18 
 2029       3.162392582596e-11       9.300804830128e-13      -2.668942618173e-12       0.000000000000e+00       3.505336685225e-16       1.059284257865e-16      -7.835842476374e-18 
 2030       3.163599247597e-11       9.208372547145e-13      -2.651820373761e-12       0.000000000000e+00       3.498306942521e-16       1.057412351182e-16      -7.737325222026e-18 
 2031       3.164688412946e-11       9.116597243958e-13      -2.634279551201e-12       0.000000000000e+00       3.491294505806e-16       1.055466273298e-16      -7.638267807662e-18 
 2032       3.165657639400e-11       9.025507432567e-13      -2.616327597880e-12       0.000000000000e+00       3.484299325648e-16       1.053443840162e-16      -7.538547652404e-18 
 2033       3.166504479130e-11       8.935131730371e-13      -2.597971993942e-12       0.000000000000e+00       3.477321352163e-16       1.051342859742e-16      -7.438041696298e-18 
 2034       3.167226475710e-11       8.845498860290e-13      -2.579220252329e-12       0.000000000000e+00       3.470360535015e-16       1.049161132016e-16      -7.336626399729e-18 
 2035       3.167821164105e-11       8.756637650894e-13      -2.560079918823e-12       0.000000000000e+00       3.463416823415e-16       1.046896448962e-16      -7.234177742831e-18 
 2036       3.168286070665e-11       8.668577036528e-13      -2.540558572086e-12       0.000000000000e+00       3.456490166123e-16       1.044546594549e-16      -7.130571224899e-18 
 2037       3.168618713111e-11       8.581346057442e-13      -2.520663823707e-12       0.000000000000e+00       3.449580511445e-16       1.042109344726e-16      -7.025681863806e-18 
 2038       3.168816600527e-11       8.494973859913e-13      -2.500403318235e-12       0.000000000000e+00       3.442687807231e-16       1.039582467416e-16      -6.919384195406e-18 
 2039       3.168877233350e-11       8.409489696373e-13      -2.479784733230e-12       0.000000000000e+00       3.435812000877e-16       1.036963722502e-16      -6.811552272954e-18 
 2040       3.168798103358e-11       8.324922925539e-13      -2.458815779297e-12       0.000000000000e+00       3.428953039325e-16       1.034250861820e-16      -6.702059666516e-18 
 2041       3.168576693661e-11       8.241303012533e-13      -2.437504200133e-12       0.000000000000e+00       3.422110869057e-16       1.031441629149e-16      -6.590779462377e-18 
 2042       3.168210478691e-11       8.158659529016e-13      -2.415857772565e-12       0.000000000000e+00       3.415285436102e-16       1.028533760202e-16      -6.477584262461e-18 
 2043       3.167696924193e-11       8.077022153309e-13      -2.393884306594e-12       0.000000000000e+00       3.408476686029e-16       1.025524982615e-16      -6.362346183735e-18 
 2044       3.167033487211e-11       7.996420670520e-13      -2.371591645435e-12       0.000000000000e+00       3.401684563947e-16       1.022413015938e-16      -6.244936857626e-18 
 2045       3.166217616082e-11       7.916884972675e-13      -2.348987665560e-12       0.000000000000e+00       3.394909014511e-16       1.019195571626e-16      -6.125227429431e-18 
 2046       3.165246750424e-11       7.838445058840e-13      -2.326080276738e-12       0.000000000000e+00       3.388149981911e-16       1.015870353030e-16      -6.003088557730e-18 
 2047       3.164118321126e-11       7.761131035249e-13      -2.302877422080e-12       0.000000000000e+00       3.381407409879e-16       1.012435055384e-16      -5.878390413798e-18 
 2048       3.162830213346e-11       7.684969374868e-13      -2.279387300011e-12       0.000000000000e+00       3.374681244753e-16       1.008888392301e-16      -5.751044707270e-18 
 2049       3.161382159137e-11       7.609971666614e-13      -2.255619031864e-12       0.000000000000e+00       3.367971444699e-16       1.005233183278e-16      -5.621131092643e-18 
 2050       3.159774354756e-11       7.536145785978e-13      -2.231581999142e-12       0.000000000000e+00       3.361277970555e-16       1.001473288239e-16      -5.488771665049e-18 
 2051       3.158006998557e-11       7.463499628304e-13      -2.207285622066e-12       0.000000000000e+00       3.354600782767e-16       9.976125830520e-17      -5.354089016633e-18 
 2052       3.156080291003e-11       7.392041108813e-13      -2.182739359620e-12       0.000000000000e+00       3.347939841389e-16       9.936549595533e-17      -5.217206237172e-18 
 2053       3.153994434659e-11       7.321778162620e-13      -2.157952709602e-12       0.000000000000e+00       3.341295106083e-16       9.896043255652e-17      -5.078246914686e-18 
 2054       3.151749634203e-11       7.252718744753e-13      -2.132935208671e-12       0.000000000000e+00       3.334666536118e-16       9.854646049165e-17      -4.937335136052e-18 
 2055       3.149346096426e-11       7.184870830175e-13      -2.107696432394e-12       0.000000000000e+00       3.328054090369e-16       9.812397374620e-17      -4.794595487619e-18 
 2056       3.146784030233e-11       7.118242413799e-13      -2.082245995294e-12       0.000000000000e+00       3.321457727318e-16       9.769336791022e-17      -4.650153055821e-18 
 2057       3.144063646650e-11       7.052841510514e-13      -2.056593550902e-12       0.000000000000e+00       3.314877405051e-16       9.725504018035e-17      -4.504133427792e-18 
 2058       3.141185158826e-11       6.988676155200e-13      -2.030748791797e-12       0.000000000000e+00       3.308313081259e-16       9.680938936176e-17      -4.356662691976e-18 
 2059       3.138148782035e-11       6.925754402749e-13      -2.004721449663e-12       0.000000000000e+00       3.301764713236e-16       9.635681587014e-17      -4.207867438748e-18 
 2060       3.134954733679e-11       6.864084328085e-13      -1.978521295329e-12       0.000000000000e+00       3.295232257882e-16       9.589772173368e-17      -4.057874761022e-18 
 2061       3.131603233292e-11       6.803674026181e-13      -1.952158138823e-12       0.000000000000e+00       3.288715671698e-16       9.543251059507e-17      -3.906812254864e-18 
 2062       3.128094502542e-11       6.744531612083e-13      -1.925641829418e-12       0.000000000000e+00       3.282214910788e-16       9.496158771344e-17      -3.754808020113e-18 
 2063       3.124428765237e-11       6.686665220926e-13      -1.898982255678e-12       0.000000000000e+00       3.275729930856e-16       9.448535996635e-17      -3.601990660988e-18 
 2064       3.120606247324e-11       6.630083007956e-13      -1.872189345508e-12       0.000000000000e+00       3.269260687209e-16       9.400423585179e-17      -3.448489286703e-18 
 2065       3.116627176895e-11       6.574793148547e-13      -1.845273066203e-12       0.000000000000e+00       3.262807134754e-16       9.351862549013e-17      -3.294433512084e-18 
 2066       3.112491784188e-11       6.520803838223e-13      -1.818243424492e-12       0.000000000000e+00       3.256369227998e-16       9.302894062614e-17      -3.139953458180e-18 
 2067       3.108200301594e-11       6.468123292675e-13      -1.791110466591e-12       0.000000000000e+00       3.249946921046e-16       9.253559463092e-17      -2.985179752879e-18 
 2068       3.103752963654e-11       6.416759747785e-13      -1.763884278249e-12       0.000000000000e+00       3.243540167603e-16       9.203900250389e-17      -2.830243531519e-18 
 2069       3.099150007067e-11       6.366721459641e-13      -1.736574984793e-12       0.000000000000e+00       3.237148920971e-16       9.153958087480e-17      -2.675276437505e-18 
 2070       3.094391670692e-11       6.318016704558e-13      -1.709192751180e-12       0.000000000000e+00       3.230773134051e-16       9.103774800569e-17      -2.520410622920e-18 
 2071       3.089478195550e-11       6.270653779099e-13      -1.681747782043e-12       0.000000000000e+00       3.224412759340e-16       9.053392379285e-17      -2.365778749141e-18 
 2072       3.084409824828e-11       6.224641000093e-13      -1.654250321742e-12       0.000000000000e+00       3.218067748931e-16       9.002852976882e-17      -2.211513987452e-18 
 2073       3.079186803881e-11       6.179986704656e-13      -1.626710654406e-12       0.000000000000e+00       3.211738054513e-16       8.952198910437e-17      -2.057750019659e-18 
 2074       3.073809380236e-11       6.136699250208e-13      -1.599139103986e-12       0.000000000000e+00       3.205423627370e-16       8.901472661047e-17      -1.904621038702e-18 
 2075       3.068277803597e-11       6.094787014497e-13      -1.571546034303e-12       0.000000000000e+00       3.199124418381e-16       8.850716874026e-17      -1.752261749269e-18 
 2076       3.062592325844e-11       6.054258395613e-13      -1.543941849092e-12       0.000000000000e+00       3.192840378018e-16       8.799974359105e-17      -1.600807368411e-18 
 2077       3.056753201039e-11       6.015121812012e-13      -1.516336992055e-12       0.000000000000e+00       3.186571456346e-16       8.749288090630e-17      -1.450393626157e-18 
 2078       3.050760685428e-11       5.977385702535e-13      -1.488741946904e-12       0.000000000000e+00       3.180317603025e-16       8.698701207756e-17      -1.301156766124e-18 
 2079       3.044615037443e-11       5.941058526425e-13      -1.461167237413e-12       0.000000000000e+00       3.174078767305e-16       8.648257014649e-17      -1.153233546136e-18 
 2080       3.038316517710e-11       5.906148763350e-13      -1.433623427464e-12       0.000000000000e+00       3.167854898028e-16       8.597998980684e-17      -1.006761238832e-18 
 2081       3.031865389045e-11       5.872664913419e-13      -1.406121121096e-12       0.000000000000e+00       3.161645943627e-16       8.547970740639e-17      -8.618776322851e-19 
 2082       3.025261916463e-11       5.840615497205e-13      -1.378670962551e-12       0.000000000000e+00       3.155451852125e-16       8.498216094895e-17      -7.187210306135e-19 
 2083       3.018506367177e-11       5.810009055762e-13      -1.351283636327e-12       0.000000000000e+00       3.149272571136e-16       8.448779009636e-17      -5.774302545952e-19 
 2084       3.011599010604e-11       5.780854150646e-13      -1.323969867217e-12       0.000000000000e+00       3.143108047861e-16       8.399703617044e-17      -4.381446422817e-19 
 2085       3.004540118367e-11       5.753159363936e-13      -1.296740420367e-12       0.000000000000e+00       3.136958229092e-16       8.351034215497e-17      -3.010040496118e-19 
 2086       2.997329964297e-11       5.726933298249e-13      -1.269606101318e-12       0.000000000000e+00       3.130823061207e-16       8.302815269769e-17      -1.661488510260e-19 
 2087       2.989969134132e-11       5.702181180163e-13      -1.242577046485e-12       0.000000000000e+00       3.124702493751e-16       8.255080846740e-17      -3.369162824786e-20 
 2088       2.982459456981e-11       5.678894644393e-13      -1.215660589062e-12       0.000000000000e+00       3.118596490204e-16       8.207822841154e-17       9.636798164928e-20 
 2089       2.974803080397e-11       5.657061878000e-13      -1.188863378242e-12       0.000000000000e+00       3.112505017286e-16       8.161022527393e-17       2.240587303271e-19 
 2090       2.967002161291e-11       5.636671010411e-13      -1.162192087464e-12       0.000000000000e+00       3.106428041384e-16       8.114661103644e-17       3.494095007405e-19 
 2091       2.959058865938e-11       5.617710113350e-13      -1.135653414433e-12       0.000000000000e+00       3.100365528555e-16       8.068719691798e-17       4.724493073035e-19 
 2092       2.950975369998e-11       5.600167200761e-13      -1.109254081153e-12       0.000000000000e+00       3.094317444522e-16       8.023179337364e-17       5.932072960551e-19 
 2093       2.942753858518e-11       5.584030228732e-13      -1.083000833955e-12       0.000000000000e+00       3.088283754673e-16       7.978021009371e-17       7.117127448247e-19 
 2094       2.934396525949e-11       5.569287095425e-13      -1.056900443526e-12       0.000000000000e+00       3.082264424064e-16       7.933225600276e-17       8.279950633982e-19 
 2095       2.925905576156e-11       5.555925641000e-13      -1.030959704936e-12       0.000000000000e+00       3.076259417416e-16       7.888773925872e-17       9.420837936838e-19 
 2096       2.917283222429e-11       5.543933647542e-13      -1.005185437664e-12       0.000000000000e+00       3.070268699114e-16       7.844646725194e-17       1.054008609877e-18 
 2097       2.908531687498e-11       5.533298838986e-13      -9.795844856350e-13       0.000000000000e+00       3.064292233210e-16       7.800824660429e-17       1.163799318629e-18 
 2098       2.899653203540e-11       5.524008881044e-13      -9.541637172381e-13       0.000000000000e+00       3.058329983417e-16       7.757288316817e-17       1.271485859207e-18 
 2099       2.890650012194e-11       5.516051381128e-13      -9.289300253619e-13       0.000000000000e+00       3.052381913114e-16       7.714018202562e-17       1.377098303667e-18 
 2100       2.881524364570e-11       5.509413888283e-13      -9.038903274204e-13       0.000000000000e+00       3.046447985341e-16       7.670994748739e-17       1.480666857014e-18 
 2101       2.872278521262e-11       5.504083893106e-13      -8.790515653817e-13       0.000000000000e+00       3.040528162802e-16       7.628198309201e-17       1.582221857371e-18 
 2102       2.862914752363e-11       5.500048827674e-13      -8.544207057967e-13       0.000000000000e+00       3.034622407863e-16       7.585609160482e-17       1.681793776143e-18 
 2103       2.853435337468e-11       5.497296065474e-13      -8.300047398272e-13       0.000000000000e+00       3.028730682550e-16       7.543207501711e-17       1.779413218182e-18 
 2104       2.843842565694e-11       5.495812921323e-13      -8.058106832749e-13       0.000000000000e+00       3.022852948553e-16       7.500973454513e-17       1.875110921957e-18 
 2105       2.834138735690e-11       5.495586651297e-13      -7.818455766092e-13       0.000000000000e+00       3.016989167219e-16       7.458887062916e-17       1.968917759716e-18 
 2106       2.824326155642e-11       5.496604452660e-13      -7.581164849961e-13       0.000000000000e+00       3.011139299558e-16       7.416928293263e-17       2.060864737650e-18 
 2107       2.814407143295e-11       5.498853463783e-13      -7.346304983267e-13       0.000000000000e+00       3.005303306238e-16       7.375077034116e-17       2.150982996066e-18 
 2108       2.804384025957e-11       5.502320764077e-13      -7.113947312451e-13       0.000000000000e+00       2.999481147587e-16       7.333313096159e-17       2.239303809545e-18 
 2109       2.794259140513e-11       5.506993373916e-13      -6.884163231775e-13       0.000000000000e+00       2.993672783589e-16       7.291616212114e-17       2.325858587112e-18 
 2110       2.784034833435e-11       5.512858254561e-13      -6.657024383602e-13       0.000000000000e+00       2.987878173890e-16       7.249966036637e-17       2.410678872400e-18 
 2111       2.773713460800e-11       5.519902308091e-13      -6.432602658685e-13       0.000000000000e+00       2.982097277791e-16       7.208342146236e-17       2.493796343819e-18 
 2112       2.763297388291e-11       5.528112377324e-13      -6.210970196444e-13       0.000000000000e+00       2.976330054250e-16       7.166724039169e-17       2.575242814716e-18 
 2113       2.752788991219e-11       5.537475245748e-13      -5.992199385259e-13       0.000000000000e+00       2.970576461884e-16       7.125091135355e-17       2.655050233548e-18 
 2114       2.742190654528e-11       5.547977637441e-13      -5.776362862751e-13       0.000000000000e+00       2.964836458963e-16       7.083422776283e-17       2.733250684040e-18 
 2115       2.731504772808e-11       5.559606217005e-13      -5.563533516062e-13       0.000000000000e+00       2.959110003413e-16       7.041698224912e-17       2.809876385358e-18 
 2116       2.720733750309e-11       5.572347589483e-13      -5.353784482148e-13       0.000000000000e+00       2.953397052818e-16       6.999896665587e-17       2.884959692268e-18 
 2117       2.709880000951e-11       5.586188300292e-13      -5.147189148058e-13       0.000000000000e+00       2.947697564413e-16       6.957997203937e-17       2.958533095309e-18 
 2118       2.698945948334e-11       5.601114835147e-13      -4.943821151218e-13       0.000000000000e+00       2.942011495090e-16       6.915978866791e-17       3.030629220953e-18 
 2119       2.687934025753e-11       5.617113619987e-13      -4.743754379719e-13       0.000000000000e+00       2.936338801392e-16       6.873820602075e-17       3.101280831772e-18 
 2120       2.676846676205e-11       5.634171020898e-13      -4.547062972599e-13       0.000000000000e+00       2.930679439517e-16       6.831501278728e-17       3.170520826606e-18 
 2121       2.665686352407e-11       5.652273344045e-13      -4.353821320128e-13       0.000000000000e+00       2.925033365314e-16       6.788999686604e-17       3.238382240728e-18 
 2122       2.654455516801e-11       5.671406835593e-13      -4.164104064094e-13       0.000000000000e+00       2.919400534286e-16       6.746294536379e-17       3.304898246007e-18 
 2123       2.643156641571e-11       5.691557681636e-13      -3.977986098084e-13       0.000000000000e+00       2.913780901585e-16       6.703364459460e-17       3.370102151076e-18 
 2124       2.631792208651e-11       5.712712008122e-13      -3.795542567773e-13       0.000000000000e+00       2.908174422018e-16       6.660188007891e-17       3.434027401501e-18 
 2125       2.620364709739e-11       5.734855880778e-13      -3.616848871203e-13       0.000000000000e+00       2.902581050038e-16       6.616743654260e-17       3.496707579940e-18 
 2126       2.608876665787e-11       5.757973985786e-13      -3.441969412046e-13       0.000000000000e+00       2.897000742702e-16       6.573015889589e-17       3.558177096216e-18 
 2127       2.597330685613e-11       5.782045662012e-13      -3.270923774150e-13       0.000000000000e+00       2.891433468536e-16       6.529013563092e-17       3.618473262389e-18 
 2128       2.585729407715e-11       5.807048841311e-13      -3.103720314653e-13       0.000000000000e+00       2.885879198726e-16       6.484751668510e-17       3.677634232300e-18 
 2129       2.574075480843e-11       5.832961365186e-13      -2.940367389855e-13       0.000000000000e+00       2.880337904177e-16       6.440245257659e-17       3.735698313150e-18 
 2130       2.562371564010e-11       5.859760984681e-13      -2.780873355199e-13       0.000000000000e+00       2.874809555504e-16       6.395509440502e-17       3.792703965686e-18 
 2131       2.550620326500e-11       5.887425360272e-13      -2.625246565260e-13       0.000000000000e+00       2.869294123039e-16       6.350559385213e-17       3.848689804385e-18 
 2132       2.538824447886e-11       5.915932061758e-13      -2.473495373731e-13       0.000000000000e+00       2.863791576828e-16       6.305410318250e-17       3.903694597632e-18 
 2133       2.526986618039e-11       5.945258568152e-13      -2.325628133408e-13       0.000000000000e+00       2.858301886631e-16       6.260077524423e-17       3.957757267915e-18 
 2134       2.515109537140e-11       5.975382267570e-13      -2.181653196176e-13       0.000000000000e+00       2.852825021921e-16       6.214576346961e-17       4.010916891999e-18 
 2135       2.503195915694e-11       6.006280457127e-13      -2.041578912996e-13       0.000000000000e+00       2.847360951881e-16       6.168922187580e-17       4.063212701115e-18 
 2136       2.491248474540e-11       6.037930342823e-13      -1.905413633890e-13       0.000000000000e+00       2.841909645411e-16       6.123130506556e-17       4.114684081143e-18 
 2137       2.479269944865e-11       6.070309039437e-13      -1.773165707929e-13       0.000000000000e+00       2.836471071121e-16       6.077216822791e-17       4.165370572796e-18 
 2138       2.467263068213e-11       6.103393570417e-13      -1.644843483216e-13       0.000000000000e+00       2.831045197330e-16       6.031196713881e-17       4.215311871807e-18 
 2139       2.455230596503e-11       6.137160867770e-13      -1.520455306875e-13       0.000000000000e+00       2.825631992073e-16       5.985085816187e-17       4.264547829106e-18 
 2140       2.443175292034e-11       6.171587771957e-13      -1.400009525035e-13       0.000000000000e+00       2.820231423091e-16       5.938899824901e-17       4.313118451011e-18 
 2141       2.431099927502e-11       6.206651031778e-13      -1.283514482816e-13       0.000000000000e+00       2.814843457839e-16       5.892654494117e-17       4.361063899411e-18 
 2142       2.419007286012e-11       6.242327304269e-13      -1.170978524318e-13       0.000000000000e+00       2.809468063479e-16       5.846365636901e-17       4.408424491944e-18 
 2143       2.406900161088e-11       6.278593154588e-13      -1.062409992602e-13       0.000000000000e+00       2.804105206885e-16       5.800049125354e-17       4.455240702191e-18 
 2144       2.394781356685e-11       6.315425055911e-13      -9.578172296812e-14       0.000000000000e+00       2.798754854637e-16       5.753720890689e-17       4.501553159852e-18 
 2145       2.382653687203e-11       6.352799389318e-13      -8.572085765036e-14       0.000000000000e+00       2.793416973027e-16       5.707396923291e-17       4.547402650933e-18 
 2146       2.370519977500e-11       6.390692443688e-13      -7.605923729394e-14       0.000000000000e+00       2.788091528053e-16       5.661093272794e-17       4.592830117929e-18 
 2147       2.358383062899e-11       6.429080415590e-13      -6.679769577666e-14       0.000000000000e+00       2.782778485421e-16       5.614826048145e-17       4.637876660013e-18 
 2148       2.346245789206e-11       6.467939409168e-13      -5.793706686573e-14       0.000000000000e+00       2.777477810545e-16       5.568611417671e-17       4.682583533212e-18 
 2149       2.334111012721e-11       6.507245436042e-13      -4.947818421638e-14       0.000000000000e+00       2.772189468545e-16       5.522465609154e-17       4.726992150597e-18 
 2150       2.321981600245e-11       6.546974415190e-13      -4.142188137042e-14       0.000000000000e+00       2.766913424248e-16       5.476404909895e-17       4.771144082465e-18 
 2151       2.309860429099e-11       6.587102172844e-13      -3.376899175489e-14       0.000000000000e+00       2.761649642188e-16       5.430445666784e-17       4.815081056523e-18 
 2152       2.297750387133e-11       6.627604442381e-13      -2.652034868065e-14       0.000000000000e+00       2.756398086603e-16       5.384604286367e-17       4.858844958074e-18 
 2153       2.285654372737e-11       6.668456864210e-13      -1.967678534097e-14       0.000000000000e+00       2.751158721437e-16       5.338897234920e-17       4.902477830198e-18 
 2154       2.273575294856e-11       6.709634985669e-13      -1.323913481015e-14       0.000000000000e+00       2.745931510339e-16       5.293341038512e-17       4.946021873939e-18 
 2155       2.261516072999e-11       6.751114260911e-13      -7.208230042111e-15       0.000000000000e+00       2.740716416663e-16       5.247952283076e-17       4.989519448485e-18 
 2156       2.249479637253e-11       6.792870050798e-13      -1.584903869020e-15       0.000000000000e+00       2.735513403466e-16       5.202747614479e-17       5.033013071359e-18 
 2157       2.237468928296e-11       6.834877622790e-13       3.630011000135e-15       0.000000000000e+00       2.730322433508e-16       5.157743738590e-17       5.076545418596e-18 
 2158       2.225486897408e-11       6.877112150839e-13       8.435681980921e-15       0.000000000000e+00       2.725143469253e-16       5.112957421346e-17       5.120159324930e-18 
 2159       2.213536506482e-11       6.919548715276e-13       1.283127661486e-14       0.000000000000e+00       2.719976472869e-16       5.068405488825e-17       5.163897783978e-18 
 2160       2.201620728036e-11       6.962162302704e-13       1.681596257084e-14       0.000000000000e+00       2.714821406224e-16       5.024104827313e-17       5.207803948427e-18 
 2161       2.189742545231e-11       7.004927805893e-13       2.038890764648e-14       0.000000000000e+00       2.709678230889e-16       4.980072383373e-17       5.251921130212e-18 
 2162       2.177904951874e-11       7.047820023662e-13       2.354927976956e-14       0.000000000000e+00       2.704546908137e-16       4.936325163911e-17       5.296292800704e-18 
 2163       2.166110952437e-11       7.090813660780e-13       2.629624699938e-14       0.000000000000e+00       2.699427398941e-16       4.892880236250e-17       5.340962590895e-18 
 2164       2.154363562066e-11       7.133883327850e-13       2.862897752821e-14       0.000000000000e+00       2.694319663975e-16       4.849754728196e-17       5.385974291578e-18 
 2165       2.142665577365e-11       7.177004653070e-13       3.054750236788e-14       0.000000000000e+00       2.689223666482e-16       4.806961986611e-17       5.431361125476e-18 
 2166       2.131018887031e-11       7.220157625945e-13       3.205530978247e-14       0.000000000000e+00       2.684139380904e-16       4.764500024625e-17       5.477113483958e-18 
 2167       2.119425156580e-11       7.263323275967e-13       3.315676840102e-14       0.000000000000e+00       2.679066784311e-16       4.722362996444e-17       5.523210972538e-18 
 2168       2.107886057162e-11       7.306482562720e-13       3.385626614850e-14       0.000000000000e+00       2.674005853533e-16       4.680545031727e-17       5.569633119030e-18 
 2169       2.096403265566e-11       7.349616375798e-13       3.415821026927e-14       0.000000000000e+00       2.668956565164e-16       4.639040235556e-17       5.616359373468e-18 
 2170       2.084978464227e-11       7.392705534726e-13       3.406702735060e-14       0.000000000000e+00       2.663918895559e-16       4.597842688404e-17       5.663369108006e-18 
 2171       2.073613341231e-11       7.435730788879e-13       3.358716334611e-14       0.000000000000e+00       2.658892820837e-16       4.556946446105e-17       5.710641616832e-18 
 2172       2.062309590322e-11       7.478672817401e-13       3.272308359923e-14       0.000000000000e+00       2.653878316874e-16       4.516345539828e-17       5.758156116079e-18 
 2173       2.051068910911e-11       7.521512229127e-13       3.147927286670e-14       0.000000000000e+00       2.648875359312e-16       4.476033976044e-17       5.805891743730e-18 
 2174       2.039893008075e-11       7.564229562499e-13       2.986023534204e-14       0.000000000000e+00       2.643883923550e-16       4.436005736499e-17       5.853827559530e-18 
 2175       2.028783592572e-11       7.606805285485e-13       2.787049467898e-14       0.000000000000e+00       2.638903984748e-16       4.396254778183e-17       5.901942544899e-18 
 2176       2.017742380840e-11       7.649219795505e-13       2.551459401500e-14       0.000000000000e+00       2.633935517827e-16       4.356775033301e-17       5.950215602834e-18 
 2177       2.006771095009e-11       7.691453419343e-13       2.279709599475e-14       0.000000000000e+00       2.628978497467e-16       4.317560409243e-17       5.998625557826e-18 
 2178       1.995871462903e-11       7.733486413071e-13       1.972258279353e-14       0.000000000000e+00       2.624032898106e-16       4.278604788554e-17       6.047151155764e-18 
 2179       1.985045218049e-11       7.775298961964e-13       1.629565614080e-14       0.000000000000e+00       2.619098693943e-16       4.239902028907e-17       6.095771063848e-18 
 2180       1.974294099681e-11       7.816871180428e-13       1.252093734358e-14       0.000000000000e+00       2.614175858933e-16       4.201445963071e-17       6.144463870496e-18 
 2181       1.963619852749e-11       7.858183111908e-13       8.403067309992e-15       0.000000000000e+00       2.609264366792e-16       4.163230398881e-17       6.193208085258e-18 
 2182       1.953024227922e-11       7.899214728818e-13       3.946706572707e-15       0.000000000000e+00       2.604364190991e-16       4.125249119210e-17       6.241982138720e-18 
 2183       1.942508981599e-11       7.939945932454e-13      -8.434646875972e-16       0.000000000000e+00       2.599475304761e-16       4.087495881941e-17       6.290764382416e-18 
 2184       1.932075875909e-11       7.980356552917e-13      -5.962746618747e-15       0.000000000000e+00       2.594597681089e-16       4.049964419934e-17       6.339533088739e-18 
 2185       1.921726678722e-11       8.020426349028e-13      -1.140641967361e-14       0.000000000000e+00       2.589731292718e-16       4.012648440998e-17       6.388266450849e-18 
 2186       1.911463163655e-11       8.060135008254e-13      -1.716974458661e-14       0.000000000000e+00       2.584876112148e-16       3.975541627860e-17       6.436942582581e-18 
 2187       1.901287110075e-11       8.099462146623e-13      -2.324796235028e-14       0.000000000000e+00       2.580032111637e-16       3.938637638141e-17       6.485539518358e-18 
 2188       1.891200303109e-11       8.138387308643e-13      -2.963629419176e-14       0.000000000000e+00       2.575199263196e-16       3.901930104319e-17       6.534035213098e-18 
 2189       1.881204533648e-11       8.176889967225e-13      -3.632994154934e-14       0.000000000000e+00       2.570377538592e-16       3.865412633704e-17       6.582407542126e-18 
 2190       1.871301598354e-11       8.214949523600e-13      -4.332408604900e-14       0.000000000000e+00       2.565566909348e-16       3.829078808407e-17       6.630634301080e-18 
 2191       1.861493299667e-11       8.252545307238e-13      -5.061388948091e-14       0.000000000000e+00       2.560767346742e-16       3.792922185311e-17       6.678693205823e-18 
 2192       1.851781445810e-11       8.289656575769e-13      -5.819449377599e-14       0.000000000000e+00       2.555978821804e-16       3.756936296042e-17       6.726561892353e-18 
 2193       1.842167850794e-11       8.326262514903e-13      -6.606102098240e-14       0.000000000000e+00       2.551201305321e-16       3.721114646937e-17       6.774217916711e-18 
 2194       1.832654334430e-11       8.362342238349e-13      -7.420857324210e-14       0.000000000000e+00       2.546434767832e-16       3.685450719018e-17       6.821638754890e-18 
 2195       1.823242722327e-11       8.397874787731e-13      -8.263223276737e-14       0.000000000000e+00       2.541679179629e-16       3.649937967960e-17       6.868801802749e-18 
 2196       1.813934845906e-11       8.432839132514e-13      -9.132706181733e-14       0.000000000000e+00       2.536934510758e-16       3.614569824061e-17       6.915684375915e-18 
 2197       1.804732542402e-11       8.467214169917e-13      -1.002881026745e-13       0.000000000000e+00       2.532200731017e-16       3.579339692216e-17       6.962263709701e-18 
 2198       1.795637654869e-11       8.500978724839e-13      -1.095103776212e-13       0.000000000000e+00       2.527477809957e-16       3.544240951883e-17       7.008516959008e-18 
 2199       1.786652032190e-11       8.534111549772e-13      -1.189888889163e-13       0.000000000000e+00       2.522765716881e-16       3.509266957057e-17       7.054421198241e-18 
 2200       1.777777529084e-11       8.566591324726e-13      -1.287186187717e-13       0.000000000000e+00       2.518064420841e-16       3.474411036237e-17       7.099953421212e-18 
 2201       1.769016006106e-11       8.598396657143e-13      -1.386945293285e-13       0.000000000000e+00       2.513373890644e-16       3.439666492401e-17       7.145090541057e-18 
 2202       1.760369329659e-11       8.629506081822e-13      -1.489115626340e-13       0.000000000000e+00       2.508694094846e-16       3.405026602971e-17       7.189809390139e-18 
 2203       1.751839372000e-11       8.659898060836e-13      -1.593646406180e-13       0.000000000000e+00       2.504025001753e-16       3.370484619790e-17       7.234086719961e-18 
 2204       1.743427698810e-11       8.689553531252e-13      -1.700484566943e-13       0.000000000000e+00       2.499366580669e-16       3.336036252953e-17       7.277895239629e-18 
 2205       1.735134629649e-11       8.718463566955e-13      -1.809568490985e-13       0.000000000000e+00       2.494718805642e-16       3.301687140420e-17       7.321191702669e-18 
 2206       1.726960171274e-11       8.746621767556e-13      -1.920834233408e-13       0.000000000000e+00       2.490081651740e-16       3.267445427961e-17       7.363928740902e-18 
 2207       1.718904329505e-11       8.774021715195e-13      -2.034217601748e-13       0.000000000000e+00       2.485455093810e-16       3.233319289827e-17       7.406058818512e-18 
 2208       1.710967109223e-11       8.800656974520e-13      -2.149654155690e-13       0.000000000000e+00       2.480839106472e-16       3.199316928781e-17       7.447534231862e-18 
 2209       1.703148514370e-11       8.826521092672e-13      -2.267079206776e-13       0.000000000000e+00       2.476233664123e-16       3.165446576128e-17       7.488307109304e-18 
 2210       1.695448547944e-11       8.851607599268e-13      -2.386427818127e-13       0.000000000000e+00       2.471638740935e-16       3.131716491752e-17       7.528329410992e-18 
 2211       1.687867212002e-11       8.875910006381e-13      -2.507634804150e-13       0.000000000000e+00       2.467054310857e-16       3.098134964142e-17       7.567552928692e-18 
 2212       1.680404507654e-11       8.899421808525e-13      -2.630634730255e-13       0.000000000000e+00       2.462480347610e-16       3.064710310426e-17       7.605929285594e-18 
 2213       1.673060435065e-11       8.922136482634e-13      -2.755361912569e-13       0.000000000000e+00       2.457916824691e-16       3.031450876405e-17       7.643409936125e-18 
 2214       1.665834993452e-11       8.944047488049e-13      -2.881750417648e-13       0.000000000000e+00       2.453363715371e-16       2.998365036581e-17       7.679946165760e-18 
 2215       1.658728181084e-11       8.965148266497e-13      -3.009734062192e-13       0.000000000000e+00       2.448820992695e-16       2.965461194191e-17       7.715489090833e-18 
 2216       1.651739995279e-11       8.985432242073e-13      -3.139246412761e-13       0.000000000000e+00       2.444288629481e-16       2.932747781240e-17       7.749989658350e-18 
 2217       1.644870432403e-11       9.004892821226e-13      -3.270220785483e-13       0.000000000000e+00       2.439766598320e-16       2.900233258530e-17       7.783398645800e-18 
 2218       1.638119487867e-11       9.023523392739e-13      -3.402590245773e-13       0.000000000000e+00       2.435254871578e-16       2.867926115691e-17       7.815666660967e-18 
 2219       1.631487156130e-11       9.041317327708e-13      -3.536287608048e-13       0.000000000000e+00       2.430753421390e-16       2.835834871219e-17       7.846744141742e-18 
 2220       1.624973430694e-11       9.058267979533e-13      -3.671245435433e-13       0.000000000000e+00       2.426262219666e-16       2.803968072500e-17       7.876581355934e-18 
 2221       1.618578304101e-11       9.074368683893e-13      -3.807396039484e-13       0.000000000000e+00       2.421781238087e-16       2.772334295848e-17       7.905128401082e-18 
 2222       1.612301767937e-11       9.089612758730e-13      -3.944671479895e-13       0.000000000000e+00       2.417310448106e-16       2.740942146532e-17       7.932335204267e-18 
 2223       1.606143812826e-11       9.103993504234e-13      -4.083003564217e-13       0.000000000000e+00       2.412849820948e-16       2.709800258812e-17       7.958151521925e-18 
 2224       1.600104428430e-11       9.117504202822e-13      -4.222323847567e-13       0.000000000000e+00       2.408399327606e-16       2.678917295967e-17       7.982526939654e-18 
 2225       1.594183603446e-11       9.130138119124e-13      -4.362563632346e-13       0.000000000000e+00       2.403958938847e-16       2.648301950330e-17       8.005410872033e-18 
 2226       1.588381325610e-11       9.141888499961e-13      -4.503653967950e-13       0.000000000000e+00       2.399528625207e-16       2.617962943317e-17       8.026752562428e-18 
 2227       1.582697581688e-11       9.152748574333e-13      -4.645525650485e-13       0.000000000000e+00       2.395108356992e-16       2.587909025462e-17       8.046501082805e-18 
 2228       1.577132357480e-11       9.162711553396e-13      -4.788109222482e-13       0.000000000000e+00       2.390698104279e-16       2.558148976446e-17       8.064605333543e-18 
 2229       1.571685637817e-11       9.171770630446e-13      -4.931334972607e-13       0.000000000000e+00       2.386297836912e-16       2.528691605129e-17       8.081014043246e-18 
 2230       1.566357406557e-11       9.179918980905e-13      -5.075132935380e-13       0.000000000000e+00       2.381907524505e-16       2.499545749584e-17       8.095675768551e-18 
 2231       1.561147646589e-11       9.187149762298e-13      -5.219432890883e-13       0.000000000000e+00       2.377527136443e-16       2.470720277127e-17       8.108538893947e-18 
 2232       1.556056339826e-11       9.193456114240e-13      -5.364164364481e-13       0.000000000000e+00       2.373156641877e-16       2.442224084349e-17       8.119551631577e-18 
 2233       1.551083467207e-11       9.198831158414e-13      -5.509256626529e-13       0.000000000000e+00       2.368796009726e-16       2.414066097148e-17       8.128662021060e-18 
 2234       1.546229008696e-11       9.203267998557e-13      -5.654638692090e-13       0.000000000000e+00       2.364445208679e-16       2.386255270759e-17       8.135817929294e-18 
 2235       1.541492943276e-11       9.206759720442e-13      -5.800239320645e-13       0.000000000000e+00       2.360104207191e-16       2.358800589792e-17       8.140967050273e-18 
 2236       1.536875248953e-11       9.209299391858e-13      -5.945987015812e-13       0.000000000000e+00       2.355772973484e-16       2.331711068255e-17       8.144056904898e-18 
 2237       1.532375902751e-11       9.210880062595e-13      -6.091810025058e-13       0.000000000000e+00       2.351451475547e-16       2.304995749593e-17       8.145034840786e-18 
 2238       1.527994880714e-11       9.211494764426e-13      -6.237636339408e-13       0.000000000000e+00       2.347139681137e-16       2.278663706714e-17       8.143848032087e-18 
 2239       1.523732157899e-11       9.211136511086e-13      -6.383393693165e-13       0.000000000000e+00       2.342837557776e-16       2.252724042028e-17       8.140443479288e-18 
 2240       1.519587708381e-11       9.209798298261e-13      -6.529009563624e-13       0.000000000000e+00       2.338545072751e-16       2.227185887470e-17       8.134768009032e-18 
 2241       1.515561505246e-11       9.207473103565e-13      -6.674411170778e-13       0.000000000000e+00       2.334262193118e-16       2.202058404540e-17       8.126768273928e-18 
 2242       1.511653520594e-11       9.204153886522e-13      -6.819525477043e-13       0.000000000000e+00       2.329988885694e-16       2.177350784329e-17       8.116390752359e-18 
 2243       1.507863508618e-11       9.199835990200e-13      -6.964283667414e-13       0.000000000000e+00       2.325725119098e-16       2.153069720655e-17       8.103600199627e-18 
 2244       1.504190353310e-11       9.194524363255e-13      -7.108634622505e-13       0.000000000000e+00       2.321470869861e-16       2.129211811376e-17       8.088435133379e-18 
 2245       1.500632716496e-11       9.188226384987e-13      -7.252531532876e-13       0.000000000000e+00       2.317226116354e-16       2.105771107540e-17       8.070952709951e-18 
 2246       1.497189254361e-11       9.180949468012e-13      -7.395927426394e-13       0.000000000000e+00       2.312990836753e-16       2.082741635759e-17       8.051210306178e-18 
 2247       1.493858617436e-11       9.172701058304e-13      -7.538775168048e-13       0.000000000000e+00       2.308765009044e-16       2.060117398177e-17       8.029265519640e-18 
 2248       1.490639450601e-11       9.163488635232e-13      -7.681027459774e-13       0.000000000000e+00       2.304548611019e-16       2.037892372440e-17       8.005176168919e-18 
 2249       1.487530393068e-11       9.153319711602e-13      -7.822636840271e-13       0.000000000000e+00       2.300341620275e-16       2.016060511669e-17       7.979000293848e-18 
 2250       1.484530078385e-11       9.142201833693e-13      -7.963555684824e-13       0.000000000000e+00       2.296144014219e-16       1.994615744435e-17       7.950796155762e-18 
 2251       1.481637134419e-11       9.130142581302e-13      -8.103736205127e-13       0.000000000000e+00       2.291955770063e-16       1.973551974724e-17       7.920622237751e-18 
 2252       1.478850183357e-11       9.117149567780e-13      -8.243130449100e-13       0.000000000000e+00       2.287776864823e-16       1.952863081914e-17       7.888537244911e-18 
 2253       1.476167841697e-11       9.103230440072e-13      -8.381690300708e-13       0.000000000000e+00       2.283607275324e-16       1.932542920742e-17       7.854600104597e-18 
 2254       1.473588720240e-11       9.088392878758e-13      -8.519367479790e-13       0.000000000000e+00       2.279446978195e-16       1.912585321281e-17       7.818869966670e-18 
 2255       1.471111424086e-11       9.072644598092e-13      -8.656113541871e-13       0.000000000000e+00       2.275295949869e-16       1.892984088908e-17       7.781406203757e-18 
 2256       1.468734552622e-11       9.055993346040e-13      -8.791879877985e-13       0.000000000000e+00       2.271154166586e-16       1.873733004274e-17       7.742268411493e-18 
 2257       1.466456699525e-11       9.038446904323e-13      -8.926617714500e-13       0.000000000000e+00       2.267021604390e-16       1.854825823280e-17       7.701516408782e-18 
 2258       1.464276452745e-11       9.020013088454e-13      -9.060278112931e-13       0.000000000000e+00       2.262898239130e-16       1.836256277045e-17       7.659210238040e-18 
 2259       1.462192394506e-11       9.000699747779e-13      -9.192811969768e-13       0.000000000000e+00       2.258784046458e-16       1.818018071879e-17       7.615410165452e-18 
 2260       1.460203101295e-11       8.980514765516e-13      -9.324170016292e-13       0.000000000000e+00       2.254679001830e-16       1.800104889254e-17       7.570176681223e-18 
 2261       1.458307143856e-11       8.959466058795e-13      -9.454302818397e-13       0.000000000000e+00       2.250583080507e-16       1.782510385778e-17       7.523570499829e-18 
 2262       1.456503087186e-11       8.937561578698e-13      -9.583160776412e-13       0.000000000000e+00       2.246496257552e-16       1.765228193162e-17       7.475652560268e-18 
 2263       1.454789490527e-11       8.914809310298e-13      -9.710694124919e-13       0.000000000000e+00       2.242418507831e-16       1.748251918195e-17       7.426484026312e-18 
 2264       1.453164907356e-11       8.891217272698e-13      -9.836852932576e-13       0.000000000000e+00       2.238349806016e-16       1.731575142715e-17       7.376126286760e-18 
 2265       1.451627885385e-11       8.866793519072e-13      -9.961587101936e-13       0.000000000000e+00       2.234290126576e-16       1.715191423578e-17       7.324640955686e-18 
 2266       1.450176966548e-11       8.841546136706e-13      -1.008484636927e-12       0.000000000000e+00       2.230239443787e-16       1.699094292634e-17       7.272089872697e-18 
 2267       1.448810686998e-11       8.815483247034e-13      -1.020658030438e-12       0.000000000000e+00       2.226197731726e-16       1.683277256696e-17       7.218535103177e-18 
 2268       1.447527577101e-11       8.788613005679e-13      -1.032673831044e-12       0.000000000000e+00       2.222164964270e-16       1.667733797511e-17       7.164038938545e-18 
 2269       1.446326161425e-11       8.760943602497e-13      -1.044526962378e-12       0.000000000000e+00       2.218141115099e-16       1.652457371733e-17       7.108663896502e-18 
 2270       1.445204958739e-11       8.732483261608e-13      -1.056212331375e-12       0.000000000000e+00       2.214126157694e-16       1.637441410892e-17       7.052472721288e-18 
 2271       1.444162482003e-11       8.703240241443e-13      -1.067724828251e-12       0.000000000000e+00       2.210120065337e-16       1.622679321370e-17       6.995528383927e-18 
 2272       1.443197238361e-11       8.673222834784e-13      -1.079059326486e-12       0.000000000000e+00       2.206122811110e-16       1.608164484369e-17       6.937894082483e-18 
 2273       1.442307729136e-11       8.642439368795e-13      -1.090210682806e-12       0.000000000000e+00       2.202134367898e-16       1.593890255882e-17       6.879633242312e-18 
 2274       1.441492449823e-11       8.610898205073e-13      -1.101173737165e-12       0.000000000000e+00       2.198154708382e-16       1.579849966670e-17       6.820809516310e-18 
 2275       1.440749890083e-11       8.578607739679e-13      -1.111943312729e-12       0.000000000000e+00       2.194183805047e-16       1.566036922225e-17       6.761486785169e-18 
 2276       1.440078533734e-11       8.545576403183e-13      -1.122514215854e-12       0.000000000000e+00       2.190221630175e-16       1.552444402749e-17       6.701729157626e-18 
 2277       1.439476858748e-11       8.511812660701e-13      -1.132881236070e-12       0.000000000000e+00       2.186268155847e-16       1.539065663122e-17       6.641600970714e-18 
 2278       1.438943337241e-11       8.477325011933e-13      -1.143039146067e-12       0.000000000000e+00       2.182323353947e-16       1.525893932875e-17       6.581166790016e-18 
 2279       1.438476435467e-11       8.442121991210e-13      -1.152982701670e-12       0.000000000000e+00       2.178387196153e-16       1.512922416160e-17       6.520491409916e-18 
 2280       1.438074613814e-11       8.406212167523e-13      -1.162706641825e-12       0.000000000000e+00       2.174459653945e-16       1.500144291722e-17       6.459639853849e-18 
 2281       1.437736326796e-11       8.369604144573e-13      -1.172205688582e-12       0.000000000000e+00       2.170540698599e-16       1.487552712872e-17       6.398677374554e-18 
 2282       1.437459996970e-11       8.332307599930e-13      -1.181475290298e-12       0.000000000000e+00       2.166630303604e-16       1.475142562678e-17       6.337663919451e-18 
 2283       1.437243936538e-11       8.294336409744e-13      -1.190513856503e-12       0.000000000000e+00       2.162728451918e-16       1.462915731901e-17       6.276637487460e-18 
 2284       1.437086425230e-11       8.255705544161e-13      -1.199320537336e-12       0.000000000000e+00       2.158835128756e-16       1.450875874863e-17       6.215630665907e-18 
 2285       1.436985736326e-11       8.216430030085e-13      -1.207894481627e-12       0.000000000000e+00       2.154950319180e-16       1.439026657315e-17       6.154676155829e-18 
 2286       1.436940136649e-11       8.176524951235e-13      -1.216234836890e-12       0.000000000000e+00       2.151074008101e-16       1.427371756445e-17       6.093806772098e-18 
 2287       1.436947886557e-11       8.136005448214e-13      -1.224340749326e-12       0.000000000000e+00       2.147206180280e-16       1.415914860894e-17       6.033055443542e-18 
 2288       1.437007239938e-11       8.094886718569e-13      -1.232211363823e-12       0.000000000000e+00       2.143346820321e-16       1.404659670767e-17       5.972455213076e-18 
 2289       1.437116444198e-11       8.053184016857e-13      -1.239845823951e-12       0.000000000000e+00       2.139495912677e-16       1.393609897641e-17       5.912039237817e-18 
 2290       1.437273740258e-11       8.010912654708e-13      -1.247243271967e-12       0.000000000000e+00       2.135653441650e-16       1.382769264585e-17       5.851840789218e-18 
 2291       1.437477362548e-11       7.968088000888e-13      -1.254402848808e-12       0.000000000000e+00       2.131819391387e-16       1.372141506164e-17       5.791893253183e-18 
 2292       1.437725538993e-11       7.924725481362e-13      -1.261323694095e-12       0.000000000000e+00       2.127993745880e-16       1.361730368454e-17       5.732230130198e-18 
 2293       1.438016491014e-11       7.880840579359e-13      -1.268004946131e-12       0.000000000000e+00       2.124176488972e-16       1.351539609056e-17       5.672885035452e-18 
 2294       1.438348433515e-11       7.836448835436e-13      -1.274445741898e-12       0.000000000000e+00       2.120367604347e-16       1.341572997107e-17       5.613891698962e-18 
 2295       1.438719574878e-11       7.791565847541e-13      -1.280645217058e-12       0.000000000000e+00       2.116567075539e-16       1.331834313288e-17       5.555283965695e-18 
 2296       1.439128116954e-11       7.746207271074e-13      -1.286602505953e-12       0.000000000000e+00       2.112774885925e-16       1.322327349841e-17       5.497095795696e-18 
 2297       1.439572255062e-11       7.700388818956e-13      -1.292316741601e-12       0.000000000000e+00       2.108991018729e-16       1.313055910580e-17       5.439361264209e-18 
 2298       1.440050177971e-11       7.654126261686e-13      -1.297787055701e-12       0.000000000000e+00       2.105215457020e-16       1.304023810901e-17       5.382114561804e-18 
 2299       1.440560067903e-11       7.607435427412e-13      -1.303012578625e-12       0.000000000000e+00       2.101448183713e-16       1.295234877796e-17       5.325389994498e-18 
 2300       1.441100100520e-11       7.560332201988e-13      -1.307992439422e-12       0.000000000000e+00       2.097689181566e-16       1.286692949863e-17       5.269221983880e-18 
 2301       1.441668444919e-11       7.512832529041e-13      -1.312725765815e-12       0.000000000000e+00       2.093938433183e-16       1.278401877319e-17       5.213645067238e-18 
 2302       1.442263263623e-11       7.464952410036e-13      -1.317211684204e-12       0.000000000000e+00       2.090195921013e-16       1.270365522014e-17       5.158693897678e-18 
 2303       1.442882712578e-11       7.416707904333e-13      -1.321449319658e-12       0.000000000000e+00       2.086461627347e-16       1.262587757440e-17       5.104403244254e-18 
 2304       1.443524941140e-11       7.368115129260e-13      -1.325437795922e-12       0.000000000000e+00       2.082735534324e-16       1.255072468743e-17       5.050807992088e-18 
 2305       1.444188092071e-11       7.319190260169e-13      -1.329176235411e-12       0.000000000000e+00       2.079017623922e-16       1.247823552737e-17       4.997943142494e-18 
 2306       1.444870301531e-11       7.269949530503e-13      -1.332663759210e-12       0.000000000000e+00       2.075307877967e-16       1.240844917915e-17       4.945843813107e-18 
 2307       1.445569699074e-11       7.220409231860e-13      -1.335899487075e-12       0.000000000000e+00       2.071606278125e-16       1.234140484462e-17       4.894545238000e-18 
 2308       1.446284407633e-11       7.170585714054e-13      -1.338882537432e-12       0.000000000000e+00       2.067912805909e-16       1.227714184263e-17       4.844082767814e-18 
 2309       1.447012543523e-11       7.120495385182e-13      -1.341612027373e-12       0.000000000000e+00       2.064227442670e-16       1.221569960922e-17       4.794491869879e-18 
 2310       1.447752216425e-11       7.070154711683e-13      -1.344087072661e-12       0.000000000000e+00       2.060550169607e-16       1.215711769766e-17       4.745808128340e-18 
 2311       1.448501529382e-11       7.019580218407e-13      -1.346306787721e-12       0.000000000000e+00       2.056880967758e-16       1.210143577863e-17       4.698067244281e-18 
 2312       1.449258578795e-11       6.968788488675e-13      -1.348270285648e-12       0.000000000000e+00       2.053219818005e-16       1.204869364033e-17       4.651305035846e-18 
 2313       1.450021454411e-11       6.917796164343e-13      -1.349976678201e-12       0.000000000000e+00       2.049566701072e-16       1.199893118856e-17       4.605557438367e-18 
 2314       1.450788239318e-11       6.866619945869e-13      -1.351425075802e-12       0.000000000000e+00       2.045921597524e-16       1.195218844690e-17       4.560860504488e-18 
 2315       1.451557009936e-11       6.815276592371e-13      -1.352614587537e-12       0.000000000000e+00       2.042284487769e-16       1.190850555676e-17       4.517250404287e-18 
 2316       1.452325836014e-11       6.763782921693e-13      -1.353544321156e-12       0.000000000000e+00       2.038655352056e-16       1.186792277759e-17       4.474763425399e-18 
 2317       1.453092780617e-11       6.712155810472e-13      -1.354213383069e-12       0.000000000000e+00       2.035034170476e-16       1.183048048689e-17       4.433435973146e-18 
 2318       1.453855900124e-11       6.660412194195e-13      -1.354620878347e-12       0.000000000000e+00       2.031420922959e-16       1.179621918044e-17       4.393304570654e-18 
 2319       1.454613244218e-11       6.608569067270e-13      -1.354765910723e-12       0.000000000000e+00       2.027815589278e-16       1.176517947233e-17       4.354405858983e-18 
 2320       1.455362855879e-11       6.556643483083e-13      -1.354647582587e-12       0.000000000000e+00       2.024218149046e-16       1.173740209513e-17       4.316776597249e-18 
 2321       1.456102912438e-11       6.504651920283e-13      -1.354265592634e-12       0.000000000000e+00       2.020628582199e-16       1.171290938340e-17       4.280435574099e-18 
 2322       1.456832149722e-11       6.452608377124e-13      -1.353622032910e-12       0.000000000000e+00       2.017046870444e-16       1.169164959627e-17       4.245329217210e-18 
 2323       1.457549440569e-11       6.400526265229e-13      -1.352719603096e-12       0.000000000000e+00       2.013472995820e-16       1.167355224389e-17       4.211385640948e-18 
 2324       1.458253654010e-11       6.348419042327e-13      -1.351561013910e-12       0.000000000000e+00       2.009906940217e-16       1.165854657183e-17       4.178532703578e-18 
 2325       1.458943655258e-11       6.296300212307e-13      -1.350148987117e-12       0.000000000000e+00       2.006348685371e-16       1.164656156080e-17       4.146698006991e-18 
 2326       1.459618305712e-11       6.244183325265e-13      -1.348486255538e-12       0.000000000000e+00       2.002798212871e-16       1.163752592637e-17       4.115808896421e-18 
 2327       1.460276462946e-11       6.192081977553e-13      -1.346575563071e-12       0.000000000000e+00       1.999255504154e-16       1.163136811865e-17       4.085792460170e-18 
 2328       1.460916980708e-11       6.140009811830e-13      -1.344419664693e-12       0.000000000000e+00       1.995720540506e-16       1.162801632202e-17       4.056575529326e-18 
 2329       1.461538708919e-11       6.087980517112e-13      -1.342021326482e-12       0.000000000000e+00       1.992193303062e-16       1.162739845483e-17       4.028084677484e-18 
 2330       1.462140493661e-11       6.036007828818e-13      -1.339383325625e-12       0.000000000000e+00       1.988673772805e-16       1.162944216911e-17       4.000246220474e-18 
 2331       1.462721177181e-11       5.984105528823e-13      -1.336508450427e-12       0.000000000000e+00       1.985161930567e-16       1.163407485027e-17       3.972986216072e-18 
 2332       1.463279597882e-11       5.932287445507e-13      -1.333399500333e-12       0.000000000000e+00       1.981657757028e-16       1.164122361681e-17       3.946230463733e-18 
 2333       1.463814590321e-11       5.880567453803e-13      -1.330059285930e-12       0.000000000000e+00       1.978161232716e-16       1.165081532003e-17       3.919904504300e-18 
 2334       1.464324985205e-11       5.828959475247e-13      -1.326490628968e-12       0.000000000000e+00       1.974672338008e-16       1.166277654375e-17       3.893933619737e-18 
 2335       1.464809609384e-11       5.777477478030e-13      -1.322696362366e-12       0.000000000000e+00       1.971191053126e-16       1.167703360400e-17       3.868242832842e-18 
 2336       1.465267285853e-11       5.726135477042e-13      -1.318679330229e-12       0.000000000000e+00       1.967717358143e-16       1.169351254872e-17       3.842756906974e-18 
 2337       1.465696833740e-11       5.674947533927e-13      -1.314442387859e-12       0.000000000000e+00       1.964251232975e-16       1.171213915750e-17       3.817400345769e-18 
 2338       1.466097068310e-11       5.623927757130e-13      -1.309988401766e-12       0.000000000000e+00       1.960792657389e-16       1.173283894125e-17       3.792097392868e-18 
 2339       1.466466800953e-11       5.573090301947e-13      -1.305320249682e-12       0.000000000000e+00       1.957341610996e-16       1.175553714193e-17       3.766772031631e-18 
 2340       1.466804839189e-11       5.522449370574e-13      -1.300440820575e-12       0.000000000000e+00       1.953898073256e-16       1.178015873226e-17       3.741347984864e-18 
 2341       1.467109986653e-11       5.472019212155e-13      -1.295353014657e-12       0.000000000000e+00       1.950462023473e-16       1.180662841542e-17       3.715748714539e-18 
 2342       1.467381043102e-11       5.421814122837e-13      -1.290059743403e-12       0.000000000000e+00       1.947033440798e-16       1.183487062475e-17       3.689897421514e-18 
 2343       1.467616804402e-11       5.371848445813e-13      -1.284563929556e-12       0.000000000000e+00       1.943612304230e-16       1.186480952346e-17       3.663717045256e-18 
 2344       1.467816062531e-11       5.322136571375e-13      -1.278868507145e-12       0.000000000000e+00       1.940198592611e-16       1.189636900437e-17       3.637130263561e-18 
 2345       1.467977605568e-11       5.272692936963e-13      -1.272976421496e-12       0.000000000000e+00       1.936792284630e-16       1.192947268956e-17       3.610059492275e-18 
 2346       1.468100217695e-11       5.223532027214e-13      -1.266890629244e-12       0.000000000000e+00       1.933393358821e-16       1.196404393012e-17       3.582426885020e-18 
 2347       1.468182679190e-11       5.174668374011e-13      -1.260614098345e-12       0.000000000000e+00       1.930001793564e-16       1.200000580585e-17       3.554154332909e-18 
 2348       1.468223766423e-11       5.126116556535e-13      -1.254149808090e-12       0.000000000000e+00       1.926617567083e-16       1.203728112496e-17       3.525163464269e-18 
 2349       1.468222251853e-11       5.077891201310e-13      -1.247500749117e-12       0.000000000000e+00       1.923240657448e-16       1.207579242378e-17       3.495375644368e-18 
 2350       1.468176904021e-11       5.030006982259e-13      -1.240669923422e-12       0.000000000000e+00       1.919871042572e-16       1.211546196645e-17       3.464711975129e-18 
 2351       1.468086487552e-11       4.982478620747e-13      -1.233660344374e-12       0.000000000000e+00       1.916508700215e-16       1.215621174469e-17       3.433093294855e-18 
 2352       1.467949763142e-11       4.935320885633e-13      -1.226475036726e-12       0.000000000000e+00       1.913153607977e-16       1.219796347742e-17       3.400440177948e-18 
 2353       1.467765487565e-11       4.888548593322e-13      -1.219117036625e-12       0.000000000000e+00       1.909805743306e-16       1.224063861052e-17       3.366672934637e-18 
 2354       1.467532413657e-11       4.842176607809e-13      -1.211589391632e-12       0.000000000000e+00       1.906465083493e-16       1.228415831655e-17       3.331711610690e-18 
 2355       1.467249290323e-11       4.796219840735e-13      -1.203895160726e-12       0.000000000000e+00       1.903131605671e-16       1.232844349442e-17       3.295475987141e-18 
 2356       1.466914862524e-11       4.750693251430e-13      -1.196037414322e-12       0.000000000000e+00       1.899805286817e-16       1.237341476910e-17       3.257885580013e-18 
 2357       1.466527871279e-11       4.705611846968e-13      -1.188019234279e-12       0.000000000000e+00       1.896486103753e-16       1.241899249137e-17       3.218859640033e-18 
 2358       1.466087053656e-11       4.660990682214e-13      -1.179843713919e-12       0.000000000000e+00       1.893174033142e-16       1.246509673747e-17       3.178317152359e-18 
 2359       1.465591142775e-11       4.616844859872e-13      -1.171513958033e-12       0.000000000000e+00       1.889869051490e-16       1.251164730885e-17       3.136176836301e-18 
 2360       1.465039069331e-11       4.573187860758e-13      -1.163033251224e-12       0.000000000000e+00       1.886571136385e-16       1.255858205744e-17       3.092378656501e-18 
 2361       1.464430567575e-11       4.530026523182e-13      -1.154405564043e-12       0.000000000000e+00       1.883280270222e-16       1.260591198632e-17       3.046948502890e-18 
 2362       1.463765573086e-11       4.487366032519e-13      -1.145635050021e-12       0.000000000000e+00       1.879996436501e-16       1.265366649027e-17       2.999933911445e-18 
 2363       1.463044021582e-11       4.445211588168e-13      -1.136725877634e-12       0.000000000000e+00       1.876719618587e-16       1.270187506141e-17       2.951382589350e-18 
 2364       1.462265848916e-11       4.403568403569e-13      -1.127682230329e-12       0.000000000000e+00       1.873449799714e-16       1.275056728925e-17       2.901342415179e-18 
 2365       1.461430991079e-11       4.362441706215e-13      -1.118508306533e-12       0.000000000000e+00       1.870186962981e-16       1.279977286081e-17       2.849861439083e-18 
 2366       1.460539384198e-11       4.321836737667e-13      -1.109208319672e-12       0.000000000000e+00       1.866931091357e-16       1.284952156070e-17       2.796987882970e-18 
 2367       1.459590964539e-11       4.281758753566e-13      -1.099786498187e-12       0.000000000000e+00       1.863682167674e-16       1.289984327126e-17       2.742770140695e-18 
 2368       1.458585668504e-11       4.242213023649e-13      -1.090247085551e-12       0.000000000000e+00       1.860440174633e-16       1.295076797265e-17       2.687256778241e-18 
 2369       1.457523432634e-11       4.203204831759e-13      -1.080594340282e-12       0.000000000000e+00       1.857205094798e-16       1.300232574291e-17       2.630496533906e-18 
 2370       1.456404193610e-11       4.164739475862e-13      -1.070832535961e-12       0.000000000000e+00       1.853976910604e-16       1.305454675815e-17       2.572538318487e-18 
 2371       1.455227888247e-11       4.126822268056e-13      -1.060965961251e-12       0.000000000000e+00       1.850755604347e-16       1.310746129255e-17       2.513431215463e-18 
 2372       1.453994453503e-11       4.089458534590e-13      -1.050998919907e-12       0.000000000000e+00       1.847541158191e-16       1.316109971853e-17       2.453224481182e-18 
 2373       1.452703826473e-11       4.052653615876e-13      -1.040935730798e-12       0.000000000000e+00       1.844333554165e-16       1.321549250685e-17       2.391967545045e-18 
 2374       1.451355944392e-11       4.016412866497e-13      -1.030780727918e-12       0.000000000000e+00       1.841132774165e-16       1.327067022667e-17       2.329710009689e-18 
 2375       1.449950744635e-11       3.980741655231e-13      -1.020538260407e-12       0.000000000000e+00       1.837938799949e-16       1.332666354570e-17       2.266501651174e-18 
 2376       1.448488164715e-11       3.945645365052e-13      -1.010212692563e-12       0.000000000000e+00       1.834751613142e-16       1.338350323026e-17       2.202392419167e-18 
 2377       1.446968142288e-11       3.911129393156e-13      -9.998084038625e-13       0.000000000000e+00       1.831571195234e-16       1.344122014541e-17       2.137432437125e-18 
 2378       1.445390615147e-11       3.877199150965e-13      -9.893297889707e-13       0.000000000000e+00       1.828397527578e-16       1.349984525507e-17       2.071672002483e-18 
 2379       1.443755521230e-11       3.843860064146e-13      -9.787812577629e-13       0.000000000000e+00       1.825230591394e-16       1.355940962205e-17       2.005161586836e-18 
 2380       1.442062798611e-11       3.811117572621e-13      -9.681672353384e-13       0.000000000000e+00       1.822070367765e-16       1.361994440824e-17       1.937951836122e-18 
 2381       1.440312385509e-11       3.778977130583e-13      -9.574921620365e-13       0.000000000000e+00       1.818916837636e-16       1.368148087465e-17       1.870093570814e-18 
 2382       1.438504220283e-11       3.747444206510e-13      -9.467604934533e-13       0.000000000000e+00       1.815769981820e-16       1.374405038154e-17       1.801637786095e-18 
 2383       1.436638241434e-11       3.716524283175e-13      -9.359767004573e-13       0.000000000000e+00       1.812629780990e-16       1.380768438851e-17       1.732635652051e-18 
 2384       1.434714387604e-11       3.686222857664e-13      -9.251452692058e-13       0.000000000000e+00       1.809496215686e-16       1.387241445463e-17       1.663138513848e-18 
 2385       1.432732597579e-11       3.656545441385e-13      -9.142707011609e-13       0.000000000000e+00       1.806369266309e-16       1.393827223848e-17       1.593197891926e-18 
 2386       1.430692810286e-11       3.627497560086e-13      -9.033575131056e-13       0.000000000000e+00       1.803248913123e-16       1.400528949834e-17       1.522865482173e-18 
 2387       1.428594964796e-11       3.599084753865e-13      -8.924102371601e-13       0.000000000000e+00       1.800135136257e-16       1.407349809220e-17       1.452193156119e-18 
 2388       1.426439000322e-11       3.571312577186e-13      -8.814334207976e-13       0.000000000000e+00       1.797027915702e-16       1.414292997794e-17       1.381232961115e-18 
 2389       1.424224856221e-11       3.544186598891e-13      -8.704316268606e-13       0.000000000000e+00       1.793927231312e-16       1.421361721338e-17       1.310037120521e-18 
 2390       1.421952471994e-11       3.517712402214e-13      -8.594094335771e-13       0.000000000000e+00       1.790833062802e-16       1.428559195642e-17       1.238658033886e-18 
 2391       1.419621787284e-11       3.491895584794e-13      -8.483714345767e-13       0.000000000000e+00       1.787745389751e-16       1.435888646509e-17       1.167148277139e-18 
 2392       1.417232741881e-11       3.466741758689e-13      -8.373222389063e-13       0.000000000000e+00       1.784664191601e-16       1.443353309772e-17       1.095560602769e-18 
 2393       1.414785275717e-11       3.442256550391e-13      -8.262664710470e-13       0.000000000000e+00       1.781589447653e-16       1.450956431300e-17       1.023947940012e-18 
 2394       1.412279328870e-11       3.418445600838e-13      -8.152087709294e-13       0.000000000000e+00       1.778521137073e-16       1.458701267007e-17       9.523633950322e-19 
 2395       1.409714841562e-11       3.395314565425e-13      -8.041537939502e-13       0.000000000000e+00       1.775459238887e-16       1.466591082866e-17       8.808602511126e-19 
 2396       1.407091754161e-11       3.372869114024e-13      -7.931062109884e-13       0.000000000000e+00       1.772403731983e-16       1.474629154918e-17       8.094919688344e-19 
 2397       1.404410007180e-11       3.351114930990e-13      -7.820707084209e-13       0.000000000000e+00       1.769354595110e-16       1.482818769280e-17       7.383121862641e-19 
 2398       1.401669541277e-11       3.330057715181e-13      -7.710519881392e-13       0.000000000000e+00       1.766311806879e-16       1.491163222157e-17       6.673747191376e-19 
 2399       1.398870440753e-11       3.309701520831e-13      -7.600544956806e-13       0.000000000000e+00       1.763275347774e-16       1.499663740360e-17       5.967313281453e-19 
 2400       1.396013364988e-11       3.290043769085e-13      -7.490816027783e-13       0.000000000000e+00       1.760245206212e-16       1.508313228961e-17       5.264250055255e-19 
 2401       1.393099119636e-11       3.271080206049e-13      -7.381364198544e-13       0.000000000000e+00       1.757221372521e-16       1.517102485499e-17       4.564966478660e-19 
 2402       1.390128513373e-11       3.252806559136e-13      -7.272220674620e-13       0.000000000000e+00       1.754203836929e-16       1.526022275970e-17       3.869872854207e-19 
 2403       1.387102357901e-11       3.235218537049e-13      -7.163416762956e-13       0.000000000000e+00       1.751192589565e-16       1.535063334803e-17       3.179380822483e-19 
 2404       1.384021467952e-11       3.218311829756e-13      -7.054983872015e-13       0.000000000000e+00       1.748187620459e-16       1.544216364818e-17       2.493903363501e-19 
 2405       1.380886661287e-11       3.202082108474e-13      -6.946953511882e-13       0.000000000000e+00       1.745188919541e-16       1.553472037198e-17       1.813854798080e-19 
 2406       1.377698758703e-11       3.186525025642e-13      -6.839357294368e-13       0.000000000000e+00       1.742196476642e-16       1.562820991453e-17       1.139650789229e-19 
 2407       1.374458584037e-11       3.171636214907e-13      -6.732226933119e-13       0.000000000000e+00       1.739210281491e-16       1.572253835390e-17       4.717083435300e-20 
 2408       1.371166964167e-11       3.157411291096e-13      -6.625594243714e-13       0.000000000000e+00       1.736230323720e-16       1.581761145077e-17      -1.895541874869e-20 
 2409       1.367824729013e-11       3.143845850200e-13      -6.519491143774e-13       0.000000000000e+00       1.733256592860e-16       1.591333464810e-17      -8.437171059564e-20 
 2410       1.364432711547e-11       3.130935469348e-13      -6.413949653063e-13       0.000000000000e+00       1.730289078340e-16       1.600961307085e-17      -1.490359366299e-19 
 2411       1.360991747791e-11       3.118675706794e-13      -6.309001893598e-13       0.000000000000e+00       1.727327769490e-16       1.610635152555e-17      -2.129058573840e-19 
 2412       1.357502676820e-11       3.107062101886e-13      -6.204680089747e-13       0.000000000000e+00       1.724372655541e-16       1.620345450008e-17      -2.759390983427e-19 
 2413       1.353966340771e-11       3.096090175053e-13      -6.101016568339e-13       0.000000000000e+00       1.721423725620e-16       1.630082616324e-17      -3.380931498049e-19 
 2414       1.350383584837e-11       3.085755427779e-13      -5.998043758763e-13       0.000000000000e+00       1.718480968756e-16       1.639837036450e-17      -3.993253667456e-19 
 2415       1.346755257279e-11       3.076053342584e-13      -5.895794193079e-13       0.000000000000e+00       1.715544373876e-16       1.649599063361e-17      -4.595929686776e-19 
 2416       1.343082209426e-11       3.066979383005e-13      -5.794300506115e-13       0.000000000000e+00       1.712613929806e-16       1.659359018030e-17      -5.188530395135e-19 
 2417       1.339365295675e-11       3.058528993569e-13      -5.693595435581e-13       0.000000000000e+00       1.709689625272e-16       1.669107189394e-17      -5.770625274275e-19 
 2418       1.335605373499e-11       3.050697599778e-13      -5.593711822162e-13       0.000000000000e+00       1.706771448896e-16       1.678833834322e-17      -6.341782447174e-19 
 2419       1.331803303449e-11       3.043480608085e-13      -5.494682609632e-13       0.000000000000e+00       1.703859389201e-16       1.688529177578e-17      -6.901568676663e-19 
 2420       1.327959949156e-11       3.036873405873e-13      -5.396540844955e-13       0.000000000000e+00       1.700953434609e-16       1.698183411793e-17      -7.449549364044e-19 
 2421       1.324076177334e-11       3.030871361437e-13      -5.299319678389e-13       0.000000000000e+00       1.698053573437e-16       1.707786697429e-17      -7.985288547712e-19 
 2422       1.320152857787e-11       3.025469823956e-13      -5.203052363590e-13       0.000000000000e+00       1.695159793903e-16       1.717329162746e-17      -8.508348901770e-19 
 2423       1.316190863406e-11       3.020664123480e-13      -5.107772257719e-13       0.000000000000e+00       1.692272084123e-16       1.726800903771e-17      -9.018291734650e-19 
 2424       1.312191070179e-11       3.016449570904e-13      -5.013512821543e-13       0.000000000000e+00       1.689390432110e-16       1.736191984260e-17      -9.514676987731e-19 
 2425       1.308154357188e-11       3.012821457949e-13      -4.920307619544e-13       0.000000000000e+00       1.686514825774e-16       1.745492435670e-17      -9.997063233959e-19 
 2426       1.304081606618e-11       3.009775057139e-13      -4.828190320019e-13       0.000000000000e+00       1.683645252925e-16       1.754692257125e-17      -1.046500767646e-18 
 2427       1.299973703755e-11       3.007305621781e-13      -4.737194695187e-13       0.000000000000e+00       1.680781701268e-16       1.763781415381e-17      -1.091806614717e-18 
 2428       1.295831536995e-11       3.005408385947e-13      -4.647354621294e-13       0.000000000000e+00       1.677924158407e-16       1.772749844791e-17      -1.135579310544e-18 
 2429       1.291655997840e-11       3.004078564447e-13      -4.558704078715e-13       0.000000000000e+00       1.675072611843e-16       1.781587447280e-17      -1.177774163666e-18 
 2430       1.287447980909e-11       3.003311352811e-13      -4.471277152060e-13       0.000000000000e+00       1.672227048975e-16       1.790284092301e-17      -1.218346345089e-18 
 2431       1.283208383935e-11       3.003101927272e-13      -4.385108030280e-13       0.000000000000e+00       1.669387457096e-16       1.798829616810e-17      -1.257250888146e-18 
 2432       1.278938107772e-11       3.003445444735e-13      -4.300231006768e-13       0.000000000000e+00       1.666553823399e-16       1.807213825231e-17      -1.294442688359e-18 
 2433       1.274638056397e-11       3.004337042767e-13      -4.216680479466e-13       0.000000000000e+00       1.663726134973e-16       1.815426489421e-17      -1.329876503304e-18 
 2434       1.270309136913e-11       3.005771839567e-13      -4.134490950971e-13       0.000000000000e+00       1.660904378802e-16       1.823457348637e-17      -1.363506952466e-18 
 2435       1.265952259553e-11       3.007744933953e-13      -4.053697028633e-13       0.000000000000e+00       1.658088541768e-16       1.831296109505e-17      -1.395288517110e-18 
 2436       1.261568337682e-11       3.010251405332e-13      -3.974333424669e-13       0.000000000000e+00       1.655278610650e-16       1.838932445987e-17      -1.425175540134e-18 
 2437       1.257158287802e-11       3.013286313688e-13      -3.896434956258e-13       0.000000000000e+00       1.652474572121e-16       1.846355999344e-17      -1.453122225939e-18 
 2438       1.252723051472e-11       3.016843911034e-13      -3.820031722971e-13       0.000000000000e+00       1.649676412723e-16       1.853561126315e-17      -1.479104831129e-18 
 2439       1.248263661201e-11       3.020915270662e-13      -3.745134607178e-13       0.000000000000e+00       1.646884118778e-16       1.860561174875e-17      -1.503188382547e-18 
 2440       1.243781174959e-11       3.025490643617e-13      -3.671749686765e-13       0.000000000000e+00       1.644097676472e-16       1.867374294146e-17      -1.525460359660e-18 
 2441       1.239276654297e-11       3.030560245884e-13      -3.599883049916e-13       0.000000000000e+00       1.641317071891e-16       1.874018694035e-17      -1.546008540407e-18 
 2442       1.234751164352e-11       3.036114258354e-13      -3.529540795120e-13       0.000000000000e+00       1.638542291011e-16       1.880512645302e-17      -1.564921001508e-18 
 2443       1.230205773846e-11       3.042142826785e-13      -3.460729031179e-13       0.000000000000e+00       1.635773319705e-16       1.886874479619e-17      -1.582286118777e-18 
 2444       1.225641555096e-11       3.048636061765e-13      -3.393453877213e-13       0.000000000000e+00       1.633010143742e-16       1.893122589633e-17      -1.598192567428e-18 
 2445       1.221059584017e-11       3.055584038679e-13      -3.327721462670e-13       0.000000000000e+00       1.630252748782e-16       1.899275429028e-17      -1.612729322390e-18 
 2446       1.216460940118e-11       3.062976797664e-13      -3.263537927330e-13       0.000000000000e+00       1.627501120384e-16       1.905351512591e-17      -1.625985658609e-18 
 2447       1.211846706518e-11       3.070804343581e-13      -3.200909421317e-13       0.000000000000e+00       1.624755243998e-16       1.911369416271e-17      -1.638051151364e-18 
 2448       1.207217969938e-11       3.079056645973e-13      -3.139842105099e-13       0.000000000000e+00       1.622015104969e-16       1.917347777243e-17      -1.649015676575e-18 
 2449       1.202575820713e-11       3.087723639027e-13      -3.080342149503e-13       0.000000000000e+00       1.619280688536e-16       1.923305293973e-17      -1.658969411111e-18 
 2450       1.197921352791e-11       3.096795221541e-13      -3.022415735715e-13       0.000000000000e+00       1.616551979833e-16       1.929260726276e-17      -1.668002833103e-18 
 2451       1.193255663739e-11       3.106261256884e-13      -2.966069055293e-13       0.000000000000e+00       1.613828963887e-16       1.935232895383e-17      -1.676206722248e-18 
 2452       1.188579854746e-11       3.116111572961e-13      -2.911308310171e-13       0.000000000000e+00       1.611111625617e-16       1.941240684000e-17      -1.683672160126e-18 
 2453       1.183895030625e-11       3.126335962174e-13      -2.858139712667e-13       0.000000000000e+00       1.608399949838e-16       1.947303036376e-17      -1.690490530505e-18 
 2454       1.179202299820e-11       3.136924181388e-13      -2.806569485490e-13       0.000000000000e+00       1.605693921258e-16       1.953438958360e-17      -1.696753519651e-18 
 2455       1.174502774409e-11       3.147865951890e-13      -2.756603861746e-13       0.000000000000e+00       1.602993524477e-16       1.959667517466e-17      -1.702553116639e-18 
 2456       1.169797570105e-11       3.159150959355e-13      -2.708249084949e-13       0.000000000000e+00       1.600298743989e-16       1.966007842937e-17      -1.707981613663e-18 
 2457       1.165087806261e-11       3.170768853809e-13      -2.661511409024e-13       0.000000000000e+00       1.597609564181e-16       1.972479125805e-17      -1.713131606342e-18 
 2458       1.160374605876e-11       3.182709249591e-13      -2.616397098316e-13       0.000000000000e+00       1.594925969333e-16       1.979100618957e-17      -1.718095994037e-18 
 2459       1.155659095596e-11       3.194961725316e-13      -2.572912427595e-13       0.000000000000e+00       1.592247943617e-16       1.985891637195e-17      -1.722967980152e-18 
 2460       1.150942405717e-11       3.207515823838e-13      -2.531063682070e-13       0.000000000000e+00       1.589575471098e-16       1.992871557299e-17      -1.727841072449e-18 
 2461       1.146225670194e-11       3.220361052215e-13      -2.490857157386e-13       0.000000000000e+00       1.586908535733e-16       2.000059818091e-17      -1.732809083359e-18 
 2462       1.141510026637e-11       3.233486881668e-13      -2.452299159639e-13       0.000000000000e+00       1.584247121373e-16       2.007475920498e-17      -1.737966130287e-18 
 2463       1.136796616321e-11       3.246882747549e-13      -2.415396005381e-13       0.000000000000e+00       1.581591211760e-16       2.015139427611e-17      -1.743406635925e-18 
 2464       1.132086584187e-11       3.260538049301e-13      -2.380154021625e-13       0.000000000000e+00       1.578940790527e-16       2.023069964754e-17      -1.749225328559e-18 
 2465       1.127381078845e-11       3.274442150420e-13      -2.346579545856e-13       0.000000000000e+00       1.576295841200e-16       2.031287219539e-17      -1.755517242382e-18 
 2466       1.122681252581e-11       3.288584378422e-13      -2.314678926035e-13       0.000000000000e+00       1.573656347198e-16       2.039810941937e-17      -1.762377717802e-18 
 2467       1.117988261355e-11       3.302954024800e-13      -2.284458520607e-13       0.000000000000e+00       1.571022291830e-16       2.048660944333e-17      -1.769902401752e-18 
 2468       1.113303264811e-11       3.317540344996e-13      -2.255924698508e-13       0.000000000000e+00       1.568393658297e-16       2.057857101594e-17      -1.778187247999e-18 
 2469       1.108627426277e-11       3.332332558354e-13      -2.229083839175e-13       0.000000000000e+00       1.565770429690e-16       2.067419351131e-17      -1.787328517453e-18 
 2470       1.103961912769e-11       3.347319848091e-13      -2.203942332548e-13       0.000000000000e+00       1.563152588995e-16       2.077367692957e-17      -1.797422778481e-18 
 2471       1.099307894997e-11       3.362491361253e-13      -2.180506579081e-13       0.000000000000e+00       1.560540119086e-16       2.087722189756e-17      -1.808566907209e-18 
 2472       1.094666547365e-11       3.377836208687e-13      -2.158782989750e-13       0.000000000000e+00       1.557933002728e-16       2.098502966944e-17      -1.820858087841e-18 
 2473       1.090039047977e-11       3.393343464995e-13      -2.138777986054e-13       0.000000000000e+00       1.555331222578e-16       2.109730212728e-17      -1.834393812960e-18 
 2474       1.085426578642e-11       3.409002168503e-13      -2.120498000032e-13       0.000000000000e+00       1.552734761184e-16       2.121424178173e-17      -1.849271883845e-18 
 2475       1.080830324873e-11       3.424801321220e-13      -2.103949474259e-13       0.000000000000e+00       1.550143600983e-16       2.133605177263e-17      -1.865590410775e-18 
 2476       1.076251475897e-11       3.440729888804e-13      -2.089138861863e-13       0.000000000000e+00       1.547557724305e-16       2.146293586963e-17      -1.883447813341e-18 
 2477       1.071691137497e-11       3.456777128682e-13      -2.076068631336e-13       0.000000000000e+00       1.544977114409e-16       2.159501748732e-17      -1.902913866019e-18 
 2478       1.067150069990e-11       3.472933576599e-13      -2.064725255164e-13       0.000000000000e+00       1.542401758612e-16       2.173209620622e-17      -1.923942647228e-18 
 2479       1.062628948706e-11       3.489190065829e-13      -2.055091150213e-13       0.000000000000e+00       1.539831645181e-16       2.187388981371e-17      -1.946459076298e-18 
 2480       1.058128451012e-11       3.505537399511e-13      -2.047148666393e-13       0.000000000000e+00       1.537266762295e-16       2.202011515796e-17      -1.970387821227e-18 
 2481       1.053649256312e-11       3.521966350624e-13      -2.040880086594e-13       0.000000000000e+00       1.534707098040e-16       2.217048814690e-17      -1.995653298420e-18 
 2482       1.049192046045e-11       3.538467661953e-13      -2.036267626612e-13       0.000000000000e+00       1.532152640413e-16       2.232472374733e-17      -2.022179672436e-18 
 2483       1.044757503693e-11       3.555032046060e-13      -2.033293435078e-13       0.000000000000e+00       1.529603377321e-16       2.248253598389e-17      -2.049890855728e-18 
 2484       1.040346314779e-11       3.571650185253e-13      -2.031939593386e-13       0.000000000000e+00       1.527059296581e-16       2.264363793819e-17      -2.078710508390e-18 
 2485       1.035959166870e-11       3.588312731555e-13      -2.032188115627e-13       0.000000000000e+00       1.524520385918e-16       2.280774174776e-17      -2.108562037900e-18 
 2486       1.031596749581e-11       3.605010306676e-13      -2.034020948512e-13       0.000000000000e+00       1.521986632970e-16       2.297455860519e-17      -2.139368598861e-18 
 2487       1.027259754574e-11       3.621733501979e-13      -2.037419971304e-13       0.000000000000e+00       1.519458025281e-16       2.314379875710e-17      -2.171053092748e-18 
 2488       1.022948875559e-11       3.638472878449e-13      -2.042366995747e-13       0.000000000000e+00       1.516934550304e-16       2.331517150320e-17      -2.203538167651e-18 
 2489       1.018664808303e-11       3.655218966669e-13      -2.048843765994e-13       0.000000000000e+00       1.514416195404e-16       2.348838519536e-17      -2.236746218016e-18 
 2490       1.014408250623e-11       3.671962266780e-13      -2.056831958539e-13       0.000000000000e+00       1.511902947852e-16       2.366314723664e-17      -2.270599384391e-18 
 2491       1.010179902393e-11       3.688693248459e-13      -2.066313182142e-13       0.000000000000e+00       1.509394794830e-16       2.383916408031e-17      -2.305019553170e-18 
 2492       1.005980465548e-11       3.705402350882e-13      -2.077268977760e-13       0.000000000000e+00       1.506891723429e-16       2.401614122894e-17      -2.339928356335e-18 
 2493       1.001810644080e-11       3.722079982698e-13      -2.089680818476e-13       0.000000000000e+00       1.504393720647e-16       2.419378323340e-17      -2.375247171199e-18 
 2494       9.976711440434e-12       3.738716521995e-13      -2.103530109430e-13       0.000000000000e+00       1.501900773390e-16       2.437179369193e-17      -2.410897120153e-18 
 2495       9.935626735590e-12       3.755302316274e-13      -2.118798187743e-13       0.000000000000e+00       1.499412868476e-16       2.454987524916e-17      -2.446799070408e-18 
 2496       9.894859428119e-12       3.771827682411e-13      -2.135466322452e-13       0.000000000000e+00       1.496929992628e-16       2.472772959519e-17      -2.482873633735e-18 
 2497       9.854416640559e-12       3.788282906636e-13      -2.153515714434e-13       0.000000000000e+00       1.494452132478e-16       2.490505746461e-17      -2.519041166214e-18 
 2498       9.814305516151e-12       3.804658244493e-13      -2.172927496341e-13       0.000000000000e+00       1.491979274568e-16       2.508155863553e-17      -2.555221767976e-18 
 2499       9.774533218854e-12       3.820943920817e-13      -2.193682732520e-13       0.000000000000e+00       1.489511405345e-16       2.525693192865e-17      -2.591335282945e-18 
 2500       9.735106933373e-12       3.837130129699e-13      -2.215762418951e-13       0.000000000000e+00       1.487048511165e-16       2.543087520630e-17      -2.627301298581e-18 
 2501       9.696033865171e-12       3.853207034458e-13      -2.239147483173e-13       0.000000000000e+00       1.484590578294e-16       2.560308537148e-17      -2.663039145629e-18 
 2502       9.657321240495e-12       3.869164767607e-13      -2.263818784211e-13       0.000000000000e+00       1.482137592902e-16       2.577325836687e-17      -2.698467897857e-18 
 2503       9.618976306390e-12       3.884993430826e-13      -2.289757112507e-13       0.000000000000e+00       1.479689541069e-16       2.594108917395e-17      -2.733506371799e-18 
 2504       9.581006330728e-12       3.900683094932e-13      -2.316943189848e-13       0.000000000000e+00       1.477246408783e-16       2.610627181197e-17      -2.768073126506e-18 
 2505       9.543418602216e-12       3.916223799843e-13      -2.345357669297e-13       0.000000000000e+00       1.474808181936e-16       2.626849933703e-17      -2.802086463281e-18 
 2506       9.506220430427e-12       3.931605554555e-13      -2.374981135121e-13       0.000000000000e+00       1.472374846331e-16       2.642746384112e-17      -2.835464425427e-18 
 2507       9.469419145814e-12       3.946818337103e-13      -2.405794102719e-13       0.000000000000e+00       1.469946387676e-16       2.658285645115e-17      -2.868124797992e-18 
 2508       9.433022099731e-12       3.961852094540e-13      -2.437777018551e-13       0.000000000000e+00       1.467522791587e-16       2.673436732801e-17      -2.899985107508e-18 
 2509       9.397036664453e-12       3.976696742898e-13      -2.470910260071e-13       0.000000000000e+00       1.465104043585e-16       2.688168566560e-17      -2.930962621739e-18 
 2510       9.361470233195e-12       3.991342167161e-13      -2.505174135650e-13       0.000000000000e+00       1.462690129100e-16       2.702449968991e-17      -2.960974349421e-18 
 2511       9.326330220137e-12       4.005778221237e-13      -2.540548884511e-13       0.000000000000e+00       1.460281033468e-16       2.716249665800e-17      -2.989937040010e-18 
 2512       9.291624060437e-12       4.019994727921e-13      -2.577014676652e-13       0.000000000000e+00       1.457876741931e-16       2.729536285709e-17      -3.017767183421e-18 
 2513       9.257359210254e-12       4.033981478872e-13      -2.614551612780e-13       0.000000000000e+00       1.455477239637e-16       2.742278360359e-17      -3.044381009774e-18 
 2514       9.223543146769e-12       4.047728234577e-13      -2.653139724239e-13       0.000000000000e+00       1.453082511643e-16       2.754444324216e-17      -3.069694489139e-18 
 2515       9.190183368205e-12       4.061224724321e-13      -2.692758972938e-13       0.000000000000e+00       1.450692542908e-16       2.766002514472e-17      -3.093623331275e-18 
 2516       9.157286117024e-12       4.074461711879e-13      -2.733388025611e-13       0.000000000000e+00       1.448307319800e-16       2.776929192450e-17      -3.116102273738e-18 
 2517       9.124852541375e-12       4.087434199413e-13      -2.775000568951e-13       0.000000000000e+00       1.445926834594e-16       2.787232659013e-17      -3.137143069359e-18 
 2518       9.092882511346e-12       4.100138242159e-13      -2.817568972889e-13       0.000000000000e+00       1.443551080996e-16       2.796929279309e-17      -3.156776835732e-18 
 2519       9.061375893754e-12       4.112569884390e-13      -2.861065514223e-13       0.000000000000e+00       1.441180052647e-16       2.806035474080e-17      -3.175034797609e-18 
 2520       9.030332552142e-12       4.124725159405e-13      -2.905462376522e-13       0.000000000000e+00       1.438813743122e-16       2.814567719715e-17      -3.191948287014e-18 
 2521       8.999752346768e-12       4.136600089520e-13      -2.950731650033e-13       0.000000000000e+00       1.436452145930e-16       2.822542548307e-17      -3.207548743345e-18 
 2522       8.969635134608e-12       4.148190686056e-13      -2.996845331587e-13       0.000000000000e+00       1.434095254515e-16       2.829976547710e-17      -3.221867713489e-18 
 2523       8.939980769350e-12       4.159492949330e-13      -3.043775324503e-13       0.000000000000e+00       1.431743062254e-16       2.836886361597e-17      -3.234936851928e-18 
 2524       8.910789101386e-12       4.170502868644e-13      -3.091493438497e-13       0.000000000000e+00       1.429395562458e-16       2.843288689510e-17      -3.246787920850e-18 
 2525       8.882059977813e-12       4.181216422276e-13      -3.139971389583e-13       0.000000000000e+00       1.427052748374e-16       2.849200286925e-17      -3.257452790257e-18 
 2526       8.853793242423e-12       4.191629577466e-13      -3.189180799986e-13       0.000000000000e+00       1.424714613179e-16       2.854637965303e-17      -3.266963438073e-18 
 2527       8.825988735707e-12       4.201738290411e-13      -3.239093198039e-13       0.000000000000e+00       1.422381149988e-16       2.859618592146e-17      -3.275351950256e-18 
 2528       8.798646294842e-12       4.211538506250e-13      -3.289680018098e-13       0.000000000000e+00       1.420052351846e-16       2.864159091058e-17      -3.282650520905e-18 
 2529       8.771765753691e-12       4.221026159055e-13      -3.340912600440e-13       0.000000000000e+00       1.417728211733e-16       2.868276441794e-17      -3.288891452371e-18 
 2530       8.745346942799e-12       4.230197171823e-13      -3.392762191172e-13       0.000000000000e+00       1.415408722564e-16       2.871987680325e-17      -3.294107155361e-18 
 2531       8.719389689390e-12       4.239047456462e-13      -3.445199942141e-13       0.000000000000e+00       1.413093877184e-16       2.875309898887e-17      -3.298330149055e-18 
 2532       8.693893817357e-12       4.247572913783e-13      -3.498196910831e-13       0.000000000000e+00       1.410783668374e-16       2.878260246043e-17      -3.301593061209e-18 
 2533       8.668859147265e-12       4.255769433489e-13      -3.551724060276e-13       0.000000000000e+00       1.408478088848e-16       2.880855926734e-17      -3.303928628267e-18 
 2534       8.644285496342e-12       4.263632894166e-13      -3.605752258964e-13       0.000000000000e+00       1.406177131252e-16       2.883114202340e-17      -3.305369695468e-18 
 2535       8.620172678476e-12       4.271159163268e-13      -3.660252280741e-13       0.000000000000e+00       1.403880788166e-16       2.885052390734e-17      -3.305949216957e-18 
 2536       8.596520504212e-12       4.278344097114e-13      -3.715194804719e-13       0.000000000000e+00       1.401589052102e-16       2.886687866340e-17      -3.305700255894e-18 
 2537       8.573328780746e-12       4.285183540870e-13      -3.770550415181e-13       0.000000000000e+00       1.399301915505e-16       2.888038060185e-17      -3.304655984562e-18 
 2538       8.550597311921e-12       4.291673328546e-13      -3.826289601486e-13       0.000000000000e+00       1.397019370755e-16       2.889120459963e-17      -3.302849684477e-18 
 2539       8.528325898224e-12       4.297809282978e-13      -3.882382757977e-13       0.000000000000e+00       1.394741410162e-16       2.889952610084e-17      -3.300314746497e-18 
 2540       8.506514336782e-12       4.303587215824e-13      -3.938800183884e-13       0.000000000000e+00       1.392468025969e-16       2.890552111735e-17      -3.297084670929e-18 
 2541       8.485162421355e-12       4.309002927551e-13      -3.995512083233e-13       0.000000000000e+00       1.390199210354e-16       2.890936622933e-17      -3.293193067644e-18 
 2542       8.464269942334e-12       4.314052207424e-13      -4.052488564748e-13       0.000000000000e+00       1.387934955423e-16       2.891123858584e-17      -3.288673656178e-18 
 2543       8.443836686736e-12       4.318730833497e-13      -4.109699641763e-13       0.000000000000e+00       1.385675253219e-16       2.891131590540e-17      -3.283560265848e-18 
 2544       8.423862438203e-12       4.323034572603e-13      -4.167115232119e-13       0.000000000000e+00       1.383420095715e-16       2.890977647651e-17      -3.277886835857e-18 
 2545       8.404346976991e-12       4.326959180342e-13      -4.224705158078e-13       0.000000000000e+00       1.381169474816e-16       2.890679915827e-17      -3.271687415405e-18 
 2546       8.385290079971e-12       4.330500401071e-13      -4.282439146224e-13       0.000000000000e+00       1.378923382361e-16       2.890256338090e-17      -3.264996163798e-18 
 2547       8.366691520624e-12       4.333653967894e-13      -4.340286827372e-13       0.000000000000e+00       1.376681810117e-16       2.889724914632e-17      -3.257847350556e-18 
 2548       8.348551069036e-12       4.336415602654e-13      -4.398217736469e-13       0.000000000000e+00       1.374444749789e-16       2.889103702872e-17      -3.250275355523e-18 
 2549       8.330868491894e-12       4.338781015917e-13      -4.456201312508e-13       0.000000000000e+00       1.372212193008e-16       2.888410817512e-17      -3.242314668977e-18 
 2550       8.313643552481e-12       4.340745906968e-13      -4.514206898424e-13       0.000000000000e+00       1.369984131340e-16       2.887664430591e-17      -3.233999891737e-18 
 2551       8.296876010673e-12       4.342305963797e-13      -4.572203741008e-13       0.000000000000e+00       1.367760556283e-16       2.886882771547e-17      -3.225365735273e-18 
 2552       8.280565622934e-12       4.343456863088e-13      -4.630160990807e-13       0.000000000000e+00       1.365541459264e-16       2.886084127266e-17      -3.216447021816e-18 
 2553       8.264712142312e-12       4.344194270211e-13      -4.688047702036e-13       0.000000000000e+00       1.363326831645e-16       2.885286842145e-17      -3.207278684467e-18 
 2554       8.249315318436e-12       4.344513839211e-13      -4.745832832476e-13       0.000000000000e+00       1.361116664716e-16       2.884509318144e-17      -3.197895767303e-18 
 2555       8.234373981136e-12       4.344412326884e-13      -4.803486936610e-13       0.000000000000e+00       1.358910949201e-16       2.883766230969e-17      -3.188325820298e-18 
 2556       8.219883285585e-12       4.343890942008e-13      -4.860987255798e-13       0.000000000000e+00       1.356709673748e-16       2.883057154804e-17      -3.178566036218e-18 
 2557       8.205837451361e-12       4.342952015286e-13      -4.918312657085e-13       0.000000000000e+00       1.354512826426e-16       2.882377872494e-17      -3.168605982909e-18 
 2558       8.192230677368e-12       4.341597887013e-13      -4.975441942562e-13       0.000000000000e+00       1.352320395227e-16       2.881724153493e-17      -3.158435196561e-18 
 2559       8.179057141809e-12       4.339830907087e-13      -5.032353849305e-13       0.000000000000e+00       1.350132368064e-16       2.881091753846e-17      -3.148043181673e-18 
 2560       8.166311002172e-12       4.337653435017e-13      -5.089027049310e-13       0.000000000000e+00       1.347948732773e-16       2.880476416180e-17      -3.137419411028e-18 
 2561       8.153986395203e-12       4.335067839935e-13      -5.145440149432e-13       0.000000000000e+00       1.345769477109e-16       2.879873869688e-17      -3.126553325661e-18 
 2562       8.142077436889e-12       4.332076500606e-13      -5.201571691322e-13       0.000000000000e+00       1.343594588751e-16       2.879279830115e-17      -3.115434334826e-18 
 2563       8.130578222435e-12       4.328681805437e-13      -5.257400151361e-13       0.000000000000e+00       1.341424055297e-16       2.878689999748e-17      -3.104051815965e-18 
 2564       8.119482826241e-12       4.324886152486e-13      -5.312903940600e-13       0.000000000000e+00       1.339257864267e-16       2.878100067401e-17      -3.092395114683e-18 
 2565       8.108785301886e-12       4.320691949477e-13      -5.368061404696e-13       0.000000000000e+00       1.337096003103e-16       2.877505708402e-17      -3.080453544710e-18 
 2566       8.098479682102e-12       4.316101613804e-13      -5.422850823847e-13       0.000000000000e+00       1.334938459166e-16       2.876902584580e-17      -3.068216387877e-18 
 2567       8.088559978758e-12       4.311117572546e-13      -5.477250412734e-13       0.000000000000e+00       1.332785219739e-16       2.876286344251e-17      -3.055672894079e-18 
 2568       8.079020182832e-12       4.305742262474e-13      -5.531238320451e-13       0.000000000000e+00       1.330636272026e-16       2.875652622208e-17      -3.042812281251e-18 
 2569       8.069854264397e-12       4.299978130062e-13      -5.584792630449e-13       0.000000000000e+00       1.328491603151e-16       2.874997039702e-17      -3.029623735330e-18 
 2570       8.061056172595e-12       4.293827631500e-13      -5.637891360467e-13       0.000000000000e+00       1.326351200160e-16       2.874315204435e-17      -3.016096410232e-18 
 2571       8.052619835619e-12       4.287293232697e-13      -5.690512462474e-13       0.000000000000e+00       1.324215050018e-16       2.873602710543e-17      -3.002219427816e-18 
 2572       8.044539160689e-12       4.280377409299e-13      -5.742633822602e-13       0.000000000000e+00       1.322083139610e-16       2.872855138584e-17      -2.987981877855e-18 
 2573       8.036808034034e-12       4.273082646695e-13      -5.794233261083e-13       0.000000000000e+00       1.319955455743e-16       2.872068055526e-17      -2.973372818006e-18 
 2574       8.029420320869e-12       4.265411440029e-13      -5.845288532191e-13       0.000000000000e+00       1.317831985144e-16       2.871237014731e-17      -2.958381273779e-18 
 2575       8.022369865374e-12       4.257366294205e-13      -5.895777324173e-13       0.000000000000e+00       1.315712714458e-16       2.870357555945e-17      -2.942996238505e-18 
 2576       8.015650490674e-12       4.248949723906e-13      -5.945677259189e-13       0.000000000000e+00       1.313597630253e-16       2.869425205282e-17      -2.927206673309e-18 
 2577       8.009255998818e-12       4.240164253596e-13      -5.994965893247e-13       0.000000000000e+00       1.311486719015e-16       2.868435475213e-17      -2.911001507073e-18 
 2578       8.003180170755e-12       4.231012417535e-13      -6.043620716143e-13       0.000000000000e+00       1.309379967150e-16       2.867383864551e-17      -2.894369636414e-18 
 2579       7.997416766318e-12       4.221496759786e-13      -6.091619151395e-13       0.000000000000e+00       1.307277360984e-16       2.866265858442e-17      -2.877299925644e-18 
 2580       7.991959524197e-12       4.211619834227e-13      -6.138938556182e-13       0.000000000000e+00       1.305178886764e-16       2.865076928345e-17      -2.859781206749e-18 
 2581       7.986802161923e-12       4.201384204563e-13      -6.185556221279e-13       0.000000000000e+00       1.303084530655e-16       2.863812532024e-17      -2.841802279348e-18 
 2582       7.981938375844e-12       4.190792444331e-13      -6.231449370996e-13       0.000000000000e+00       1.300994278741e-16       2.862468113535e-17      -2.823351910672e-18 
 2583       7.977361841106e-12       4.179847136913e-13      -6.276595163113e-13       0.000000000000e+00       1.298908117027e-16       2.861039103208e-17      -2.804418835528e-18 
 2584       7.973066211631e-12       4.168550875548e-13      -6.320970688819e-13       0.000000000000e+00       1.296826031435e-16       2.859520917639e-17      -2.784991756268e-18 
 2585       7.969045120093e-12       4.156906263339e-13      -6.364552972648e-13       0.000000000000e+00       1.294748007810e-16       2.857908959676e-17      -2.765059342762e-18 
 2586       7.965292177902e-12       4.144915913264e-13      -6.407318972414e-13       0.000000000000e+00       1.292674031913e-16       2.856198618403e-17      -2.744610232363e-18 
 2587       7.961800975180e-12       4.132582448187e-13      -6.449245579151e-13       0.000000000000e+00       1.290604089424e-16       2.854385269129e-17      -2.723633029882e-18 
 2588       7.958565080741e-12       4.119908500868e-13      -6.490309617048e-13       0.000000000000e+00       1.288538165944e-16       2.852464273375e-17      -2.702116307551e-18 
 2589       7.955578042069e-12       4.106896713971e-13      -6.530487843389e-13       0.000000000000e+00       1.286476246991e-16       2.850430978860e-17      -2.680048604996e-18 
 2590       7.952833385296e-12       4.093549740077e-13      -6.569756948485e-13       0.000000000000e+00       1.284418318002e-16       2.848280719488e-17      -2.657418429207e-18 
 2591       7.950324615185e-12       4.079870241694e-13      -6.608093555613e-13       0.000000000000e+00       1.282364364333e-16       2.846008815335e-17      -2.634214254503e-18 
 2592       7.948045215104e-12       4.065860891264e-13      -6.645474220957e-13       0.000000000000e+00       1.280314371259e-16       2.843610572637e-17      -2.610424522509e-18 
 2593       7.945988647009e-12       4.051524371176e-13      -6.681875433539e-13       0.000000000000e+00       1.278268323973e-16       2.841081283773e-17      -2.586037642118e-18 
 2594       7.944148229145e-12       4.036863951715e-13      -6.717276782280e-13       0.000000000000e+00       1.276226209120e-16       2.838417925183e-17      -2.561051297291e-18 
 2595       7.942516768457e-12       4.021885228454e-13      -6.751670476840e-13       0.000000000000e+00       1.274188019415e-16       2.835624261602e-17      -2.535500427927e-18 
 2596       7.941086926063e-12       4.006594394692e-13      -6.785051880399e-13       0.000000000000e+00       1.272153749049e-16       2.832705770611e-17      -2.509429406887e-18 
 2597       7.939851339318e-12       3.990997664422e-13      -6.817416347407e-13       0.000000000000e+00       1.270123392161e-16       2.829667947348e-17      -2.482882746647e-18 
 2598       7.938802621789e-12       3.975101272353e-13      -6.848759223584e-13       0.000000000000e+00       1.268096942836e-16       2.826516304518e-17      -2.455905099434e-18 
 2599       7.937933363234e-12       3.958911473930e-13      -6.879075845906e-13       0.000000000000e+00       1.266074395106e-16       2.823256372417e-17      -2.428541257361e-18 
 2600       7.937236129577e-12       3.942434545356e-13      -6.908361542604e-13       0.000000000000e+00       1.264055742948e-16       2.819893698947e-17      -2.400836152559e-18 
 2601       7.936703462884e-12       3.925676783609e-13      -6.936611633152e-13       0.000000000000e+00       1.262040980287e-16       2.816433849631e-17      -2.372834857319e-18 
 2602       7.936327881343e-12       3.908644506466e-13      -6.963821428268e-13       0.000000000000e+00       1.260030100994e-16       2.812882407634e-17      -2.344582584220e-18 
 2603       7.936101879237e-12       3.891344052522e-13      -6.989986229900e-13       0.000000000000e+00       1.258023098884e-16       2.809244973775e-17      -2.316124686269e-18 
 2604       7.936017926924e-12       3.873781781209e-13      -7.015101331222e-13       0.000000000000e+00       1.256019967721e-16       2.805527166550e-17      -2.287506657036e-18 
 2605       7.936068470811e-12       3.855964072818e-13      -7.039162016629e-13       0.000000000000e+00       1.254020701212e-16       2.801734622144e-17      -2.258774130788e-18 
 2606       7.936245933333e-12       3.837897328522e-13      -7.062163561730e-13       0.000000000000e+00       1.252025293013e-16       2.797872994452e-17      -2.229972882623e-18 
 2607       7.936542712927e-12       3.819587970389e-13      -7.084101233337e-13       0.000000000000e+00       1.250033736723e-16       2.793947955093e-17      -2.201148828608e-18 
 2608       7.936951184012e-12       3.801042441411e-13      -7.104970289467e-13       0.000000000000e+00       1.248046025889e-16       2.789965193428e-17      -2.172348025913e-18 
 2609       7.937463696964e-12       3.782267205519e-13      -7.124765979327e-13       0.000000000000e+00       1.246062154003e-16       2.785930416580e-17      -2.143616672947e-18 
 2610       7.938072578092e-12       3.763268747603e-13      -7.143483543311e-13       0.000000000000e+00       1.244082114502e-16       2.781849349446e-17      -2.115001109493e-18 
 2611       7.938770129618e-12       3.744053573539e-13      -7.161118212995e-13       0.000000000000e+00       1.242105900770e-16       2.777727734718e-17      -2.086547816841e-18 
 2612       7.939548629648e-12       3.724628210199e-13      -7.177665211127e-13       0.000000000000e+00       1.240133506135e-16       2.773571332899e-17      -2.058303417929e-18 
 2613       7.940400332155e-12       3.704999205482e-13      -7.193119751622e-13       0.000000000000e+00       1.238164923871e-16       2.769385922321e-17      -2.030314677471e-18 
 2614       7.941317466953e-12       3.685173128328e-13      -7.207477039557e-13       0.000000000000e+00       1.236200147198e-16       2.765177299158e-17      -2.002628502098e-18 
 2615       7.942292239671e-12       3.665156568737e-13      -7.220732271162e-13       0.000000000000e+00       1.234239169281e-16       2.760951277450e-17      -1.975291940491e-18 
 2616       7.943316831735e-12       3.644956137798e-13      -7.232880633813e-13       0.000000000000e+00       1.232281983230e-16       2.756713689114e-17      -1.948352183516e-18 
 2617       7.944383400341e-12       3.624578467698e-13      -7.243917306030e-13       0.000000000000e+00       1.230328582101e-16       2.752470383963e-17      -1.921856564361e-18 
 2618       7.945484078433e-12       3.604030211754e-13      -7.253837457463e-13       0.000000000000e+00       1.228378958894e-16       2.748227229727e-17      -1.895852558669e-18 
 2619       7.946610974682e-12       3.583318044423e-13      -7.262636248892e-13       0.000000000000e+00       1.226433106554e-16       2.743990112062e-17      -1.870387784675e-18 
 2620       7.947756173456e-12       3.562448661330e-13      -7.270308832218e-13       0.000000000000e+00       1.224491017973e-16       2.739764934576e-17      -1.845510003342e-18 
 2621       7.948911734805e-12       3.541428779284e-13      -7.276850350455e-13       0.000000000000e+00       1.222552685986e-16       2.735557618838e-17      -1.821267118492e-18 
 2622       7.950069694432e-12       3.520265136301e-13      -7.282255937727e-13       0.000000000000e+00       1.220618103373e-16       2.731374104403e-17      -1.797707176947e-18 
 2623       7.951222063673e-12       3.498964491622e-13      -7.286520719255e-13       0.000000000000e+00       1.218687262861e-16       2.727220348823e-17      -1.774878368662e-18 
 2624       7.952360829471e-12       3.477533625737e-13      -7.289639811360e-13       0.000000000000e+00       1.216760157118e-16       2.723102327665e-17      -1.752829026857e-18 
 2625       7.953477954356e-12       3.455979340401e-13      -7.291608321446e-13       0.000000000000e+00       1.214836778760e-16       2.719026034531e-17      -1.731607628158e-18 
 2626       7.954565376417e-12       3.434308458657e-13      -7.292421348002e-13       0.000000000000e+00       1.212917120345e-16       2.714997481075e-17      -1.711262792729e-18 
 2627       7.955615009285e-12       3.412527824859e-13      -7.292073980590e-13       0.000000000000e+00       1.211001174379e-16       2.711022697015e-17      -1.691843284406e-18 
 2628       7.956618742104e-12       3.390644304685e-13      -7.290561299840e-13       0.000000000000e+00       1.209088933309e-16       2.707107730157e-17      -1.673398010838e-18 
 2629       7.957568439512e-12       3.368664785165e-13      -7.287878377444e-13       0.000000000000e+00       1.207180389528e-16       2.703258646405e-17      -1.655976023615e-18 
 2630       7.958455941614e-12       3.346596174697e-13      -7.284020276149e-13       0.000000000000e+00       1.205275535374e-16       2.699481529787e-17      -1.639626518408e-18 
 2631       7.959273063963e-12       3.324445403071e-13      -7.278982049752e-13       0.000000000000e+00       1.203374363128e-16       2.695782482462e-17      -1.624398835103e-18 
 2632       7.960011597532e-12       3.302219421483e-13      -7.272758743089e-13       0.000000000000e+00       1.201476865015e-16       2.692167624745e-17      -1.610342457936e-18 
 2633       7.960663898108e-12       3.279925046455e-13      -7.265348110712e-13       0.000000000000e+00       1.199583033382e-16       2.688641229580e-17      -1.597486039646e-18 
 2634       7.961224658086e-12       3.257568490572e-13      -7.256758789433e-13       0.000000000000e+00       1.197692861223e-16       2.685200114600e-17      -1.585774346199e-18 
 2635       7.961689144482e-12       3.235155829174e-13      -7.247002171222e-13       0.000000000000e+00       1.195806341656e-16       2.681839218911e-17      -1.575130961639e-18 
 2636       7.962052610400e-12       3.212693156242e-13      -7.236089688688e-13       0.000000000000e+00       1.193923467746e-16       2.678553465788e-17      -1.565479232000e-18 
 2637       7.962310295022e-12       3.190186584418e-13      -7.224032815126e-13       0.000000000000e+00       1.192044232504e-16       2.675337762657e-17      -1.556742265076e-18 
 2638       7.962457423588e-12       3.167642245019e-13      -7.210843064553e-13       0.000000000000e+00       1.190168628890e-16       2.672187001080e-17      -1.548842930192e-18 
 2639       7.962489207392e-12       3.145066288060e-13      -7.196531991754e-13       0.000000000000e+00       1.188296649811e-16       2.669096056744e-17      -1.541703857982e-18 
 2640       7.962400843764e-12       3.122464882269e-13      -7.181111192317e-13       0.000000000000e+00       1.186428288117e-16       2.666059789439e-17      -1.535247440153e-18 
 2641       7.962187516054e-12       3.099844215103e-13      -7.164592302674e-13       0.000000000000e+00       1.184563536611e-16       2.663073043048e-17      -1.529395829264e-18 
 2642       7.961844393627e-12       3.077210492769e-13      -7.146987000146e-13       0.000000000000e+00       1.182702388038e-16       2.660130645532e-17      -1.524070938497e-18 
 2643       7.961366631842e-12       3.054569940241e-13      -7.128307002979e-13       0.000000000000e+00       1.180844835091e-16       2.657227408909e-17      -1.519194441427e-18 
 2644       7.960749372045e-12       3.031928801275e-13      -7.108564070386e-13       0.000000000000e+00       1.178990870411e-16       2.654358129248e-17      -1.514687771795e-18 
 2645       7.959987741552e-12       3.009293338430e-13      -7.087770002586e-13       0.000000000000e+00       1.177140486584e-16       2.651517586643e-17      -1.510472123284e-18 
 2646       7.959076853636e-12       2.986669833083e-13      -7.065936640848e-13       0.000000000000e+00       1.175293676143e-16       2.648700545210e-17      -1.506468449287e-18 
 2647       7.958011807518e-12       2.964064585451e-13      -7.043075867528e-13       0.000000000000e+00       1.173450431569e-16       2.645901753059e-17      -1.502597462679e-18 
 2648       7.956787688349e-12       2.941483914604e-13      -7.019199606111e-13       0.000000000000e+00       1.171610745286e-16       2.643115942290e-17      -1.498779635596e-18 
 2649       7.955399567200e-12       2.918934158484e-13      -6.994319821251e-13       0.000000000000e+00       1.169774609669e-16       2.640337828972e-17      -1.494935199198e-18 
 2650       7.953842501047e-12       2.896421673924e-13      -6.968448518812e-13       0.000000000000e+00       1.167942017035e-16       2.637562113127e-17      -1.490984143448e-18 
 2651       7.952111532761e-12       2.873952836666e-13      -6.941597745906e-13       0.000000000000e+00       1.166112959649e-16       2.634783478719e-17      -1.486846216882e-18 
 2652       7.950201691092e-12       2.851534041376e-13      -6.913779590938e-13       0.000000000000e+00       1.164287429723e-16       2.631996593636e-17      -1.482440926383e-18 
 2653       7.948107990655e-12       2.829171701666e-13      -6.885006183643e-13       0.000000000000e+00       1.162465419414e-16       2.629196109674e-17      -1.477687536950e-18 
 2654       7.945825431921e-12       2.806872250106e-13      -6.855289695128e-13       0.000000000000e+00       1.160646920826e-16       2.626376662525e-17      -1.472505071473e-18 
 2655       7.943349001202e-12       2.784642138247e-13      -6.824642337909e-13       0.000000000000e+00       1.158831926007e-16       2.623532871760e-17      -1.466812310506e-18 
 2656       7.940673670637e-12       2.762487836637e-13      -6.793076365959e-13       0.000000000000e+00       1.157020426953e-16       2.620659340812e-17      -1.460527792037e-18 
 2657       7.937794398179e-12       2.740415834837e-13      -6.760604074739e-13       0.000000000000e+00       1.155212415605e-16       2.617750656966e-17      -1.453569811262e-18 
 2658       7.934706127583e-12       2.718432641441e-13      -6.727237801246e-13       0.000000000000e+00       1.153407883851e-16       2.614801391338e-17      -1.445856420356e-18 
 2659       7.931403788394e-12       2.696544784093e-13      -6.692989924050e-13       0.000000000000e+00       1.151606823522e-16       2.611806098862e-17      -1.437305428247e-18 
 2660       7.927882295930e-12       2.674758809503e-13      -6.657872863336e-13       0.000000000000e+00       1.149809226397e-16       2.608759318278e-17      -1.427834400387e-18 
 2661       7.924136551273e-12       2.653081283469e-13      -6.621899080940e-13       0.000000000000e+00       1.148015084200e-16       2.605655572111e-17      -1.417360658525e-18 
 2662       7.920161441255e-12       2.631518790889e-13      -6.585081080398e-13       0.000000000000e+00       1.146224388602e-16       2.602489366662e-17      -1.405801280481e-18 
 2663       7.915951838443e-12       2.610077935784e-13      -6.547431406977e-13       0.000000000000e+00       1.144437131215e-16       2.599255191986e-17      -1.393073099914e-18 
 2664       7.911502601128e-12       2.588765341312e-13      -6.508962647723e-13       0.000000000000e+00       1.142653303602e-16       2.595947521885e-17      -1.379092706097e-18 
 2665       7.906808573311e-12       2.567587649788e-13      -6.469687431496e-13       0.000000000000e+00       1.140872897268e-16       2.592560813884e-17      -1.363776443693e-18 
 2666       7.901864584690e-12       2.546551522701e-13      -6.429618429015e-13       0.000000000000e+00       1.139095903664e-16       2.589089509223e-17      -1.347040412519e-18 
 2667       7.896665450648e-12       2.525663640731e-13      -6.388768352894e-13       0.000000000000e+00       1.137322314186e-16       2.585528032839e-17      -1.328800467326e-18 
 2668       7.891205972238e-12       2.504930703768e-13      -6.347149957686e-13       0.000000000000e+00       1.135552120176e-16       2.581870793350e-17      -1.308972217567e-18 
 2669       7.885480936172e-12       2.484359430927e-13      -6.304776039922e-13       0.000000000000e+00       1.133785312921e-16       2.578112183040e-17      -1.287471027172e-18 
 2670       7.879485114806e-12       2.463956560571e-13      -6.261659438151e-13       0.000000000000e+00       1.132021883652e-16       2.574246577846e-17      -1.264212014318e-18 
 2671       7.873213266129e-12       2.443728850324e-13      -6.217813032982e-13       0.000000000000e+00       1.130261823546e-16       2.570268337342e-17      -1.239110051204e-18 
 2672       7.866660997845e-12       2.423682411939e-13      -6.173250675757e-13       0.000000000000e+00       1.128505123857e-16       2.566172690447e-17      -1.212110529898e-18 
 2673       7.859827364824e-12       2.403820711888e-13      -6.127989980053e-13       0.000000000000e+00       1.126751776315e-16       2.561958397896e-17      -1.183281844577e-18 
 2674       7.852712285864e-12       2.384146559851e-13      -6.082049545560e-13       0.000000000000e+00       1.125001772728e-16       2.557625104334e-17      -1.152723415695e-18 
 2675       7.845315680882e-12       2.364662772874e-13      -6.035448030896e-13       0.000000000000e+00       1.123255104855e-16       2.553172453913e-17      -1.120534970223e-18 
 2676       7.837637470923e-12       2.345372175382e-13      -5.988204153656e-13       0.000000000000e+00       1.121511764397e-16       2.548600090292e-17      -1.086816541938e-18 
 2677       7.829677578155e-12       2.326277599180e-13      -5.940336690472e-13       0.000000000000e+00       1.119771743005e-16       2.543907656638e-17      -1.051668471714e-18 
 2678       7.821435925873e-12       2.307381883462e-13      -5.891864477072e-13       0.000000000000e+00       1.118035032278e-16       2.539094795624e-17      -1.015191407810e-18 
 2679       7.812912438503e-12       2.288687874817e-13      -5.842806408329e-13       0.000000000000e+00       1.116301623758e-16       2.534161149432e-17      -9.774863061596e-19 
 2680       7.804107041598e-12       2.270198427236e-13      -5.793181438325e-13       0.000000000000e+00       1.114571508937e-16       2.529106359747e-17      -9.386544306613e-19 
 2681       7.795019661846e-12       2.251916402119e-13      -5.743008580399e-13       0.000000000000e+00       1.112844679253e-16       2.523930067762e-17      -8.987973534660e-19 
 2682       7.785650227065e-12       2.233844668279e-13      -5.692306907210e-13       0.000000000000e+00       1.111121126090e-16       2.518631914176e-17      -8.580169552674e-19 
 2683       7.775998666208e-12       2.215986101951e-13      -5.641095550789e-13       0.000000000000e+00       1.109400840781e-16       2.513211539193e-17      -8.164154255908e-19 
 2684       7.766064909366e-12       2.198343586799e-13      -5.589393702596e-13       0.000000000000e+00       1.107683814601e-16       2.507668582522e-17      -7.740952630828e-19 
 2685       7.755848887765e-12       2.180920013920e-13      -5.537220613576e-13       0.000000000000e+00       1.105970038776e-16       2.502002683378e-17      -7.311592758002e-19 
 2686       7.745350533770e-12       2.163718281852e-13      -5.484595594218e-13       0.000000000000e+00       1.104259504476e-16       2.496213480479e-17      -6.877105814993e-19 
 2687       7.734569780889e-12       2.146741296582e-13      -5.431538014604e-13       0.000000000000e+00       1.102552202819e-16       2.490300612048e-17      -6.438526079256e-19 
 2688       7.723506563768e-12       2.129991971549e-13      -5.378067304473e-13       0.000000000000e+00       1.100848124868e-16       2.484263715813e-17      -5.996890931024e-19 
 2689       7.712160818199e-12       2.113473227654e-13      -5.324202953271e-13       0.000000000000e+00       1.099147261633e-16       2.478102429005e-17      -5.553240856204e-19 
 2690       7.700532481117e-12       2.097187993264e-13      -5.269964510211e-13       0.000000000000e+00       1.097449604069e-16       2.471816388359e-17      -5.108619449274e-19 
 2691       7.688621490605e-12       2.081139204222e-13      -5.215371584327e-13       0.000000000000e+00       1.095755143080e-16       2.465405230111e-17      -4.664073416166e-19 
 2692       7.676427785892e-12       2.065329803848e-13      -5.160443844531e-13       0.000000000000e+00       1.094063869512e-16       2.458868590004e-17      -4.220652577167e-19 
 2693       7.663951307357e-12       2.049762742952e-13      -5.105201019669e-13       0.000000000000e+00       1.092375774161e-16       2.452206103279e-17      -3.779409869809e-19 
 2694       7.651191996529e-12       2.034440979835e-13      -5.049662898574e-13       0.000000000000e+00       1.090690847766e-16       2.445417404684e-17      -3.341401351762e-19 
 2695       7.638149796089e-12       2.019367480298e-13      -4.993849330128e-13       0.000000000000e+00       1.089009081014e-16       2.438502128465e-17      -2.907686203723e-19 
 2696       7.624824649872e-12       2.004545217650e-13      -4.937780223314e-13       0.000000000000e+00       1.087330464537e-16       2.431459908372e-17      -2.479326732317e-19 
 2697       7.611216502869e-12       1.989977172712e-13      -4.881475547272e-13       0.000000000000e+00       1.085654988912e-16       2.424290377657e-17      -2.057388372981e-19 
 2698       7.597325301224e-12       1.975666333825e-13      -4.824955331357e-13       0.000000000000e+00       1.083982644664e-16       2.416993169070e-17      -1.642939692860e-19 
 2699       7.583150992243e-12       1.961615696854e-13      -4.768239665193e-13       0.000000000000e+00       1.082313422261e-16       2.409567914867e-17      -1.237052393704e-19 
 2700       7.568693524389e-12       1.947828265200e-13      -4.711348698731e-13       0.000000000000e+00       1.080647312118e-16       2.402014246799e-17      -8.408013147521e-20 
 2701       7.553952847285e-12       1.934307049800e-13      -4.654302642302e-13       0.000000000000e+00       1.078984304596e-16       2.394331796122e-17      -4.552644356332e-20 
 2702       7.538928911720e-12       1.921055069139e-13      -4.597121766679e-13       0.000000000000e+00       1.077324390000e-16       2.386520193589e-17      -8.152287925396e-21 
 2703       7.523621669642e-12       1.908075349253e-13      -4.539826403124e-13       0.000000000000e+00       1.075667558582e-16       2.378579069455e-17       2.793390853069e-20 
 2704       7.508031074168e-12       1.895370923737e-13      -4.482436943455e-13       0.000000000000e+00       1.074013800538e-16       2.370508053472e-17       6.262340399060e-20 
 2705       7.492157079580e-12       1.882944833753e-13      -4.424973840091e-13       0.000000000000e+00       1.072363106011e-16       2.362306774894e-17       9.580714144427e-20 
 2706       7.475999641328e-12       1.870800128031e-13      -4.367457606118e-13       0.000000000000e+00       1.070715465088e-16       2.353974862472e-17       1.273757483966e-19 
 2707       7.459558716033e-12       1.858939862883e-13      -4.309908815336e-13       0.000000000000e+00       1.069070867801e-16       2.345511944456e-17       1.572195365784e-19 
 2708       7.442834261485e-12       1.847367102206e-13      -4.252348102323e-13       0.000000000000e+00       1.067429304128e-16       2.336917648594e-17       1.852285016566e-19 
 2709       7.425826236648e-12       1.836084917485e-13      -4.194796162485e-13       0.000000000000e+00       1.065790763991e-16       2.328191602134e-17       2.112923229456e-19 
 2710       7.408534601659e-12       1.825096387807e-13      -4.137273752116e-13       0.000000000000e+00       1.064155237259e-16       2.319333431818e-17       2.353003631177e-19 
 2711       7.390959959231e-12       1.814403865498e-13      -4.079800680086e-13       0.000000000000e+00       1.062522715013e-16       2.310343033279e-17       2.571755304543e-19 
 2712       7.373105482631e-12       1.804006768707e-13      -4.022392776837e-13       0.000000000000e+00       1.060893193369e-16       2.301221380788e-17       2.769760660310e-19 
 2713       7.354974998118e-12       1.793903776913e-13      -3.965064909130e-13       0.000000000000e+00       1.059266669677e-16       2.291969721879e-17       2.947943057976e-19 
 2714       7.336572344502e-12       1.784093564200e-13      -3.907831986956e-13       0.000000000000e+00       1.057643141254e-16       2.282589308357e-17       3.107228682366e-19 
 2715       7.317901373157e-12       1.774574799252e-13      -3.850708963582e-13       0.000000000000e+00       1.056022605386e-16       2.273081396304e-17       3.248546546268e-19 
 2716       7.298965948030e-12       1.765346145346e-13      -3.793710835587e-13       0.000000000000e+00       1.054405059325e-16       2.263447246083e-17       3.372828493062e-19 
 2717       7.279769945655e-12       1.756406260351e-13      -3.736852642901e-13       0.000000000000e+00       1.052790500290e-16       2.253688122341e-17       3.481009199360e-19 
 2718       7.260317255165e-12       1.747753796714e-13      -3.680149468850e-13       0.000000000000e+00       1.051178925466e-16       2.243805294014e-17       3.574026177636e-19 
 2719       7.240611778304e-12       1.739387401465e-13      -3.623616440190e-13       0.000000000000e+00       1.049570332009e-16       2.233800034332e-17       3.652819778863e-19 
 2720       7.220657429439e-12       1.731305716204e-13      -3.567268727147e-13       0.000000000000e+00       1.047964717038e-16       2.223673620821e-17       3.718333195146e-19 
 2721       7.200458135569e-12       1.723507377099e-13      -3.511121543461e-13       0.000000000000e+00       1.046362077640e-16       2.213427335310e-17       3.771512462354e-19 
 2722       7.180017836342e-12       1.715991014878e-13      -3.455190146420e-13       0.000000000000e+00       1.044762410871e-16       2.203062463931e-17       3.813306462760e-19 
 2723       7.159340484063e-12       1.708755254827e-13      -3.399489836905e-13       0.000000000000e+00       1.043165713752e-16       2.192580297126e-17       3.844666927669e-19 
 2724       7.138430043707e-12       1.701798716781e-13      -3.344035959424e-13       0.000000000000e+00       1.041571983271e-16       2.181982129652e-17       3.866548440056e-19 
 2725       7.117290492932e-12       1.695120015123e-13      -3.288843902156e-13       0.000000000000e+00       1.039981216383e-16       2.171269260583e-17       3.879908437199e-19 
 2726       7.095925822089e-12       1.688717758772e-13      -3.233929096990e-13       0.000000000000e+00       1.038393410010e-16       2.160442993314e-17       3.885707213312e-19 
 2727       7.074340034238e-12       1.682590551184e-13      -3.179307019561e-13       0.000000000000e+00       1.036808561041e-16       2.149504635567e-17       3.884907922182e-19 
 2728       7.052537145152e-12       1.676736990344e-13      -3.124993189295e-13       0.000000000000e+00       1.035226666331e-16       2.138455499393e-17       3.878476579800e-19 
 2729       7.030521183338e-12       1.671155668760e-13      -3.071003169444e-13       0.000000000000e+00       1.033647722703e-16       2.127296901179e-17       3.867382066999e-19 
 2730       7.008296190044e-12       1.665845173457e-13      -3.017352567129e-13       0.000000000000e+00       1.032071726945e-16       2.116030161646e-17       3.852596132084e-19 
 2731       6.985866219270e-12       1.660804085975e-13      -2.964057033376e-13       0.000000000000e+00       1.030498675814e-16       2.104656605863e-17       3.835093393470e-19 
 2732       6.963235337783e-12       1.656030982358e-13      -2.911132263159e-13       0.000000000000e+00       1.028928566030e-16       2.093177563242e-17       3.815851342312e-19 
 2733       6.940407625129e-12       1.651524433155e-13      -2.858593995438e-13       0.000000000000e+00       1.027361394282e-16       2.081594367545e-17       3.795850345144e-19 
 2734       6.917387173641e-12       1.647283003409e-13      -2.806458013199e-13       0.000000000000e+00       1.025797157226e-16       2.069908356891e-17       3.776073646510e-19 
 2735       6.894178088455e-12       1.643305252656e-13      -2.754740143494e-13       0.000000000000e+00       1.024235851483e-16       2.058120873757e-17       3.757507371599e-19 
 2736       6.870784487520e-12       1.639589734915e-13      -2.703456257477e-13       0.000000000000e+00       1.022677473641e-16       2.046233264981e-17       3.741140528878e-19 
 2737       6.847210501611e-12       1.636134998686e-13      -2.652622270451e-13       0.000000000000e+00       1.021122020254e-16       2.034246881771e-17       3.727965012729e-19 
 2738       6.823460274339e-12       1.632939586945e-13      -2.602254141899e-13       0.000000000000e+00       1.019569487843e-16       2.022163079704e-17       3.718975606082e-19 
 2739       6.799537962166e-12       1.630002037134e-13      -2.552367875532e-13       0.000000000000e+00       1.018019872894e-16       2.009983218733e-17       3.715169983046e-19 
 2740       6.775447734413e-12       1.627320881163e-13      -2.502979519320e-13       0.000000000000e+00       1.016473171862e-16       1.997708663191e-17       3.717548711550e-19 
 2741       6.751193773276e-12       1.624894645396e-13      -2.454105165540e-13       0.000000000000e+00       1.014929381164e-16       1.985340781793e-17       3.727115255971e-19 
 2742       6.726780273835e-12       1.622721850652e-13      -2.405760950808e-13       0.000000000000e+00       1.013388497188e-16       1.972880947641e-17       3.744875979769e-19 
 2743       6.702211444067e-12       1.620801012198e-13      -2.357963056125e-13       0.000000000000e+00       1.011850516284e-16       1.960330538232e-17       3.771840148126e-19 
 2744       6.677491504860e-12       1.619130639740e-13      -2.310727706912e-13       0.000000000000e+00       1.010315434770e-16       1.947690935455e-17       3.809019930573e-19 
 2745       6.652624690020e-12       1.617709237424e-13      -2.264071173052e-13       0.000000000000e+00       1.008783248931e-16       1.934963525602e-17       3.857430403632e-19 
 2746       6.627615246286e-12       1.616535303825e-13      -2.218009768930e-13       0.000000000000e+00       1.007253955016e-16       1.922149699367e-17       3.918089553443e-19 
 2747       6.602467433343e-12       1.615607331943e-13      -2.172559853469e-13       0.000000000000e+00       1.005727549241e-16       1.909250851851e-17       3.992018278403e-19 
 2748       6.577185523833e-12       1.614923809201e-13      -2.127737830175e-13       0.000000000000e+00       1.004204027788e-16       1.896268382571e-17       4.080240391798e-19 
 2749       6.551773803366e-12       1.614483217434e-13      -2.083560147171e-13       0.000000000000e+00       1.002683386804e-16       1.883203695458e-17       4.183782624438e-19 
 2750       6.526236683562e-12       1.614283624050e-13      -2.040041234795e-13       0.000000000000e+00       1.001165621656e-16       1.870058844204e-17       4.303376813186e-19 
 2751       6.500579041820e-12       1.614321453136e-13      -1.997187306297e-13       0.000000000000e+00       9.996507246830e-17       1.856838472048e-17       4.438564728536e-19 
 2752       6.474805883381e-12       1.614592707797e-13      -1.955002524206e-13       0.000000000000e+00       9.981386874301e-17       1.843547882330e-17       4.588588485154e-19 
 2753       6.448922228480e-12       1.615093378385e-13      -1.913491059785e-13       0.000000000000e+00       9.966295013956e-17       1.830192394101e-17       4.752687920942e-19 
 2754       6.422933112357e-12       1.615819442486e-13      -1.872657093035e-13       0.000000000000e+00       9.951231580302e-17       1.816777342137e-17       4.930100594950e-19 
 2755       6.396843585270e-12       1.616766864914e-13      -1.832504812705e-13       0.000000000000e+00       9.936196487373e-17       1.803308076953e-17       5.120061785284e-19 
 2756       6.370658712511e-12       1.617931597692e-13      -1.793038416298e-13       0.000000000000e+00       9.921189648727e-17       1.789789964820e-17       5.321804487020e-19 
 2757       6.344383574419e-12       1.619309580043e-13      -1.754262110079e-13       0.000000000000e+00       9.906210977449e-17       1.776228387777e-17       5.534559410111e-19 
 2758       6.318023266391e-12       1.620896738382e-13      -1.716180109078e-13       0.000000000000e+00       9.891260386147e-17       1.762628743646e-17       5.757554977301e-19 
 2759       6.291582898902e-12       1.622688986295e-13      -1.678796637101e-13       0.000000000000e+00       9.876337786951e-17       1.748996446046e-17       5.990017322031e-19 
 2760       6.265067597511e-12       1.624682224535e-13      -1.642115926737e-13       0.000000000000e+00       9.861443091517e-17       1.735336924409e-17       6.231170286350e-19 
 2761       6.238482502880e-12       1.626872341010e-13      -1.606142219360e-13       0.000000000000e+00       9.846576211023e-17       1.721655623990e-17       6.480235418829e-19 
 2762       6.211832770788e-12       1.629255210763e-13      -1.570879765141e-13       0.000000000000e+00       9.831737056167e-17       1.707958005888e-17       6.736431972468e-19 
 2763       6.185123572140e-12       1.631826695969e-13      -1.536332823053e-13       0.000000000000e+00       9.816925537173e-17       1.694249547055e-17       6.998976902605e-19 
 2764       6.158360092986e-12       1.634582645921e-13      -1.502505660879e-13       0.000000000000e+00       9.802141563782e-17       1.680535740310e-17       7.267084864830e-19 
 2765       6.131547534532e-12       1.637518897012e-13      -1.469402555214e-13       0.000000000000e+00       9.787385045258e-17       1.666822094360e-17       7.539968212895e-19 
 2766       6.104691113152e-12       1.640631272733e-13      -1.437027791481e-13       0.000000000000e+00       9.772655890384e-17       1.653114133805e-17       7.816836996619e-19 
 2767       6.077796060408e-12       1.643915583653e-13      -1.405385663928e-13       0.000000000000e+00       9.757954007463e-17       1.639417399161e-17       8.096898959805e-19 
 2768       6.050867623055e-12       1.647367627410e-13      -1.374480475641e-13       0.000000000000e+00       9.743279304318e-17       1.625737446868e-17       8.379359538147e-19 
 2769       6.023911063063e-12       1.650983188701e-13      -1.344316538552e-13       0.000000000000e+00       9.728631688290e-17       1.612079849307e-17       8.663421857139e-19 
 2770       5.996931657626e-12       1.654758039264e-13      -1.314898173438e-13       0.000000000000e+00       9.714011066237e-17       1.598450194816e-17       8.948286729988e-19 
 2771       5.969934699176e-12       1.658687937876e-13      -1.286229709938e-13       0.000000000000e+00       9.699417344536e-17       1.584854087699e-17       9.233152655524e-19 
 2772       5.942925495399e-12       1.662768630330e-13      -1.258315486551e-13       0.000000000000e+00       9.684850429080e-17       1.571297148247e-17       9.517215816107e-19 
 2773       5.915909369245e-12       1.666995849432e-13      -1.231159850650e-13       0.000000000000e+00       9.670310225281e-17       1.557785012749e-17       9.799670075542e-19 
 2774       5.888891658946e-12       1.671365314983e-13      -1.204767158484e-13       0.000000000000e+00       9.655796638063e-17       1.544323333504e-17       1.007970697699e-18 
 2775       5.861877718027e-12       1.675872733771e-13      -1.179141775188e-13       0.000000000000e+00       9.641309571869e-17       1.530917778840e-17       1.035651574086e-18 
 2776       5.834872915320e-12       1.680513799556e-13      -1.154288074786e-13       0.000000000000e+00       9.626848930656e-17       1.517574033125e-17       1.062928326276e-18 
 2777       5.807882634980e-12       1.685284193062e-13      -1.130210440202e-13       0.000000000000e+00       9.612414617894e-17       1.504297796785e-17       1.089719411135e-18 
 2778       5.780912276495e-12       1.690179581962e-13      -1.106913263266e-13       0.000000000000e+00       9.598006536569e-17       1.491094786312e-17       1.115943052632e-18 
 2779       5.753967254702e-12       1.695195620864e-13      -1.084400944719e-13       0.000000000000e+00       9.583624589179e-17       1.477970734285e-17       1.141517241624e-18 
 2780       5.727052999800e-12       1.700327951306e-13      -1.062677894221e-13       0.000000000000e+00       9.569268677737e-17       1.464931389382e-17       1.166359735650e-18 
 2781       5.700174957366e-12       1.705572201736e-13      -1.041748530358e-13       0.000000000000e+00       9.554938703765e-17       1.451982516391e-17       1.190388058721e-18 
 2782       5.673338588364e-12       1.710923987509e-13      -1.021617280650e-13       0.000000000000e+00       9.540634568301e-17       1.439129896231e-17       1.213519501113e-18 
 2783       5.646549369164e-12       1.716378910865e-13      -1.002288581554e-13       0.000000000000e+00       9.526356171890e-17       1.426379325959e-17       1.235671119154e-18 
 2784       5.619812791552e-12       1.721932560925e-13      -9.837668784762e-14       0.000000000000e+00       9.512103414593e-17       1.413736618791e-17       1.256759735021e-18 
 2785       5.593134362745e-12       1.727580513676e-13      -9.660566257745e-14       0.000000000000e+00       9.497876195977e-17       1.401207604111e-17       1.276701936525e-18 
 2786       5.566519605405e-12       1.733318331958e-13      -9.491622867678e-14       0.000000000000e+00       9.483674415121e-17       1.388798127490e-17       1.295414076906e-18 
 2787       5.539974057652e-12       1.739141565456e-13      -9.330883337422e-14       0.000000000000e+00       9.469497970613e-17       1.376514050696e-17       1.312812274620e-18 
 2788       5.513503273079e-12       1.745045750682e-13      -9.178392479574e-14       0.000000000000e+00       9.455346760549e-17       1.364361251711e-17       1.328812413137e-18 
 2789       5.487112460558e-12       1.751026476766e-13      -9.034176712046e-14       0.000000000000e+00       9.441220696877e-17       1.352345107062e-17       1.343352717836e-18 
 2790       5.460805401568e-12       1.757079583210e-13      -8.898188498580e-14       0.000000000000e+00       9.427119748506e-17       1.340468935819e-17       1.356461616655e-18 
 2791       5.434585527212e-12       1.763200963143e-13      -8.770361616624e-14       0.000000000000e+00       9.413043898421e-17       1.328735547455e-17       1.368190235368e-18 
 2792       5.408456277911e-12       1.769386497613e-13      -8.650629615113e-14       0.000000000000e+00       9.398993129360e-17       1.317147758792e-17       1.378589852970e-18 
 2793       5.382421103414e-12       1.775632055573e-13      -8.538925814258e-14       0.000000000000e+00       9.384967423816e-17       1.305708394011e-17       1.387711901820e-18 
 2794       5.356483462808e-12       1.781933493872e-13      -8.435183305325e-14       0.000000000000e+00       9.370966764034e-17       1.294420284651e-17       1.395607967781e-18 
 2795       5.330646824524e-12       1.788286657240e-13      -8.339334950421e-14       0.000000000000e+00       9.356991132014e-17       1.283286269626e-17       1.402329790355e-18 
 2796       5.304914666344e-12       1.794687378283e-13      -8.251313382279e-14       0.000000000000e+00       9.343040509506e-17       1.272309195220e-17       1.407929262827e-18 
 2797       5.279290475412e-12       1.801131477467e-13      -8.171051004039e-14       0.000000000000e+00       9.329114878016e-17       1.261491915102e-17       1.412458432399e-18 
 2798       5.253777748243e-12       1.807614763110e-13      -8.098479989034e-14       0.000000000000e+00       9.315214218800e-17       1.250837290329e-17       1.415969500336e-18 
 2799       5.228379990725e-12       1.814133031371e-13      -8.033532280573e-14       0.000000000000e+00       9.301338512864e-17       1.240348189352e-17       1.418514822098e-18 
 2800       5.203100718134e-12       1.820682066237e-13      -7.976139591722e-14       0.000000000000e+00       9.287487740970e-17       1.230027488023e-17       1.420146907484e-18 
 2801       5.177943455140e-12       1.827257639513e-13      -7.926233405094e-14       0.000000000000e+00       9.273661883629e-17       1.219878069600e-17       1.420918420769e-18 
 2802       5.152911735813e-12       1.833855510814e-13      -7.883744972627e-14       0.000000000000e+00       9.259860921101e-17       1.209902824758e-17       1.420882180847e-18 
 2803       5.128009103633e-12       1.840471427549e-13      -7.848605315370e-14       0.000000000000e+00       9.246084833401e-17       1.200104651587e-17       1.420091161362e-18 
 2804       5.103239111501e-12       1.847101124914e-13      -7.820745223266e-14       0.000000000000e+00       9.232333600291e-17       1.190486455609e-17       1.418598490855e-18 
 2805       5.078605321739e-12       1.853740325879e-13      -7.800095254938e-14       0.000000000000e+00       9.218607201284e-17       1.181051149774e-17       1.416457452903e-18 
 2806       5.054111306108e-12       1.860384741179e-13      -7.786585737469e-14       0.000000000000e+00       9.204905615644e-17       1.171801654474e-17       1.413721486250e-18 
 2807       5.029760645809e-12       1.867030069301e-13      -7.780146766189e-14       0.000000000000e+00       9.191228822384e-17       1.162740897546e-17       1.410444184958e-18 
 2808       5.005556931494e-12       1.873671996474e-13      -7.780708204457e-14       0.000000000000e+00       9.177576800264e-17       1.153871814277e-17       1.406679298536e-18 
 2809       4.981503763276e-12       1.880306196659e-13      -7.788199683445e-14       0.000000000000e+00       9.163949527797e-17       1.145197347414e-17       1.402480732085e-18 
 2810       4.957604750732e-12       1.886928331537e-13      -7.802550601923e-14       0.000000000000e+00       9.150346983241e-17       1.136720447168e-17       1.397902546436e-18 
 2811       4.933863512916e-12       1.893534050498e-13      -7.823690126041e-14       0.000000000000e+00       9.136769144604e-17       1.128444071221e-17       1.392998958286e-18 
 2812       4.910283678366e-12       1.900118990629e-13      -7.851547189113e-14       0.000000000000e+00       9.123215989643e-17       1.120371184732e-17       1.387824340344e-18 
 2813       4.886868885108e-12       1.906678776708e-13      -7.886050491401e-14       0.000000000000e+00       9.109687495861e-17       1.112504760345e-17       1.382433221463e-18 
 2814       4.863622780673e-12       1.913209021186e-13      -7.927128499901e-14       0.000000000000e+00       9.096183640510e-17       1.104847778191e-17       1.376880286784e-18 
 2815       4.840549022097e-12       1.919705324183e-13      -7.974709448123e-14       0.000000000000e+00       9.082704400587e-17       1.097403225901e-17       1.371220377873e-18 
 2816       4.817651275930e-12       1.926163273470e-13      -8.028721335875e-14       0.000000000000e+00       9.069249752839e-17       1.090174098605e-17       1.365508492861e-18 
 2817       4.794933218252e-12       1.932578444464e-13      -8.089091929052e-14       0.000000000000e+00       9.055819673756e-17       1.083163398946e-17       1.359799786582e-18 
 2818       4.772398534669e-12       1.938946400217e-13      -8.155748759411e-14       0.000000000000e+00       9.042414139579e-17       1.076374137080e-17       1.354149570715e-18 
 2819       4.750050920333e-12       1.945262691398e-13      -8.228619124365e-14       0.000000000000e+00       9.029033126289e-17       1.069809330684e-17       1.348613313919e-18 
 2820       4.727894079940e-12       1.951522856293e-13      -8.307630086757e-14       0.000000000000e+00       9.015676609619e-17       1.063472004965e-17       1.343246641977e-18 
 2821       4.705931727748e-12       1.957722420783e-13      -8.392708474650e-14       0.000000000000e+00       9.002344565042e-17       1.057365192664e-17       1.338105337932e-18 
 2822       4.684167587576e-12       1.963856898341e-13      -8.483780881109e-14       0.000000000000e+00       8.989036967780e-17       1.051491934064e-17       1.333245342225e-18 
 2823       4.662605392818e-12       1.969921790018e-13      -8.580773663984e-14       0.000000000000e+00       8.975753792799e-17       1.045855276992e-17       1.328722752839e-18 
 2824       4.641248886449e-12       1.975912584433e-13      -8.683612945693e-14       0.000000000000e+00       8.962495014807e-17       1.040458276833e-17       1.324593825434e-18 
 2825       4.620101821034e-12       1.981824757761e-13      -8.792224613011e-14       0.000000000000e+00       8.949260608260e-17       1.035303996528e-17       1.320914973487e-18 
 2826       4.599167958736e-12       1.987653773722e-13      -8.906534316846e-14       0.000000000000e+00       8.936050547356e-17       1.030395506588e-17       1.317742768434e-18 
 2827       4.578451071324e-12       1.993395083573e-13      -9.026467472028e-14       0.000000000000e+00       8.922864806036e-17       1.025735885092e-17       1.315133939804e-18 
 2828       4.557954373252e-12       1.999044539467e-13      -9.151941946327e-14       0.000000000000e+00       8.909703351639e-17       1.021325566906e-17       1.313131485121e-18 
 2829       4.537678817684e-12       2.004599636918e-13      -9.282846086581e-14       0.000000000000e+00       8.896566125819e-17       1.017154376289e-17       1.311722920726e-18 
 2830       4.517624791659e-12       2.010058278749e-13      -9.419060578339e-14       0.000000000000e+00       8.883453063526e-17       1.013209453037e-17       1.310881815022e-18 
 2831       4.497792682223e-12       2.015418362301e-13      -9.560465745969e-14       0.000000000000e+00       8.870364099347e-17       1.009477899494e-17       1.310581659015e-18 
 2832       4.478182876425e-12       2.020677779425e-13      -9.706941552325e-14       0.000000000000e+00       8.857299167500e-17       1.005946780522e-17       1.310795866240e-18 
 2833       4.458795761316e-12       2.025834416480e-13      -9.858367598426e-14       0.000000000000e+00       8.844258201841e-17       1.002603123465e-17       1.311497772694e-18 
 2834       4.439631723954e-12       2.030886154327e-13      -1.001462312313e-13       0.000000000000e+00       8.831241135856e-17       9.994339181176e-18       1.312660636769e-18 
 2835       4.420691151396e-12       2.035830868322e-13      -1.017558700280e-13       0.000000000000e+00       8.818247902665e-17       9.964261166919e-18       1.314257639177e-18 
 2836       4.401974430703e-12       2.040666428317e-13      -1.034113775100e-13       0.000000000000e+00       8.805278435021e-17       9.935666337822e-18       1.316261882887e-18 
 2837       4.383481948940e-12       2.045390698648e-13      -1.051115351813e-13       0.000000000000e+00       8.792332665309e-17       9.908423463329e-18       1.318646393055e-18 
 2838       4.365214093171e-12       2.050001538139e-13      -1.068551209115e-13       0.000000000000e+00       8.779410525547e-17       9.882400936047e-18       1.321384116950e-18 
 2839       4.347171250463e-12       2.054496800087e-13      -1.086409089321e-13       0.000000000000e+00       8.766511947383e-17       9.857466771415e-18       1.324447923889e-18 
 2840       4.329353807885e-12       2.058874332266e-13      -1.104676698336e-13       0.000000000000e+00       8.753636862098e-17       9.833488607367e-18       1.327810605169e-18 
 2841       4.311762152505e-12       2.063131976918e-13      -1.123341705618e-13       0.000000000000e+00       8.740785200600e-17       9.810333703998e-18       1.331444873993e-18 
 2842       4.294396671393e-12       2.067267570751e-13      -1.142391744150e-13       0.000000000000e+00       8.727956893433e-17       9.787868943233e-18       1.335323365406e-18 
 2843       4.277257751619e-12       2.071278944931e-13      -1.161814410406e-13       0.000000000000e+00       8.715151870765e-17       9.765960828489e-18       1.339418636222e-18 
 2844       4.260345780252e-12       2.075163925077e-13      -1.181597264315e-13       0.000000000000e+00       8.702370062399e-17       9.744475484347e-18       1.343703164958e-18 
 2845       4.243661144363e-12       2.078920331263e-13      -1.201727829235e-13       0.000000000000e+00       8.689611397763e-17       9.723278656209e-18       1.348149351761e-18 
 2846       4.227204231020e-12       2.082545978003e-13      -1.222193591913e-13       0.000000000000e+00       8.676875805917e-17       9.702235709974e-18       1.352729518344e-18 
 2847       4.210975427290e-12       2.086038674256e-13      -1.242982002459e-13       0.000000000000e+00       8.664163215546e-17       9.681211631696e-18       1.357415907912e-18 
 2848       4.194975120239e-12       2.089396223416e-13      -1.264080474309e-13       0.000000000000e+00       8.651473554967e-17       9.660071027256e-18       1.362180685096e-18 
 2849       4.179203696932e-12       2.092616423306e-13      -1.285476384195e-13       0.000000000000e+00       8.638806752122e-17       9.638678122023e-18       1.366995935881e-18 
 2850       4.163661544432e-12       2.095697066179e-13      -1.307157072109e-13       0.000000000000e+00       8.626162734580e-17       9.616896760524e-18       1.371833667541e-18 
 2851       4.148349049797e-12       2.098635938708e-13      -1.329109841275e-13       0.000000000000e+00       8.613541429538e-17       9.594590406107e-18       1.376665808565e-18 
 2852       4.133266600086e-12       2.101430821983e-13      -1.351321958114e-13       0.000000000000e+00       8.600942763820e-17       9.571622140610e-18       1.381464208592e-18 
 2853       4.118414582352e-12       2.104079491508e-13      -1.373780652210e-13       0.000000000000e+00       8.588366663875e-17       9.547854664023e-18       1.386200638340e-18 
 2854       4.103793383646e-12       2.106579717192e-13      -1.396473116280e-13       0.000000000000e+00       8.575813055778e-17       9.523150294161e-18       1.390846789537e-18 
 2855       4.089403391016e-12       2.108929263351e-13      -1.419386506141e-13       0.000000000000e+00       8.563281865229e-17       9.497370966321e-18       1.395374274850e-18 
 2856       4.075244991503e-12       2.111125888696e-13      -1.442507940675e-13       0.000000000000e+00       8.550773017554e-17       9.470378232954e-18       1.399754627821e-18 
 2857       4.061318572146e-12       2.113167346333e-13      -1.465824501799e-13       0.000000000000e+00       8.538286437702e-17       9.442033263331e-18       1.403959302792e-18 
 2858       4.047624519980e-12       2.115051383757e-13      -1.489323234433e-13       0.000000000000e+00       8.525822050248e-17       9.412196843205e-18       1.407959674840e-18 
 2859       4.034163222033e-12       2.116775742848e-13      -1.512991146464e-13       0.000000000000e+00       8.513379779388e-17       9.380729374483e-18       1.411727039705e-18 
 2860       4.020935065327e-12       2.118338159863e-13      -1.536815208715e-13       0.000000000000e+00       8.500959548946e-17       9.347490874885e-18       1.415232613723e-18 
 2861       4.007940436882e-12       2.119736365436e-13      -1.560782354916e-13       0.000000000000e+00       8.488561282363e-17       9.312340977617e-18       1.418447533756e-18 
 2862       3.995179723708e-12       2.120968084571e-13      -1.584879481664e-13       0.000000000000e+00       8.476184902708e-17       9.275138931032e-18       1.421342857123e-18 
 2863       3.982653312810e-12       2.122031036637e-13      -1.609093448398e-13       0.000000000000e+00       8.463830332669e-17       9.235743598297e-18       1.423889561530e-18 
 2864       3.970361591188e-12       2.122922935364e-13      -1.633411077361e-13       0.000000000000e+00       8.451497494557e-17       9.194013457062e-18       1.426058545003e-18 
 2865       3.958304945831e-12       2.123641488836e-13      -1.657819153571e-13       0.000000000000e+00       8.439186310303e-17       9.149806599123e-18       1.427820625816e-18 
 2866       3.946483763725e-12       2.124184399491e-13      -1.682304424785e-13       0.000000000000e+00       8.426896701462e-17       9.102980730087e-18       1.429146542424e-18 
 2867       3.934897994496e-12       2.124549852537e-13      -1.706854161546e-13       0.000000000000e+00       8.414628598027e-17       9.053444781171e-18       1.430013459964e-18 
 2868       3.923545835925e-12       2.124737983951e-13      -1.731457840506e-13       0.000000000000e+00       8.402381964940e-17       9.001314033282e-18       1.430424526215e-18 
 2869       3.912425041719e-12       2.124749419969e-13      -1.756105469635e-13       0.000000000000e+00       8.390156775718e-17       8.946755784701e-18       1.430389415399e-18 
 2870       3.901533358248e-12       2.124584789348e-13      -1.780787028901e-13       0.000000000000e+00       8.377953003647e-17       8.889937811341e-18       1.429917830708e-18 
 2871       3.890868524532e-12       2.124244723367e-13      -1.805492470248e-13       0.000000000000e+00       8.365770621777e-17       8.831028367171e-18       1.429019504334e-18 
 2872       3.880428272241e-12       2.123729855830e-13      -1.830211717571e-13       0.000000000000e+00       8.353609602928e-17       8.770196184629e-18       1.427704197488e-18 
 2873       3.870210325682e-12       2.123040823067e-13      -1.854934666687e-13       0.000000000000e+00       8.341469919684e-17       8.707610475048e-18       1.425981700433e-18 
 2874       3.860212401797e-12       2.122178263939e-13      -1.879651185316e-13       0.000000000000e+00       8.329351544396e-17       8.643440929071e-18       1.423861832506e-18 
 2875       3.850432210154e-12       2.121142819837e-13      -1.904351113057e-13       0.000000000000e+00       8.317254449183e-17       8.577857717072e-18       1.421354442143e-18 
 2876       3.840867452942e-12       2.119935134687e-13      -1.929024261359e-13       0.000000000000e+00       8.305178605927e-17       8.511031489573e-18       1.418469406908e-18 
 2877       3.831515824961e-12       2.118555854952e-13      -1.953660413498e-13       0.000000000000e+00       8.293123986277e-17       8.443133377667e-18       1.415216633514e-18 
 2878       3.822375013620e-12       2.117005629634e-13      -1.978249324555e-13       0.000000000000e+00       8.281090561648e-17       8.374334993433e-18       1.411606057855e-18 
 2879       3.813442698925e-12       2.115285110277e-13      -2.002780721391e-13       0.000000000000e+00       8.269078303217e-17       8.304808430360e-18       1.407647645028e-18 
 2880       3.804716553478e-12       2.113394950967e-13      -2.027244302621e-13       0.000000000000e+00       8.257087181929e-17       8.234726263762e-18       1.403351389358e-18 
 2881       3.796194242463e-12       2.111335808339e-13      -2.051629738588e-13       0.000000000000e+00       8.245117168492e-17       8.164261551199e-18       1.398727314426e-18 
 2882       3.787873423649e-12       2.109108341574e-13      -2.075926671343e-13       0.000000000000e+00       8.233168233379e-17       8.093587832896e-18       1.393785473094e-18 
 2883       3.779751747373e-12       2.106713212407e-13      -2.100124714620e-13       0.000000000000e+00       8.221240346825e-17       8.022879132163e-18       1.388535947531e-18 
 2884       3.771826856542e-12       2.104151085124e-13      -2.124213453806e-13       0.000000000000e+00       8.209333478831e-17       7.952309955815e-18       1.382988849240e-18 
 2885       3.764096386619e-12       2.101422626570e-13      -2.148182445924e-13       0.000000000000e+00       8.197447599161e-17       7.882055294586e-18       1.377154319080e-18 
 2886       3.756557965622e-12       2.098528506144e-13      -2.172021219603e-13       0.000000000000e+00       8.185582677341e-17       7.812290623557e-18       1.371042527295e-18 
 2887       3.749209214114e-12       2.095469395811e-13      -2.195719275058e-13       0.000000000000e+00       8.173738682661e-17       7.743191902568e-18       1.364663673542e-18 
 2888       3.742047745198e-12       2.092245970096e-13      -2.219266084061e-13       0.000000000000e+00       8.161915584173e-17       7.674935576638e-18       1.358027986909e-18 
 2889       3.735071164510e-12       2.088858906090e-13      -2.242651089920e-13       0.000000000000e+00       8.150113350692e-17       7.607698576391e-18       1.351145725950e-18 
 2890       3.728277070209e-12       2.085308883454e-13      -2.265863707453e-13       0.000000000000e+00       8.138331950795e-17       7.541658318465e-18       1.344027178705e-18 
 2891       3.721663052976e-12       2.081596584417e-13      -2.288893322965e-13       0.000000000000e+00       8.126571352821e-17       7.476992705939e-18       1.336682662726e-18 
 2892       3.715226696005e-12       2.077722693782e-13      -2.311729294223e-13       0.000000000000e+00       8.114831524869e-17       7.413880128751e-18       1.329122525108e-18 
 2893       3.708965574992e-12       2.073687898928e-13      -2.334360950428e-13       0.000000000000e+00       8.103112434803e-17       7.352499464113e-18       1.321357142507e-18 
 2894       3.702877258136e-12       2.069492889812e-13      -2.356777592199e-13       0.000000000000e+00       8.091414050244e-17       7.293030076936e-18       1.313396921172e-18 
 2895       3.696959306126e-12       2.065138358970e-13      -2.378968491539e-13       0.000000000000e+00       8.079736338576e-17       7.235651820245e-18       1.305252296969e-18 
 2896       3.691209272137e-12       2.060625001520e-13      -2.400922891817e-13       0.000000000000e+00       8.068079266944e-17       7.180545035600e-18       1.296933735404e-18 
 2897       3.685624701823e-12       2.055953515168e-13      -2.422630007741e-13       0.000000000000e+00       8.056442802253e-17       7.127890553516e-18       1.288451731655e-18 
 2898       3.680203133310e-12       2.051124600205e-13      -2.444079025335e-13       0.000000000000e+00       8.044826911167e-17       7.077869693880e-18       1.279816810590e-18 
 2899       3.674942097190e-12       2.046138959513e-13      -2.465259101912e-13       0.000000000000e+00       8.033231560110e-17       7.030664266372e-18       1.271039526801e-18 
 2900       3.669839116513e-12       2.040997298565e-13      -2.486159366053e-13       0.000000000000e+00       8.021656715267e-17       6.986456570884e-18       1.262130464623e-18 
 2901       3.664891706781e-12       2.035700325430e-13      -2.506768917581e-13       0.000000000000e+00       8.010102342581e-17       6.945429397940e-18       1.253100238163e-18 
 2902       3.660097375942e-12       2.030248750774e-13      -2.527076827535e-13       0.000000000000e+00       7.998568407755e-17       6.907766029113e-18       1.243959491327e-18 
 2903       3.655453624382e-12       2.024643287862e-13      -2.547072138148e-13       0.000000000000e+00       7.987054876250e-17       6.873650237445e-18       1.234718897841e-18 
 2904       3.650957944918e-12       2.018884652561e-13      -2.566743862822e-13       0.000000000000e+00       7.975561713285e-17       6.843266287869e-18       1.225389161284e-18 
 2905       3.646607822794e-12       2.012973563344e-13      -2.586080986102e-13       0.000000000000e+00       7.964088883838e-17       6.816798937626e-18       1.215981015107e-18 
 2906       3.642400634260e-12       2.006911016188e-13      -2.605073690838e-13       0.000000000000e+00       7.952636352361e-17       6.794371250509e-18       1.206503922412e-18 
 2907       3.638333341776e-12       2.000699110795e-13      -2.623717046466e-13       0.000000000000e+00       7.941204081922e-17       6.775857696387e-18       1.196962168071e-18 
 2908       3.634402797259e-12       1.994340228541e-13      -2.642007339266e-13       0.000000000000e+00       7.929792035055e-17       6.761070110557e-18       1.187358746964e-18 
 2909       3.630605843348e-12       1.987836757963e-13      -2.659940846859e-13       0.000000000000e+00       7.918400174049e-17       6.749819793900e-18       1.177696662444e-18 
 2910       3.626939313394e-12       1.981191094764e-13      -2.677513838198e-13       0.000000000000e+00       7.907028460946e-17       6.741917512421e-18       1.167978926348e-18 
 2911       3.623400031455e-12       1.974405641821e-13      -2.694722573568e-13       0.000000000000e+00       7.895676857537e-17       6.737173496780e-18       1.158208559003e-18 
 2912       3.619984812283e-12       1.967482809188e-13      -2.711563304568e-13       0.000000000000e+00       7.884345325367e-17       6.735397441831e-18       1.148388589232e-18 
 2913       3.616690461321e-12       1.960425014107e-13      -2.728032274115e-13       0.000000000000e+00       7.873033825733e-17       6.736398506156e-18       1.138522054365e-18 
 2914       3.613513774690e-12       1.953234681011e-13      -2.744125716430e-13       0.000000000000e+00       7.861742319679e-17       6.739985311603e-18       1.128612000242e-18 
 2915       3.610451539186e-12       1.945914241529e-13      -2.759839857033e-13       0.000000000000e+00       7.850470768006e-17       6.745965942819e-18       1.118661481223e-18 
 2916       3.607500532266e-12       1.938466134498e-13      -2.775170912736e-13       0.000000000000e+00       7.839219131261e-17       6.754147946789e-18       1.108673560196e-18 
 2917       3.604657522046e-12       1.930892805964e-13      -2.790115091637e-13       0.000000000000e+00       7.827987369743e-17       6.764338332370e-18       1.098651308580e-18 
 2918       3.601919267288e-12       1.923196709191e-13      -2.804668593112e-13       0.000000000000e+00       7.816775443501e-17       6.776343569828e-18       1.088597806339e-18 
 2919       3.599282517394e-12       1.915380304663e-13      -2.818827607808e-13       0.000000000000e+00       7.805583312335e-17       6.789969590372e-18       1.078516141983e-18 
 2920       3.596744012397e-12       1.907446060100e-13      -2.832588317635e-13       0.000000000000e+00       7.794410935792e-17       6.805021785693e-18       1.068409412579e-18 
 2921       3.594300482955e-12       1.899396450452e-13      -2.845946895762e-13       0.000000000000e+00       7.783258273171e-17       6.821305007496e-18       1.058280723758e-18 
 2922       3.591948650340e-12       1.891233957915e-13      -2.858899506609e-13       0.000000000000e+00       7.772125283519e-17       6.838623567040e-18       1.048133189722e-18 
 2923       3.589685226430e-12       1.882961071934e-13      -2.871442305836e-13       0.000000000000e+00       7.761011925631e-17       6.856781234670e-18       1.037969933249e-18 
 2924       3.587506913704e-12       1.874580289206e-13      -2.883571440341e-13       0.000000000000e+00       7.749918158053e-17       6.875581239357e-18       1.027794085706e-18 
 2925       3.585410405231e-12       1.866094113692e-13      -2.895283048252e-13       0.000000000000e+00       7.738843939076e-17       6.894826268229e-18       1.017608787048e-18 
 2926       3.583392384661e-12       1.857505056620e-13      -2.906573258919e-13       0.000000000000e+00       7.727789226741e-17       6.914318466113e-18       1.007417185836e-18 
 2927       3.581449526220e-12       1.848815636492e-13      -2.917438192906e-13       0.000000000000e+00       7.716753978836e-17       6.933859435066e-18       9.972224392327e-19 
 2928       3.579578494701e-12       1.840028379091e-13      -2.927873961986e-13       0.000000000000e+00       7.705738152899e-17       6.953250233910e-18       9.870277130200e-19 
 2929       3.577775945452e-12       1.831145817486e-13      -2.937876669135e-13       0.000000000000e+00       7.694741706211e-17       6.972291377774e-18       9.768361816000e-19 
 2930       3.576038524375e-12       1.822170492038e-13      -2.947442408520e-13       0.000000000000e+00       7.683764595803e-17       6.990782837625e-18       9.666510280049e-19 
 2931       3.574362867911e-12       1.813104950410e-13      -2.956567265499e-13       0.000000000000e+00       7.672806778451e-17       7.008524039805e-18       9.564754439035e-19 
 2932       3.572745603035e-12       1.803951747568e-13      -2.965247316607e-13       0.000000000000e+00       7.661868210680e-17       7.025313865566e-18       9.463126296092e-19 
 2933       3.571183347249e-12       1.794713445791e-13      -2.973478629555e-13       0.000000000000e+00       7.650948848759e-17       7.040950650609e-18       9.361657940866e-19 
 2934       3.569672708569e-12       1.785392614678e-13      -2.981257263218e-13       0.000000000000e+00       7.640048648702e-17       7.055232184617e-18       9.260381549594e-19 
 2935       3.568210285524e-12       1.775991831149e-13      -2.988579267633e-13       0.000000000000e+00       7.629167566271e-17       7.067955710791e-18       9.159329385178e-19 
 2936       3.566792667142e-12       1.766513679459e-13      -2.995440683988e-13       0.000000000000e+00       7.618305556973e-17       7.078917925387e-18       9.058533797253e-19 
 2937       3.565416432943e-12       1.756960751197e-13      -3.001837544616e-13       0.000000000000e+00       7.607462576058e-17       7.087914977253e-18       8.958027222265e-19 
 2938       3.564078152935e-12       1.747335645298e-13      -3.007765872990e-13       0.000000000000e+00       7.596638578524e-17       7.094742467362e-18       8.857842183543e-19 
 2939       3.562774387599e-12       1.737640968045e-13      -3.013221683713e-13       0.000000000000e+00       7.585833519112e-17       7.099195448350e-18       8.758011291373e-19 
 2940       3.561501687886e-12       1.727879333078e-13      -3.018200982512e-13       0.000000000000e+00       7.575047352306e-17       7.101068424051e-18       8.658567243071e-19 
 2941       3.560256595207e-12       1.718053361400e-13      -3.022699766234e-13       0.000000000000e+00       7.564280032336e-17       7.100155349033e-18       8.559542823056e-19 
 2942       3.559035641426e-12       1.708165681382e-13      -3.026714022834e-13       0.000000000000e+00       7.553531513176e-17       7.096249628134e-18       8.460970902924e-19 
 2943       3.557835348848e-12       1.698218928772e-13      -3.030239731372e-13       0.000000000000e+00       7.542801748542e-17       7.089144116000e-18       8.362884441521e-19 
 2944       3.556652230218e-12       1.688215746698e-13      -3.033272862004e-13       0.000000000000e+00       7.532090691895e-17       7.078631116615e-18       8.265316485019e-19 
 2945       3.555482956504e-12       1.678158840192e-13      -3.035810811842e-13       0.000000000000e+00       7.521398296950e-17       7.064574556439e-18       8.168302045001e-19 
 2946       3.554324861201e-12       1.668051140036e-13      -3.037856720346e-13       0.000000000000e+00       7.510724519223e-17       7.047126896825e-18       8.071883742787e-19 
 2947       3.553175438522e-12       1.657895639746e-13      -3.039415175381e-13       0.000000000000e+00       7.500069314495e-17       7.026513299439e-18       7.976106193328e-19 
 2948       3.552032175822e-12       1.647695341132e-13      -3.040490779310e-13       0.000000000000e+00       7.489432638293e-17       7.002959551169e-18       7.881014129839e-19 
 2949       3.550892553590e-12       1.637453254309e-13      -3.041088149009e-13       0.000000000000e+00       7.478814445899e-17       6.976692064666e-18       7.786652403896e-19 
 2950       3.549754045447e-12       1.627172397701e-13      -3.041211915879e-13       0.000000000000e+00       7.468214692343e-17       6.947937878878e-18       7.693065985539e-19 
 2951       3.548614118134e-12       1.616855798052e-13      -3.040866725857e-13       0.000000000000e+00       7.457633332405e-17       6.916924659578e-18       7.600299963369e-19 
 2952       3.547470231514e-12       1.606506490428e-13      -3.040057239435e-13       0.000000000000e+00       7.447070320615e-17       6.883880699907e-18       7.508399544649e-19 
 2953       3.546319838560e-12       1.596127518229e-13      -3.038788131664e-13       0.000000000000e+00       7.436525611251e-17       6.849034920900e-18       7.417410055402e-19 
 2954       3.545160385351e-12       1.585721933193e-13      -3.037064092175e-13       0.000000000000e+00       7.425999158341e-17       6.812616872027e-18       7.327376940511e-19 
 2955       3.543989311068e-12       1.575292795404e-13      -3.034889825187e-13       0.000000000000e+00       7.415490915663e-17       6.774856731722e-18       7.238345763819e-19 
 2956       3.542804047986e-12       1.564843173299e-13      -3.032270049521e-13       0.000000000000e+00       7.405000836742e-17       6.735985307920e-18       7.150362208227e-19 
 2957       3.541602021468e-12       1.554376143675e-13      -3.029209498614e-13       0.000000000000e+00       7.394528874852e-17       6.696234038589e-18       7.063472075797e-19 
 2958       3.540380649962e-12       1.543894791698e-13      -3.025712920531e-13       0.000000000000e+00       7.384074983014e-17       6.655834992268e-18       6.977721287845e-19 
 2959       3.539137344990e-12       1.533402210904e-13      -3.021785077977e-13       0.000000000000e+00       7.373639113997e-17       6.615020868596e-18       6.893155885047e-19 
 2960       3.537869511147e-12       1.522901503216e-13      -3.017430748311e-13       0.000000000000e+00       7.363221220320e-17       6.574024998849e-18       6.809822027534e-19 
 2961       3.536574546095e-12       1.512395778941e-13      -3.012654723560e-13       0.000000000000e+00       7.352821254246e-17       6.533081346477e-18       6.727765994995e-19 
 2962       3.535249840554e-12       1.501888156783e-13      -3.007461810429e-13       0.000000000000e+00       7.342439167786e-17       6.492424507632e-18       6.647034186773e-19 
 2963       3.533892778297e-12       1.491381763850e-13      -3.001856830317e-13       0.000000000000e+00       7.332074912700e-17       6.452289711706e-18       6.567673121967e-19 
 2964       3.532500736147e-12       1.480879735657e-13      -2.995844619327e-13       0.000000000000e+00       7.321728440490e-17       6.412912821864e-18       6.489729439529e-19 
 2965       3.531071083967e-12       1.470385216138e-13      -2.989430028280e-13       0.000000000000e+00       7.311399702409e-17       6.374530335581e-18       6.413249898365e-19 
 2966       3.529601184659e-12       1.459901357650e-13      -2.982617922728e-13       0.000000000000e+00       7.301088649453e-17       6.337379385170e-18       6.338281377437e-19 
 2967       3.528088394152e-12       1.449431320981e-13      -2.975413182970e-13       0.000000000000e+00       7.290795232364e-17       6.301697738324e-18       6.264870875856e-19 
 2968       3.526530061402e-12       1.438978275356e-13      -2.967820704057e-13       0.000000000000e+00       7.280519401631e-17       6.267723798642e-18       6.193065512988e-19 
 2969       3.524923528384e-12       1.428545398447e-13      -2.959845395812e-13       0.000000000000e+00       7.270261107487e-17       6.235696606171e-18       6.122912528548e-19 
 2970       3.523266130084e-12       1.418135876377e-13      -2.951492182842e-13       0.000000000000e+00       7.260020299910e-17       6.205855837933e-18       6.054459282703e-19 
 2971       3.521555194498e-12       1.407752903727e-13      -2.942766004547e-13       0.000000000000e+00       7.249796928623e-17       6.178441808465e-18       5.987753256173e-19 
 2972       3.519788042621e-12       1.397399683548e-13      -2.933671815137e-13       0.000000000000e+00       7.239590943094e-17       6.153695470350e-18       5.922842050323e-19 
 2973       3.517961988443e-12       1.387079427361e-13      -2.924214583641e-13       0.000000000000e+00       7.229402292533e-17       6.131858414750e-18       5.859773387272e-19 
 2974       3.516074338947e-12       1.376795355167e-13      -2.914399293925e-13       0.000000000000e+00       7.219230925898e-17       6.113172871946e-18       5.798595109984e-19 
 2975       3.514122394095e-12       1.366550695459e-13      -2.904230944699e-13       0.000000000000e+00       7.209076791886e-17       6.097881711865e-18       5.739355182373e-19 
 2976       3.512103446831e-12       1.356348685219e-13      -2.893714549534e-13       0.000000000000e+00       7.198939838941e-17       6.086228444618e-18       5.682101689400e-19 
 2977       3.510014783070e-12       1.346192569935e-13      -2.882855136876e-13       0.000000000000e+00       7.188820015247e-17       6.078457221034e-18       5.626882837174e-19 
 2978       3.507853681692e-12       1.336085603601e-13      -2.871657750052e-13       0.000000000000e+00       7.178717268735e-17       6.074812833193e-18       5.573746953050e-19 
 2979       3.505617414538e-12       1.326031048729e-13      -2.860127447291e-13       0.000000000000e+00       7.168631547075e-17       6.075540714962e-18       5.522742485727e-19 
 2980       3.503303246405e-12       1.316032176352e-13      -2.848269301731e-13       0.000000000000e+00       7.158562797681e-17       6.080886942526e-18       5.473918005353e-19 
 2981       3.500908435037e-12       1.306092266035e-13      -2.836088401436e-13       0.000000000000e+00       7.148510967710e-17       6.091098234927e-18       5.427322203617e-19 
 2982       3.498430231122e-12       1.296214605878e-13      -2.823589849407e-13       0.000000000000e+00       7.138476004058e-17       6.106421954592e-18       5.383003893854e-19 
 2983       3.495865878286e-12       1.286402492527e-13      -2.810778763592e-13       0.000000000000e+00       7.128457853365e-17       6.127106107874e-18       5.341012011143e-19 
 2984       3.493213453993e-12       1.276658211027e-13      -2.797658421299e-13       0.000000000000e+00       7.118456498975e-17       6.153322355213e-18       5.301381280995e-19 
 2985       3.490474396784e-12       1.266979968913e-13      -2.784224682429e-13       0.000000000000e+00       7.108472072023e-17       6.184934627763e-18       5.264089148383e-19 
 2986       3.487650991435e-12       1.257364947086e-13      -2.770471538893e-13       0.000000000000e+00       7.098504740894e-17       6.221729376123e-18       5.229098637502e-19 
 2987       3.484745529175e-12       1.247810318591e-13      -2.756392967720e-13       0.000000000000e+00       7.088554674307e-17       6.263492457048e-18       5.196372663888e-19 
 2988       3.481760307697e-12       1.238313248608e-13      -2.741982931043e-13       0.000000000000e+00       7.078622041320e-17       6.310009132946e-18       5.165874034322e-19 
 2989       3.478697631162e-12       1.228870894447e-13      -2.727235376091e-13       0.000000000000e+00       7.068707011324e-17       6.361064071373e-18       5.137565446734e-19 
 2990       3.475559810202e-12       1.219480405544e-13      -2.712144235170e-13       0.000000000000e+00       7.058809754050e-17       6.416441344536e-18       5.111409490117e-19 
 2991       3.472349161929e-12       1.210138923448e-13      -2.696703425658e-13       0.000000000000e+00       7.048930439562e-17       6.475924428782e-18       5.087368644423e-19 
 2992       3.469068009937e-12       1.200843581822e-13      -2.680906849989e-13       0.000000000000e+00       7.039069238265e-17       6.539296204101e-18       5.065405280479e-19 
 2993       3.465718684311e-12       1.191591506428e-13      -2.664748395642e-13       0.000000000000e+00       7.029226320899e-17       6.606338953619e-18       5.045481659887e-19 
 2994       3.462303521630e-12       1.182379815127e-13      -2.648221935129e-13       0.000000000000e+00       7.019401858542e-17       6.676834363097e-18       5.027559934933e-19 
 2995       3.458824864974e-12       1.173205617872e-13      -2.631321325981e-13       0.000000000000e+00       7.009596022610e-17       6.750563520429e-18       5.011602148492e-19 
 2996       3.455285063927e-12       1.164066016694e-13      -2.614040410739e-13       0.000000000000e+00       6.999808984856e-17       6.827306915136e-18       4.997570233936e-19 
 2997       3.451686474586e-12       1.154958105706e-13      -2.596373016938e-13       0.000000000000e+00       6.990040917375e-17       6.906844437864e-18       4.985426015040e-19 
 2998       3.448031459564e-12       1.145878971087e-13      -2.578312957101e-13       0.000000000000e+00       6.980291992595e-17       6.988955379883e-18       4.975131205887e-19 
 2999       3.444322387997e-12       1.136825691082e-13      -2.559854028719e-13       0.000000000000e+00       6.970562383287e-17       7.073418432580e-18       4.966647410775e-19 
 3000       3.440561635548e-12       1.127795335992e-13      -2.540990014245e-13       0.000000000000e+00       6.960852262559e-17       7.160011686960e-18       4.959936124124e-19 
