# dimensionless total lensed [l(l+1)/2pi] C_l's
# for l=2 to 2500, i.e. number of multipoles equal to 2499
#
# -> if you prefer output in CAMB/HealPix/LensPix units/order, set 'format' to 'camb' in input file
# -> if you don't want to see such a header, set 'headers' to 'no' in input file
# -> for CMB lensing (phi), these are C_l^phi-phi for the lensing potential.
#    Remember the conversion factors:
#    C_l^dd (deflection) = l(l+1) C_l^phi-phi
#    C_l^gg (shear/convergence) = 1/4 (l(l+1))^2 C_l^phi-phi
#
# 1:l     2:TT                     3:EE                     4:TE                     5:BB                     6:phiphi                 7:TPhi                   8:Ephi               
    2       1.381339436461e-10       4.175826681967e-15       3.515670883901e-13       2.323579756220e-19       8.285921649893e-09       4.560787707405e-10      -1.840536580500e-12 
    3       1.306087345062e-10       5.350738557391e-15       3.951459529926e-13       4.648037056412e-19       5.086942050524e-09       3.225637485393e-10      -1.393793149701e-12 
    4       1.235436856223e-10       4.626594817117e-15       3.695226915643e-13       7.748664038626e-19       3.522956584465e-09       2.438397023290e-10      -9.121457874277e-13 
    5       1.182604072869e-10       3.085420330166e-15       3.146793847168e-13       1.162659076939e-18       2.621495958211e-09       1.923915247626e-10      -5.066439002368e-13 
    6       1.146398230285e-10       1.725241160587e-15       2.534364306171e-13       1.628319615086e-18       2.042576426747e-09       1.563929026195e-10      -2.079556147827e-13 
    7       1.122825573323e-10       9.333110163099e-16       1.989897404692e-13       2.172008666732e-18       1.644350796806e-09       1.299927130165e-10      -1.757526366288e-14 
    8       1.109085516129e-10       6.037251128210e-16       1.571115294110e-13       2.793907203668e-18       1.356587947427e-09       1.099882747437e-10       7.944460377745e-14 
    9       1.102697585389e-10       4.858380976186e-16       1.290808153321e-13       3.494213834252e-18       1.140651178906e-09       9.448177872753e-11       1.064459640939e-13 
   10       1.101358869845e-10       4.149682693546e-16       1.135730733733e-13       4.273141927398e-18       9.737500348325e-10       8.220635885099e-11       8.927582991106e-14 
   11       1.104478834756e-10       3.497404282270e-16       1.079303248736e-13       5.130916613604e-18       8.334434244416e-10       7.301986098819e-11       5.202265422665e-14 
   12       1.110546605144e-10       3.058089424479e-16       1.090956110707e-13       6.067771730835e-18       7.284078010876e-10       6.456641730382e-11       1.226568601889e-14 
   13       1.119056810972e-10       2.941676877732e-16       1.143865837742e-13       7.083946782862e-18       6.421587937318e-10       5.770038595955e-11      -1.799997040447e-14 
   14       1.129532603962e-10       3.068442241618e-16       1.217828944900e-13       8.179683975503e-18       5.703838762559e-10       5.172017371136e-11      -3.451793221298e-14 
   15       1.141845875052e-10       3.321005667195e-16       1.299964416922e-13       9.355225392315e-18       5.099592878966e-10       4.668958281592e-11      -3.749775018017e-14 
   16       1.155248914755e-10       3.674166541776e-16       1.383647936618e-13       1.061081036577e-17       4.585736126694e-10       4.235361542063e-11      -3.090285225453e-14 
   17       1.170012363595e-10       4.183299403722e-16       1.466660597996e-13       1.194667309293e-17       4.144843692870e-10       3.856953612938e-11      -1.993081991583e-14 
   18       1.185505947232e-10       4.902662000208e-16       1.551615925216e-13       1.336304044269e-17       3.762142862661e-10       3.526890503366e-11      -9.467910432659e-15 
   19       1.201843073294e-10       5.835497255661e-16       1.640745582619e-13       1.486013064151e-17       3.431462152432e-10       3.240451136003e-11      -2.114109088503e-15 
   20       1.218950880163e-10       6.961795757705e-16       1.735445740706e-13       1.643815078281e-17       3.140200027241e-10       2.986202734317e-11       4.241083992522e-16 
   21       1.236842410795e-10       8.275211384987e-16       1.835225541993e-13       1.809729722198e-17       2.883778075494e-10       2.759546302566e-11      -1.288829722653e-15 
   22       1.255257559791e-10       9.770890656877e-16       1.938202445086e-13       1.983775301994e-17       2.656025514035e-10       2.554782257540e-11      -5.507908070200e-15 
   23       1.274259804205e-10       1.145052788855e-15       2.041145734237e-13       2.165968993273e-17       2.453895797331e-10       2.371051010638e-11      -1.047970195379e-14 
   24       1.293791319228e-10       1.331627375600e-15       2.139929939387e-13       2.356326541462e-17       2.272776303279e-10       2.206677262150e-11      -1.433716584263e-14 
   25       1.313800185563e-10       1.537028391115e-15       2.231478352003e-13       2.554862523167e-17       2.110211812266e-10       2.059438639833e-11      -1.626946514361e-14 
   26       1.334110092253e-10       1.761627044015e-15       2.313154984343e-13       2.761590141094e-17       1.963022413673e-10       1.925654926835e-11      -1.595140268661e-14 
   27       1.354817008073e-10       2.007054819933e-15       2.384244403703e-13       2.976521911330e-17       1.830445912326e-10       1.804400831927e-11      -1.389533506509e-14 
   28       1.375947687208e-10       2.275568546544e-15       2.444862509984e-13       3.199668983048e-17       1.710876589286e-10       1.694136007690e-11      -1.110501974379e-14 
   29       1.397392887356e-10       2.569449072985e-15       2.495434845819e-13       3.431041159083e-17       1.601412164313e-10       1.592222608376e-11      -8.700280185628e-15 
   30       1.419218596676e-10       2.889787967671e-15       2.536443978382e-13       3.670648124726e-17       1.501449618676e-10       1.498556056128e-11      -7.069816059512e-15 
   31       1.441441964598e-10       3.237210546098e-15       2.568627684211e-13       3.918498569311e-17       1.410247246417e-10       1.413143754240e-11      -6.393765285571e-15 
   32       1.463982494302e-10       3.612288313634e-15       2.592662261139e-13       4.174600124861e-17       1.326362526902e-10       1.335288251689e-11      -6.759509617129e-15 
   33       1.486834865065e-10       4.015958180421e-15       2.607741005310e-13       4.438960495042e-17       1.249338923885e-10       1.264333514376e-11      -7.814645987324e-15 
   34       1.509935357124e-10       4.449247477568e-15       2.612457864488e-13       4.711586669311e-17       1.178494734962e-10       1.199048724732e-11      -8.971475284597e-15 
   35       1.533171031550e-10       4.913147114793e-15       2.605318329870e-13       4.992484908468e-17       1.112776011083e-10       1.137853026079e-11      -9.639300930337e-15 
   36       1.556611578922e-10       5.408558507664e-15       2.585298162736e-13       5.281661825124e-17       1.052012454598e-10       1.080536957447e-11      -9.755642105118e-15 
   37       1.580343010166e-10       5.936322566924e-15       2.551460617868e-13       5.579123653703e-17       9.960138814969e-11       1.027055999217e-11      -9.435354986478e-15 
   38       1.604397931901e-10       6.497228781332e-15       2.502802055377e-13       5.884875959619e-17       9.441905162541e-11       9.770343616009e-12      -8.833730499586e-15 
   39       1.628766362094e-10       7.092003227334e-15       2.438494927624e-13       6.198923815213e-17       8.957657635546e-11       9.299437344074e-12      -8.125275494712e-15 
   40       1.653448457386e-10       7.721277158407e-15       2.358728616326e-13       6.521272408562e-17       8.505914740914e-11       8.857895687093e-12      -7.424107166810e-15 
   41       1.678408859444e-10       8.385601180535e-15       2.264146911760e-13       6.851926636180e-17       8.085489516669e-11       8.446060083705e-12      -6.841401072206e-15 
   42       1.703555787043e-10       9.085447961429e-15       2.155638477978e-13       7.190890951304e-17       7.693056881784e-11       8.062504813639e-12      -6.508366112707e-15 
   43       1.728785659787e-10       9.821273591200e-15       2.034001086544e-13       7.538169264719e-17       7.324383703951e-11       7.704737960524e-12      -6.535719135299e-15 
   44       1.754145992863e-10       1.059373529582e-14       1.898776117547e-13       7.893764586246e-17       6.978902983960e-11       7.371935743058e-12      -6.874320431723e-15 
   45       1.779714472948e-10       1.140353394570e-14       1.749074197297e-13       8.257679288564e-17       6.656263054373e-11       7.062797305816e-12      -7.412996650769e-15 
   46       1.805551505516e-10       1.225135369256e-14       1.583885396002e-13       8.629915209938e-17       6.354954183964e-11       6.774662663117e-12      -8.014963663529e-15 
   47       1.831698141540e-10       1.313786159719e-14       1.402071065418e-13       9.010473657431e-17       6.072218285732e-11       6.503410825680e-12      -8.516325870178e-15 
   48       1.858175924890e-10       1.406361930496e-14       1.202590065745e-13       9.399355133883e-17       5.804898075978e-11       6.244649886723e-12      -8.770879966566e-15 
   49       1.884991221386e-10       1.502878949927e-14       9.852719007149e-14       9.796558420320e-17       5.552478285898e-11       5.997921680137e-12      -8.802962450368e-15 
   50       1.912128547888e-10       1.603334606143e-14       7.502474959968e-14       1.020208124041e-16       5.314746598521e-11       5.763507334114e-12      -8.695109595926e-15 
   51       1.939546831439e-10       1.707715005845e-14       4.977375407549e-14       1.061592050353e-16       5.090887727852e-11       5.541203722110e-12      -8.546355355024e-15 
   52       1.967177433958e-10       1.815994488347e-14       2.280562839411e-14       1.103807229387e-16       4.879441058051e-11       5.330287505795e-12      -8.473093136107e-15 
   53       1.994950834831e-10       1.928147487406e-14      -5.852333262478e-15       1.146853182138e-16       4.678759333615e-11       5.129826900331e-12      -8.579244221248e-15 
   54       2.022889280742e-10       2.044188816247e-14      -3.622237281855e-14       1.190729328477e-16       4.488620712210e-11       4.939793857083e-12      -8.855773537913e-15 
   55       2.051034517405e-10       2.164142894592e-14      -6.834187694487e-14       1.235434995436e-16       4.308957410859e-11       4.760175202744e-12      -9.256837043718e-15 
   56       2.079420460725e-10       2.288032338668e-14      -1.022507299507e-13       1.280969419492e-16       4.139370067312e-11       4.590629053721e-12      -9.727797800991e-15 
   57       2.108072423085e-10       2.415877992984e-14      -1.379915155518e-13       1.327331745327e-16       3.979106387651e-11       4.430463438630e-12      -1.020480082256e-14 
   58       2.137006339624e-10       2.547698962093e-14      -1.756097186386e-13       1.374521024572e-16       3.827039793909e-11       4.278614920803e-12      -1.061434791755e-14 
   59       2.166231917404e-10       2.683500849667e-14      -2.151409798513e-13       1.422536277244e-16       3.681979525776e-11       4.133936585129e-12      -1.089083510372e-14 
   60       2.195764694193e-10       2.823237214122e-14      -2.565689446675e-13       1.471376695523e-16       3.543733536362e-11       3.996188649017e-12      -1.103488635731e-14 
   61       2.225615417626e-10       2.966839202085e-14      -2.998579648174e-13       1.521041485173e-16       3.412255133845e-11       3.865240527948e-12      -1.106783937236e-14 
   62       2.255785740898e-10       3.114226193595e-14      -3.449649525261e-13       1.571529807887e-16       3.287323320393e-11       3.740771030063e-12      -1.101515409661e-14 
   63       2.286267582014e-10       3.265305434124e-14      -3.918391433931e-13       1.622840782164e-16       3.168532675512e-11       3.622257465586e-12      -1.090659647786e-14 
   64       2.317042483058e-10       3.419971666595e-14      -4.404218592726e-13       1.674973484184e-16       3.055283239385e-11       3.508964756257e-12      -1.077642221036e-14 
   65       2.348090752010e-10       3.578118597709e-14      -4.906590910892e-13       1.727927080025e-16       2.946946056459e-11       3.400147570280e-12      -1.065583429387e-14 
   66       2.379422577699e-10       3.739676945937e-14      -5.425428771999e-13       1.781701252876e-16       2.843423278959e-11       3.295730945388e-12      -1.054808638759e-14 
   67       2.411052378548e-10       3.904583817447e-14      -5.960782902722e-13       1.836295868136e-16       2.744688949640e-11       3.195754767965e-12      -1.044841966183e-14 
   68       2.442989241239e-10       4.072771546550e-14      -6.512715098173e-13       1.891710854523e-16       2.650618702647e-11       3.100168627036e-12      -1.035129196267e-14 
   69       2.475236553605e-10       4.244167658751e-14      -7.081299436702e-13       1.947946208627e-16       2.560984560431e-11       3.008826882443e-12      -1.025034544112e-14 
   70       2.507791637534e-10       4.418694833799e-14      -7.666623494697e-13       2.005001999460e-16       2.475449730667e-11       2.921483733036e-12      -1.013837418242e-14 
   71       2.540645381865e-10       4.596270868732e-14      -8.268789561374e-13       2.062878373004e-16       2.393563403171e-11       2.837788284846e-12      -1.000729183523e-14 
   72       2.573788091230e-10       4.776805169704e-14      -8.887831004904e-13       2.121575664723e-16       2.314876709660e-11       2.757379602662e-12      -9.850542626101e-15 
   73       2.607229148109e-10       4.960187529991e-14      -9.523440085919e-13       2.181094751967e-16       2.239327934284e-11       2.680203946889e-12      -9.670942118715e-15 
   74       2.640980479065e-10       5.146297121115e-14      -1.017518984989e-12       2.241436777746e-16       2.166922185713e-11       2.606249801238e-12      -9.474289996212e-15 
   75       2.675050451855e-10       5.335005658981e-14      -1.084261363649e-12       2.302603055668e-16       2.097614390441e-11       2.535450680742e-12      -9.267083044613e-15 
   76       2.709443650243e-10       5.526177287673e-14      -1.152520435715e-12       2.364595076953e-16       2.031306855979e-11       2.467682482667e-12      -9.056538567104e-15 
   77       2.744160648815e-10       5.719668463250e-14      -1.222241377273e-12       2.427414517448e-16       1.967846834045e-11       2.402760837419e-12      -8.850617798315e-15 
   78       2.779197787795e-10       5.915327837542e-14      -1.293365177111e-12       2.491063244640e-16       1.907024083759e-11       2.340438459455e-12      -8.658049318600e-15 
   79       2.814546947859e-10       6.112996141945e-14      -1.365828564480e-12       2.555543324677e-16       1.848568434831e-11       2.280402498190e-12      -8.488352468318e-15 
   80       2.850199984471e-10       6.312511310588e-14      -1.439569360697e-12       2.620856976996e-16       1.792216892639e-11       2.222352037589e-12      -8.349594168931e-15 
   81       2.886163413151e-10       6.513725130094e-14      -1.514543763212e-12       2.687006413718e-16       1.737933735435e-11       2.166251922860e-12      -8.241159239117e-15 
   82       2.922445875399e-10       6.716489282725e-14      -1.590711945372e-12       2.753993985036e-16       1.685724371074e-11       2.112118385263e-12      -8.159761392696e-15 
   83       2.959053568942e-10       6.920650344949e-14      -1.668032926963e-12       2.821822235077e-16       1.635568058837e-11       2.059941661784e-12      -8.101580041172e-15 
   84       2.995990108838e-10       7.126049768262e-14      -1.746464602403e-12       2.890493907947e-16       1.587416760436e-11       2.009684830289e-12      -8.062241734071e-15 
   85       3.033256388574e-10       7.332523860015e-14      -1.825963768949e-12       2.960011953770e-16       1.541193991020e-11       1.961282644661e-12      -8.036801599268e-15 
   86       3.070850441174e-10       7.539903764228e-14      -1.906486154900e-12       3.030379534743e-16       1.496793670180e-11       1.914640369944e-12      -8.019724783322e-15 
   87       3.108767300296e-10       7.748015442417e-14      -1.987986447797e-12       3.101600031173e-16       1.454078972951e-11       1.869632617488e-12      -8.004867891805e-15 
   88       3.146998861340e-10       7.956679654415e-14      -2.070418322632e-12       3.173677047528e-16       1.412881180821e-11       1.826102180095e-12      -7.985460429638e-15 
   89       3.185536988690e-10       8.165714449409e-14      -2.153733010919e-12       3.246614302971e-16       1.373039863683e-11       1.783898829603e-12      -7.955557894155e-15 
   90       3.224383698832e-10       8.374943128694e-14      -2.237874689215e-12       3.320415270123e-16       1.334533153988e-11       1.743005223635e-12      -7.914702740446e-15 
   91       3.263542326158e-10       8.584187502494e-14      -2.322784415806e-12       3.395083490510e-16       1.297365886518e-11       1.703428695266e-12      -7.863963776593e-15 
   92       3.303014330028e-10       8.793265509108e-14      -2.408401531692e-12       3.470622689280e-16       1.261529564243e-11       1.665162490538e-12      -7.804533037830e-15 
   93       3.342799204496e-10       9.001991233343e-14      -2.494663666925e-12       3.547036779515e-16       1.227001828515e-11       1.628185202292e-12      -7.737729274105e-15 
   94       3.382894388050e-10       9.210174924934e-14      -2.581506746956e-12       3.624329866553e-16       1.193745929262e-11       1.592460204001e-12      -7.665001437649e-15 
   95       3.423295173339e-10       9.417623016982e-14      -2.668864998980e-12       3.702506252295e-16       1.161710195185e-11       1.557935083600e-12      -7.587932170530e-15 
   96       3.463994616913e-10       9.624138144371e-14      -2.756670958275e-12       3.781570439524e-16       1.130827503949e-11       1.524541077318e-12      -7.508241292227e-15 
   97       3.504983448957e-10       9.829519162205e-14      -2.844855474547e-12       3.861527136221e-16       1.101014752385e-11       1.492192503513e-12      -7.427789287188e-15 
   98       3.546249983020e-10       1.003356116423e-13      -2.933347718274e-12       3.942381259877e-16       1.072172326678e-11       1.460786196499e-12      -7.348580792394e-15 
   99       3.587783013688e-10       1.023606019843e-13      -3.022076569016e-12       4.024137968931e-16       1.044206933599e-11       1.430226127999e-12      -7.272362639896e-15 
  100       3.629581173033e-10       1.043682813605e-13      -3.110974991006e-12       4.106802752827e-16       1.017104929327e-11       1.400502474550e-12      -7.199345482812e-15 
  101       3.671644737898e-10       1.063567995271e-13      -3.199976291990e-12       4.190381362789e-16       9.908684411184e-12       1.371622749644e-12      -7.129306735148e-15 
  102       3.713972706835e-10       1.083242929348e-13      -3.289012819355e-12       4.274879790423e-16       9.654926893622e-12       1.343587357664e-12      -7.061978454009e-15 
  103       3.756562746045e-10       1.102688854826e-13      -3.378015983225e-12       4.360304272356e-16       9.409657409332e-12       1.316389333019e-12      -6.997045912682e-15 
  104       3.799411135341e-10       1.121886892717e-13      -3.466916279550e-12       4.446661294886e-16       9.172682625534e-12       1.290014079278e-12      -6.934146173709e-15 
  105       3.842512714090e-10       1.140818053591e-13      -3.555643313208e-12       4.533957598621e-16       8.943732741508e-12       1.264439108313e-12      -6.872866661972e-15 
  106       3.885860827171e-10       1.159463245107e-13      -3.644125821094e-12       4.622200183125e-16       8.722459022184e-12       1.239633779428e-12      -6.812743737765e-15 
  107       3.929447270921e-10       1.177803279557e-13      -3.732291695215e-12       4.711396311560e-16       8.508431331729e-12       1.215559038502e-12      -6.753261269877e-15 
  108       3.973262239090e-10       1.195818881396e-13      -3.820068005787e-12       4.801553515332e-16       8.301135667145e-12       1.192167157118e-12      -6.693849208669e-15 
  109       4.017294268792e-10       1.213490694783e-13      -3.907381024327e-12       4.892679598733e-16       8.099971691854e-12       1.169401471706e-12      -6.633882159154e-15 
  110       4.061532166072e-10       1.230799769683e-13      -3.994156757822e-12       4.984782457688e-16       7.904388079446e-12       1.147209484511e-12      -6.572806531766e-15 
  111       4.105971178644e-10       1.247729074724e-13      -4.080322579373e-12       5.077869499664e-16       7.714313522867e-12       1.125584631771e-12      -6.510543550738e-15 
  112       4.150607515662e-10       1.264262192961e-13      -4.165805850428e-12       5.171948157872e-16       7.529776525954e-12       1.104529397638e-12      -6.447135391607e-15 
  113       4.195436404516e-10       1.280382872710e-13      -4.250533456161e-12       5.267026073304e-16       7.350771424833e-12       1.084042302124e-12      -6.382621052637e-15 
  114       4.240452056242e-10       1.296075039789e-13      -4.334431833587e-12       5.363111097555e-16       7.177257275902e-12       1.064117771550e-12      -6.317036191554e-15 
  115       4.285647630931e-10       1.311322809758e-13      -4.417426999680e-12       5.460211295634e-16       7.009156743829e-12       1.044746009011e-12      -6.250412962289e-15 
  116       4.331015203131e-10       1.326110500156e-13      -4.499444579491e-12       5.558334948790e-16       6.846354989534e-12       1.025912864823e-12      -6.182779851723e-15 
  117       4.376545727260e-10       1.340422642748e-13      -4.580409834266e-12       5.657490557318e-16       6.688698558188e-12       1.007599706990e-12      -6.114161516423e-15 
  118       4.422229003010e-10       1.354243995756e-13      -4.660247689559e-12       5.757686843384e-16       6.535994267195e-12       9.897832916517e-13      -6.044578619388e-15 
  119       4.468053640752e-10       1.367559556103e-13      -4.738882763355e-12       5.858932753835e-16       6.388008094189e-12       9.724356335443e-13      -5.974047666786e-15 
  120       4.514007026947e-10       1.380354571653e-13      -4.816239394184e-12       5.961237463023e-16       6.244464065018e-12       9.555238764568e-13      -5.902580844701e-15 
  121       4.560075289553e-10       1.392614553449e-13      -4.892241669237e-12       6.064610375614e-16       6.105043141740e-12       9.390101636870e-13      -5.830185855868e-15 
  122       4.606243263427e-10       1.404325287955e-13      -4.966813452488e-12       6.169061129410e-16       5.969382110610e-12       9.228515084979e-13      -5.756865756418e-15 
  123       4.652496309206e-10       1.415473325462e-13      -5.039879379175e-12       6.274599195939e-16       5.837151969136e-12       9.070098531849e-13      -5.682647428492e-15 
  124       4.698826080218e-10       1.426047482770e-13      -5.111367908730e-12       6.381232624275e-16       5.708305652609e-12       8.914838307093e-13      -5.607671049587e-15 
  125       4.745225355978e-10       1.436037537011e-13      -5.181208677203e-12       6.488969157542e-16       5.582856803708e-12       8.762804247567e-13      -5.532110641806e-15 
  126       4.791686228249e-10       1.445433780761e-13      -5.249331597654e-12       6.597816621866e-16       5.460802340979e-12       8.614050590741e-13      -5.456146418006e-15 
  127       4.838200081036e-10       1.454227038025e-13      -5.315666895878e-12       6.707782926034e-16       5.342121972302e-12       8.468615480891e-13      -5.379964843850e-15 
  128       4.884757570575e-10       1.462408680229e-13      -5.380145146124e-12       6.818876061139e-16       5.226777708370e-12       8.326520475280e-13      -5.303758699843e-15 
  129       4.931348605323e-10       1.469970642199e-13      -5.442697306813e-12       6.931104100234e-16       5.114713376160e-12       8.187770050352e-13      -5.227727143376e-15 
  130       4.977962325947e-10       1.476905438153e-13      -5.503254756265e-12       7.044475197987e-16       5.005854132414e-12       8.052351107912e-13      -5.152075770775e-15 
  131       5.024587085314e-10       1.483206177682e-13      -5.561749328412e-12       7.158997590330e-16       4.900105977106e-12       7.920232481320e-13      -5.077016679339e-15 
  132       5.071210428482e-10       1.488866581742e-13      -5.618113348522e-12       7.274679594110e-16       4.797355266921e-12       7.791364441671e-13      -5.002768529381e-15 
  133       5.117819072688e-10       1.493880998633e-13      -5.672279668921e-12       7.391529606745e-16       4.697468228730e-12       7.665678203989e-13      -4.929556606281e-15 
  134       5.164398887338e-10       1.498244419992e-13      -5.724181704710e-12       7.509556105873e-16       4.600290473062e-12       7.543085433409e-13      -4.857612882519e-15 
  135       5.210934874001e-10       1.501952496775e-13      -5.773753469488e-12       7.628767649005e-16       4.505646507581e-12       7.423477751367e-13      -4.787176079723e-15 
  136       5.257411146390e-10       1.505001555242e-13      -5.820929611071e-12       7.749172873176e-16       4.413339250558e-12       7.306726241784e-13      -4.718491730712e-15 
  137       5.303812300955e-10       1.507388885151e-13      -5.865646056569e-12       7.870780223419e-16       4.323191853384e-12       7.192707155352e-13      -4.651752124355e-15 
  138       5.350127731049e-10       1.509113604134e-13      -5.907841947338e-12       7.993597107201e-16       4.235179082341e-12       7.081383069630e-13      -4.586908995070e-15 
  139       5.396347723322e-10       1.510175913491e-13      -5.947457972914e-12       8.117630651422e-16       4.149308672926e-12       6.972729230136e-13      -4.523841477993e-15 
  140       5.442462096107e-10       1.510576851560e-13      -5.984435818843e-12       8.242887963691e-16       4.065580024705e-12       6.866707781312e-13      -4.462414170464e-15 
  141       5.488460188232e-10       1.510318311434e-13      -6.018718206271e-12       8.369376130262e-16       3.983983983337e-12       6.763267439003e-13      -4.402476812492e-15 
  142       5.534330847837e-10       1.509403058672e-13      -6.050248931533e-12       8.497102213958e-16       3.904502622585e-12       6.662343162923e-13      -4.343863967226e-15 
  143       5.580062421193e-10       1.507834749013e-13      -6.078972905735e-12       8.626073252108e-16       3.827109026339e-12       6.563855829127e-13      -4.286394701424e-15 
  144       5.625642741514e-10       1.505617946092e-13      -6.104836194352e-12       8.756296254474e-16       3.751767070635e-12       6.467711902486e-13      -4.229872265914e-15 
  145       5.671059117777e-10       1.502758139154e-13      -6.127786056808e-12       8.887778201184e-16       3.678431205667e-12       6.373803109152e-13      -4.174083776072e-15 
  146       5.716298323535e-10       1.499261760763e-13      -6.147770986066e-12       9.020526040660e-16       3.607046237812e-12       6.282006109037e-13      -4.118799892282e-15 
  147       5.761346585736e-10       1.495136204521e-13      -6.164740748220e-12       9.154546687554e-16       3.537547111644e-12       6.192182168277e-13      -4.063774500407e-15 
  148       5.806189573536e-10       1.490389842781e-13      -6.178646422078e-12       9.289847020672e-16       3.469858691956e-12       6.104176831710e-13      -4.008744392259e-15 
  149       5.850812387120e-10       1.485032044357e-13      -6.189440438753e-12       9.426433880910e-16       3.403895545772e-12       6.017819595342e-13      -3.953428946062e-15 
  150       5.895199546511e-10       1.479073192245e-13      -6.197076621252e-12       9.564314069181e-16       3.339561724371e-12       5.932923578823e-13      -3.897529806925e-15 
  151       5.939334980393e-10       1.472524701328e-13      -6.201510224060e-12       9.703494344352e-16       3.276750545303e-12       5.849285197915e-13      -3.840730567307e-15 
  152       5.983202014923e-10       1.465399036096e-13      -6.202697972734e-12       9.843981421165e-16       3.215344374407e-12       5.766683836963e-13      -3.782696447486e-15 
  153       6.026784588211e-10       1.457709562337e-13      -6.200598335716e-12       9.985781419776e-16       3.155238948214e-12       5.684932652108e-13      -3.723155556678e-15 
  154       6.070071044283e-10       1.449470049415e-13      -6.195172284895e-12       1.012889816113e-15       3.096419343426e-12       5.604036982964e-13      -3.662151846772e-15 
  155       6.113050672036e-10       1.440695155291e-13      -6.186382681539e-12       1.027333470846e-15       3.038890685083e-12       5.524050107328e-13      -3.599815167601e-15 
  156       6.155712506367e-10       1.431400605120e-13      -6.174194090853e-12       1.041909389667e-15       2.982654148507e-12       5.445023367051e-13      -3.536281894299e-15 
  157       6.198045323228e-10       1.421603208113e-13      -6.158572822743e-12       1.056617832743e-15       2.927706866299e-12       5.367006100916e-13      -3.471695023255e-15 
  158       6.240037634688e-10       1.411320874412e-13      -6.139486972592e-12       1.071459036433e-15       2.874041835349e-12       5.290045577514e-13      -3.406204268067e-15 
  159       6.281677683990e-10       1.400572631954e-13      -6.116906462030e-12       1.086433212804e-15       2.821647823827e-12       5.214186928122e-13      -3.339966155496e-15 
  160       6.322953440609e-10       1.389378643338e-13      -6.090803079702e-12       1.101540549141e-15       2.770509278192e-12       5.139473079583e-13      -3.273144121418e-15 
  161       6.363852595311e-10       1.377760222699e-13      -6.061150522043e-12       1.116781207461e-15       2.720606230187e-12       5.065944687180e-13      -3.205908606780e-15 
  162       6.404362555212e-10       1.365739852570e-13      -6.027924434045e-12       1.132155324032e-15       2.671914203847e-12       4.993640067514e-13      -3.138437153554e-15 
  163       6.444470438834e-10       1.353341200756e-13      -5.991102450034e-12       1.147663008881e-15       2.624404122492e-12       4.922595131386e-13      -3.070914500690e-15 
  164       6.484163071166e-10       1.340589137196e-13      -5.950664234431e-12       1.163304345310e-15       2.578042215733e-12       4.852843316667e-13      -3.003532680068e-15 
  165       6.523426978721e-10       1.327509750837e-13      -5.906591522533e-12       1.179079389409e-15       2.532789926472e-12       4.784415521182e-13      -2.936491112456e-15 
  166       6.562248384595e-10       1.314130366500e-13      -5.858868161279e-12       1.194988169571e-15       2.488603817904e-12       4.717340035584e-13      -2.869996703460e-15 
  167       6.600613203525e-10       1.300479561747e-13      -5.807480150019e-12       1.211030686006e-15       2.445435480516e-12       4.651642476233e-13      -2.804263939481e-15 
  168       6.638507036947e-10       1.286587183751e-13      -5.752415681289e-12       1.227206910253e-15       2.403231439089e-12       4.587345718071e-13      -2.739514983667e-15 
  169       6.675915168055e-10       1.272484366165e-13      -5.693665181581e-12       1.243516784694e-15       2.361933059698e-12       4.524469827505e-13      -2.675979771867e-15 
  170       6.712822556860e-10       1.258203545986e-13      -5.631221352112e-12       1.259960222072e-15       2.321476456716e-12       4.463031995277e-13      -2.613896108583e-15 
  171       6.749214828515e-10       1.243777491609e-13      -5.565078466443e-12       1.276537080748e-15       2.281805418809e-12       4.403041660344e-13      -2.553458794744e-15 
  172       6.785081341118e-10       1.229236260701e-13      -5.495230112265e-12       1.293247089212e-15       2.242911591077e-12       4.344485565769e-13      -2.494662050136e-15 
  173       6.820412365428e-10       1.214610019813e-13      -5.421671338566e-12       1.310089914319e-15       2.204797480739e-12       4.287341322345e-13      -2.437444074680e-15 
  174       6.855198113739e-10       1.199930023103e-13      -5.344399419298e-12       1.327065184393e-15       2.167463700131e-12       4.231582019352e-13      -2.381736722779e-15 
  175       6.889428738992e-10       1.185228625170e-13      -5.263413891113e-12       1.344172488640e-15       2.130908926827e-12       4.177176137811e-13      -2.327465391325e-15 
  176       6.923094333884e-10       1.170539293892e-13      -5.178716591100e-12       1.361411376563e-15       2.095129863756e-12       4.124087463738e-13      -2.274548907703e-15 
  177       6.956184929982e-10       1.155896623253e-13      -5.090311694526e-12       1.378781357377e-15       2.060121199321e-12       4.072275001406e-13      -2.222899417797e-15 
  178       6.988690496830e-10       1.141336346185e-13      -4.998205752574e-12       1.396281899425e-15       2.025875567515e-12       4.021692886599e-13      -2.172422273997e-15 
  179       7.020600941064e-10       1.126895347394e-13      -4.902407730082e-12       1.413912429593e-15       1.992383508044e-12       3.972290299869e-13      -2.123015923202e-15 
  180       7.051906105518e-10       1.112611676200e-13      -4.802929043282e-12       1.431672332721e-15       1.959633426438e-12       3.924011379793e-13      -2.074571794825e-15 
  181       7.082595768341e-10       1.098524559367e-13      -4.699783597539e-12       1.449560951022e-15       1.927611554175e-12       3.876795136232e-13      -2.026974188801e-15 
  182       7.112659642102e-10       1.084674413941e-13      -4.592987825090e-12       1.467577583497e-15       1.896301908798e-12       3.830575363586e-13      -1.980100163590e-15 
  183       7.142087372904e-10       1.071102860078e-13      -4.482560722782e-12       1.485721485347e-15       1.865686254030e-12       3.785280554049e-13      -1.933819424183e-15 
  184       7.170868539495e-10       1.057852733883e-13      -4.368523889811e-12       1.503991867388e-15       1.835744059895e-12       3.740833810870e-13      -1.887994210109e-15 
  185       7.198992652378e-10       1.044968100243e-13      -4.250901565462e-12       1.522387895469e-15       1.806452462835e-12       3.697152761608e-13      -1.842479183436e-15 
  186       7.226449152921e-10       1.032494265660e-13      -4.129720666847e-12       1.540908689885e-15       1.777786225829e-12       3.654149471388e-13      -1.797121316782e-15 
  187       7.253227412471e-10       1.020477791084e-13      -4.005010826642e-12       1.559553324790e-15       1.749717698511e-12       3.611730356159e-13      -1.751759781314e-15 
  188       7.279316731460e-10       1.008966504748e-13      -3.876804430831e-12       1.578320827616e-15       1.722216777286e-12       3.569796095952e-13      -1.706225834761e-15 
  189       7.304706338521e-10       9.980095150029e-14      -3.745136656440e-12       1.597210178482e-15       1.695250865451e-12       3.528241548134e-13      -1.660342709411e-15 
  190       7.329385389597e-10       9.876572231501e-14      -3.610045509276e-12       1.616220309617e-15       1.668784833312e-12       3.486955660667e-13      -1.613925500124e-15 
  191       7.353343696132e-10       9.779592386843e-14      -3.471569636371e-12       1.635350105464e-15       1.642787962756e-12       3.445844550387e-13      -1.566821782279e-15 
  192       7.376573972507e-10       9.689579236379e-14      -3.329741501398e-12       1.654598404252e-15       1.617255445821e-12       3.404902851853e-13      -1.519037101564e-15 
  193       7.399069755857e-10       9.606943876012e-14      -3.184593768823e-12       1.673963995419e-15       1.592188425635e-12       3.364147565567e-13      -1.470618702988e-15 
  194       7.420824693635e-10       9.532105476980e-14      -3.036161513413e-12       1.693445618347e-15       1.567587140057e-12       3.323595363352e-13      -1.421615668541e-15 
  195       7.441832545111e-10       9.465491345561e-14      -2.884482250702e-12       1.713041961777e-15       1.543450904655e-12       3.283262577411e-13      -1.372078938474e-15 
  196       7.462087182863e-10       9.407536982769e-14      -2.729595967440e-12       1.732751663229e-15       1.519778095676e-12       3.243165189384e-13      -1.322061332584e-15 
  197       7.481582594278e-10       9.358686144059e-14      -2.571545152056e-12       1.752573308417e-15       1.496566133018e-12       3.203318819411e-13      -1.271617571499e-15 
  198       7.500312883050e-10       9.319390899027e-14      -2.410374825114e-12       1.772505430666e-15       1.473811463208e-12       3.163738715184e-13      -1.220804297961e-15 
  199       7.518272270670e-10       9.290111691108e-14      -2.246132569768e-12       1.792546510332e-15       1.451509542371e-12       3.124439741012e-13      -1.169680098110e-15 
  200       7.535455097931e-10       9.271317397280e-14      -2.078868562220e-12       1.812694974215e-15       1.429654819201e-12       3.085436366877e-13      -1.118305522768e-15 
  201       7.551855826417e-10       9.263485387762e-14      -1.908635602178e-12       1.832949194980e-15       1.408240717941e-12       3.046742657491e-13      -1.066743108724e-15 
  202       7.567469040005e-10       9.267101585717e-14      -1.735489143314e-12       1.853307490570e-15       1.387259621349e-12       3.008372261359e-13      -1.015057400016e-15 
  203       7.582289446360e-10       9.282660526952e-14      -1.559487323717e-12       1.873768123628e-15       1.366702853675e-12       2.970338399832e-13      -9.633149692156e-16 
  204       7.596311878431e-10       9.310665419617e-14      -1.380690996356e-12       1.894329300909e-15       1.346560663633e-12       2.932653856171e-13      -9.115844387143e-16 
  205       7.609531295946e-10       9.351628203909e-14      -1.199163759531e-12       1.914989172703e-15       1.326822207371e-12       2.895330964605e-13      -8.599365020037e-16 
  206       7.621942786914e-10       9.406069611770e-14      -1.014971987334e-12       1.935745832246e-15       1.307475531452e-12       2.858381599384e-13      -8.084439449620e-16 
  207       7.633541569116e-10       9.474519226589e-14      -8.281848601068e-13       1.956597315141e-15       1.288507555816e-12       2.821817163847e-13      -7.571816671370e-16 
  208       7.644322991604e-10       9.557515542903e-14      -6.388743948945e-13       1.977541598774e-15       1.269904056763e-12       2.785648579470e-13      -7.062267030303e-16 
  209       7.654282536198e-10       9.655606026095e-14      -4.471154759054e-13       1.998576601733e-15       1.251649649921e-12       2.749886274935e-13      -6.556582433813e-16 
  210       7.663415818982e-10       9.769347172100e-14      -2.529858849674e-13       2.019700183220e-15       1.233727773218e-12       2.714540175182e-13      -6.055576564510e-16 
  211       7.671718591801e-10       9.899304567100e-14      -5.656633198470e-14       2.040910142474e-15       1.216120669858e-12       2.679619690471e-13      -5.560085093062e-16 
  212       7.679186743757e-10       1.004605294723e-13       1.420595146044e-13       2.062204218185e-15       1.198809371293e-12       2.645133705436e-13      -5.070965891031e-16 
  213       7.685816684524e-10       1.021014317004e-13       3.428093208725e-13       2.083580160620e-15       1.181777399919e-12       2.611090102943e-13      -4.588943328190e-16 
  214       7.691606519985e-10       1.039200052403e-13       5.456153522198e-13       2.105035954618e-15       1.165022190638e-12       2.577494322581e-13      -4.114129026821e-16 
  215       7.696554958917e-10       1.059201966418e-13       7.504120458829e-13       2.126569610537e-15       1.148544408040e-12       2.544350683634e-13      -3.646469140482e-16 
  216       7.700660940787e-10       1.081059705578e-13       9.571317489810e-13       2.148179092505e-15       1.132344288815e-12       2.511662829446e-13      -3.185897164441e-16 
  217       7.703923638264e-10       1.104813094701e-13       1.165704699441e-12       2.169862318033e-15       1.116421634513e-12       2.479433715262e-13      -2.732333738048e-16 
  218       7.706342459710e-10       1.130502134153e-13       1.376059006925e-12       2.191617157621e-15       1.100775804316e-12       2.447665596052e-13      -2.285686447108e-16 
  219       7.707917051693e-10       1.158166997107e-13       1.588120633749e-12       2.213441434369e-15       1.085405707796e-12       2.416360014354e-13      -1.845849626256e-16 
  220       7.708647301478e-10       1.187848026804e-13       1.801813375815e-12       2.235332923582e-15       1.070309797686e-12       2.385517788103e-13      -1.412704161330e-16 
  221       7.708533339537e-10       1.219585733810e-13       2.017058843534e-12       2.257289352381e-15       1.055486062644e-12       2.355138998464e-13      -9.861172917431e-17 
  222       7.707575542047e-10       1.253420793276e-13       2.233776442746e-12       2.279308399313e-15       1.040932020019e-12       2.325222977671e-13      -5.659424128586e-17 
  223       7.705774533392e-10       1.289394042199e-13       2.451883355653e-12       2.301387693955e-15       1.026644708616e-12       2.295768296857e-13      -1.520188783633e-17 
  224       7.703131188665e-10       1.327546476676e-13       2.671294521738e-12       2.323524816528e-15       1.012620681461e-12       2.266772753888e-13       2.558281973595e-17 
  225       7.699646636172e-10       1.367919249171e-13       2.891922618693e-12       2.345717297499e-15       9.988559985687e-13       2.238233361198e-13       6.577881368559e-17 
  226       7.695322259929e-10       1.410553665766e-13       3.113678043343e-12       2.367962617196e-15       9.853462197064e-13       2.210146333624e-13       1.054064897228e-16 
  227       7.690159702169e-10       1.455491183428e-13       3.336468892571e-12       2.390258205415e-15       9.720863971601e-13       2.182507076240e-13       1.444877267762e-16 
  228       7.684160865841e-10       1.502773407261e-13       3.560200944242e-12       2.412601441023e-15       9.590710685001e-13       2.155310172186e-13       1.830459067551e-16 
  229       7.677327917112e-10       1.552442087770e-13       3.784777638130e-12       2.434989651575e-15       9.462942493466e-13       2.128549370510e-13       2.211059343126e-16 
  230       7.669663287870e-10       1.604539118119e-13       4.010100056844e-12       2.457420112916e-15       9.337494261353e-13       2.102217573995e-13       2.586942566077e-16 
  231       7.661169678223e-10       1.659106531389e-13       4.236066906749e-12       2.479890048793e-15       9.214295488830e-13       2.076306826998e-13       2.958388830687e-16 
  232       7.651850059006e-10       1.716186497840e-13       4.462574498893e-12       2.502396630463e-15       9.093270239534e-13       2.050808303279e-13       3.325694051550e-16 
  233       7.641707674276e-10       1.775821322167e-13       4.689516729933e-12       2.524936976300e-15       8.974337068223e-13       2.025712293841e-13       3.689170161203e-16 
  234       7.630746043820e-10       1.838053440760e-13       4.916785063060e-12       2.547508151404e-15       8.857408948436e-13       2.001008194759e-13       4.049145307753e-16 
  235       7.618968965653e-10       1.902925418965e-13       5.144268508922e-12       2.570107167214e-15       8.742393200146e-13       1.976684495015e-13       4.405964052498e-16 
  236       7.606380518522e-10       1.970479948342e-13       5.371853606550e-12       2.592730981107e-15       8.629191417419e-13       1.952728764334e-13       4.759987567560e-16 
  237       7.592985064406e-10       2.040759843923e-13       5.599424404285e-12       2.615376496016e-15       8.517699396069e-13       1.929127641017e-13       5.111593833506e-16 
  238       7.578787200202e-10       2.113804134426e-13       5.826869099666e-12       2.638040716211e-15       8.407827188092e-13       1.905869034573e-13       5.461093245992e-16 
  239       7.563791604371e-10       2.189636075706e-13       6.054100444916e-12       2.660721225931e-15       8.299560762733e-13       1.882948906847e-13       5.808469353641e-16 
  240       7.548003185851e-10       2.268274405801e-13       6.281036540700e-12       2.683415738990e-15       8.192903940758e-13       1.860364878123e-13       6.153622796440e-16 
  241       7.531427136422e-10       2.349737175745e-13       6.507594283341e-12       2.706121945151e-15       8.087858573929e-13       1.838114041819e-13       6.496454503124e-16 
  242       7.514068933101e-10       2.434041738580e-13       6.733689359797e-12       2.728837510055e-15       7.984424515126e-13       1.816192956996e-13       6.836865710349e-16 
  243       7.495934340536e-10       2.521204738379e-13       6.959236242632e-12       2.751560075169e-15       7.882599588459e-13       1.794597640863e-13       7.174757981860e-16 
  244       7.477029413399e-10       2.611242099258e-13       7.184148184988e-12       2.774287257715e-15       7.782379559386e-13       1.773323561282e-13       7.510033227662e-16 
  245       7.457360498784e-10       2.704169014395e-13       7.408337215561e-12       2.797016650617e-15       7.683758104826e-13       1.752365629276e-13       7.842593723193e-16 
  246       7.436934238598e-10       2.799999935048e-13       7.631714133570e-12       2.819745822431e-15       7.586726783281e-13       1.731718191537e-13       8.172342128491e-16 
  247       7.415757571958e-10       2.898748559567e-13       7.854188503733e-12       2.842472317288e-15       7.491275004945e-13       1.711375022928e-13       8.499181507370e-16 
  248       7.393837737584e-10       3.000427822416e-13       8.075668651239e-12       2.865193654829e-15       7.397390001826e-13       1.691329318993e-13       8.823015346585e-16 
  249       7.371182276195e-10       3.105049883189e-13       8.296061656721e-12       2.887907330145e-15       7.305056797860e-13       1.671573688463e-13       9.143747575007e-16 
  250       7.347799032902e-10       3.212626115622e-13       8.515273351230e-12       2.910610813717e-15       7.214258179027e-13       1.652100145761e-13       9.461282582792e-16 
  251       7.323696159606e-10       3.323167096615e-13       8.733208311204e-12       2.933301551347e-15       7.124974663466e-13       1.632900103509e-13       9.775525240551e-16 
  252       7.298882117389e-10       3.436682595249e-13       8.949769853448e-12       2.955976964103e-15       7.037184471593e-13       1.613964365034e-13       1.008638091852e-15 
  253       7.273365678908e-10       3.553181561797e-13       9.164860030100e-12       2.978634448256e-15       6.950863496217e-13       1.595283116875e-13       1.039375550574e-15 
  254       7.247155930795e-10       3.672672116748e-13       9.378379623608e-12       3.001271375213e-15       6.865985272655e-13       1.576845921291e-13       1.069755542922e-15 
  255       7.220262276044e-10       3.795161539818e-13       9.590228141701e-12       3.023885091460e-15       6.782520948850e-13       1.558641708762e-13       1.099768767309e-15 
  256       7.192694436414e-10       3.920656258971e-13       9.800303812363e-12       3.046472918500e-15       6.700439255484e-13       1.540658770503e-13       1.129405979781e-15 
  257       7.164462454816e-10       4.049161839432e-13       1.000850357881e-11       3.069032152789e-15       6.619706476098e-13       1.522884750964e-13       1.158657995932e-15 
  258       7.135576697712e-10       4.180682972707e-13       1.021472309444e-11       3.091560065672e-15       6.540286417205e-13       1.505306640339e-13       1.187515692819e-15 
  259       7.106047857509e-10       4.315223465598e-13       1.041885671786e-11       3.114053903327e-15       6.462140378408e-13       1.487910767072e-13       1.215970010885e-15 
  260       7.075886954952e-10       4.452786229221e-13       1.062079750780e-11       3.136510886697e-15       6.385227122515e-13       1.470682790364e-13       1.244011955868e-15 
  261       7.045105341522e-10       4.593373268021e-13       1.082043721810e-11       3.158928211433e-15       6.309502845656e-13       1.453607692679e-13       1.271632600725e-15 
  262       7.013714701824e-10       4.736985668791e-13       1.101766629271e-11       3.181303047828e-15       6.234921147398e-13       1.436669772250e-13       1.298823087545e-15 
  263       6.981727055991e-10       4.883623589686e-13       1.121237386065e-11       3.203632540757e-15       6.161433000864e-13       1.419852635585e-13       1.325574629470e-15 
  264       6.949154762069e-10       5.033286249243e-13       1.140444773096e-11       3.225913809615e-15       6.088986722845e-13       1.403139189976e-13       1.351878512608e-15 
  265       6.916010518421e-10       5.185971915395e-13       1.159377438771e-11       3.248143948255e-15       6.017527943919e-13       1.386511636001e-13       1.377726097949e-15 
  266       6.882306765245e-10       5.341675360657e-13       1.178024687151e-11       3.270320235705e-15       5.947009919648e-13       1.369955325543e-13       1.403110436817e-15 
  267       6.848053848235e-10       5.500380097237e-13       1.196378890863e-11       3.292440781131e-15       5.877425145958e-13       1.353470583328e-13       1.428031210413e-15 
  268       6.813261759866e-10       5.662065698903e-13       1.214433208237e-11       3.314503913776e-15       5.808775402409e-13       1.337061512743e-13       1.452490062228e-15 
  269       6.777940732654e-10       5.826710281659e-13       1.232180807275e-11       3.336507975630e-15       5.741061553333e-13       1.320732187171e-13       1.476489013285e-15 
  270       6.742101240537e-10       5.994290488483e-13       1.249614866476e-11       3.358451321718e-15       5.674283535424e-13       1.304486649021e-13       1.500030466784e-15 
  271       6.705754000254e-10       6.164781474063e-13       1.266728575671e-11       3.380332320400e-15       5.608440345322e-13       1.288328908775e-13       1.523117212743e-15 
  272       6.668909972725e-10       6.338156889528e-13       1.283515136851e-11       3.402149353659e-15       5.543530027208e-13       1.272262944018e-13       1.545752432642e-15 
  273       6.631580364428e-10       6.514388867192e-13       1.299967764993e-11       3.423900817403e-15       5.479549660389e-13       1.256292698478e-13       1.567939704068e-15 
  274       6.593776628782e-10       6.693448005280e-13       1.316079688897e-11       3.445585121750e-15       5.416495346885e-13       1.240422081066e-13       1.589683005357e-15 
  275       6.555510467523e-10       6.875303352672e-13       1.331844152010e-11       3.467200691333e-15       5.354362199024e-13       1.224654964910e-13       1.610986720236e-15 
  276       6.516793832086e-10       7.059922393632e-13       1.347254413257e-11       3.488745965581e-15       5.293144327021e-13       1.208995186395e-13       1.631855642469e-15 
  277       6.477638924983e-10       7.247271032547e-13       1.362303747874e-11       3.510219399026e-15       5.232834826576e-13       1.193446544200e-13       1.652294980499e-15 
  278       6.438058201180e-10       7.437313578664e-13       1.376985448234e-11       3.531619461589e-15       5.173425766458e-13       1.178012798336e-13       1.672310362090e-15 
  279       6.398064369484e-10       7.630012730820e-13       1.391292824679e-11       3.552944638877e-15       5.114908176093e-13       1.162697669180e-13       1.691907838973e-15 
  280       6.357670393912e-10       7.825329562183e-13       1.405219206347e-11       3.574193432476e-15       5.057272033154e-13       1.147504836521e-13       1.711093891489e-15 
  281       6.316889495079e-10       8.023223504985e-13       1.418757942007e-11       3.595364360246e-15       5.000506251151e-13       1.132437938586e-13       1.729875433228e-15 
  282       6.275735151574e-10       8.223652335260e-13       1.431902400883e-11       3.616455956617e-15       4.944598667017e-13       1.117500571090e-13       1.748259815678e-15 
  283       6.234221101337e-10       8.426572157575e-13       1.444645973490e-11       3.637466772878e-15       4.889536028696e-13       1.102696286264e-13       1.766254832865e-15 
  284       6.192361343043e-10       8.631937389771e-13       1.456982072456e-11       3.658395377477e-15       4.835303982736e-13       1.088028591896e-13       1.783868725999e-15 
  285       6.150170137479e-10       8.839700747692e-13       1.468904133360e-11       3.679240356311e-15       4.781887061874e-13       1.073500950371e-13       1.801110188113e-15 
  286       6.107662008922e-10       9.049813229930e-13       1.480405615557e-11       3.700000313022e-15       4.729268672625e-13       1.059116777705e-13       1.817988368711e-15 
  287       6.064851746523e-10       9.262224102550e-13       1.491480003007e-11       3.720673869292e-15       4.677431082872e-13       1.044879442583e-13       1.834512878408e-15 
  288       6.021754405679e-10       9.476880883833e-13       1.502120805110e-11       3.741259665134e-15       4.626355409453e-13       1.030792265400e-13       1.850693793575e-15 
  289       5.978385309421e-10       9.693729329010e-13       1.512321557530e-11       3.761756359190e-15       4.576021605750e-13       1.016858517295e-13       1.866541660982e-15 
  290       5.934760049786e-10       9.912713414994e-13       1.522075823029e-11       3.782162629021e-15       4.526408449279e-13       1.003081419188e-13       1.882067502440e-15 
  291       5.890894489200e-10       1.013377532512e-12       1.531377192293e-11       3.802477171405e-15       4.477493529278e-13       9.894641408237e-14       1.897282819447e-15 
  292       5.846804761859e-10       1.035685543388e-12       1.540219284767e-11       3.822698702630e-15       4.429253234293e-13       9.760097998010e-14       1.912199597829e-15 
  293       5.802507275103e-10       1.058189229166e-12       1.548595749479e-11       3.842825958786e-15       4.381662739770e-13       9.627214606163e-14       1.926830312385e-15 
  294       5.758018710800e-10       1.080882260946e-12       1.556500265875e-11       3.862857696064e-15       4.334695995644e-13       9.496021336990e-14       1.941187931528e-15 
  295       5.713356026724e-10       1.103758124366e-12       1.563926544646e-11       3.882792691043e-15       4.288325713924e-13       9.366547744492e-14       1.955285921931e-15 
  296       5.668536457934e-10       1.126810118072e-12       1.570868328557e-11       3.902629740990e-15       4.242523356285e-13       9.238822822757e-14       1.969138253168e-15 
  297       5.623576472947e-10       1.150031537296e-12       1.577320039186e-11       3.922367827890e-15       4.197264501217e-13       9.112869200680e-14       1.982756317602e-15 
  298       5.578488583182e-10       1.173416237600e-12       1.583278750276e-11       3.942006618757e-15       4.152545260125e-13       8.988685433145e-14       1.996139514575e-15 
  299       5.533284380791e-10       1.196958095613e-12       1.588742312123e-11       3.961545990269e-15       4.108366636659e-13       8.866262828443e-14       2.009284216617e-15 
  300       5.487975569823e-10       1.220650825132e-12       1.593708716035e-11       3.980985867740e-15       4.064729214128e-13       8.745591148783e-14       2.022186813336e-15 
  301       5.442573966183e-10       1.244487975853e-12       1.598176096035e-11       4.000326225634e-15       4.021633150375e-13       8.626658592808e-14       2.034843711872e-15 
  302       5.397091497601e-10       1.268462932089e-12       1.602142730566e-11       4.019567088085e-15       3.979078172667e-13       8.509451778116e-14       2.047251337358e-15 
  303       5.351540203585e-10       1.292568911498e-12       1.605607044199e-11       4.038708529410e-15       3.937063572569e-13       8.393955723775e-14       2.059406133387e-15 
  304       5.305932235393e-10       1.316798963808e-12       1.608567609335e-11       4.057750674626e-15       3.895588200834e-13       8.280153832843e-14       2.071304562466e-15 
  305       5.260279855987e-10       1.341145969538e-12       1.611023147916e-11       4.076693699968e-15       3.854650462281e-13       8.168027874887e-14       2.082943106481e-15 
  306       5.214595440000e-10       1.365602638726e-12       1.612972533125e-11       4.095537833404e-15       3.814248310680e-13       8.057557968497e-14       2.094318267157e-15 
  307       5.168891473697e-10       1.390161509653e-12       1.614414791093e-11       4.114283355148e-15       3.774379243633e-13       7.948722563810e-14       2.105426566517e-15 
  308       5.123180554937e-10       1.414814947566e-12       1.615349102607e-11       4.132930598183e-15       3.735040297454e-13       7.841498425025e-14       2.116264547345e-15 
  309       5.077475393136e-10       1.439555143403e-12       1.615774804814e-11       4.151479948771e-15       3.696228042058e-13       7.735860612920e-14       2.126828773646e-15 
  310       5.031788809228e-10       1.464374112518e-12       1.615691392926e-11       4.169931846971e-15       3.657938575836e-13       7.631782467372e-14       2.137115831109e-15 
  311       4.986133735627e-10       1.489263693406e-12       1.615098521926e-11       4.188286787156e-15       3.620167520544e-13       7.529235589875e-14       2.147122327564e-15 
  312       4.940523216193e-10       1.514215546428e-12       1.613996008274e-11       4.206545318529e-15       3.582910016181e-13       7.428189826059e-14       2.156844893446e-15 
  313       4.894970406188e-10       1.539221152531e-12       1.612383831613e-11       4.224708045639e-15       3.546160715873e-13       7.328613248205e-14       2.166280182253e-15 
  314       4.849488572243e-10       1.564271811980e-12       1.610262136472e-11       4.242775628896e-15       3.509913780755e-13       7.230472137767e-14       2.175424871011e-15 
  315       4.804091092320e-10       1.589358643075e-12       1.607631233976e-11       4.260748785089e-15       3.474162874854e-13       7.133730967887e-14       2.184275660731e-15 
  316       4.758791455672e-10       1.614472580882e-12       1.604491603547e-11       4.278628287901e-15       3.438901159971e-13       7.038352385916e-14       2.192829276872e-15 
  317       4.713603262807e-10       1.639604375953e-12       1.600843894611e-11       4.296414968425e-15       3.404121290565e-13       6.944297195928e-14       2.201082469802e-15 
  318       4.668540225447e-10       1.664744593051e-12       1.596688928306e-11       4.314109715682e-15       3.369815408633e-13       6.851524341243e-14       2.209032015257e-15 
  319       4.623616166496e-10       1.689883609879e-12       1.592027699186e-11       4.331713477133e-15       3.335975138592e-13       6.759990886944e-14       2.216674714803e-15 
  320       4.578845019999e-10       1.715011615798e-12       1.586861376924e-11       4.349227259201e-15       3.302591582166e-13       6.669652002391e-14       2.224007396299e-15 
  321       4.534240831101e-10       1.740118610555e-12       1.581191308023e-11       4.366652127782e-15       3.269655313264e-13       6.580460943746e-14       2.231026914352e-15 
  322       4.489817756015e-10       1.765194403009e-12       1.575019017514e-11       4.383989208763e-15       3.237156372863e-13       6.492369036483e-14       2.237730150786e-15 
  323       4.445590061983e-10       1.790228609852e-12       1.568346210671e-11       4.401239688541e-15       3.205084263893e-13       6.405325657914e-14       2.244114015097e-15 
  324       4.401572127234e-10       1.815210654336e-12       1.561174774708e-11       4.418404814533e-15       3.173427946117e-13       6.319278219703e-14       2.250175444913e-15 
  325       4.357778440951e-10       1.840129764996e-12       1.553506780490e-11       4.435485895698e-15       3.142175831014e-13       6.234172150384e-14       2.255911406461e-15 
  326       4.314223603231e-10       1.864974974377e-12       1.545344484236e-11       4.452484303051e-15       3.111315776661e-13       6.149950877882e-14       2.261318895023e-15 
  327       4.270922325048e-10       1.889735117755e-12       1.536690329226e-11       4.469401470176e-15       3.080835082619e-13       6.066555812027e-14       2.266394935396e-15 
  328       4.227889428214e-10       1.914398831863e-12       1.527546947506e-11       4.486238893749e-15       3.050720484809e-13       5.983926327075e-14       2.271136582359e-15 
  329       4.185139845344e-10       1.938954553619e-12       1.517917161591e-11       4.502998134048e-15       3.020958150399e-13       5.901999744226e-14       2.275540921127e-15 
  330       4.142688619815e-10       1.963390518843e-12       1.507803986176e-11       4.519680815471e-15       2.991533672687e-13       5.820711314142e-14       2.279605067815e-15 
  331       4.100550905730e-10       1.987694760988e-12       1.497210629838e-11       4.536288627054e-15       2.962432065981e-13       5.739994199465e-14       2.283326169900e-15 
  332       4.058740790315e-10       2.011855993781e-12       1.486140517487e-11       4.552823264425e-15       2.933640563841e-13       5.659793109596e-14       2.286702225475e-15 
  333       4.017267704437e-10       2.035866304286e-12       1.474597355311e-11       4.569286251816e-15       2.905157159144e-13       5.580105897951e-14       2.289734579558e-15 
  334       3.976139855371e-10       2.059718574869e-12       1.462585072005e-11       4.585679113294e-15       2.876982426683e-13       5.500943745746e-14       2.292425537623e-15 
  335       3.935365388929e-10       2.083405609562e-12       1.450107799997e-11       4.602003431071e-15       2.849116751359e-13       5.422317670818e-14       2.294777557972e-15 
  336       3.894952388140e-10       2.106920133749e-12       1.437169877179e-11       4.618260845958e-15       2.821560326100e-13       5.344238524959e-14       2.296793253083e-15 
  337       3.854908871937e-10       2.130254793846e-12       1.423775848638e-11       4.634453057817e-15       2.794313149793e-13       5.266716991254e-14       2.298475390965e-15 
  338       3.815242793840e-10       2.153402156993e-12       1.409930468378e-11       4.650581826012e-15       2.767375025206e-13       5.189763581418e-14       2.299826896501e-15 
  339       3.775962040641e-10       2.176354710729e-12       1.395638701053e-11       4.666648969865e-15       2.740745556914e-13       5.113388633133e-14       2.300850852803e-15 
  340       3.737074431085e-10       2.199104862681e-12       1.380905723692e-11       4.682656369106e-15       2.714424149222e-13       5.037602307383e-14       2.301550502560e-15 
  341       3.698587714559e-10       2.221644940249e-12       1.365736927431e-11       4.698605964324e-15       2.688410004094e-13       4.962414585789e-14       2.301929249387e-15 
  342       3.660509569771e-10       2.243967190286e-12       1.350137919235e-11       4.714499757424e-15       2.662702119077e-13       4.887835267951e-14       2.301990659173e-15 
  343       3.622847603439e-10       2.266063778783e-12       1.334114523632e-11       4.730339812077e-15       2.637299285224e-13       4.813873968782e-14       2.301738461435e-15 
  344       3.585609348970e-10       2.287926790557e-12       1.317672784437e-11       4.746128254173e-15       2.612200085024e-13       4.740540115842e-14       2.301176550663e-15 
  345       3.548802265149e-10       2.309548228927e-12       1.300818966485e-11       4.761867272273e-15       2.587402890321e-13       4.667842946678e-14       2.300308987674e-15 
  346       3.512433734819e-10       2.330920015408e-12       1.283559557352e-11       4.777559118062e-15       2.562905860245e-13       4.595791506160e-14       2.299140000957e-15 
  347       3.476511063569e-10       2.352033989385e-12       1.265901269089e-11       4.793206106803e-15       2.538706939133e-13       4.524394643815e-14       2.297673988026e-15 
  348       3.441041478412e-10       2.372881907806e-12       1.247851039948e-11       4.808810617786e-15       2.514803854459e-13       4.453661011170e-14       2.295915516770e-15 
  349       3.406032126478e-10       2.393455444856e-12       1.229416036109e-11       4.824375094784e-15       2.491194114753e-13       4.383599059080e-14       2.293869326797e-15 
  350       3.371490073689e-10       2.413746191652e-12       1.210603653412e-11       4.839902046506e-15       2.467875007534e-13       4.314217035071e-14       2.291540330794e-15 
  351       3.337422303450e-10       2.433745655918e-12       1.191421519078e-11       4.855394047046e-15       2.444843597226e-13       4.245522980676e-14       2.288933615865e-15 
  352       3.303835715328e-10       2.453445261674e-12       1.171877493446e-11       4.870853736339e-15       2.422096723093e-13       4.177524728769e-14       2.286054444888e-15 
  353       3.270737123741e-10       2.472836348917e-12       1.151979671694e-11       4.886283820611e-15       2.399630997156e-13       4.110229900901e-14       2.282908257864e-15 
  354       3.238133256635e-10       2.491910173307e-12       1.131736385569e-11       4.901687072834e-15       2.377442802124e-13       4.043645904643e-14       2.279500673263e-15 
  355       3.206030754178e-10       2.510657905851e-12       1.111156205118e-11       4.917066333176e-15       2.355528289317e-13       3.977779930914e-14       2.275837489377e-15 
  356       3.174436167435e-10       2.529070632584e-12       1.090247940412e-11       4.932424509457e-15       2.333883376589e-13       3.912638951324e-14       2.271924685670e-15 
  357       3.143355957056e-10       2.547139354257e-12       1.069020643277e-11       4.947764577598e-15       2.312503746260e-13       3.848229715509e-14       2.267768424124e-15 
  358       3.112796491961e-10       2.564854986019e-12       1.047483609020e-11       4.963089582076e-15       2.291384843033e-13       3.784558748467e-14       2.263375050591e-15 
  359       3.082764048022e-10       2.582208357099e-12       1.025646378158e-11       4.978402636375e-15       2.270521871925e-13       3.721632347892e-14       2.258751096144e-15 
  360       3.053264806749e-10       2.599190210494e-12       1.003518738148e-11       4.993706923440e-15       2.249909796190e-13       3.659456581517e-14       2.253903278423e-15 
  361       3.024304853970e-10       2.615791202651e-12       9.811107251105e-12       5.009005696129e-15       2.229543335245e-13       3.598037284445e-14       2.248838502988e-15 
  362       2.995890178522e-10       2.632001903149e-12       9.584326255631e-12       5.024302277666e-15       2.209416962596e-13       3.537380056488e-14       2.243563864667e-15 
  363       2.968026670928e-10       2.647812794386e-12       9.354949781443e-12       5.039600062092e-15       2.189524903761e-13       3.477490259504e-14       2.238086648906e-15 
  364       2.940720122087e-10       2.663214271262e-12       9.123085753433e-12       5.054902514719e-15       2.169861134196e-13       3.418373014733e-14       2.232414333118e-15 
  365       2.913976221954e-10       2.678196640862e-12       8.888844652281e-12       5.070213172584e-15       2.150419377222e-13       3.360033200131e-14       2.226554588034e-15 
  366       2.887800558223e-10       2.692750122141e-12       8.652339531734e-12       5.085535644897e-15       2.131193101950e-13       3.302475447713e-14       2.220515279051e-15 
  367       2.862198615019e-10       2.706864845607e-12       8.413686035888e-12       5.100873613499e-15       2.112175521204e-13       3.245704140884e-14       2.214304467582e-15 
  368       2.837175771571e-10       2.720530853006e-12       8.173002416468e-12       5.116230833311e-15       2.093359589448e-13       3.189723411777e-14       2.207930412406e-15 
  369       2.812737300905e-10       2.733738097005e-12       7.930409550108e-12       5.131611132788e-15       2.074738000711e-13       3.134537138590e-14       2.201401571021e-15 
  370       2.788888368523e-10       2.746476440877e-12       7.686030955633e-12       5.147018414372e-15       2.056303186513e-13       3.080148942924e-14       2.194726600984e-15 
  371       2.765633458060e-10       2.758736927671e-12       7.439983861424e-12       5.162456297090e-15       2.038048690384e-13       3.026561153926e-14       2.187913010865e-15 
  372       2.742974626155e-10       2.770515643098e-12       7.192351986966e-12       5.177927028025e-15       2.019973354951e-13       2.973771661487e-14       2.180963052121e-15 
  373       2.720913176763e-10       2.781810003070e-12       6.943211730913e-12       5.193432529173e-15       2.002077294502e-13       2.921776934780e-14       2.173877669232e-15 
  374       2.699450226216e-10       2.792617498631e-12       6.692641034400e-12       5.208974751590e-15       1.984360532296e-13       2.870573040793e-14       2.166657835783e-15 
  375       2.678586701410e-10       2.802935696746e-12       6.440719390538e-12       5.224555675537e-15       1.966822999688e-13       2.820155640771e-14       2.159304554638e-15 
  376       2.658323337989e-10       2.812762241087e-12       6.187527853916e-12       5.240177310619e-15       1.949464535246e-13       2.770519986647e-14       2.151818858114e-15 
  377       2.638660678533e-10       2.822094852824e-12       5.933149050102e-12       5.255841695929e-15       1.932284883877e-13       2.721660917488e-14       2.144201808160e-15 
  378       2.619599070744e-10       2.830931331407e-12       5.677667185136e-12       5.271550900188e-15       1.915283695948e-13       2.673572855931e-14       2.136454496532e-15 
  379       2.601138665629e-10       2.839269555361e-12       5.421168055036e-12       5.287307021884e-15       1.898460526406e-13       2.626249804618e-14       2.128578044963e-15 
  380       2.583279415690e-10       2.847107483068e-12       5.163739055290e-12       5.303112189419e-15       1.881814833907e-13       2.579685342638e-14       2.120573605348e-15 
  381       2.566021073106e-10       2.854443153558e-12       4.905469190362e-12       5.318968561246e-15       1.865345979929e-13       2.533872621963e-14       2.112442359911e-15 
  382       2.549363187921e-10       2.861274687296e-12       4.646449083188e-12       5.334878326011e-15       1.849053227903e-13       2.488804363889e-14       2.104185521383e-15 
  383       2.533305106228e-10       2.867600286967e-12       4.386770984671e-12       5.350843702696e-15       1.832935742326e-13       2.444472855472e-14       2.095804333181e-15 
  384       2.517845968357e-10       2.873418238270e-12       4.126528783189e-12       5.366866940760e-15       1.816992587894e-13       2.400869945967e-14       2.087300069577e-15 
  385       2.502984707062e-10       2.878726910698e-12       3.865818014086e-12       5.382950320280e-15       1.801222728615e-13       2.357987043264e-14       2.078674035880e-15 
  386       2.488720045700e-10       2.883524758332e-12       3.604735869175e-12       5.399096152092e-15       1.785625026934e-13       2.315815110332e-14       2.069927568607e-15 
  387       2.475050496426e-10       2.887810320626e-12       3.343381206235e-12       5.415306777933e-15       1.770198242859e-13       2.274344661652e-14       2.061062035661e-15 
  388       2.461974358373e-10       2.891582223195e-12       3.081854558514e-12       5.431584570583e-15       1.754941033079e-13       2.233565759656e-14       2.052078836502e-15 
  389       2.449489715838e-10       2.894839178603e-12       2.820258144222e-12       5.447931934005e-15       1.739851950084e-13       2.193468011167e-14       2.042979402330e-15 
  390       2.437594436470e-10       2.897579987150e-12       2.558695876036e-12       5.464351303489e-15       1.724929441297e-13       2.154040563839e-14       2.033765196254e-15 
  391       2.426286169456e-10       2.899803537662e-12       2.297273370595e-12       5.480845145790e-15       1.710171848183e-13       2.115272102589e-14       2.024437713471e-15 
  392       2.415562343704e-10       2.901508808276e-12       2.036097958001e-12       5.497415959272e-15       1.695577405383e-13       2.077150846041e-14       2.014998481438e-15 
  393       2.405420166031e-10       2.902694867228e-12       1.775278691317e-12       5.514066274047e-15       1.681144239829e-13       2.039664542963e-14       2.005449060052e-15 
  394       2.395856619351e-10       2.903360873644e-12       1.514926356068e-12       5.530798652122e-15       1.666870369868e-13       2.002800468704e-14       1.995791041820e-15 
  395       2.386868460853e-10       2.903506078323e-12       1.255153479738e-12       5.547615687533e-15       1.652753704386e-13       1.966545421633e-14       1.986026052042e-15 
  396       2.378452220198e-10       2.903129824530e-12       9.960743412686e-13       5.564520006490e-15       1.638792041928e-13       1.930885719576e-14       1.976155748979e-15 
  397       2.370604197696e-10       2.902231548778e-12       7.378049805608e-13       5.581514267521e-15       1.624983069821e-13       1.895807196259e-14       1.966181824031e-15 
  398       2.363320462493e-10       2.900810781620e-12       4.804632079718e-13       5.598601161609e-15       1.611324363296e-13       1.861295197740e-14       1.956106001913e-15 
  399       2.356596850763e-10       2.898867148436e-12       2.241686138150e-13       5.615783412335e-15       1.597813384612e-13       1.827334578850e-14       1.945930040833e-15 
  400       2.350428963886e-10       2.896400370220e-12      -3.095742214134e-14       5.633063776021e-15       1.584447482174e-13       1.793909699633e-14       1.935655732663e-15 
  401       2.344812166638e-10       2.893410264366e-12      -2.847917211749e-13       5.650445041869e-15       1.571223889661e-13       1.761004421782e-14       1.925284903114e-15 
  402       2.339741585378e-10       2.889896745461e-12      -5.372092961100e-13       5.667930032105e-15       1.558139725143e-13       1.728602105077e-14       1.914819411918e-15 
  403       2.335212106230e-10       2.885859826066e-12      -7.880833418190e-13       5.685521602117e-15       1.545191990204e-13       1.696685603826e-14       1.904261152996e-15 
  404       2.331218373271e-10       2.881299617509e-12      -1.037285225723e-12       5.703222640601e-15       1.532377569070e-13       1.665237263301e-14       1.893612054638e-15 
  405       2.327754786718e-10       2.876216330672e-12      -1.284684478292e-12       5.721036069698e-15       1.519693227722e-13       1.634238916176e-14       1.882874079676e-15 
  406       2.324815501110e-10       2.870610276775e-12      -1.530148783548e-12       5.738964845138e-15       1.507135613026e-13       1.603671878966e-14       1.872049225662e-15 
  407       2.322394423500e-10       2.864481868169e-12      -1.773543969563e-12       5.757011956381e-15       1.494701251851e-13       1.573516948467e-14       1.861139525040e-15 
  408       2.320485211635e-10       2.857831619119e-12      -2.014733998962e-12       5.775180426759e-15       1.482386550192e-13       1.543754398191e-14       1.850147045327e-15 
  409       2.319081272143e-10       2.850660146596e-12      -2.253580959424e-12       5.793473313615e-15       1.470187792293e-13       1.514363974808e-14       1.839073889280e-15 
  410       2.318176199383e-10       2.842968848257e-12      -2.489959235616e-12       5.811893258471e-15       1.458101792295e-13       1.485328599208e-14       1.827921982373e-15 
  411       2.317765112810e-10       2.834761961252e-12      -2.723798597417e-12       5.830441119672e-15       1.446127876403e-13       1.456645621403e-14       1.816692426542e-15 
  412       2.317843363413e-10       2.826044577884e-12      -2.955042619148e-12       5.849117291590e-15       1.434265969200e-13       1.428315957262e-14       1.805386123894e-15 
  413       2.318406095834e-10       2.816821976269e-12      -3.183634636595e-12       5.867922150047e-15       1.422515947050e-13       1.400340418967e-14       1.794003987368e-15 
  414       2.319448246869e-10       2.807099621605e-12      -3.409517747602e-12       5.886856052135e-15       1.410877637684e-13       1.372719714094e-14       1.782546940758e-15 
  415       2.320964543970e-10       2.796883167441e-12      -3.632634812675e-12       5.905919336037e-15       1.399350819791e-13       1.345454444686e-14       1.771015918738e-15 
  416       2.322949503738e-10       2.786178456947e-12      -3.852928455581e-12       5.925112320849e-15       1.387935222599e-13       1.318545106331e-14       1.759411866889e-15 
  417       2.325397430431e-10       2.774991524185e-12      -4.070341063946e-12       5.944435306401e-15       1.376630525467e-13       1.291992087236e-14       1.747735741716e-15 
  418       2.328302414458e-10       2.763328595378e-12      -4.284814789858e-12       5.963888573078e-15       1.365436357468e-13       1.265795667307e-14       1.735988510681e-15 
  419       2.331658330878e-10       2.751196090183e-12      -4.496291550465e-12       5.983472381639e-15       1.354352296979e-13       1.239956017225e-14       1.724171152218e-15 
  420       2.335458837907e-10       2.738600622955e-12      -4.704713028575e-12       6.003186973041e-15       1.343377871267e-13       1.214473197519e-14       1.712284655764e-15 
  421       2.339697375407e-10       2.725549004024e-12      -4.910020673256e-12       6.023032568258e-15       1.332512556073e-13       1.189347157644e-14       1.700330021779e-15 
  422       2.344367163395e-10       2.712048240959e-12      -5.112155700435e-12       6.043009368103e-15       1.321755775203e-13       1.164577735062e-14       1.688308261770e-15 
  423       2.349461200537e-10       2.698105539841e-12      -5.311059093501e-12       6.063117553049e-15       1.311106900114e-13       1.140164654310e-14       1.676220398318e-15 
  424       2.354972262649e-10       2.683728306535e-12      -5.506671603900e-12       6.083357283048e-15       1.300565249499e-13       1.116107526085e-14       1.664067465100e-15 
  425       2.360892901199e-10       2.668924147955e-12      -5.698933751740e-12       6.103728697355e-15       1.290130088874e-13       1.092405846313e-14       1.651850506911e-15 
  426       2.367215441803e-10       2.653700873337e-12      -5.887785826387e-12       6.124231914348e-15       1.279800630168e-13       1.069058995231e-14       1.639570579693e-15 
  427       2.373931982727e-10       2.638066495509e-12      -6.073167887067e-12       6.144867031348e-15       1.269576031307e-13       1.046066236460e-14       1.627228750554e-15 
  428       2.381034393386e-10       2.622029232160e-12      -6.255019763463e-12       6.165634124440e-15       1.259455395801e-13       1.023426716083e-14       1.614826097794e-15 
  429       2.388514312844e-10       2.605597507112e-12      -6.433281056321e-12       6.186533248295e-15       1.249437772333e-13       1.001139461723e-14       1.602363710930e-15 
  430       2.396363148313e-10       2.588779951587e-12      -6.607891138043e-12       6.207564435993e-15       1.239522154342e-13       9.792033816154e-15       1.589842690718e-15 
  431       2.404572073651e-10       2.571585405479e-12      -6.778789153290e-12       6.228727698837e-15       1.229707479614e-13       9.576172636869e-15       1.577264149179e-15 
  432       2.413132027867e-10       2.554022918625e-12      -6.945914019583e-12       6.250023026182e-15       1.219992629868e-13       9.363797746324e-15       1.564629209621e-15 
  433       2.422033713616e-10       2.536101752071e-12      -7.109204427900e-12       6.271450385253e-15       1.210376430341e-13       9.154894589903e-15       1.551939006665e-15 
  434       2.431267595698e-10       2.517831379346e-12      -7.268598843278e-12       6.293009720964e-15       1.200857649376e-13       8.949447382195e-15       1.539194686266e-15 
  435       2.440823899561e-10       2.499221487731e-12      -7.424035505412e-12       6.314700955740e-15       1.191434998009e-13       8.747439097758e-15       1.526397405741e-15 
  436       2.450692609800e-10       2.480281979528e-12      -7.575452429257e-12       6.336523989342e-15       1.182107129556e-13       8.548851461878e-15       1.513548333789e-15 
  437       2.460863468655e-10       2.461022973330e-12      -7.722787405623e-12       6.358478698681e-15       1.172872639199e-13       8.353664941343e-15       1.500648650518e-15 
  438       2.471325974511e-10       2.441454805293e-12      -7.865978001780e-12       6.380564937645e-15       1.163730063575e-13       8.161858735197e-15       1.487699547467e-15 
  439       2.482069380397e-10       2.421588030403e-12      -8.004961562056e-12       6.402782536916e-15       1.154677880361e-13       7.973410765513e-15       1.474702227633e-15 
  440       2.493082692490e-10       2.401433423749e-12      -8.139675208434e-12       6.425131303794e-15       1.145714507860e-13       7.788297668151e-15       1.461657905490e-15 
  441       2.504354668609e-10       2.381001981790e-12      -8.270055841158e-12       6.447611022017e-15       1.136838304590e-13       7.606494783529e-15       1.448567807016e-15 
  442       2.515873816717e-10       2.360304923628e-12      -8.396040139327e-12       6.470221451581e-15       1.128047568871e-13       7.427976147378e-15       1.435433169719e-15 
  443       2.527628393422e-10       2.339353692276e-12      -8.517564561498e-12       6.492962328560e-15       1.119340538411e-13       7.252714481517e-15       1.422255242657e-15 
  444       2.539606402473e-10       2.318159955928e-12      -8.634565346285e-12       6.515833364932e-15       1.110715389891e-13       7.080681184610e-15       1.409035286464e-15 
  445       2.551795593264e-10       2.296735609230e-12      -8.746978512959e-12       6.538834248394e-15       1.102170238557e-13       6.911846322931e-15       1.395774573373e-15 
  446       2.564183459332e-10       2.275092774551e-12      -8.854739862048e-12       6.561964642188e-15       1.093703137800e-13       6.746178621134e-15       1.382474387241e-15 
  447       2.576757236853e-10       2.253243803248e-12      -8.957784975938e-12       6.585224184917e-15       1.085312078748e-13       6.583645453009e-15       1.369136023574e-15 
  448       2.589503903149e-10       2.231201276944e-12      -9.056049219469e-12       6.608612490370e-15       1.076994989854e-13       6.424212832254e-15       1.355760789549e-15 
  449       2.602411407139e-10       2.208977499520e-12      -9.149479172202e-12       6.632128917006e-15       1.068750089469e-13       6.267848315640e-15       1.342349968350e-15 
  450       2.615472407619e-10       2.186582952437e-12      -9.238067331370e-12       6.655771868552e-15       1.060576956983e-13       6.114529834777e-15       1.328904710863e-15 
  451       2.628680653039e-10       2.164027791915e-12      -9.321818533431e-12       6.679539470411e-15       1.052475495547e-13       5.964237132060e-15       1.315426140525e-15 
  452       2.642029759718e-10       2.141322354649e-12      -9.400738631299e-12       6.703429797641e-15       1.044445582014e-13       5.816948866617e-15       1.301915388693e-15 
  453       2.655513211068e-10       2.118477158776e-12      -9.474834501730e-12       6.727440874636e-15       1.036487066729e-13       5.672642606800e-15       1.288373594652e-15 
  454       2.669124356835e-10       2.095502904844e-12      -9.544114052715e-12       6.751570674814e-15       1.028599773334e-13       5.531294822685e-15       1.274801905615e-15 
  455       2.682856412322e-10       2.072410476779e-12      -9.608586230866e-12       6.775817120296e-15       1.020783498557e-13       5.392880878558e-15       1.261201476725e-15 
  456       2.696702457625e-10       2.049210942851e-12      -9.668261028806e-12       6.800178081594e-15       1.013038012015e-13       5.257375025419e-15       1.247573471060e-15 
  457       2.710655436862e-10       2.025915556644e-12      -9.723149492559e-12       6.824651377294e-15       1.005363056005e-13       5.124750393466e-15       1.233919059634e-15 
  458       2.724708157407e-10       2.002535758021e-12      -9.773263728941e-12       6.849234773741e-15       9.977583453054e-14       4.994978984597e-15       1.220239421401e-15 
  459       2.738853289117e-10       1.979083174094e-12      -9.818616912945e-12       6.873925984721e-15       9.902235669676e-14       4.868031664899e-15       1.206535743257e-15 
  460       2.753083363569e-10       1.955569620189e-12      -9.859223295134e-12       6.898722671150e-15       9.827583801167e-14       4.743878157146e-15       1.192809220044e-15 
  461       2.767390773286e-10       1.932007100818e-12      -9.895098209029e-12       6.923622440752e-15       9.753624157461e-14       4.622487033289e-15       1.179061054551e-15 
  462       2.781767770971e-10       1.908407810639e-12      -9.926258078497e-12       6.948622847747e-15       9.680352765143e-14       4.503825706953e-15       1.165292457517e-15 
  463       2.796206468739e-10       1.884784135431e-12      -9.952720425142e-12       6.973721392535e-15       9.607765365416e-14       4.387860425932e-15       1.151504647635e-15 
  464       2.810698837345e-10       1.861148653057e-12      -9.974503875695e-12       6.998915521379e-15       9.535857412063e-14       4.274556264679e-15       1.137698851556e-15 
  465       2.825236705420e-10       1.837514134435e-12      -9.991628169401e-12       7.024202626089e-15       9.464624069417e-14       4.163877116803e-15       1.123876303886e-15 
  466       2.839811758697e-10       1.813893544502e-12      -1.000411416541e-11       7.049580043709e-15       9.394060210323e-14       4.055785687563e-15       1.110038247197e-15 
  467       2.854415539248e-10       1.790300043183e-12      -1.001198385016e-11       7.075045056198e-15       9.324160414107e-14       3.950243486362e-15       1.096185932023e-15 
  468       2.869039444711e-10       1.766746986359e-12      -1.001526034478e-11       7.100594890116e-15       9.254918964534e-14       3.847210819240e-15       1.082320616867e-15 
  469       2.883674727523e-10       1.743247926835e-12      -1.001396791248e-11       7.126226716307e-15       9.186329847784e-14       3.746646781369e-15       1.068443568200e-15 
  470       2.898312494151e-10       1.719816615306e-12      -1.000813196590e-11       7.151937649583e-15       9.118386750406e-14       3.648509249548e-15       1.054556060468e-15 
  471       2.912943704323e-10       1.696467001325e-12      -9.997779074555e-12       7.177724748411e-15       9.051083057294e-14       3.552754874694e-15       1.040659376092e-15 
  472       2.927559170261e-10       1.673213234271e-12      -9.982936972203e-12       7.203585014595e-15       8.984411849643e-14       3.459339074339e-15       1.026754805471e-15 
  473       2.942149555910e-10       1.650069664317e-12      -9.963634564220e-12       7.229515392958e-15       8.918365902921e-14       3.368216025125e-15       1.012843646986e-15 
  474       2.956705376170e-10       1.627050843396e-12      -9.939901935003e-12       7.255512771031e-15       8.852937684833e-14       3.279338655293e-15       9.989272070016e-16 
  475       2.971216996130e-10       1.604171526170e-12      -9.911770355359e-12       7.281573978735e-15       8.788119353283e-14       3.192658637182e-15       9.850067998695e-16 
  476       2.985674630294e-10       1.581446670997e-12      -9.879272289890e-12       7.307695788064e-15       8.723902754343e-14       3.108126379722e-15       9.710837479309e-16 
  477       3.000068341817e-10       1.558891440898e-12      -9.842441404386e-12       7.333874912769e-15       8.660279420217e-14       3.025691020927e-15       9.571593815197e-16 
  478       3.014388041735e-10       1.536521204525e-12      -9.801312573213e-12       7.360108008046e-15       8.597240567208e-14       2.945300420390e-15       9.432350389647e-16 
  479       3.028623488195e-10       1.514351537129e-12      -9.755921886700e-12       7.386391670217e-15       8.534777093679e-14       2.866901151775e-15       9.293120665930e-16 
  480       3.042764285687e-10       1.492398221528e-12      -9.706306658531e-12       7.412722436413e-15       8.472879578023e-14       2.790438495315e-15       9.153918187322e-16 
  481       3.056799884276e-10       1.470677249072e-12      -9.652505433136e-12       7.439096784263e-15       8.411538276627e-14       2.715856430303e-15       9.014756577137e-16 
  482       3.070719578835e-10       1.449204820612e-12      -9.594557993073e-12       7.465511131573e-15       8.350743121836e-14       2.643097627587e-15       8.875649538751e-16 
  483       3.084512508271e-10       1.427997347470e-12      -9.532505366427e-12       7.491961836012e-15       8.290483719920e-14       2.572103442063e-15       8.736610855632e-16 
  484       3.098167654761e-10       1.407071452402e-12      -9.466389834191e-12       7.518445194800e-15       8.230749349038e-14       2.502813905173e-15       8.597654391368e-16 
  485       3.111673842982e-10       1.386443970569e-12      -9.396254937660e-12       7.544957444385e-15       8.171528957205e-14       2.435167717393e-15       8.458794089693e-16 
  486       3.125019739343e-10       1.366131950503e-12      -9.322145485819e-12       7.571494760133e-15       8.112811160256e-14       2.369102240733e-15       8.320043974518e-16 
  487       3.138193851213e-10       1.346152655074e-12      -9.244107562732e-12       7.598053256011e-15       8.054584239812e-14       2.304553491226e-15       8.181418149953e-16 
  488       3.151185947237e-10       1.326521936590e-12      -9.162190540358e-12       7.624629159339e-15       7.996838063031e-14       2.241467480658e-15       8.042930101736e-16 
  489       3.163991366397e-10       1.307249306840e-12      -9.076453167978e-12       7.651219341438e-15       7.939569908940e-14       2.179834628859e-15       7.904590578518e-16 
  490       3.176606835862e-10       1.288342722024e-12      -8.986957678816e-12       7.677820802174e-15       7.882778811744e-14       2.119656362258e-15       7.766409647486e-16 
  491       3.189029061469e-10       1.269810195481e-12      -8.893767809400e-12       7.704430496095e-15       7.826463653677e-14       2.060933855592e-15       7.628397386930e-16 
  492       3.201254727667e-10       1.251659797847e-12      -8.796948807961e-12       7.731045332203e-15       7.770623163933e-14       2.003668030111e-15       7.490563885927e-16 
  493       3.213280497463e-10       1.233899657197e-12      -8.696567442827e-12       7.757662173723e-15       7.715255917597e-14       1.947859551777e-15       7.352919244010e-16 
  494       3.225103012369e-10       1.216537959200e-12      -8.592692010822e-12       7.784277837878e-15       7.660360334580e-14       1.893508829463e-15       7.215473570853e-16 
  495       3.236718892347e-10       1.199582947268e-12      -8.485392345667e-12       7.810889095662e-15       7.605934678546e-14       1.840616013160e-15       7.078236985938e-16 
  496       3.248124735756e-10       1.183042922703e-12      -8.374739826371e-12       7.837492671608e-15       7.551977055847e-14       1.789180992172e-15       6.941219618241e-16 
  497       3.259317119295e-10       1.166926244853e-12      -8.260807385637e-12       7.864085243564e-15       7.498485414454e-14       1.739203393322e-15       6.804431605903e-16 
  498       3.270292597954e-10       1.151241331255e-12      -8.143669518252e-12       7.890663442465e-15       7.445457542890e-14       1.690682579148e-15       6.667883095905e-16 
  499       3.281047704956e-10       1.135996657790e-12      -8.023402289491e-12       7.917223852105e-15       7.392891069158e-14       1.643617646112e-15       6.531584243752e-16 
  500       3.291578951702e-10       1.121200758831e-12      -7.900083343511e-12       7.943763008905e-15       7.340783459677e-14       1.598007422794e-15       6.395545213140e-16 
  501       3.301882827722e-10       1.106862227391e-12      -7.773791911749e-12       7.970277401694e-15       7.289132018212e-14       1.553850468097e-15       6.259776175642e-16 
  502       3.311955800617e-10       1.092989715279e-12      -7.644608821321e-12       7.996763471472e-15       7.237933884806e-14       1.511145069445e-15       6.124287310376e-16 
  503       3.321794316004e-10       1.079591933243e-12      -7.512616503420e-12       8.023217611189e-15       7.187186034710e-14       1.469889240990e-15       5.989088803689e-16 
  504       3.331394797466e-10       1.066677651123e-12      -7.377899001711e-12       8.049636165513e-15       7.136885277319e-14       1.430080721807e-15       5.854190848826e-16 
  505       3.340753646494e-10       1.054255698002e-12      -7.240541980734e-12       8.076015430605e-15       7.087028255097e-14       1.391716974099e-15       5.719603645613e-16 
  506       3.349867242435e-10       1.042334962355e-12      -7.100632734294e-12       8.102351653890e-15       7.037611442518e-14       1.354795181397e-15       5.585337400132e-16 
  507       3.358731942439e-10       1.030924392198e-12      -6.958260193868e-12       8.128641033828e-15       6.988631144990e-14       1.319312246760e-15       5.451402324395e-16 
  508       3.367344081401e-10       1.020032995238e-12      -6.813514936995e-12       8.154879719689e-15       6.940083497788e-14       1.285264790981e-15       5.317808636023e-16 
  509       3.375699971912e-10       1.009669839025e-12      -6.666489195677e-12       8.181063811324e-15       6.891964464989e-14       1.252649150782e-15       5.184566557922e-16 
  510       3.383795904199e-10       9.998440510999e-13      -6.517276864776e-12       8.207189358935e-15       6.844269838404e-14       1.221461377019e-15       5.051686317957e-16 
  511       3.391628146078e-10       9.905648191456e-13      -6.365973510414e-12       8.233252362853e-15       6.796995236502e-14       1.191697232882e-15       4.919178148635e-16 
  512       3.399192942892e-10       9.818413911360e-13      -6.212676378368e-12       8.259248773303e-15       6.750136103354e-14       1.163352192096e-15       4.787052286773e-16 
  513       3.406486517466e-10       9.736830754864e-13      -6.057484402467e-12       8.285174490182e-15       6.703687707554e-14       1.136421437125e-15       4.655318973183e-16 
  514       3.413505070044e-10       9.660992412037e-13      -5.900498212994e-12       8.311025362827e-15       6.657645141156e-14       1.110899857368e-15       4.523988452342e-16 
  515       3.420244778241e-10       9.590993180360e-13      -5.741820145080e-12       8.336797189792e-15       6.612003318605e-14       1.086782047367e-15       4.393070972072e-16 
  516       3.426701796986e-10       9.526927966225e-13      -5.581554247103e-12       8.362485718615e-15       6.566756975670e-14       1.064062305000e-15       4.262576783214e-16 
  517       3.432872258470e-10       9.468892286437e-13      -5.419806289084e-12       8.388086645594e-15       6.521900668371e-14       1.042734629691e-15       4.132516139309e-16 
  518       3.438752272088e-10       9.416982269712e-13      -5.256683771090e-12       8.413595615559e-15       6.477428771918e-14       1.022792720605e-15       4.002899296270e-16 
  519       3.444337924392e-10       9.371294658177e-13      -5.092295931624e-12       8.439008221640e-15       6.433335479636e-14       1.004229974850e-15       3.873736512060e-16 
  520       3.449625279029e-10       9.331926808867e-13      -4.926753756030e-12       8.464320005047e-15       6.389614801901e-14       9.870394856810e-16       3.745038046370e-16 
  521       3.454610376691e-10       9.298976695229e-13      -4.760169984886e-12       8.489526454833e-15       6.346260565069e-14       9.712140407002e-16       3.616814160293e-16 
  522       3.459289235063e-10       9.272542908617e-13      -4.592659122403e-12       8.514623007674e-15       6.303266410412e-14       9.567461200565e-16       3.489075116003e-16 
  523       3.463657848764e-10       9.252724659794e-13      -4.424337444825e-12       8.539605047639e-15       6.260625793043e-14       9.436278946484e-16       3.361831176431e-16 
  524       3.467712189297e-10       9.239621780430e-13      -4.255323008823e-12       8.564467905957e-15       6.218331980856e-14       9.318512243248e-16       3.235092604938e-16 
  525       3.471448204990e-10       9.233334724603e-13      -4.085735659895e-12       8.589206860799e-15       6.176378053451e-14       9.214076560862e-16       3.108869664998e-16 
  526       3.474861820951e-10       9.233964570297e-13      -3.915697040763e-12       8.613817137042e-15       6.134756901067e-14       9.122884222858e-16       2.983172619870e-16 
  527       3.477949863828e-10       9.241595054437e-13      -3.745321943251e-12       8.638294394191e-15       6.093462350737e-14       9.044835729347e-16       2.858011866641e-16 
  528       3.480712864322e-10       9.256238129520e-13      -3.574692084302e-12       8.662636205414e-15       6.052492581091e-14       8.979793499244e-16       2.733398343077e-16 
  529       3.483152331967e-10       9.277886906451e-13      -3.403881622329e-12       8.686840618903e-15       6.011846799746e-14       8.927607367436e-16       2.609343131371e-16 
  530       3.485269837645e-10       9.306533478778e-13      -3.232965752886e-12       8.710905673403e-15       5.971524124036e-14       8.888123156486e-16       2.485857324526e-16 
  531       3.487067013936e-10       9.342168916440e-13      -3.062020713328e-12       8.734829398195e-15       5.931523580428e-14       8.861182654915e-16       2.362952026094e-16 
  532       3.488545555460e-10       9.384783259523e-13      -2.891123787481e-12       8.758609813081e-15       5.891844103944e-14       8.846623595477e-16       2.240638349904e-16 
  533       3.489707219223e-10       9.434365512010e-13      -2.720353310302e-12       8.782244928364e-15       5.852484537574e-14       8.844279633437e-16       2.118927419803e-16 
  534       3.490553824959e-10       9.490903635528e-13      -2.549788672545e-12       8.805732744832e-15       5.813443631698e-14       8.853980324853e-16       1.997830369387e-16 
  535       3.491087255478e-10       9.554384543107e-13      -2.379510325428e-12       8.829071253740e-15       5.774720043501e-14       8.875551104849e-16       1.877358341735e-16 
  536       3.491309457011e-10       9.624794092923e-13      -2.209599785292e-12       8.852258436796e-15       5.736312336393e-14       8.908813265895e-16       1.757522489146e-16 
  537       3.491222439551e-10       9.702117082056e-13      -2.040139638271e-12       8.875292266137e-15       5.698218979426e-14       8.953583936087e-16       1.638333972871e-16 
  538       3.490828277202e-10       9.786337240236e-13      -1.871213544956e-12       8.898170704319e-15       5.660438346711e-14       9.009676057423e-16       1.519803962849e-16 
  539       3.490129108520e-10       9.877437223599e-13      -1.702906245055e-12       8.920891704295e-15       5.622968716838e-14       9.076898364081e-16       1.401943637442e-16 
  540       3.489127136862e-10       9.975398608435e-13      -1.535303562062e-12       8.943453209402e-15       5.585808272290e-14       9.155055360700e-16       1.284764183166e-16 
  541       3.487824630726e-10       1.008020188494e-12      -1.368492407919e-12       8.965853153337e-15       5.548955098868e-14       9.243947300654e-16       1.168276794432e-16 
  542       3.486223924100e-10       1.019182645096e-12      -1.202560787685e-12       8.988089460148e-15       5.512407185099e-14       9.343370164331e-16       1.052492673274e-16 
  543       3.484327416805e-10       1.031025060577e-12      -1.037597804192e-12       9.010160044210e-15       5.476162421664e-14       9.453115637416e-16       9.374230290862e-17 
  544       3.482137574838e-10       1.043545154378e-12      -8.736936627206e-13       9.032062810212e-15       5.440218600809e-14       9.572971089160e-16       8.230790783578e-17 
  545       3.479656930720e-10       1.056740534833e-12      -7.109396756540e-13       9.053795653137e-15       5.404573415764e-14       9.702719550669e-16       7.094720444071e-17 
  546       3.476888083839e-10       1.070608698542e-12      -5.494282671495e-13       9.075356458246e-15       5.369224460165e-14       9.842139693171e-16       5.966131571162e-17 
  547       3.473833700796e-10       1.085147029744e-12      -3.892529778005e-13       9.096743101062e-15       5.334169227467e-14       9.991005806304e-16       4.845136526648e-17 
  548       3.470496515746e-10       1.100352799698e-12      -2.305084693014e-13       9.117953447350e-15       5.299405110364e-14       1.014908777639e-15       3.731847732656e-17 
  549       3.466879330748e-10       1.116223166052e-12      -7.329052911208e-14       9.138985353102e-15       5.264929400205e-14       1.031615106470e-15       2.626377668980e-17 
  550       3.462985016108e-10       1.132755172223e-12       8.230392487751e-14       9.159836664519e-15       5.230739286417e-14       1.049195668577e-15       1.528838870433e-17 
  551       3.458816510721e-10       1.149945746767e-12       2.361768396827e-13       9.180505217994e-15       5.196831855917e-14       1.067626118563e-15       4.393439241858e-18 
  552       3.454376822419e-10       1.167791702759e-12       3.882290225597e-13       9.200988840093e-15       5.163204092532e-14       1.086881662012e-15      -6.419945328838e-18 
  553       3.449669028314e-10       1.186289737167e-12       5.383601363409e-13       9.221285347541e-15       5.129852876419e-14       1.106937053315e-15      -1.715063816848e-17 
  554       3.444696275145e-10       1.205436430223e-12       6.864686947704e-13       9.241392547203e-15       5.096774983481e-14       1.127766593498e-15      -2.779751199383e-17 
  555       3.439461779620e-10       1.225228244804e-12       8.324520578395e-13       9.261308236065e-15       5.063967084782e-14       1.149344128051e-15      -3.835943910425e-17 
  556       3.433968828763e-10       1.245661525803e-12       9.762064271220e-13       9.281030201220e-15       5.031425745971e-14       1.171643044753e-15      -4.883529140826e-17 
  557       3.428220780255e-10       1.266732499508e-12       1.117626841110e-12       9.300556219849e-15       4.999147426696e-14       1.194636271503e-15      -5.922394045005e-17 
  558       3.422221062785e-10       1.288437272971e-12       1.256607170548e-12       9.319884059204e-15       4.967128480022e-14       1.218296274146e-15      -6.952425743609e-17 
  559       3.415973176389e-10       1.310771833391e-12       1.393040113772e-12       9.339011476590e-15       4.935365151851e-14       1.242595054303e-15      -7.973511326162e-17 
  560       3.409480692799e-10       1.333732047481e-12       1.526817192039e-12       9.357936219351e-15       4.903853580335e-14       1.267504147194e-15      -8.985537853724e-17 
  561       3.402747255784e-10       1.357313660850e-12       1.657828744869e-12       9.376656024847e-15       4.872589795302e-14       1.292994619471e-15      -9.988392361545e-17 
  562       3.395776581498e-10       1.381512297374e-12       1.785963925374e-12       9.395168620442e-15       4.841569717666e-14       1.319037067044e-15      -1.098196186172e-16 
  563       3.388572458822e-10       1.406323458573e-12       1.911110695601e-12       9.413471723485e-15       4.810789158850e-14       1.345601612907e-15      -1.196613334584e-16 
  564       3.381138749711e-10       1.431742522983e-12       2.033155821859e-12       9.431563041292e-15       4.780243820199e-14       1.372657904968e-15      -1.294079378766e-16 
  565       3.373479389539e-10       1.457764745538e-12       2.151984870061e-12       9.449440271130e-15       4.749929292403e-14       1.400175113877e-15      -1.390583014574e-16 
  566       3.365598476897e-10       1.484384477741e-12       2.267496176288e-12       9.467101579173e-15       4.719841727674e-14       1.428125001088e-15      -1.486115262299e-16 
  567       3.357500544844e-10       1.511592807425e-12       2.379643162888e-12       9.484547050954e-15       4.689979876455e-14       1.456491214184e-15      -1.580676509739e-16 
  568       3.349190297315e-10       1.539379857043e-12       2.488393101811e-12       9.501777278198e-15       4.660343101958e-14       1.485260226403e-15      -1.674269650848e-16 
  569       3.340672520677e-10       1.567735556450e-12       2.593713238447e-12       9.518792883377e-15       4.630930711818e-14       1.514418287015e-15      -1.766897777568e-16 
  570       3.331952084105e-10       1.596649641995e-12       2.695570792185e-12       9.535594519882e-15       4.601741957756e-14       1.543951420297e-15      -1.858564180971e-16 
  571       3.323033939960e-10       1.626111655598e-12       2.793932956974e-12       9.552182872175e-15       4.572776035255e-14       1.573845424514e-15      -1.949272352392e-16 
  572       3.313923124169e-10       1.656110943836e-12       2.888766901885e-12       9.568558655959e-15       4.544032083227e-14       1.604085870888e-15      -2.039025984560e-16 
  573       3.304624756603e-10       1.686636657028e-12       2.980039771672e-12       9.584722618335e-15       4.515509183680e-14       1.634658102580e-15      -2.127828972738e-16 
  574       3.295144041452e-10       1.717677748318e-12       3.067718687331e-12       9.600675537965e-15       4.487206361391e-14       1.665547233662e-15      -2.215685415859e-16 
  575       3.285486267607e-10       1.749222972756e-12       3.151770746664e-12       9.616418225235e-15       4.459122583575e-14       1.696738148095e-15      -2.302599617656e-16 
  576       3.275656809036e-10       1.781260886388e-12       3.232163024838e-12       9.631951522416e-15       4.431256759553e-14       1.728215498703e-15      -2.388576087801e-16 
  577       3.265661125166e-10       1.813779845333e-12       3.308862574947e-12       9.647276303823e-15       4.403607740419e-14       1.759963706148e-15      -2.473619543038e-16 
  578       3.255504761255e-10       1.846768004872e-12       3.381836428574e-12       9.662393475984e-15       4.376174318718e-14       1.791966957912e-15      -2.557734908321e-16 
  579       3.245193348774e-10       1.880213318527e-12       3.451051596350e-12       9.677303977795e-15       4.348955228106e-14       1.824209207264e-15      -2.640927317946e-16 
  580       3.234732605786e-10       1.914103537150e-12       3.516475068517e-12       9.692008780684e-15       4.321949143024e-14       1.856674172242e-15      -2.723202116689e-16 
  581       3.224128337322e-10       1.948426208003e-12       3.578073815488e-12       9.706508888774e-15       4.295154678367e-14       1.889345334629e-15      -2.804564860937e-16 
  582       3.213386435761e-10       1.983168673842e-12       3.635814788408e-12       9.720805339046e-15       4.268570389154e-14       1.922205938923e-15      -2.885021319827e-16 
  583       3.202512881206e-10       2.018318072002e-12       3.689664919717e-12       9.734899201495e-15       4.242194770197e-14       1.955238991319e-15      -2.964577476382e-16 
  584       3.191513741865e-10       2.053861333482e-12       3.739591123708e-12       9.748791579299e-15       4.216026255767e-14       1.988427258683e-15      -3.043239528640e-16 
  585       3.180395174428e-10       2.089785182026e-12       3.785560297091e-12       9.762483608976e-15       4.190063219271e-14       2.021753267527e-15      -3.121013890796e-16 
  586       3.169163424444e-10       2.126076133206e-12       3.827539319552e-12       9.775976460549e-15       4.164303972914e-14       2.055199302984e-15      -3.197907194334e-16 
  587       3.157824826700e-10       2.162720493511e-12       3.865495054316e-12       9.789271337704e-15       4.138746767374e-14       2.088747407787e-15      -3.273926289161e-16 
  588       3.146385805601e-10       2.199704359426e-12       3.899394348705e-12       9.802369477957e-15       4.113389791465e-14       2.122379381242e-15      -3.349078244745e-16 
  589       3.134852875545e-10       2.237013616517e-12       3.929204034703e-12       9.815272152812e-15       4.088231171815e-14       2.156076778205e-15      -3.423370351247e-16 
  590       3.123232641305e-10       2.274633938514e-12       3.954890929516e-12       9.827980667923e-15       4.063268972527e-14       2.189820908058e-15      -3.496810120659e-16 
  591       3.111531798402e-10       2.312550786399e-12       3.976421836131e-12       9.840496363258e-15       4.038501194855e-14       2.223592833683e-15      -3.569405287938e-16 
  592       3.099757133491e-10       2.350749407483e-12       3.993763543877e-12       9.852820613259e-15       4.013925776870e-14       2.257373370441e-15      -3.641163812142e-16 
  593       3.087915524730e-10       2.389214834494e-12       4.006882828991e-12       9.864954827006e-15       3.989540593130e-14       2.291143085147e-15      -3.712093877560e-16 
  594       3.076013942165e-10       2.427931884662e-12       4.015746455174e-12       9.876900448374e-15       3.965343454349e-14       2.324882295041e-15      -3.782203894856e-16 
  595       3.064059448106e-10       2.466885158800e-12       4.020321174154e-12       9.888658956202e-15       3.941332107068e-14       2.358571066772e-15      -3.851502502198e-16 
  596       3.052059197506e-10       2.506059040386e-12       4.020573726245e-12       9.900231864450e-15       3.917504233324e-14       2.392189215368e-15      -3.919998566394e-16 
  597       3.040020438336e-10       2.545437694654e-12       4.016470840913e-12       9.911620722361e-15       3.893857450317e-14       2.425716303214e-15      -3.987701184026e-16 
  598       3.027950511968e-10       2.585005067668e-12       4.007979237334e-12       9.922827114623e-15       3.870389310084e-14       2.459131639026e-15      -4.054619682592e-16 
  599       3.015856853551e-10       2.624744885415e-12       3.995065624952e-12       9.933852661535e-15       3.847097299164e-14       2.492414276830e-15      -4.120763621630e-16 
  600       3.003746992387e-10       2.664640652883e-12       3.977696704047e-12       9.944699019162e-15       3.823978838271e-14       2.525543014936e-15      -4.186142793863e-16 
  601       2.991628552312e-10       2.704675653145e-12       3.955839166290e-12       9.955367879504e-15       3.801031281959e-14       2.558496394912e-15      -4.250767226328e-16 
  602       2.979509252076e-10       2.744832946447e-12       3.929459695307e-12       9.965860970650e-15       3.778251918298e-14       2.591252700564e-15      -4.314647181516e-16 
  603       2.967396905717e-10       2.785095369287e-12       3.898524967242e-12       9.976180056947e-15       3.755637968536e-14       2.623789956907e-15      -4.377793158502e-16 
  604       2.955299422940e-10       2.825445533501e-12       3.863001651312e-12       9.986326939159e-15       3.733186586775e-14       2.656085929147e-15      -4.440215894084e-16 
  605       2.943224177801e-10       2.865866682215e-12       3.822867195401e-12       9.996303595125e-15       3.710895280075e-14       2.688122665598e-15      -4.501922976120e-16 
  606       2.931176097287e-10       2.906345282195e-12       3.778142466927e-12       1.000611260514e-14       3.688763180555e-14       2.719900248678e-15      -4.562908591682e-16 
  607       2.919159527459e-10       2.946868492107e-12       3.728859899049e-12       1.001575673713e-14       3.666789803272e-14       2.751423373003e-15      -4.623163534289e-16 
  608       2.907178861148e-10       2.987423310667e-12       3.675052780860e-12       1.002523880731e-14       3.644974628362e-14       2.782696831878e-15      -4.682678569385e-16 
  609       2.895238538132e-10       3.027996576003e-12       3.616755261478e-12       1.003456168037e-14       3.623317100845e-14       2.813725517752e-15      -4.741444434367e-16 
  610       2.883343045304e-10       3.068574965019e-12       3.554002354142e-12       1.004372826969e-14       3.601816630436e-14       2.844514422686e-15      -4.799451838612e-16 
  611       2.871496916846e-10       3.109144992761e-12       3.486829940294e-12       1.005274153756e-14       3.580472591348e-14       2.875068638815e-15      -4.856691463500e-16 
  612       2.859704734399e-10       3.149693011778e-12       3.415274773680e-12       1.006160449536e-14       3.559284322102e-14       2.905393358811e-15      -4.913153962442e-16 
  613       2.847971127233e-10       3.190205211493e-12       3.339374484431e-12       1.007032020379e-14       3.538251125332e-14       2.935493876345e-15      -4.968829960907e-16 
  614       2.836300772423e-10       3.230667617558e-12       3.259167583165e-12       1.007889177309e-14       3.517372267594e-14       2.965375586552e-15      -5.023710056447e-16 
  615       2.824698395014e-10       3.271066091225e-12       3.174693465067e-12       1.008732236321e-14       3.496646979173e-14       2.995043986494e-15      -5.077784818726e-16 
  616       2.813168768200e-10       3.311386328709e-12       3.085992413991e-12       1.009561518406e-14       3.476074453885e-14       3.024504675621e-15      -5.131044789542e-16 
  617       2.801716713488e-10       3.351613860549e-12       2.993105606541e-12       1.010377349566e-14       3.455653848894e-14       3.053763356236e-15      -5.183480482856e-16 
  618       2.790347100876e-10       3.391734050976e-12       2.896075116170e-12       1.011180060842e-14       3.435384284509e-14       3.082825833956e-15      -5.235082384820e-16 
  619       2.779064849020e-10       3.431732097276e-12       2.794943917266e-12       1.011969988331e-14       3.415264843996e-14       3.111698018180e-15      -5.285840953797e-16 
  620       2.767874925406e-10       3.471593029154e-12       2.689755889246e-12       1.012747473203e-14       3.395294573387e-14       3.140385922547e-15      -5.335746620396e-16 
  621       2.756782346523e-10       3.511301708096e-12       2.580555820645e-12       1.013512861732e-14       3.375472481281e-14       3.168895665399e-15      -5.384789787490e-16 
  622       2.745792178036e-10       3.550842826740e-12       2.467389413210e-12       1.014266505305e-14       3.355797538657e-14       3.197233470248e-15      -5.432960830248e-16 
  623       2.734909534952e-10       3.590200908231e-12       2.350303285988e-12       1.015008760451e-14       3.336268678676e-14       3.225405666237e-15      -5.480250096159e-16 
  624       2.724139581797e-10       3.629360305592e-12       2.229344979418e-12       1.015739988859e-14       3.316884796494e-14       3.253418688602e-15      -5.526647905059e-16 
  625       2.713487532784e-10       3.668305201087e-12       2.104562959424e-12       1.016460557398e-14       3.297644749064e-14       3.281279079139e-15      -5.572144549154e-16 
  626       2.702958651987e-10       3.707019605582e-12       1.976006621503e-12       1.017170838140e-14       3.278547354944e-14       3.308993486660e-15      -5.616730293053e-16 
  627       2.692558253509e-10       3.745487357914e-12       1.843726294819e-12       1.017871208379e-14       3.259591394105e-14       3.336568667463e-15      -5.660395373789e-16 
  628       2.682291701658e-10       3.783692124252e-12       1.707773246293e-12       1.018562050652e-14       3.240775607740e-14       3.364011485794e-15      -5.703130000846e-16 
  629       2.672164411115e-10       3.821617397461e-12       1.568199684692e-12       1.019243752759e-14       3.222098698067e-14       3.391328914306e-15      -5.744924356186e-16 
  630       2.662181847106e-10       3.859246496468e-12       1.425058764724e-12       1.019916707787e-14       3.203559328137e-14       3.418528034524e-15      -5.785768594277e-16 
  631       2.652349525574e-10       3.896562565625e-12       1.278404591126e-12       1.020581314128e-14       3.185156121645e-14       3.445616037313e-15      -5.825652842115e-16 
  632       2.642673013353e-10       3.933548574075e-12       1.128292222757e-12       1.021237975498e-14       3.166887662732e-14       3.472600223334e-15      -5.864567199255e-16 
  633       2.633157928333e-10       3.970187315114e-12       9.747776766871e-13       1.021887100964e-14       3.148752495795e-14       3.499488003509e-15      -5.902501737835e-16 
  634       2.623809939639e-10       4.006461405555e-12       8.179179322915e-13       1.022529104959e-14       3.130749125293e-14       3.526286899488e-15      -5.939446502601e-16 
  635       2.614634767796e-10       4.042353285096e-12       6.577709353389e-13       1.023164407304e-14       3.112876015555e-14       3.553004544107e-15      -5.975391510936e-16 
  636       2.605638184905e-10       4.077845215679e-12       4.943956020837e-13       1.023793433230e-14       3.095131590584e-14       3.579648681854e-15      -6.010326752884e-16 
  637       2.596826014812e-10       4.112919280859e-12       3.278518233572e-13       1.024416613400e-14       3.077514233870e-14       3.606227169333e-15      -6.044242191178e-16 
  638       2.588204133281e-10       4.147557385163e-12       1.582004686586e-13       1.025034383927e-14       3.060022288191e-14       3.632747975723e-15      -6.077127761267e-16 
  639       2.579778468164e-10       4.181741253461e-12      -1.449660975417e-14       1.025647186394e-14       3.042654055422e-14       3.659219183245e-15      -6.108973371337e-16 
  640       2.571554999573e-10       4.215452430324e-12      -1.901765727729e-13       1.026255467880e-14       3.025407796346e-14       3.685648987624e-15      -6.139768902346e-16 
  641       2.563539760053e-10       4.248672279391e-12      -3.687755903484e-13       1.026859680976e-14       3.008281730454e-14       3.712045698551e-15      -6.169504208041e-16 
  642       2.555738834750e-10       4.281381982734e-12      -5.502288373990e-13       1.027460283806e-14       2.991274035758e-14       3.738417740148e-15      -6.198169114992e-16 
  643       2.548158361587e-10       4.313562540219e-12      -7.344704897201e-13       1.028057740051e-14       2.974382848595e-14       3.764773651428e-15      -6.225753422614e-16 
  644       2.540803675193e-10       4.345196823633e-12      -9.214324726071e-13       1.028652488666e-14       2.957606528407e-14       3.791119432997e-15      -6.252250098557e-16 
  645       2.533676717090e-10       4.376275791369e-12      -1.111040683921e-12       1.029244852252e-14       2.940944459045e-14       3.817450520281e-15      -6.277664944213e-16 
  646       2.526778567239e-10       4.406792413121e-12      -1.303218677461e-12       1.029835126653e-14       2.924396265220e-14       3.843759629565e-15      -6.302007147995e-16 
  647       2.520110294895e-10       4.436739627818e-12      -1.497888898068e-12       1.030423611079e-14       2.907961549050e-14       3.870039395010e-15      -6.325286110723e-16 
  648       2.513672958535e-10       4.466110343580e-12      -1.694972677175e-12       1.031010608121e-14       2.891639889950e-14       3.896282368350e-15      -6.347511446573e-16 
  649       2.507467605776e-10       4.494897437676e-12      -1.894390228353e-12       1.031596423761e-14       2.875430844512e-14       3.922481018587e-15      -6.368692984028e-16 
  650       2.501495273304e-10       4.523093756482e-12      -2.096060642862e-12       1.032181367386e-14       2.859333946390e-14       3.948627731687e-15      -6.388840766827e-16 
  651       2.495756986798e-10       4.550692115440e-12      -2.299901885199e-12       1.032765751796e-14       2.843348706181e-14       3.974714810281e-15      -6.407965054912e-16 
  652       2.490253760849e-10       4.577685299015e-12      -2.505830788647e-12       1.033349893221e-14       2.827474611314e-14       4.000734473355e-15      -6.426076325381e-16 
  653       2.484986598892e-10       4.604066060652e-12      -2.713763050820e-12       1.033934111329e-14       2.811711125928e-14       4.026678855950e-15      -6.443185273435e-16 
  654       2.479956493122e-10       4.629827122733e-12      -2.923613229217e-12       1.034518729242e-14       2.796057690759e-14       4.052540008861e-15      -6.459302813329e-16 
  655       2.475164424424e-10       4.654961176541e-12      -3.135294736766e-12       1.035104073543e-14       2.780513723021e-14       4.078309898326e-15      -6.474440079319e-16 
  656       2.470611362294e-10       4.679460882208e-12      -3.348719837378e-12       1.035690474294e-14       2.765078616293e-14       4.103980405731e-15      -6.488608426613e-16 
  657       2.466298264766e-10       4.703318868681e-12      -3.563799641487e-12       1.036278265041e-14       2.749751740400e-14       4.129543327299e-15      -6.501819432323e-16 
  658       2.462226078333e-10       4.726527733676e-12      -3.780444101608e-12       1.036867782834e-14       2.734532441297e-14       4.154990373793e-15      -6.514084896409e-16 
  659       2.458395737871e-10       4.749080043637e-12      -3.998562007879e-12       1.037459368231e-14       2.719420040955e-14       4.180313170206e-15      -6.525416842631e-16 
  660       2.454808166567e-10       4.770968333693e-12      -4.218060983613e-12       1.038053365317e-14       2.704413837239e-14       4.205503255464e-15      -6.535827519501e-16 
  661       2.451464275839e-10       4.792185107617e-12      -4.438847480843e-12       1.038650121712e-14       2.689513103798e-14       4.230552082117e-15      -6.545329401228e-16 
  662       2.448364965262e-10       4.812722837783e-12      -4.660826775877e-12       1.039249988582e-14       2.674717089944e-14       4.255451016037e-15      -6.553935188669e-16 
  663       2.445511122491e-10       4.832573965122e-12      -4.883902964838e-12       1.039853320657e-14       2.660025020541e-14       4.280191336119e-15      -6.561657810280e-16 
  664       2.442903623188e-10       4.851730899086e-12      -5.107978959220e-12       1.040460476235e-14       2.645436095879e-14       4.304764233968e-15      -6.568510423063e-16 
  665       2.440543330941e-10       4.870186017597e-12      -5.332956481433e-12       1.041071817202e-14       2.630949491570e-14       4.329160813605e-15      -6.574506413519e-16 
  666       2.438431097194e-10       4.887931667013e-12      -5.558736060352e-12       1.041687709036e-14       2.616564358421e-14       4.353372091159e-15      -6.579659398592e-16 
  667       2.436567761166e-10       4.904960162081e-12      -5.785217026865e-12       1.042308520826e-14       2.602279822323e-14       4.377388994561e-15      -6.583983226622e-16 
  668       2.434954149778e-10       4.921263785895e-12      -6.012297509424e-12       1.042934625281e-14       2.588094984134e-14       4.401202363247e-15      -6.587491978295e-16 
  669       2.433591077576e-10       4.936834789856e-12      -6.239874429590e-12       1.043566398741e-14       2.574008919562e-14       4.424802947849e-15      -6.590199967591e-16 
  670       2.432479346658e-10       4.951665393629e-12      -6.467843497585e-12       1.044204221190e-14       2.560020679048e-14       4.448181409893e-15      -6.592121742732e-16 
  671       2.431619746591e-10       4.965747785100e-12      -6.696099207838e-12       1.044848476271e-14       2.546129287651e-14       4.471328321495e-15      -6.593272087135e-16 
  672       2.431013054342e-10       4.979074120335e-12      -6.924534834535e-12       1.045499551292e-14       2.532333744930e-14       4.494234165061e-15      -6.593666020358e-16 
  673       2.430660034202e-10       4.991636523537e-12      -7.153042427167e-12       1.046157837244e-14       2.518633024830e-14       4.516889332978e-15      -6.593318799051e-16 
  674       2.430561437705e-10       5.003427087004e-12      -7.381512806080e-12       1.046823728808e-14       2.505026075562e-14       4.539284127312e-15      -6.592245917905e-16 
  675       2.430718003554e-10       5.014437871086e-12      -7.609835558020e-12       1.047497624371e-14       2.491511819491e-14       4.561408759509e-15      -6.590463110603e-16 
  676       2.431130457550e-10       5.024660904146e-12      -7.837899031684e-12       1.048179926036e-14       2.478089153016e-14       4.583253350086e-15      -6.587986350765e-16 
  677       2.431799512509e-10       5.034088182512e-12      -8.065590333272e-12       1.048871039634e-14       2.464756946455e-14       4.604807928328e-15      -6.584831852905e-16 
  678       2.432725868190e-10       5.042711670443e-12      -8.292795322027e-12       1.049571374738e-14       2.451514043930e-14       4.626062431988e-15      -6.581016073371e-16 
  679       2.433910211220e-10       5.050523300078e-12      -8.519398605792e-12       1.050281344671e-14       2.438359263246e-14       4.647006706981e-15      -6.576555711303e-16 
  680       2.435353215014e-10       5.057514971400e-12      -8.745283536555e-12       1.051001366523e-14       2.425291395782e-14       4.667630507079e-15      -6.571467709576e-16 
  681       2.437055539702e-10       5.063678552192e-12      -8.970332205994e-12       1.051731861160e-14       2.412309206366e-14       4.687923493610e-15      -6.565769255752e-16 
  682       2.439017832055e-10       5.069005877993e-12      -9.194425441035e-12       1.052473253235e-14       2.399411433167e-14       4.707875235154e-15      -6.559477783032e-16 
  683       2.441240182552e-10       5.073490755377e-12      -9.417451517035e-12       1.053225915913e-14       2.386596962506e-14       4.727476876524e-15      -6.552607871533e-16 
  684       2.443720484026e-10       5.077135018784e-12      -9.639332510490e-12       1.053990003716e-14       2.373865357650e-14       4.746726185418e-15      -6.545161877631e-16 
  685       2.446456037836e-10       5.079942602894e-12      -9.859998500045e-12       1.054765616129e-14       2.361216341078e-14       4.765622612892e-15      -6.537139106474e-16 
  686       2.449444093330e-10       5.081917551481e-12      -1.007937889757e-11       1.055552852571e-14       2.348649620494e-14       4.784165633952e-15      -6.528538893691e-16 
  687       2.452681847629e-10       5.083064017896e-12      -1.029740244597e-11       1.056351812388e-14       2.336164888765e-14       4.802354747683e-15      -6.519360605543e-16 
  688       2.456166445411e-10       5.083386265528e-12      -1.051399721693e-11       1.057162594856e-14       2.323761823838e-14       4.820189477370e-15      -6.509603639082e-16 
  689       2.459894978701e-10       5.082888668287e-12      -1.072909060875e-11       1.057985299171e-14       2.311440088677e-14       4.837669370630e-15      -6.499267422295e-16 
  690       2.463864486647e-10       5.081575711067e-12      -1.094260934412e-11       1.058820024455e-14       2.299199331189e-14       4.854793999527e-15      -6.488351414266e-16 
  691       2.468071955313e-10       5.079451990227e-12      -1.115447946788e-11       1.059666869750e-14       2.287039184150e-14       4.871562960709e-15      -6.476855105324e-16 
  692       2.472514317460e-10       5.076522214057e-12      -1.136462634485e-11       1.060525934014e-14       2.274959265138e-14       4.887975875523e-15      -6.464778017197e-16 
  693       2.477188452327e-10       5.072791203253e-12      -1.157297465757e-11       1.061397316123e-14       2.262959176458e-14       4.904032390146e-15      -6.452119703167e-16 
  694       2.482091185425e-10       5.068263891388e-12      -1.177944840414e-11       1.062281114866e-14       2.251038505072e-14       4.919732175710e-15      -6.438879748222e-16 
  695       2.487219288312e-10       5.062945325388e-12      -1.198397089597e-11       1.063177428943e-14       2.239196822527e-14       4.935074928423e-15      -6.425057769208e-16 
  696       2.492569478383e-10       5.056840666001e-12      -1.218646475558e-11       1.064086356966e-14       2.227433684885e-14       4.950060369701e-15      -6.410653414986e-16 
  697       2.498138418653e-10       5.049955188268e-12      -1.238685191438e-11       1.065007997450e-14       2.215748632649e-14       4.964688246286e-15      -6.395666366580e-16 
  698       2.503922717543e-10       5.042294282002e-12      -1.258505361050e-11       1.065942448820e-14       2.204141190695e-14       4.978958330377e-15      -6.380096337333e-16 
  699       2.509918928664e-10       5.033863452252e-12      -1.278099038649e-11       1.066889809399e-14       2.192610868197e-14       4.992870419753e-15      -6.363943073064e-16 
  700       2.516123550599e-10       5.024668319783e-12      -1.297458208721e-11       1.067850177415e-14       2.181157158557e-14       5.006424337895e-15      -6.347206352212e-16 
  701       2.522533026693e-10       5.014714621542e-12      -1.316574785754e-11       1.068823650992e-14       2.169779539334e-14       5.019619934118e-15      -6.329885985998e-16 
  702       2.529143744833e-10       5.004008211135e-12      -1.335440614021e-11       1.069810328152e-14       2.158477472172e-14       5.032457083692e-15      -6.311981818573e-16 
  703       2.535952037234e-10       4.992555059298e-12      -1.354047467356e-11       1.070810306809e-14       2.147250402730e-14       5.044935687966e-15      -6.293493727175e-16 
  704       2.542954180226e-10       4.980361254368e-12      -1.372387048937e-11       1.071823684772e-14       2.136097760608e-14       5.057055674496e-15      -6.274421622278e-16 
  705       2.550146394036e-10       4.967433002758e-12      -1.390450991059e-11       1.072850559737e-14       2.125018959276e-14       5.068816997170e-15      -6.254765447748e-16 
  706       2.557524842572e-10       4.953776629426e-12      -1.408230854917e-11       1.073891029290e-14       2.114013396005e-14       5.080219636332e-15      -6.234525180996e-16 
  707       2.565085633210e-10       4.939398578352e-12      -1.425718130384e-11       1.074945190903e-14       2.103080451793e-14       5.091263598908e-15      -6.213700833131e-16 
  708       2.572824816578e-10       4.924305413006e-12      -1.442904235789e-11       1.076013141927e-14       2.092219491295e-14       5.101948918530e-15      -6.192292449112e-16 
  709       2.580738386339e-10       4.908503816822e-12      -1.459780517697e-11       1.077094979600e-14       2.081429862750e-14       5.112275655662e-15      -6.170300107903e-16 
  710       2.588822278980e-10       4.892000593672e-12      -1.476338250685e-11       1.078190801036e-14       2.070710897913e-14       5.122243897728e-15      -6.147723922624e-16 
  711       2.597072373591e-10       4.874802668337e-12      -1.492568637126e-11       1.079300703225e-14       2.060061911977e-14       5.131853759233e-15      -6.124564040709e-16 
  712       2.605484491653e-10       4.856917086977e-12      -1.508462806960e-11       1.080424783034e-14       2.049482203509e-14       5.141105381889e-15      -6.100820644052e-16 
  713       2.614054396822e-10       4.838351017608e-12      -1.524011817481e-11       1.081563137201e-14       2.038971054373e-14       5.149998934741e-15      -6.076493949166e-16 
  714       2.622777794714e-10       4.819111750573e-12      -1.539206653110e-11       1.082715862335e-14       2.028527729664e-14       5.158534614296e-15      -6.051584207333e-16 
  715       2.631650332689e-10       4.799206699012e-12      -1.554038225178e-11       1.083883054913e-14       2.018151477629e-14       5.166712644639e-15      -6.026091704760e-16 
  716       2.640667599636e-10       4.778643399337e-12      -1.568497371700e-11       1.085064811278e-14       2.007841529602e-14       5.174533277569e-15      -6.000016762731e-16 
  717       2.649825125759e-10       4.757429511702e-12      -1.582574857158e-11       1.086261227637e-14       1.997597099930e-14       5.181996792716e-15      -5.973359737757e-16 
  718       2.659118382357e-10       4.735572820479e-12      -1.596261372279e-11       1.087472400059e-14       1.987417385902e-14       5.189103497669e-15      -5.946121021734e-16 
  719       2.668542781616e-10       4.713081234727e-12      -1.609547533811e-11       1.088698424471e-14       1.977301567679e-14       5.195853728103e-15      -5.918301042095e-16 
  720       2.678093676388e-10       4.689962788665e-12      -1.622423884304e-11       1.089939396659e-14       1.967248808217e-14       5.202247847903e-15      -5.889900261961e-16 
  721       2.687766359975e-10       4.666225642147e-12      -1.634880891890e-11       1.091195412264e-14       1.957258253203e-14       5.208286249287e-15      -5.860919180297e-16 
  722       2.697556126888e-10       4.641878764273e-12      -1.646910254332e-11       1.092466522523e-14       1.947329145383e-14       5.213969949901e-15      -5.831359530768e-16 
  723       2.707458456884e-10       4.616933998423e-12      -1.658508840521e-11       1.093752600522e-14       1.937461170239e-14       5.219302397065e-15      -5.801227904575e-16 
  724       2.717468834215e-10       4.591404039870e-12      -1.669674828159e-11       1.095053472238e-14       1.927654117154e-14       5.224287700219e-15      -5.770532201102e-16 
  725       2.727582686798e-10       4.565301757048e-12      -1.680406406771e-11       1.096368960536e-14       1.917907765597e-14       5.228930037518e-15      -5.739280436267e-16 
  726       2.737795386014e-10       4.538640192178e-12      -1.690701777789e-11       1.097698885161e-14       1.908221885073e-14       5.233233656094e-15      -5.707480742948e-16 
  727       2.748102246502e-10       4.511432561902e-12      -1.700559154627e-11       1.099043062722e-14       1.898596235085e-14       5.237202872320e-15      -5.675141371418e-16 
  728       2.758498525964e-10       4.483692257905e-12      -1.709976762763e-11       1.100401306683e-14       1.889030565080e-14       5.240842072073e-15      -5.642270689767e-16 
  729       2.768979424960e-10       4.455432847552e-12      -1.718952839812e-11       1.101773427346e-14       1.879524614414e-14       5.244155710992e-15      -5.608877184335e-16 
  730       2.779540086705e-10       4.426668074514e-12      -1.727485635611e-11       1.103159231843e-14       1.870078112297e-14       5.247148314748e-15      -5.574969460139e-16 
  731       2.790175596873e-10       4.397411859399e-12      -1.735573412294e-11       1.104558524121e-14       1.860690777756e-14       5.249824479299e-15      -5.540556241303e-16 
  732       2.800880983390e-10       4.367678300377e-12      -1.743214444370e-11       1.105971104932e-14       1.851362319583e-14       5.252188871156e-15      -5.505646371486e-16 
  733       2.811651216238e-10       4.337481673815e-12      -1.750407018804e-11       1.107396771818e-14       1.842092436295e-14       5.254246227648e-15      -5.470248814309e-16 
  734       2.822481207249e-10       4.306836434905e-12      -1.757149435096e-11       1.108835319099e-14       1.832880816087e-14       5.256001357177e-15      -5.434372653788e-16 
  735       2.833365809906e-10       4.275757218291e-12      -1.763440005355e-11       1.110286537865e-14       1.823727136786e-14       5.257459139489e-15      -5.398027094758e-16 
  736       2.844299819142e-10       4.244258838701e-12      -1.769277054383e-11       1.111750215957e-14       1.814631065806e-14       5.258624525931e-15      -5.361221463307e-16 
  737       2.855277971137e-10       4.212356291576e-12      -1.774658919751e-11       1.113226137959e-14       1.805592260105e-14       5.259502539714e-15      -5.323965207199e-16 
  738       2.866294943118e-10       4.180064753696e-12      -1.779583951878e-11       1.114714085185e-14       1.796610366138e-14       5.260098276178e-15      -5.286267896307e-16 
  739       2.877345353160e-10       4.147399583818e-12      -1.784050514108e-11       1.116213835665e-14       1.787685019811e-14       5.260416903052e-15      -5.248139223040e-16 
  740       2.888423759977e-10       4.114376323294e-12      -1.788056982793e-11       1.117725164136e-14       1.778815846438e-14       5.260463660718e-15      -5.209589002774e-16 
  741       2.899524662730e-10       4.081010696710e-12      -1.791601747367e-11       1.119247842024e-14       1.770002460695e-14       5.260243862472e-15      -5.170627174275e-16 
  742       2.910642500820e-10       4.047318612512e-12      -1.794683210427e-11       1.120781637439e-14       1.761244466572e-14       5.259762894787e-15      -5.131263800136e-16 
  743       2.921771653687e-10       4.013316163633e-12      -1.797299787810e-11       1.122326315156e-14       1.752541457335e-14       5.259026217578e-15      -5.091509067199e-16 
  744       2.932906440612e-10       3.979019628127e-12      -1.799449908675e-11       1.123881636608e-14       1.743893015473e-14       5.258039364459e-15      -5.051373286987e-16 
  745       2.944041120511e-10       3.944445469793e-12      -1.801132015576e-11       1.125447359868e-14       1.735298712657e-14       5.256807943011e-15      -5.010866896131e-16 
  746       2.955169891739e-10       3.909610338812e-12      -1.802344564548e-11       1.127023239643e-14       1.726758109695e-14       5.255337635041e-15      -4.970000456802e-16 
  747       2.966286891883e-10       3.874531072369e-12      -1.803086025177e-11       1.128609027256e-14       1.718270756484e-14       5.253634196846e-15      -4.928784657136e-16 
  748       2.977386197565e-10       3.839224695286e-12      -1.803354880686e-11       1.130204470637e-14       1.709836191968e-14       5.251703459476e-15      -4.887230311664e-16 
  749       2.988461824238e-10       3.803708420651e-12      -1.803149628011e-11       1.131809314311e-14       1.701453944092e-14       5.249551328992e-15      -4.845348361742e-16 
  750       2.999507725988e-10       3.767999650448e-12      -1.802468777877e-11       1.133423299382e-14       1.693123529755e-14       5.247183786737e-15      -4.803149875979e-16 
  751       3.010517795328e-10       3.732115976185e-12      -1.801310854880e-11       1.135046163524e-14       1.684844454767e-14       5.244606889589e-15      -4.760646050664e-16 
  752       3.021485863002e-10       3.696075179526e-12      -1.799674397567e-11       1.136677640969e-14       1.676616213804e-14       5.241826770230e-15      -4.717848210199e-16 
  753       3.032405697777e-10       3.659895232917e-12      -1.797557958507e-11       1.138317462492e-14       1.668438290360e-14       5.238849637406e-15      -4.674767807524e-16 
  754       3.043271006250e-10       3.623594300217e-12      -1.794960104380e-11       1.139965355400e-14       1.660310156706e-14       5.235681776191e-15      -4.631416424546e-16 
  755       3.054075432639e-10       3.587190737330e-12      -1.791879416048e-11       1.141621043521e-14       1.652231273840e-14       5.232329548245e-15      -4.587805772569e-16 
  756       3.064812558585e-10       3.550703092830e-12      -1.788314488635e-11       1.143284247188e-14       1.644201091447e-14       5.228799392082e-15      -4.543947692724e-16 
  757       3.075475902953e-10       3.514150108593e-12      -1.784263931607e-11       1.144954683232e-14       1.636219047850e-14       5.225097823332e-15      -4.499854156396e-16 
  758       3.086058921627e-10       3.477550720426e-12      -1.779726368853e-11       1.146632064964e-14       1.628284569966e-14       5.221231434997e-15      -4.455537265650e-16 
  759       3.096555007308e-10       3.440924058697e-12      -1.774700438758e-11       1.148316102167e-14       1.620397073262e-14       5.217206897722e-15      -4.411009253667e-16 
  760       3.106957489318e-10       3.404289448963e-12      -1.769184794285e-11       1.150006501081e-14       1.612555961707e-14       5.213030960051e-15      -4.366282485166e-16 
  761       3.117260198793e-10       3.367665330694e-12      -1.763179045784e-11       1.151702959547e-14       1.604760705680e-14       5.208708329367e-15      -4.321367767777e-16 
  762       3.127459176576e-10       3.331065989436e-12      -1.756686609084e-11       1.153405152363e-14       1.597011077406e-14       5.204235269606e-15      -4.276269249778e-16 
  763       3.137550997665e-10       3.294504763248e-12      -1.749711912155e-11       1.155112745620e-14       1.589306919942e-14       5.199605881334e-15      -4.230989425398e-16 
  764       3.147532208701e-10       3.257995119345e-12      -1.742259457592e-11       1.156825401513e-14       1.581648069606e-14       5.194814209775e-15      -4.185530815094e-16 
  765       3.157399327874e-10       3.221550654498e-12      -1.734333822892e-11       1.158542778325e-14       1.574034355952e-14       5.189854244640e-15      -4.139895965633e-16 
  766       3.167148844849e-10       3.185185095445e-12      -1.725939660730e-11       1.160264530413e-14       1.566465601737e-14       5.184719919948e-15      -4.094087450169e-16 
  767       3.176777220673e-10       3.148912299292e-12      -1.717081699226e-11       1.161990308195e-14       1.558941622892e-14       5.179405113852e-15      -4.048107868322e-16 
  768       3.186280887697e-10       3.112746253921e-12      -1.707764742224e-11       1.163719758140e-14       1.551462228496e-14       5.173903648459e-15      -4.001959846259e-16 
  769       3.195656249487e-10       3.076701078395e-12      -1.697993669564e-11       1.165452522750e-14       1.544027220746e-14       5.168209289658e-15      -3.955646036773e-16 
  770       3.204899680744e-10       3.040791023363e-12      -1.687773437357e-11       1.167188240547e-14       1.536636394924e-14       5.162315746943e-15      -3.909169119358e-16 
  771       3.214007527216e-10       3.005030471466e-12      -1.677109078255e-11       1.168926546065e-14       1.529289539376e-14       5.156216673234e-15      -3.862531800296e-16 
  772       3.222976105616e-10       2.969433937742e-12      -1.666005701730e-11       1.170667069830e-14       1.521986435473e-14       5.149905664706e-15      -3.815736812728e-16 
  773       3.231801703536e-10       2.934016070035e-12      -1.654468494343e-11       1.172409438350e-14       1.514726857592e-14       5.143376260608e-15      -3.768786916742e-16 
  774       3.240480579364e-10       2.898791649394e-12      -1.642502720021e-11       1.174153274102e-14       1.507510573078e-14       5.136621943090e-15      -3.721684899442e-16 
  775       3.249008962199e-10       2.863775590485e-12      -1.630113720329e-11       1.175898195516e-14       1.500337342223e-14       5.129636137024e-15      -3.674433575036e-16 
  776       3.257383051768e-10       2.828982941992e-12      -1.617306914742e-11       1.177643816966e-14       1.493206918229e-14       5.122412209831e-15      -3.627035784912e-16 
  777       3.265599018339e-10       2.794428887026e-12      -1.604087800925e-11       1.179389748753e-14       1.486119047187e-14       5.114943471305e-15      -3.579494397716e-16 
  778       3.273653002639e-10       2.760128743527e-12      -1.590461954998e-11       1.181135597092e-14       1.479073468041e-14       5.107223173432e-15      -3.531812309432e-16 
  779       3.281541115769e-10       2.726097964674e-12      -1.576435031817e-11       1.182880964100e-14       1.472069912564e-14       5.099244510220e-15      -3.483992443464e-16 
  780       3.289259439119e-10       2.692352139287e-12      -1.562012765244e-11       1.184625447782e-14       1.465108105326e-14       5.091000617520e-15      -3.436037750709e-16 
  781       3.296804024285e-10       2.658906992231e-12      -1.547200968422e-11       1.186368642018e-14       1.458187763667e-14       5.082484572849e-15      -3.387951209643e-16 
  782       3.304170892984e-10       2.625778384830e-12      -1.532005534046e-11       1.188110136549e-14       1.451308597665e-14       5.073689395215e-15      -3.339735826398e-16 
  783       3.311356036969e-10       2.592982315260e-12      -1.516432434643e-11       1.189849516965e-14       1.444470310111e-14       5.064608044943e-15      -3.291394634838e-16 
  784       3.318355417946e-10       2.560534918967e-12      -1.500487722837e-11       1.191586364689e-14       1.437672596476e-14       5.055233423494e-15      -3.242930696642e-16 
  785       3.325164967489e-10       2.528452469064e-12      -1.484177531632e-11       1.193320256968e-14       1.430915144886e-14       5.045558373294e-15      -3.194347101382e-16 
  786       3.331780586955e-10       2.496751376741e-12      -1.467508074677e-11       1.195050766853e-14       1.424197636090e-14       5.035575677554e-15      -3.145646966603e-16 
  787       3.338198147402e-10       2.465448191666e-12      -1.450485646547e-11       1.196777463193e-14       1.417519743431e-14       5.025278060096e-15      -3.096833437900e-16 
  788       3.344413489500e-10       2.434559602396e-12      -1.433116623010e-11       1.198499910617e-14       1.410881132818e-14       5.014658185176e-15      -3.047909689000e-16 
  789       3.350422423453e-10       2.404102436782e-12      -1.415407461308e-11       1.200217669522e-14       1.404281462697e-14       5.003708657309e-15      -2.998878921840e-16 
  790       3.356220728911e-10       2.374093662368e-12      -1.397364700423e-11       1.201930296061e-14       1.397720384023e-14       4.992422021091e-15      -2.949744366645e-16 
  791       3.361804154883e-10       2.344550386805e-12      -1.378994961358e-11       1.203637342125e-14       1.391197540228e-14       4.980790761026e-15      -2.900509282010e-16 
  792       3.367168419660e-10       2.315489858251e-12      -1.360304947405e-11       1.205338355336e-14       1.384712567194e-14       4.968807301346e-15      -2.851176954977e-16 
  793       3.372309210723e-10       2.286929465779e-12      -1.341301444421e-11       1.207032879030e-14       1.378265093225e-14       4.956464005837e-15      -2.801750701114e-16 
  794       3.377222184664e-10       2.258886739783e-12      -1.321991321103e-11       1.208720452243e-14       1.371854739014e-14       4.943753177663e-15      -2.752233864598e-16 
  795       3.381902967101e-10       2.231379352379e-12      -1.302381529259e-11       1.210400609700e-14       1.365481117619e-14       4.930667059191e-15      -2.702629818288e-16 
  796       3.386347152589e-10       2.204425117819e-12      -1.282479104085e-11       1.212072881799e-14       1.359143834431e-14       4.917197831811e-15      -2.652941963810e-16 
  797       3.390550304542e-10       2.178041992887e-12      -1.262291164433e-11       1.213736794601e-14       1.352842487146e-14       4.903337615764e-15      -2.603173731633e-16 
  798       3.394507955145e-10       2.152248077312e-12      -1.241824913092e-11       1.215391869815e-14       1.346576665733e-14       4.889078469963e-15      -2.553328581149e-16 
  799       3.398215605270e-10       2.127061614171e-12      -1.221087637057e-11       1.217037624782e-14       1.340345952411e-14       4.874412391820e-15      -2.503410000752e-16 
  800       3.401669424119e-10       2.102498796012e-12      -1.200086749262e-11       1.218673609437e-14       1.334149974805e-14       4.859334222594e-15      -2.453422595730e-16 
  801       3.404868362299e-10       2.078567138540e-12      -1.178829914061e-11       1.220299517945e-14       1.327988566558e-14       4.843850421915e-15      -2.403375373526e-16 
  802       3.407812077123e-10       2.055271986874e-12      -1.157324924579e-11       1.221915079072e-14       1.321861609594e-14       4.827970452959e-15      -2.353278518552e-16 
  803       3.410500236419e-10       2.032618698869e-12      -1.135579661742e-11       1.223520019392e-14       1.315768981173e-14       4.811703891786e-15      -2.303142310097e-16 
  804       3.412932518580e-10       2.010612645115e-12      -1.113602094556e-11       1.225114063285e-14       1.309710553869e-14       4.795060427713e-15      -2.252977122603e-16 
  805       3.415108612610e-10       1.989259208928e-12      -1.091400280392e-11       1.226696932924e-14       1.303686195556e-14       4.778049863678e-15      -2.202793425954e-16 
  806       3.417028218170e-10       1.968563786347e-12      -1.068982365264e-11       1.228268348272e-14       1.297695769388e-14       4.760682116607e-15      -2.152601785754e-16 
  807       3.418691045623e-10       1.948531786126e-12      -1.046356584114e-11       1.229828027078e-14       1.291739133776e-14       4.742967217788e-15      -2.102412863611e-16 
  808       3.420096816086e-10       1.929168629730e-12      -1.023531261091e-11       1.231375684864e-14       1.285816142372e-14       4.724915313232e-15      -2.052237417424e-16 
  809       3.421245261472e-10       1.910479751332e-12      -1.000514809832e-11       1.232911034926e-14       1.279926644050e-14       4.706536664046e-15      -2.002086301659e-16 
  810       3.422136124537e-10       1.892470597804e-12      -9.773157337457e-12       1.234433788322e-14       1.274070482886e-14       4.687841646798e-15      -1.951970467639e-16 
  811       3.422769158930e-10       1.875146628712e-12      -9.539426262931e-12       1.235943653868e-14       1.268247498139e-14       4.668840753886e-15      -1.901900963821e-16 
  812       3.423144129236e-10       1.858513316315e-12      -9.304041712677e-12       1.237440338132e-14       1.262457524234e-14       4.649544593908e-15      -1.851888936084e-16 
  813       3.423260811025e-10       1.842576145553e-12      -9.067091430786e-12       1.238923545425e-14       1.256700390740e-14       4.629963892026e-15      -1.801945628009e-16 
  814       3.423118990899e-10       1.827340614046e-12      -8.828664070310e-12       1.240392977799e-14       1.250975922350e-14       4.610109490337e-15      -1.752082381161e-16 
  815       3.422718466535e-10       1.812812232090e-12      -8.588849196082e-12       1.241848335036e-14       1.245283938868e-14       4.589992348239e-15      -1.702310635376e-16 
  816       3.422059046738e-10       1.798996522646e-12      -8.347737287528e-12       1.243289314643e-14       1.239624255183e-14       4.569623542803e-15      -1.652641929038e-16 
  817       3.421140551482e-10       1.785899021340e-12      -8.105419741480e-12       1.244715611849e-14       1.233996681254e-14       4.549014269134e-15      -1.603087899369e-16 
  818       3.419962811959e-10       1.773525276455e-12      -7.861988874995e-12       1.246126919592e-14       1.228401022090e-14       4.528175840746e-15      -1.553660282706e-16 
  819       3.418525670625e-10       1.761880848927e-12      -7.617537928166e-12       1.247522928519e-14       1.222837077731e-14       4.507119689926e-15      -1.504370914787e-16 
  820       3.416828981250e-10       1.750971312339e-12      -7.372161066939e-12       1.248903326976e-14       1.217304643227e-14       4.485857368104e-15      -1.455231731034e-16 
  821       3.414872608960e-10       1.740802252913e-12      -7.125953385925e-12       1.250267801001e-14       1.211803508623e-14       4.464400546219e-15      -1.406254766834e-16 
  822       3.412656430286e-10       1.731379269510e-12      -6.879010911217e-12       1.251616034322e-14       1.206333458935e-14       4.442761015088e-15      -1.357452157823e-16 
  823       3.410180333210e-10       1.722707973622e-12      -6.631430603204e-12       1.252947708344e-14       1.200894274137e-14       4.420950685775e-15      -1.308836140171e-16 
  824       3.407444217213e-10       1.714793989365e-12      -6.383310359386e-12       1.254262502149e-14       1.195485729136e-14       4.398981589958e-15      -1.260419050860e-16 
  825       3.404447993322e-10       1.707642953476e-12      -6.134749017186e-12       1.255560092485e-14       1.190107593755e-14       4.376865880296e-15      -1.212213327972e-16 
  826       3.401191584153e-10       1.701260515307e-12      -5.885846356767e-12       1.256840153762e-14       1.184759632716e-14       4.354615830799e-15      -1.164231510970e-16 
  827       3.397674923961e-10       1.695652336818e-12      -5.636703103850e-12       1.258102358045e-14       1.179441605617e-14       4.332243837194e-15      -1.116486240980e-16 
  828       3.393897958689e-10       1.690824092576e-12      -5.387420932520e-12       1.259346375047e-14       1.174153266919e-14       4.309762417296e-15      -1.068990261075e-16 
  829       3.389860646008e-10       1.686781469743e-12      -5.138102468047e-12       1.260571872122e-14       1.168894365919e-14       4.287184211372e-15      -1.021756416558e-16 
  830       3.385562955370e-10       1.683530168078e-12      -4.888851289702e-12       1.261778514263e-14       1.163664646737e-14       4.264521982512e-15      -9.747976552445e-17 
  831       3.381004868050e-10       1.681075899925e-12      -4.639771933564e-12       1.262965964087e-14       1.158463848295e-14       4.241788616995e-15      -9.281270277462e-17 
  832       3.376186377197e-10       1.679424390214e-12      -4.390969895344e-12       1.264133881839e-14       1.153291704299e-14       4.218997124661e-15      -8.817576877525e-17 
  833       3.371107487878e-10       1.678581376450e-12      -4.142551633192e-12       1.265281925377e-14       1.148147943216e-14       4.196160639272e-15      -8.357028923148e-17 
  834       3.365768217125e-10       1.678552608709e-12      -3.894624570517e-12       1.266409750170e-14       1.143032288261e-14       4.173292418887e-15      -7.899760021291e-17 
  835       3.360168593981e-10       1.679343849638e-12      -3.647297098796e-12       1.267517009290e-14       1.137944457371e-14       4.150405846226e-15      -7.445904818186e-17 
  836       3.354308659551e-10       1.680960874440e-12      -3.400678580395e-12       1.268603353406e-14       1.132884163194e-14       4.127514429038e-15      -6.995599002170e-17 
  837       3.348188467043e-10       1.683409470878e-12      -3.154879351379e-12       1.269668430779e-14       1.127851113063e-14       4.104631800471e-15      -6.548979306512e-17 
  838       3.341808081817e-10       1.686695439264e-12      -2.910010724329e-12       1.270711887252e-14       1.122845008980e-14       4.081771719440e-15      -6.106183512247e-17 
  839       3.335168008636e-10       1.690822632271e-12      -2.666176673496e-12       1.271733420690e-14       1.117865584601e-14       4.058945335921e-15      -5.667317521554e-17 
  840       3.328270481464e-10       1.695787036994e-12      -2.423448726015e-12       1.272732945341e-14       1.112912716939e-14       4.036152933949e-15      -5.232355944291e-17 
  841       3.321118196199e-10       1.701582589930e-12      -2.181890639476e-12       1.273710430322e-14       1.107986316569e-14       4.013392045710e-15      -4.801239787663e-17 
  842       3.313713885618e-10       1.708203127494e-12      -1.941566681399e-12       1.274665845433e-14       1.103086290782e-14       3.990660173502e-15      -4.373909226187e-17 
  843       3.306060319501e-10       1.715642385679e-12      -1.702541630633e-12       1.275599161165e-14       1.098212543574e-14       3.967954789635e-15      -3.950303598903e-17 
  844       3.298160304747e-10       1.723893999719e-12      -1.464880778752e-12       1.276510348700e-14       1.093364975635e-14       3.945273336331e-15      -3.530361406605e-17 
  845       3.290016685497e-10       1.732951503748e-12      -1.228649931455e-12       1.277399379917e-14       1.088543484334e-14       3.922613225631e-15      -3.114020309060e-17 
  846       3.281632343249e-10       1.742808330460e-12      -9.939154099654e-13       1.278266227390e-14       1.083747963709e-14       3.899971839296e-15      -2.701217122230e-17 
  847       3.273010196981e-10       1.753457810774e-12      -7.607440524258e-13       1.279110864395e-14       1.078978304451e-14       3.877346528706e-15      -2.291887815495e-17 
  848       3.264153203270e-10       1.764893173489e-12      -5.292032153001e-13       1.279933264910e-14       1.074234393892e-14       3.854734614767e-15      -1.885967508880e-17 
  849       3.255064356409e-10       1.777107544951e-12      -2.993607747700e-13       1.280733403620e-14       1.069516115993e-14       3.832133387808e-15      -1.483390470268e-17 
  850       3.245746688530e-10       1.790093948710e-12      -7.128512813374e-14       1.281511255920e-14       1.064823351333e-14       3.809540107490e-15      -1.084090112632e-17 
  851       3.236203269721e-10       1.803845305181e-12       1.549548047954e-13       1.282266797915e-14       1.060155977092e-14       3.786952002701e-15      -6.879989912528e-18 
  852       3.226437208146e-10       1.818354431307e-12       3.792895802908e-13       1.283000006425e-14       1.055513867042e-14       3.764366271464e-15      -2.950488009423e-18 
  853       3.216451650164e-10       1.833614040218e-12       6.016492293144e-13       1.283710858988e-14       1.050896891532e-14       3.741780080837e-15       9.482962673370e-19 
  854       3.206249780452e-10       1.849616740893e-12       8.219632561178e-13       1.284399333864e-14       1.046304917478e-14       3.719190566815e-15       4.817063262328e-18 
  855       3.195834822117e-10       1.866355037819e-12       1.040160636844e-12       1.285065410032e-14       1.041737808344e-14       3.696594834233e-15       8.656522008139e-18 
  856       3.185210036823e-10       1.883821330654e-12       1.256169818131e-12       1.285709067202e-14       1.037195424138e-14       3.673989956668e-15       1.246739025314e-17 
  857       3.174378724907e-10       1.902007913889e-12       1.469918715708e-12       1.286330285809e-14       1.032677621393e-14       3.651372976340e-15       1.625039448927e-17 
  858       3.163344225498e-10       1.920906976505e-12       1.681334713004e-12       1.286929047021e-14       1.028184253155e-14       3.628740904018e-15       2.000626997978e-17 
  859       3.152109916639e-10       1.940510601636e-12       1.890344659744e-12       1.287505332743e-14       1.023715168973e-14       3.606090718919e-15       2.373576078706e-17 
  860       3.140679215402e-10       1.960810766231e-12       2.096874870555e-12       1.288059125614e-14       1.019270214883e-14       3.583419368610e-15       2.743961980036e-17 
  861       3.129055578014e-10       1.981799340712e-12       2.300851123563e-12       1.288590409014e-14       1.014849233398e-14       3.560723768912e-15       3.111860876359e-17 
  862       3.117242499969e-10       2.003468088639e-12       2.502198658998e-12       1.289099167069e-14       1.010452063492e-14       3.538000803804e-15       3.477349830310e-17 
  863       3.105243516153e-10       2.025808666367e-12       2.700842177794e-12       1.289585384647e-14       1.006078540592e-14       3.515247325321e-15       3.840506795543e-17 
  864       3.093062200962e-10       2.048812622707e-12       2.896705840192e-12       1.290049047367e-14       1.001728496560e-14       3.492460153458e-15       4.201410619512e-17 
  865       3.080702168420e-10       2.072471398592e-12       3.089713264341e-12       1.290490141599e-14       9.974017596827e-15       3.469636076073e-15       4.560141046246e-17 
  866       3.068167072301e-10       2.096776326730e-12       3.279787524899e-12       1.290908654470e-14       9.930981546604e-15       3.446771848791e-15       4.916778719126e-17 
  867       3.055460606245e-10       2.121718631272e-12       3.466851151634e-12       1.291304573860e-14       9.888175025912e-15       3.423864194901e-15       5.271405183663e-17 
  868       3.042586503880e-10       2.147289427469e-12       3.650826128029e-12       1.291677888412e-14       9.845596209599e-15       3.400909805264e-15       5.624102890279e-17 
  869       3.029548538942e-10       2.173479721334e-12       3.831633889879e-12       1.292028587532e-14       9.803243236247e-15       3.377905338212e-15       5.974955197077e-17 
  870       3.016350525393e-10       2.200280409301e-12       4.009195323897e-12       1.292356661391e-14       9.761114208049e-15       3.354847419451e-15       6.324046372625e-17 
  871       3.002996317540e-10       2.227682277890e-12       4.183430766313e-12       1.292662100930e-14       9.719207190676e-15       3.331732641963e-15       6.671461598732e-17 
  872       2.989489810155e-10       2.255676003365e-12       4.354260001476e-12       1.292944897861e-14       9.677520213153e-15       3.308557565911e-15       7.017286973223e-17 
  873       2.975834938597e-10       2.284252151394e-12       4.521602260455e-12       1.293205044669e-14       9.636051267731e-15       3.285318718536e-15       7.361609512718e-17 
  874       2.962035678927e-10       2.313401176712e-12       4.685376219643e-12       1.293442534619e-14       9.594798309756e-15       3.262012594065e-15       7.704517155410e-17 
  875       2.948096048029e-10       2.343113422781e-12       4.845499999356e-12       1.293657361754e-14       9.553759257547e-15       3.238635653608e-15       8.046098763842e-17 
  876       2.934020103733e-10       2.373379121452e-12       5.001891162437e-12       1.293849520900e-14       9.512931992264e-15       3.215184325064e-15       8.386444127685e-17 
  877       2.919811944929e-10       2.404188392623e-12       5.154466712854e-12       1.294019007672e-14       9.472314357781e-15       3.191655003024e-15       8.725643966514e-17 
  878       2.905475664580e-10       2.435530692057e-12       5.303154847210e-12       1.294165855988e-14       9.431904420959e-15       3.168045255584e-15       9.063757574855e-17 
  879       2.891015207649e-10       2.467393145443e-12       5.447930426219e-12       1.294290251320e-14       9.391701257455e-15       3.144357466992e-15       9.400715162109e-17 
  880       2.876434511048e-10       2.499762185963e-12       5.588780090237e-12       1.294392419335e-14       9.351704178724e-15       3.120595255373e-15       9.736413894343e-17 
  881       2.861737550642e-10       2.532624103199e-12       5.725690560240e-12       1.294472588556e-14       9.311912472721e-15       3.096762271400e-15       1.007075010261e-16 
  882       2.846928341362e-10       2.565965042714e-12       5.858648638254e-12       1.294530990372e-14       9.272325403806e-15       3.072862198377e-15       1.040361928070e-16 
  883       2.832010937320e-10       2.599771005623e-12       5.987641207780e-12       1.294567859046e-14       9.232942212664e-15       3.048898752332e-15       1.073491608286e-16 
  884       2.816989431917e-10       2.634027848169e-12       6.112655234231e-12       1.294583431722e-14       9.193762116216e-15       3.024875682107e-15       1.106453432158e-16 
  885       2.801867957958e-10       2.668721281298e-12       6.233677765351e-12       1.294577948439e-14       9.154784307527e-15       3.000796769447e-15       1.139236696530e-16 
  886       2.786650687763e-10       2.703836870236e-12       6.350695931654e-12       1.294551652131e-14       9.116007955729e-15       2.976665829093e-15       1.171830613619e-16 
  887       2.771341833281e-10       2.739360034060e-12       6.463696946844e-12       1.294504788644e-14       9.077432205922e-15       2.952486708866e-15       1.204224310787e-16 
  888       2.755945646197e-10       2.775276045279e-12       6.572668108253e-12       1.294437606740e-14       9.039056179096e-15       2.928263289762e-15       1.236406830316e-16 
  889       2.740466418051e-10       2.811570029402e-12       6.677596797261e-12       1.294350358109e-14       9.000878972040e-15       2.903999486042e-15       1.268367129186e-16 
  890       2.724908480345e-10       2.848226964520e-12       6.778470479732e-12       1.294243297372e-14       8.962899657255e-15       2.879699245318e-15       1.300094078844e-16 
  891       2.709276204657e-10       2.885231680875e-12       6.875276706442e-12       1.294116682096e-14       8.925117282866e-15       2.855366548646e-15       1.331576464983e-16 
  892       2.693574002754e-10       2.922568860440e-12       6.968003113503e-12       1.293970772799e-14       8.887530872539e-15       2.831005410617e-15       1.362802987314e-16 
  893       2.677806326703e-10       2.960223036490e-12       7.056637422799e-12       1.293805832961e-14       8.850139425388e-15       2.806619879442e-15       1.393762259344e-16 
  894       2.661977668981e-10       2.998178593181e-12       7.141167442410e-12       1.293622129030e-14       8.812941915892e-15       2.782214037049e-15       1.424442808146e-16 
  895       2.646092562594e-10       3.036419765122e-12       7.221581067045e-12       1.293419930433e-14       8.775937293806e-15       2.757791999166e-15       1.454833074138e-16 
  896       2.630155581180e-10       3.074930636952e-12       7.297866278465e-12       1.293199509582e-14       8.739124484076e-15       2.733357915416e-15       1.484921410853e-16 
  897       2.614171339127e-10       3.113695142913e-12       7.370011145921e-12       1.292961141887e-14       8.702502386747e-15       2.708915969404e-15       1.514696084719e-16 
  898       2.598144491686e-10       3.152697066427e-12       7.438003826574e-12       1.292705105759e-14       8.666069876884e-15       2.684470378809e-15       1.544145274829e-16 
  899       2.582079735079e-10       3.191920039672e-12       7.501832565931e-12       1.292431682626e-14       8.629825804475e-15       2.660025395471e-15       1.573257072718e-16 
  900       2.565981806612e-10       3.231347543153e-12       7.561485698269e-12       1.292141156933e-14       8.593768994352e-15       2.635585305486e-15       1.602019482139e-16 
  901       2.549855484791e-10       3.270962905281e-12       7.616951647068e-12       1.291833816158e-14       8.557898246099e-15       2.611154429291e-15       1.630420418832e-16 
  902       2.533705589430e-10       3.310749301946e-12       7.668218925438e-12       1.291509950817e-14       8.522212333968e-15       2.586737121756e-15       1.658447710305e-16 
  903       2.517536981763e-10       3.350689756094e-12       7.715276136548e-12       1.291169854473e-14       8.486710006790e-15       2.562337772273e-15       1.686089095605e-16 
  904       2.501354564560e-10       3.390767137300e-12       7.758111974055e-12       1.290813823745e-14       8.451389987886e-15       2.537960804849e-15       1.713332225095e-16 
  905       2.485163282235e-10       3.430964161343e-12       7.796715222535e-12       1.290442158319e-14       8.416250974985e-15       2.513610678191e-15       1.740164660224e-16 
  906       2.468968120962e-10       3.471263389783e-12       7.831074757909e-12       1.290055160953e-14       8.381291640133e-15       2.489291885802e-15       1.766573873309e-16 
  907       2.452774108782e-10       3.511647229537e-12       7.861179547876e-12       1.289653137486e-14       8.346510629606e-15       2.465008956064e-15       1.792547247302e-16 
  908       2.436586315721e-10       3.552097932448e-12       7.887018652337e-12       1.289236396850e-14       8.311906563824e-15       2.440766452333e-15       1.818072075570e-16 
  909       2.420409853897e-10       3.592597594867e-12       7.908581223829e-12       1.288805251075e-14       8.277478037264e-15       2.416568973029e-15       1.843135561667e-16 
  910       2.404249877636e-10       3.633128157226e-12       7.925856507952e-12       1.288360015301e-14       8.243223618372e-15       2.392421151723e-15       1.867724819108e-16 
  911       2.388111583581e-10       3.673671403610e-12       7.938833843795e-12       1.287901007784e-14       8.209141849475e-15       2.368327657228e-15       1.891826871148e-16 
  912       2.372000210807e-10       3.714208961336e-12       7.947502664371e-12       1.287428549904e-14       8.175231246698e-15       2.344293193690e-15       1.915428650552e-16 
  913       2.355921040931e-10       3.754722300526e-12       7.951852497042e-12       1.286942966178e-14       8.141490299870e-15       2.320322500679e-15       1.938516999369e-16 
  914       2.339879398226e-10       3.795192733683e-12       7.951872963950e-12       1.286444584264e-14       8.107917472444e-15       2.296420353274e-15       1.961078668712e-16 
  915       2.323880649731e-10       3.835601415267e-12       7.947553782445e-12       1.285933734974e-14       8.074511201405e-15       2.272591562158e-15       1.983100318527e-16 
  916       2.307930205363e-10       3.875929341265e-12       7.938884765512e-12       1.285410752278e-14       8.041269897183e-15       2.248840973707e-15       2.004568517373e-16 
  917       2.292033080099e-10       3.916158493112e-12       7.925864115265e-12       1.284875971653e-14       8.008192132497e-15       2.225172989875e-15       2.025473619582e-16 
  918       2.276192572641e-10       3.956275290240e-12       7.908523447244e-12       1.284329725078e-14       7.975277212334e-15       2.201590119296e-15       2.045821464867e-16 
  919       2.260411565930e-10       3.996267191654e-12       7.886903165425e-12       1.283772345977e-14       7.942524612874e-15       2.178094403290e-15       2.065621864562e-16 
  920       2.244692963225e-10       4.036121556321e-12       7.861044206894e-12       1.283204170880e-14       7.909933793318e-15       2.154687893998e-15       2.084884741444e-16 
  921       2.229039688151e-10       4.075825642906e-12       7.830988043449e-12       1.282625539433e-14       7.877504195833e-15       2.131372654402e-15       2.103620130060e-16 
  922       2.213454684751e-10       4.115366609509e-12       7.796776683219e-12       1.282036794408e-14       7.845235245489e-15       2.108150758349e-15       2.121838177055e-16 
  923       2.197940917530e-10       4.154731513403e-12       7.758452672270e-12       1.281438281711e-14       7.813126350203e-15       2.085024290567e-15       2.139549141498e-16 
  924       2.182501371513e-10       4.193907310774e-12       7.716059096221e-12       1.280830350386e-14       7.781176900674e-15       2.061995346694e-15       2.156763395211e-16 
  925       2.167139052288e-10       4.232880856460e-12       7.669639581850e-12       1.280213352630e-14       7.749386270323e-15       2.039066033293e-15       2.173491423094e-16 
  926       2.151856986057e-10       4.271638903685e-12       7.619238298710e-12       1.279587643798e-14       7.717753815238e-15       2.016238467878e-15       2.189743823457e-16 
  927       2.136658219690e-10       4.310168103801e-12       7.564899960738e-12       1.278953582410e-14       7.686278874108e-15       1.993514778932e-15       2.205531308341e-16 
  928       2.121545820768e-10       4.348455006025e-12       7.506669827865e-12       1.278311530162e-14       7.654960768165e-15       1.970897105931e-15       2.220864703850e-16 
  929       2.106522877639e-10       4.386486057179e-12       7.444593707630e-12       1.277661851937e-14       7.623798801124e-15       1.948387599364e-15       2.235754950478e-16 
  930       2.091592499463e-10       4.424247601423e-12       7.378717956789e-12       1.277004915804e-14       7.592792259123e-15       1.925988420757e-15       2.250213103432e-16 
  931       2.076757816263e-10       4.461725879999e-12       7.309089482929e-12       1.276341093038e-14       7.561940410662e-15       1.903701742690e-15       2.264250332967e-16 
  932       2.062021978978e-10       4.498907030967e-12       7.235755746075e-12       1.275670758121e-14       7.531242506543e-15       1.881529748824e-15       2.277877924705e-16 
  933       2.047388159507e-10       4.535777088942e-12       7.158764760306e-12       1.274994288752e-14       7.500697779811e-15       1.859474633916e-15       2.291107279969e-16 
  934       2.032859550763e-10       4.572321984834e-12       7.078165095362e-12       1.274312065856e-14       7.470305445691e-15       1.837538603849e-15       2.303949916106e-16 
  935       2.018439366722e-10       4.608527545584e-12       6.994005878258e-12       1.273624473594e-14       7.440064701530e-15       1.815723875644e-15       2.316417466816e-16 
  936       2.004130842470e-10       4.644379493907e-12       6.906336794896e-12       1.272931899368e-14       7.409974726737e-15       1.794032677489e-15       2.328521682482e-16 
  937       1.989937234257e-10       4.679863448024e-12       6.815208091671e-12       1.272234733831e-14       7.380034682721e-15       1.772467248757e-15       2.340274430491e-16 
  938       1.975861819544e-10       4.714964921403e-12       6.720670577089e-12       1.271533370898e-14       7.350243712832e-15       1.751029840027e-15       2.351687695567e-16 
  939       1.961907897051e-10       4.749669322500e-12       6.622775623374e-12       1.270828207750e-14       7.320600942302e-15       1.729722713109e-15       2.362773580095e-16 
  940       1.948078786812e-10       4.783961954492e-12       6.521575168081e-12       1.270119644845e-14       7.291105478181e-15       1.708548141061e-15       2.373544304453e-16 
  941       1.934377830219e-10       4.817828015018e-12       6.417121715707e-12       1.269408085928e-14       7.261756409280e-15       1.687508408213e-15       2.384012207332e-16 
  942       1.920808390076e-10       4.851252595918e-12       6.309468339300e-12       1.268693938034e-14       7.232552806112e-15       1.666605810189e-15       2.394189746070e-16 
  943       1.907373850646e-10       4.884220682970e-12       6.198668682073e-12       1.267977611502e-14       7.203493720827e-15       1.645842653928e-15       2.404089496975e-16 
  944       1.894077617702e-10       4.916717155628e-12       6.084776959017e-12       1.267259519983e-14       7.174578187154e-15       1.625221257704e-15       2.413724155656e-16 
  945       1.880923118576e-10       4.948726786759e-12       5.967847958506e-12       1.266540080442e-14       7.145805220345e-15       1.604743951150e-15       2.423106537347e-16 
  946       1.867913802210e-10       4.980234242387e-12       5.847937043914e-12       1.265819713176e-14       7.117173817107e-15       1.584413075276e-15       2.432249577236e-16 
  947       1.855053139205e-10       5.011224081421e-12       5.725100155223e-12       1.265098841816e-14       7.088682955549e-15       1.564230982494e-15       2.441166330792e-16 
  948       1.842344621868e-10       5.041680755405e-12       5.599393810636e-12       1.264377893336e-14       7.060331595116e-15       1.544200036640e-15       2.449869974094e-16 
  949       1.829791764267e-10       5.071588608247e-12       5.470875108188e-12       1.263657298065e-14       7.032118676532e-15       1.524322612990e-15       2.458373804155e-16 
  950       1.817398102277e-10       5.100931875962e-12       5.339601727356e-12       1.262937489690e-14       7.004043121741e-15       1.504601098287e-15       2.466691239252e-16 
  951       1.805167193629e-10       5.129694686407e-12       5.205631930673e-12       1.262218905270e-14       6.976103833842e-15       1.485037890763e-15       2.474835819252e-16 
  952       1.793102617964e-10       5.157861059022e-12       5.069024565334e-12       1.261501985240e-14       6.948299697035e-15       1.465635400153e-15       2.482821205940e-16 
  953       1.781207976878e-10       5.185414904569e-12       4.929839064814e-12       1.260787173424e-14       6.920629576555e-15       1.446396047727e-15       2.490661183346e-16 
  954       1.769486893975e-10       5.212340024865e-12       4.788135450475e-12       1.260074917037e-14       6.893092318615e-15       1.427322266303e-15       2.498369658074e-16 
  955       1.757943014915e-10       5.238620112527e-12       4.643974333176e-12       1.259365666701e-14       6.865686750345e-15       1.408416500272e-15       2.505960659625e-16 
  956       1.746579467141e-10       5.264240847885e-12       4.497417470218e-12       1.258659838753e-14       6.838411813262e-15       1.389680456807e-15       2.513444606661e-16 
  957       1.735397229922e-10       5.289196225359e-12       4.348529442226e-12       1.257957701537e-14       6.811266966035e-15       1.371112846912e-15       2.520817042624e-16 
  958       1.724396739512e-10       5.313482323210e-12       4.197376005079e-12       1.257259487396e-14       6.784251787753e-15       1.352711609909e-15       2.528069728689e-16 
  959       1.713578427190e-10       5.337095215130e-12       4.044023538585e-12       1.256565430209e-14       6.757365844910e-15       1.334474659040e-15       2.535194362068e-16 
  960       1.702942719240e-10       5.360030970255e-12       3.888539048164e-12       1.255875765397e-14       6.730608691362e-15       1.316399881398e-15       2.542182575851e-16 
  961       1.692490036934e-10       5.382285653182e-12       3.730990166534e-12       1.255190729924e-14       6.703979868285e-15       1.298485137844e-15       2.549025938841e-16 
  962       1.682220796504e-10       5.403855323980e-12       3.571445155392e-12       1.254510562303e-14       6.677478904133e-15       1.280728262933e-15       2.555715955394e-16 
  963       1.672135409124e-10       5.424736038201e-12       3.409972907101e-12       1.253835502598e-14       6.651105314593e-15       1.263127064839e-15       2.562244065255e-16 
  964       1.662234280893e-10       5.444923846898e-12       3.246642946375e-12       1.253165792427e-14       6.624858602544e-15       1.245679325274e-15       2.568601643394e-16 
  965       1.652517812805e-10       5.464414796636e-12       3.081525431957e-12       1.252501674970e-14       6.598738258014e-15       1.228382799415e-15       2.574779999847e-16 
  966       1.642986400735e-10       5.483204929503e-12       2.914691158311e-12       1.251843394964e-14       6.572743758137e-15       1.211235215824e-15       2.580770379551e-16 
  967       1.633640435417e-10       5.501290283129e-12       2.746211557302e-12       1.251191198714e-14       6.546874567111e-15       1.194234276377e-15       2.586563962184e-16 
  968       1.624480302418e-10       5.518666890692e-12       2.576158699877e-12       1.250545334095e-14       6.521130136155e-15       1.177377656179e-15       2.592151861999e-16 
  969       1.615506382124e-10       5.535330780937e-12       2.404605297757e-12       1.249906050553e-14       6.495509903464e-15       1.160663003494e-15       2.597525127665e-16 
  970       1.606719049711e-10       5.551277978188e-12       2.231624705113e-12       1.249273599110e-14       6.470013294171e-15       1.144087939666e-15       2.602674742103e-16 
  971       1.598118675130e-10       5.566504502360e-12       2.057290920257e-12       1.248648232367e-14       6.444639720301e-15       1.127650059042e-15       2.607591622324e-16 
  972       1.589705623085e-10       5.581006368971e-12       1.881678587321e-12       1.248030204508e-14       6.419388580727e-15       1.111346928896e-15       2.612266619266e-16 
  973       1.581480253007e-10       5.594779589161e-12       1.704862997942e-12       1.247419771306e-14       6.394259261132e-15       1.095176089352e-15       2.616690517632e-16 
  974       1.573442919040e-10       5.607820169697e-12       1.526920092948e-12       1.246817190120e-14       6.369251133963e-15       1.079135053305e-15       2.620854035726e-16 
  975       1.565593970015e-10       5.620124112995e-12       1.347926464042e-12       1.246222719905e-14       6.344363558386e-15       1.063221306349e-15       2.624747825296e-16 
  976       1.557933749428e-10       5.631687417125e-12       1.167959355483e-12       1.245636621212e-14       6.319595880250e-15       1.047432306698e-15       2.628362471363e-16 
  977       1.550462595423e-10       5.642506075832e-12       9.870966657737e-13       1.245059156193e-14       6.294947432039e-15       1.031765485106e-15       2.631688492067e-16 
  978       1.543180840769e-10       5.652576078544e-12       8.054169493433e-13       1.244490588603e-14       6.270417532829e-15       1.016218244796e-15       2.634716338498e-16 
  979       1.536088812836e-10       5.661893410385e-12       6.229994182304e-13       1.243931183805e-14       6.246005488250e-15       1.000787961380e-15       2.637436394539e-16 
  980       1.529186833580e-10       5.670454052193e-12       4.399239437687e-13       1.243381208773e-14       6.221710590438e-15       9.854719827827e-16       2.639838976698e-16 
  981       1.522475219514e-10       5.678253980529e-12       2.562710582701e-13       1.242840932095e-14       6.197532117995e-15       9.702676291643e-16       2.641914333951e-16 
  982       1.515954281696e-10       5.685289167692e-12       7.212195670960e-14       1.242310623978e-14       6.173469335948e-15       9.551721928453e-16       2.643652647576e-16 
  983       1.509624325697e-10       5.691555581731e-12      -1.124415015915e-13       1.241790556249e-14       6.149521495701e-15       9.401829382286e-16       2.645044030992e-16 
  984       1.503485651591e-10       5.697049186462e-12      -2.973367912808e-13       1.241281002360e-14       6.125687834998e-15       9.252971017232e-16       2.646078529595e-16 
  985       1.497538553925e-10       5.701765941474e-12      -4.824807192912e-13       1.240782237393e-14       6.101967577876e-15       9.105118916674e-16       2.646746120599e-16 
  986       1.491783321703e-10       5.705701802152e-12      -6.677894231563e-13       1.240294538061e-14       6.078359934625e-15       8.958244882519e-16       2.647036712869e-16 
  987       1.486220238363e-10       5.708852719680e-12      -8.531783693271e-13       1.239818182711e-14       6.054864101746e-15       8.812320434435e-16       2.646940146763e-16 
  988       1.480849581756e-10       5.711214641064e-12      -1.038562351487e-12       1.239353451331e-14       6.031479261902e-15       8.667316809080e-16       2.646446193966e-16 
  989       1.475671624124e-10       5.712783509137e-12      -1.223855488868e-12       1.238900625551e-14       6.008204583886e-15       8.523204959336e-16       2.645544557331e-16 
  990       1.470686632080e-10       5.713555262577e-12      -1.408971224568e-12       1.238459988646e-14       5.985039222567e-15       8.379955553544e-16       2.644224870712e-16 
  991       1.465894866587e-10       5.713525835921e-12      -1.593822323863e-12       1.238031825540e-14       5.961982318856e-15       8.237538974732e-16       2.642476698806e-16 
  992       1.461296582937e-10       5.712691159574e-12      -1.778320872528e-12       1.237616422812e-14       5.939032999657e-15       8.095925319855e-16       2.640289536989e-16 
  993       1.456892030727e-10       5.711047159825e-12      -1.962378275150e-12       1.237214068696e-14       5.916190377831e-15       7.955084399019e-16       2.637652811152e-16 
  994       1.452681453843e-10       5.708589758862e-12      -2.145905253442e-12       1.236825053086e-14       5.893453552145e-15       7.814985734723e-16       2.634555877541e-16 
  995       1.448664750819e-10       5.705316642641e-12      -2.328818535523e-12       1.236449618803e-14       5.870821707590e-15       7.675604457904e-16       2.630991442704e-16 
  996       1.444840450524e-10       5.701232592908e-12      -2.511061034695e-12       1.236087814607e-14       5.848294417998e-15       7.536939092453e-16       2.626965878656e-16 
  997       1.441206721395e-10       5.696344233478e-12      -2.692581963541e-12       1.235739640033e-14       5.825871347783e-15       7.398994030254e-16       2.622489058817e-16 
  998       1.437761709633e-10       5.690658269699e-12      -2.873330168950e-12       1.235405093931e-14       5.803552151953e-15       7.261773657980e-16       2.617570951880e-16 
  999       1.434503539136e-10       5.684181488682e-12      -3.053254131244e-12       1.235084174465e-14       5.781336476085e-15       7.125282357039e-16       2.612221622066e-16 
 1000       1.431430311438e-10       5.676920759524e-12      -3.232301963303e-12       1.234776879105e-14       5.759223956293e-15       6.989524503522e-16       2.606451229373e-16 
 1001       1.428540105645e-10       5.668883033538e-12      -3.410421409690e-12       1.234483204633e-14       5.737214219196e-15       6.854504468152e-16       2.600270029826e-16 
 1002       1.425830978377e-10       5.660075344480e-12      -3.587559845781e-12       1.234203147131e-14       5.715306881889e-15       6.720226616227e-16       2.593688375734e-16 
 1003       1.423300963702e-10       5.650504808776e-12      -3.763664276888e-12       1.233936701987e-14       5.693501551911e-15       6.586695307569e-16       2.586716715939e-16 
 1004       1.420948073072e-10       5.640178625752e-12      -3.938681337383e-12       1.233683863888e-14       5.671797827217e-15       6.453914896471e-16       2.579365596066e-16 
 1005       1.418770295268e-10       5.629104077854e-12      -4.112557289831e-12       1.233444626819e-14       5.650195296145e-15       6.321889731642e-16       2.571645658775e-16 
 1006       1.416765596330e-10       5.617288530885e-12      -4.285238024110e-12       1.233218984059e-14       5.628693537386e-15       6.190624156157e-16       2.563567644018e-16 
 1007       1.414931919498e-10       5.604739434224e-12      -4.456669056538e-12       1.233006928183e-14       5.607292119954e-15       6.060122507401e-16       2.555142389282e-16 
 1008       1.413267185150e-10       5.591464321060e-12      -4.626795529002e-12       1.232808451052e-14       5.585990603156e-15       5.930389117017e-16       2.546380829849e-16 
 1009       1.411769290740e-10       5.577470808614e-12      -4.795562208081e-12       1.232623543820e-14       5.564788536558e-15       5.801428310855e-16       2.537293999042e-16 
 1010       1.410436110734e-10       5.562766598370e-12      -4.962913484174e-12       1.232452196923e-14       5.543685459961e-15       5.673244408914e-16       2.527893028479e-16 
 1011       1.409265496548e-10       5.547359476300e-12      -5.128793370627e-12       1.232294400082e-14       5.522680903363e-15       5.545841725294e-16       2.518189148325e-16 
 1012       1.408255276489e-10       5.531257313093e-12      -5.293145502854e-12       1.232150142298e-14       5.501774386934e-15       5.419224568138e-16       2.508193687542e-16 
 1013       1.407403255687e-10       5.514468064381e-12      -5.455913137469e-12       1.232019411852e-14       5.480965420983e-15       5.293397239583e-16       2.497918074144e-16 
 1014       1.406707216037e-10       5.496999770968e-12      -5.617039151410e-12       1.231902196300e-14       5.460253505927e-15       5.168364035706e-16       2.487373835445e-16 
 1015       1.406164916136e-10       5.478860559055e-12      -5.776466041065e-12       1.231798482471e-14       5.439638132261e-15       5.044129246469e-16       2.476572598311e-16 
 1016       1.405774091220e-10       5.460058640469e-12      -5.934135921396e-12       1.231708256467e-14       5.419118780531e-15       4.920697155667e-16       2.465526089416e-16 
 1017       1.405532453101e-10       5.440602312892e-12      -6.089990525070e-12       1.231631503657e-14       5.398694921297e-15       4.798072040877e-16       2.454246135488e-16 
 1018       1.405437690107e-10       5.420499960083e-12      -6.243971201580e-12       1.231568208679e-14       5.378366015105e-15       4.676258173399e-16       2.442744663565e-16 
 1019       1.405487467017e-10       5.399760052112e-12      -6.396018916373e-12       1.231518355433e-14       5.358131512460e-15       4.555259818210e-16       2.431033701245e-16 
 1020       1.405679425001e-10       5.378391145582e-12      -6.546074249980e-12       1.231481927080e-14       5.337990853791e-15       4.435081233907e-16       2.419125376937e-16 
 1021       1.406011181556e-10       5.356401883859e-12      -6.694077397134e-12       1.231458906044e-14       5.317943469421e-15       4.315726672653e-16       2.407031920114e-16 
 1022       1.406480330445e-10       5.333800997298e-12      -6.839968165903e-12       1.231449274001e-14       5.297988779540e-15       4.197200380126e-16       2.394765661563e-16 
 1023       1.407084441634e-10       5.310597303473e-12      -6.983685976814e-12       1.231453011886e-14       5.278126194169e-15       4.079506595467e-16       2.382339033639e-16 
 1024       1.407821061230e-10       5.286799707400e-12      -7.125169861978e-12       1.231470099883e-14       5.258355113134e-15       3.962649551222e-16       2.369764570517e-16 
 1025       1.408687711418e-10       5.262417201770e-12      -7.264358464217e-12       1.231500517427e-14       5.238674926034e-15       3.846633473295e-16       2.357054908439e-16 
 1026       1.409681890400e-10       5.237458867169e-12      -7.401190036190e-12       1.231544243199e-14       5.219085012208e-15       3.731462580889e-16       2.344222785972e-16 
 1027       1.410801072332e-10       5.211933872312e-12      -7.535602439520e-12       1.231601255127e-14       5.199584740710e-15       3.617141086457e-16       2.331281044255e-16 
 1028       1.412042707261e-10       5.185851474269e-12      -7.667533143918e-12       1.231671530380e-14       5.180173470272e-15       3.503673195650e-16       2.318242627253e-16 
 1029       1.413404221064e-10       5.159221018688e-12      -7.796919226312e-12       1.231755045367e-14       5.160850549279e-15       3.391063107256e-16       2.305120582008e-16 
 1030       1.414883015386e-10       5.132051940028e-12      -7.923697369970e-12       1.231851775735e-14       5.141615315734e-15       3.279315013158e-16       2.291928058891e-16 
 1031       1.416476467574e-10       5.104353761782e-12      -8.047803863628e-12       1.231961696366e-14       5.122467097230e-15       3.168433098272e-16       2.278678311853e-16 
 1032       1.418181930620e-10       5.076136096707e-12      -8.169174600615e-12       1.232084781376e-14       5.103405210919e-15       3.058421540498e-16       2.265384698678e-16 
 1033       1.419996733096e-10       5.047408647052e-12      -8.287745077982e-12       1.232221004110e-14       5.084428963482e-15       2.949284510666e-16       2.252060681233e-16 
 1034       1.421918187188e-10       5.018181644093e-12      -8.403459798424e-12       1.232370307064e-14       5.065537727279e-15       2.841029953784e-16       2.238717113194e-16 
 1035       1.423943613047e-10       4.988467173095e-12      -8.516300623305e-12       1.232532511178e-14       5.046731170040e-15       2.733680991403e-16       2.225354060743e-16 
 1036       1.426070314657e-10       4.958277867522e-12      -8.626258818482e-12       1.232707405258e-14       5.028009028360e-15       2.627264680244e-16       2.211968866807e-16 
 1037       1.428295571713e-10       4.927626471702e-12      -8.733325688005e-12       1.232894775930e-14       5.009371031789e-15       2.521808245873e-16       2.198558853060e-16 
 1038       1.430616639555e-10       4.896525841102e-12      -8.837492574299e-12       1.233094407631e-14       4.990816902808e-15       2.417339083073e-16       2.185121319870e-16 
 1039       1.433030749109e-10       4.864988942603e-12      -8.938750858344e-12       1.233306082609e-14       4.972346356810e-15       2.313884756212e-16       2.171653546241e-16 
 1040       1.435535106825e-10       4.833028854779e-12      -9.037091959853e-12       1.233529580914e-14       4.953959102076e-15       2.211472999619e-16       2.158152789768e-16 
 1041       1.438126894616e-10       4.800658768174e-12      -9.132507337457e-12       1.233764680393e-14       4.935654839752e-15       2.110131717949e-16       2.144616286580e-16 
 1042       1.440803269794e-10       4.767891985576e-12      -9.224988488882e-12       1.234011156682e-14       4.917433263831e-15       2.009888986560e-16       2.131041251289e-16 
 1043       1.443561365015e-10       4.734741922296e-12      -9.314526951131e-12       1.234268783205e-14       4.899294061127e-15       1.910773051877e-16       2.117424876935e-16 
 1044       1.446398288210e-10       4.701222106443e-12      -9.401114300664e-12       1.234537331163e-14       4.881236911254e-15       1.812812331770e-16       2.103764334939e-16 
 1045       1.449311122528e-10       4.667346179201e-12      -9.484742153578e-12       1.234816569532e-14       4.863261486606e-15       1.716035415919e-16       2.090056775045e-16 
 1046       1.452296926276e-10       4.633127895107e-12      -9.565402165788e-12       1.235106265055e-14       4.845367452331e-15       1.620471066188e-16       2.076299325272e-16 
 1047       1.455352732853e-10       4.598581122325e-12      -9.643086033206e-12       1.235406182239e-14       4.827554466315e-15       1.526148216996e-16       2.062489091856e-16 
 1048       1.458475550690e-10       4.563719842925e-12      -9.717785491925e-12       1.235716083344e-14       4.809822179152e-15       1.433095975686e-16       2.048623159205e-16 
 1049       1.461662363194e-10       4.528558153160e-12      -9.789492318395e-12       1.236035728384e-14       4.792170234130e-15       1.341343622898e-16       2.034698589840e-16 
 1050       1.464910128677e-10       4.493110263738e-12      -9.858198329608e-12       1.236364875114e-14       4.774598267204e-15       1.250920612936e-16       2.020712424345e-16 
 1051       1.468215780303e-10       4.457390500104e-12      -9.923895383273e-12       1.236703279033e-14       4.757105906975e-15       1.161856574146e-16       2.006661681317e-16 
 1052       1.471576226023e-10       4.421413302715e-12      -9.986575378002e-12       1.237050693368e-14       4.739692774669e-15       1.074181309278e-16       1.992543357307e-16 
 1053       1.474988348513e-10       4.385193227315e-12      -1.004623025349e-11       1.237406869077e-14       4.722358484114e-15       9.879247958658e-17       1.978354426775e-16 
 1054       1.478449005117e-10       4.348744945212e-12      -1.010285199068e-11       1.237771554838e-14       4.705102641717e-15       9.031171865898e-17       1.964091842035e-16 
 1055       1.481955027777e-10       4.312083243557e-12      -1.015643261197e-11       1.238144497045e-14       4.687924846447e-15       8.197888096534e-17       1.949752533198e-16 
 1056       1.485503222981e-10       4.275223025619e-12      -1.020696418139e-11       1.238525439802e-14       4.670824689806e-15       7.379701691517e-17       1.935333408126e-16 
 1057       1.489090371696e-10       4.238179311059e-12      -1.025443880475e-11       1.238914124919e-14       4.653801755811e-15       6.576919454427e-17       1.920831352377e-16 
 1058       1.492713229309e-10       4.200967236212e-12      -1.029884862984e-11       1.239310291902e-14       4.636855620971e-15       5.789849955181e-17       1.906243229152e-16 
 1059       1.496368525564e-10       4.163602054358e-12      -1.034018584665e-11       1.239713677952e-14       4.619985854266e-15       5.018803533742e-17       1.891565879243e-16 
 1060       1.500052964502e-10       4.126099136004e-12      -1.037844268748e-11       1.240124017956e-14       4.603192017125e-15       4.264092303830e-17       1.876796120979e-16 
 1061       1.503763224398e-10       4.088473969157e-12      -1.041361142716e-11       1.240541044481e-14       4.586473663402e-15       3.526030156626e-17       1.861930750178e-16 
 1062       1.507495957702e-10       4.050742159600e-12      -1.044568438323e-11       1.240964487772e-14       4.569830339354e-15       2.804932764488e-17       1.846966540090e-16 
 1063       1.511247790975e-10       4.012919431172e-12      -1.047465391612e-11       1.241394075741e-14       4.553261583623e-15       2.101117584652e-17       1.831900241347e-16 
 1064       1.515015324831e-10       3.975021626042e-12      -1.050051242932e-11       1.241829533967e-14       4.536766927210e-15       1.414903862944e-17       1.816728581908e-16 
 1065       1.518795133870e-10       3.937064704986e-12      -1.052325236956e-11       1.242270585684e-14       4.520345893453e-15       7.466126374913e-18       1.801448267010e-16 
 1066       1.522583766623e-10       3.899064747665e-12      -1.054286622701e-11       1.242716951780e-14       4.503997998009e-15       9.656674242720e-19       1.786055979113e-16 
 1067       1.526377745487e-10       3.861037952899e-12      -1.055934653543e-11       1.243168350790e-14       4.487722748825e-15      -5.349091883982e-18       1.770548377849e-16 
 1068       1.530173566665e-10       3.823000638947e-12      -1.057268587239e-11       1.243624498889e-14       4.471519646124e-15      -1.147488717710e-17       1.754922099970e-16 
 1069       1.533967700101e-10       3.784969243780e-12      -1.058287685941e-11       1.244085109886e-14       4.455388182378e-15      -1.740843601098e-17       1.739173759291e-16 
 1070       1.537756589425e-10       3.746960325360e-12      -1.058991216216e-11       1.244549895222e-14       4.439327842285e-15      -2.314643783313e-17       1.723299946645e-16 
 1071       1.541536651887e-10       3.708990561916e-12      -1.059378449064e-11       1.245018563958e-14       4.423338102753e-15      -2.868557394549e-17       1.707297229824e-16 
 1072       1.545304278297e-10       3.671076752221e-12      -1.059448659937e-11       1.245490822776e-14       4.407418432870e-15      -3.402250746745e-17       1.691162153530e-16 
 1073       1.549056127477e-10       3.633234770809e-12      -1.059201788085e-11       1.245966380552e-14       4.391568348579e-15      -3.915500944083e-17       1.674892316262e-16 
 1074       1.552790014141e-10       3.595476417492e-12      -1.058640424399e-11       1.246444962172e-14       4.375787577528e-15      -4.408535401168e-17       1.658489617140e-16 
 1075       1.556504032981e-10       3.557812525494e-12      -1.057767850671e-11       1.246926294895e-14       4.360075896419e-15      -4.881696940625e-17       1.641957053185e-16 
 1076       1.560196265224e-10       3.520254002786e-12      -1.056587382809e-11       1.247410103779e-14       4.344433076506e-15      -5.335331606133e-17       1.625297646455e-16 
 1077       1.563864778598e-10       3.482811832255e-12      -1.055102370921e-11       1.247896111678e-14       4.328858883573e-15      -5.769788670435e-17       1.608514444096e-16 
 1078       1.567507627300e-10       3.445497071870e-12      -1.053316199402e-11       1.248384039237e-14       4.313353077927e-15      -6.185420643364e-17       1.591610518409e-16 
 1079       1.571122851969e-10       3.408320854852e-12      -1.051232287022e-11       1.248873604883e-14       4.297915414372e-15      -6.582583279854e-17       1.574588966905e-16 
 1080       1.574708479653e-10       3.371294389841e-12      -1.048854087011e-11       1.249364524823e-14       4.282545642199e-15      -6.961635587961e-17       1.557452912367e-16 
 1081       1.578262523777e-10       3.334428961062e-12      -1.046185087147e-11       1.249856513039e-14       4.267243505170e-15      -7.322939836881e-17       1.540205502909e-16 
 1082       1.581782984116e-10       3.297735928495e-12      -1.043228809841e-11       1.250349281280e-14       4.252008741495e-15      -7.666861564967e-17       1.522849912035e-16 
 1083       1.585267846761e-10       3.261226728042e-12      -1.039988812225e-11       1.250842539059e-14       4.236841083824e-15      -7.993769587746e-17       1.505389338701e-16 
 1084       1.588715084090e-10       3.224912871695e-12      -1.036468686241e-11       1.251335993646e-14       4.221740259225e-15      -8.304036005939e-17       1.487827007372e-16 
 1085       1.592122654736e-10       3.188805947704e-12      -1.032672058722e-11       1.251829350065e-14       4.206705989171e-15      -8.598036213478e-17       1.470166168083e-16 
 1086       1.595488503557e-10       3.152917620742e-12      -1.028602591483e-11       1.252322311087e-14       4.191737989522e-15      -8.876148905521e-17       1.452410096499e-16 
 1087       1.598810561607e-10       3.117259632079e-12      -1.024263981408e-11       1.252814577225e-14       4.176835970508e-15      -9.138756086474e-17       1.434562093972e-16 
 1088       1.602086746101e-10       3.081843799743e-12      -1.019659960534e-11       1.253305846727e-14       4.161999636715e-15      -9.386243078008e-17       1.416625487607e-16 
 1089       1.605314960389e-10       3.046682018691e-12      -1.014794296140e-11       1.253795815575e-14       4.147228687065e-15      -9.618998527075e-17       1.398603630314e-16 
 1090       1.608493093922e-10       3.011786260978e-12      -1.009670790831e-11       1.254284177477e-14       4.132522814806e-15      -9.837414413925e-17       1.380499900872e-16 
 1091       1.611619022224e-10       2.977168575922e-12      -1.004293282628e-11       1.254770623859e-14       4.117881707487e-15      -1.004188606013e-16       1.362317703989e-16 
 1092       1.614690606857e-10       2.942841090273e-12      -9.986656450535e-12       1.255254843867e-14       4.103305046951e-15      -1.023281213659e-16       1.344060470361e-16 
 1093       1.617705695396e-10       2.908816008381e-12      -9.927917872160e-12       1.255736524352e-14       4.088792509310e-15      -1.041059467156e-16       1.325731656729e-16 
 1094       1.620662121393e-10       2.875105612365e-12      -9.866756539002e-12       1.256215349874e-14       4.074343764936e-15      -1.057563905868e-16       1.307334745944e-16 
 1095       1.623557704351e-10       2.841722262277e-12      -9.803212256513e-12       1.256691002692e-14       4.059958478440e-15      -1.072835406495e-16       1.288873247021e-16 
 1096       1.626390249687e-10       2.808678396275e-12      -9.737325188627e-12       1.257163162758e-14       4.045636308657e-15      -1.086915183881e-16       1.270350695203e-16 
 1097       1.629157548710e-10       2.775986530785e-12      -9.669135858624e-12       1.257631507715e-14       4.031376908629e-15      -1.099844791810e-16       1.251770652019e-16 
 1098       1.631857378582e-10       2.743659260673e-12      -9.598685149997e-12       1.258095712886e-14       4.017179925592e-15      -1.111666123812e-16       1.233136705344e-16 
 1099       1.634487502292e-10       2.711709259412e-12      -9.526014307320e-12       1.258555451278e-14       4.003045000956e-15      -1.122421413960e-16       1.214452469458e-16 
 1100       1.637045668623e-10       2.680149279249e-12      -9.451164937115e-12       1.259010393566e-14       3.988971770288e-15      -1.132153237679e-16       1.195721585105e-16 
 1101       1.639529612124e-10       2.648992151374e-12      -9.374179008717e-12       1.259460208097e-14       3.974959863300e-15      -1.140904512540e-16       1.176947719558e-16 
 1102       1.641937053076e-10       2.618250786084e-12      -9.295098855143e-12       1.259904560877e-14       3.961008903829e-15      -1.148718499067e-16       1.158134566669e-16 
 1103       1.644265697465e-10       2.587938172957e-12      -9.213967173960e-12       1.260343115572e-14       3.947118509823e-15      -1.155638801537e-16       1.139285846939e-16 
 1104       1.646513236947e-10       2.558067381015e-12      -9.130827028148e-12       1.260775533498e-14       3.933288293322e-15      -1.161709368782e-16       1.120405307570e-16 
 1105       1.648677348819e-10       2.528651558892e-12      -9.045721846972e-12       1.261201473619e-14       3.919517860444e-15      -1.166974494990e-16       1.101496722528e-16 
 1106       1.650755695992e-10       2.499703935005e-12      -8.958695426844e-12       1.261620592541e-14       3.905806811370e-15      -1.171478820509e-16       1.082563892605e-16 
 1107       1.652745926954e-10       2.471237817719e-12      -8.869791932194e-12       1.262032544504e-14       3.892154740321e-15      -1.175267332644e-16       1.063610645474e-16 
 1108       1.654645675743e-10       2.443266595516e-12      -8.779055896337e-12       1.262436981380e-14       3.878561235551e-15      -1.178385366467e-16       1.044640835749e-16 
 1109       1.656452561916e-10       2.415803737160e-12      -8.686532222335e-12       1.262833552667e-14       3.865025879324e-15      -1.180878605609e-16       1.025658345049e-16 
 1110       1.658164190518e-10       2.388862791871e-12      -8.592266183869e-12       1.263221905481e-14       3.851548247898e-15      -1.182793083069e-16       1.006667082055e-16 
 1111       1.659778152051e-10       2.362457389486e-12      -8.496303426106e-12       1.263601684557e-14       3.838127911514e-15      -1.184175182014e-16       9.876709825682e-17 
 1112       1.661292396134e-10       2.336599430914e-12      -8.398690492874e-12       1.263972565424e-14       3.824764478842e-15      -1.185064996573e-16       9.686738530247e-17 
 1113       1.662706357920e-10       2.311293633111e-12      -8.299476414039e-12       1.264334354453e-14       3.811457731015e-15      -1.185476317089e-16       9.496788986544e-17 
 1114       1.664019846421e-10       2.286542912754e-12      -8.198711140713e-12       1.264686890118e-14       3.798207489328e-15      -1.185416383448e-16       9.306891892388e-17 
 1115       1.665232672163e-10       2.262350189449e-12      -8.096445021750e-12       1.265030009923e-14       3.785013570915e-15      -1.184892501390e-16       9.117078151412e-17 
 1116       1.666344647196e-10       2.238718385721e-12      -7.992728804663e-12       1.265363550402e-14       3.771875788736e-15      -1.183912042669e-16       8.927378873513e-17 
 1117       1.667355585094e-10       2.215650427007e-12      -7.887613636547e-12       1.265687347113e-14       3.758793951569e-15      -1.182482445207e-16       8.737825375295e-17 
 1118       1.668265300964e-10       2.193149241651e-12      -7.781151064989e-12       1.266001234641e-14       3.745767863995e-15      -1.180611213255e-16       8.548449180519e-17 
 1119       1.669073611450e-10       2.171217760893e-12      -7.673393038993e-12       1.266305046593e-14       3.732797326385e-15      -1.178305917552e-16       8.359282020541e-17 
 1120       1.669780334741e-10       2.149858918863e-12      -7.564391909897e-12       1.266598615596e-14       3.719882134892e-15      -1.175574195478e-16       8.170355834766e-17 
 1121       1.670385290572e-10       2.129075652574e-12      -7.454200432287e-12       1.266881773296e-14       3.707022081436e-15      -1.172423751217e-16       7.981702771083e-17 
 1122       1.670888300234e-10       2.108870901911e-12      -7.342871764918e-12       1.267154350355e-14       3.694216953690e-15      -1.168862355914e-16       7.793355186318e-17 
 1123       1.671289186578e-10       2.089247609628e-12      -7.230459471633e-12       1.267416176449e-14       3.681466535075e-15      -1.164897847830e-16       7.605345646678e-17 
 1124       1.671587774019e-10       2.070208721337e-12      -7.117017522279e-12       1.267667080266e-14       3.668770604741e-15      -1.160538132504e-16       7.417706928191e-17 
 1125       1.671783888543e-10       2.051757185500e-12      -7.002600293624e-12       1.267906889504e-14       3.656128937557e-15      -1.155791182908e-16       7.230472017158e-17 
 1126       1.671877357712e-10       2.033895953425e-12      -6.887262570281e-12       1.268135430870e-14       3.643541304102e-15      -1.150665039606e-16       7.043674110592e-17 
 1127       1.671868010671e-10       2.016627979254e-12      -6.771059545617e-12       1.268352530076e-14       3.631007470648e-15      -1.145167810914e-16       6.857346616668e-17 
 1128       1.671755678151e-10       1.999956219959e-12      -6.654046822679e-12       1.268558011838e-14       3.618527199151e-15      -1.139307673053e-16       6.671523155166e-17 
 1129       1.671540192476e-10       1.983883635329e-12      -6.536280415107e-12       1.268751699873e-14       3.606100247242e-15      -1.133092870313e-16       6.486237557917e-17 
 1130       1.671221387570e-10       1.968413187971e-12      -6.417816748055e-12       1.268933416898e-14       3.593726368206e-15      -1.126531715205e-16       6.301523869244e-17 
 1131       1.670799098958e-10       1.953547843292e-12      -6.298712659107e-12       1.269102984629e-14       3.581405310981e-15      -1.119632588625e-16       6.117416346414e-17 
 1132       1.670273163776e-10       1.939290569500e-12      -6.179025399197e-12       1.269260223776e-14       3.569136820136e-15      -1.112403940006e-16       5.933949460080e-17 
 1133       1.669643420775e-10       1.925644337591e-12      -6.058812633526e-12       1.269404954043e-14       3.556920635866e-15      -1.104854287483e-16       5.751157894722e-17 
 1134       1.668909710327e-10       1.912612121344e-12      -5.938132442477e-12       1.269536994124e-14       3.544756493978e-15      -1.096992218043e-16       5.569076549100e-17 
 1135       1.668071874427e-10       1.900196897312e-12      -5.817043322541e-12       1.269656161704e-14       3.532644125878e-15      -1.088826387689e-16       5.387740536693e-17 
 1136       1.667129756705e-10       1.888401644815e-12      -5.695604187225e-12       1.269762273454e-14       3.520583258557e-15      -1.080365521596e-16       5.207185186146e-17 
 1137       1.666083202426e-10       1.877229345931e-12      -5.573874367979e-12       1.269855145031e-14       3.508573614585e-15      -1.071618414267e-16       5.027446041718e-17 
 1138       1.664932058497e-10       1.866682985492e-12      -5.451913615108e-12       1.269934591075e-14       3.496614912095e-15      -1.062593929695e-16       4.848558863721e-17 
 1139       1.663676173474e-10       1.856765551070e-12      -5.329782098693e-12       1.270000425205e-14       3.484706864769e-15      -1.053301001518e-16       4.670559628970e-17 
 1140       1.662315397567e-10       1.847480032975e-12      -5.207540409507e-12       1.270052460022e-14       3.472849181832e-15      -1.043748633179e-16       4.493484531228e-17 
 1141       1.660849582644e-10       1.838829424246e-12      -5.085249559936e-12       1.270090507101e-14       3.461041568034e-15      -1.033945898080e-16       4.317369981648e-17 
 1142       1.659278582238e-10       1.830816720642e-12      -4.962970984892e-12       1.270114376993e-14       3.449283723641e-15      -1.023901939747e-16       4.142252609222e-17 
 1143       1.657602251551e-10       1.823444920634e-12      -4.840766542739e-12       1.270123879221e-14       3.437575344423e-15      -1.013625971979e-16       3.968169261222e-17 
 1144       1.655820447462e-10       1.816717025398e-12      -4.718698516203e-12       1.270118822280e-14       3.425916121642e-15      -1.003127279015e-16       3.795157003648e-17 
 1145       1.653933028530e-10       1.810636038811e-12      -4.596829613293e-12       1.270099013631e-14       3.414305742038e-15      -9.924152156847e-17       3.623253121675e-17 
 1146       1.651939855002e-10       1.805204967435e-12      -4.475222968221e-12       1.270064259703e-14       3.402743887818e-15      -9.814992075722e-17       3.452495120091e-17 
 1147       1.649840788816e-10       1.800426820518e-12      -4.353942142317e-12       1.270014365890e-14       3.391230236648e-15      -9.703887511696e-17       3.282920723750e-17 
 1148       1.647635693607e-10       1.796304609981e-12      -4.233051124950e-12       1.269949136545e-14       3.379764461634e-15      -9.590934140372e-17       3.114567878013e-17 
 1149       1.645324434715e-10       1.792841350411e-12      -4.112614334444e-12       1.269868374986e-14       3.368346231314e-15      -9.476228349609e-17       2.947474749194e-17 
 1150       1.642906879187e-10       1.790040059057e-12      -3.992696618994e-12       1.269771883484e-14       3.356975209647e-15      -9.359867241105e-17       2.781679725005e-17 
 1151       1.640383134070e-10       1.787902275370e-12      -3.873358268422e-12       1.269659502821e-14       3.345651089858e-15      -9.241886147964e-17       2.617212459931e-17 
 1152       1.637754264579e-10       1.786423599092e-12      -3.754639978235e-12       1.269531231483e-14       3.334373696479e-15      -9.122070315663e-17       2.454066885983e-17 
 1153       1.635021585060e-10       1.785598095499e-12      -3.636577696474e-12       1.269387107977e-14       3.323142884579e-15      -9.000140833083e-17       2.292227860140e-17 
 1154       1.632186421554e-10       1.785419770569e-12      -3.519207596028e-12       1.269227171409e-14       3.311958506018e-15      -8.875816895585e-17       2.131680087972e-17 
 1155       1.629250111830e-10       1.785882570842e-12      -3.402566075107e-12       1.269051461495e-14       3.300820409431e-15      -8.748815800931e-17       1.972408123275e-17 
 1156       1.626214005407e-10       1.786980383275e-12      -3.286689757701e-12       1.268860018555e-14       3.289728440227e-15      -8.618852945210e-17       1.814396367710e-17 
 1157       1.623079463585e-10       1.788707035103e-12      -3.171615494055e-12       1.268652883519e-14       3.278682440572e-15      -8.485641818763e-17       1.657629070429e-17 
 1158       1.619847859469e-10       1.791056293697e-12      -3.057380361126e-12       1.268430097928e-14       3.267682249387e-15      -8.348894002109e-17       1.502090327719e-17 
 1159       1.616520577999e-10       1.794021866420e-12      -2.944021663058e-12       1.268191703932e-14       3.256727702335e-15      -8.208319161867e-17       1.347764082630e-17 
 1160       1.613099015974e-10       1.797597400489e-12      -2.831576931642e-12       1.267937744297e-14       3.245818631812e-15      -8.063625046685e-17       1.194634124612e-17 
 1161       1.609584582082e-10       1.801776482829e-12      -2.720083926789e-12       1.267668262402e-14       3.234954866941e-15      -7.914517483162e-17       1.042684089151e-17 
 1162       1.605978696925e-10       1.806552639937e-12      -2.609580636990e-12       1.267383302242e-14       3.224136233561e-15      -7.760700371774e-17       8.918974574024e-18 
 1163       1.602282793047e-10       1.811919337733e-12      -2.500105279785e-12       1.267082908431e-14       3.213362554218e-15      -7.601875682798e-17       7.422575558246e-18 
 1164       1.598498314960e-10       1.817869981427e-12      -2.391696302233e-12       1.266767126201e-14       3.202633648154e-15      -7.437743452240e-17       5.937475558159e-18 
 1165       1.594626719174e-10       1.824397915368e-12      -2.284392381373e-12       1.266436001404e-14       3.191949331305e-15      -7.268001777755e-17       4.463504733476e-18 
 1166       1.590669474221e-10       1.831496422911e-12      -2.178232424692e-12       1.266089580515e-14       3.181309416284e-15      -7.092346814578e-17       3.000491685997e-18 
 1167       1.586628060682e-10       1.839158726268e-12      -2.073255570595e-12       1.265727910634e-14       3.170713712376e-15      -6.910472771442e-17       1.548263455946e-18 
 1168       1.582503971217e-10       1.847377986374e-12      -1.969501188868e-12       1.265351039483e-14       3.160162025530e-15      -6.722071906509e-17       1.066455183283e-19 
 1169       1.578298710589e-10       1.856147302736e-12      -1.867008881144e-12       1.264959015413e-14       3.149654158349e-15      -6.526834523293e-17      -1.324538220731e-18 
 1170       1.574013795694e-10       1.865459713300e-12      -1.765818481374e-12       1.264551887403e-14       3.139189910077e-15      -6.324448966584e-17      -2.745465427636e-18 
 1171       1.569650755585e-10       1.875308194304e-12      -1.665970056286e-12       1.264129705060e-14       3.128769076598e-15      -6.114601618373e-17      -4.156315344972e-18 
 1172       1.565211131500e-10       1.885685660140e-12      -1.567503905860e-12       1.263692518623e-14       3.118391450421e-15      -5.896976893779e-17      -5.557268795164e-18 
 1173       1.560696476892e-10       1.896584963208e-12      -1.470460563789e-12       1.263240378965e-14       3.108056820673e-15      -5.671257236970e-17      -6.948508184122e-18 
 1174       1.556108357452e-10       1.907998893778e-12      -1.374880797947e-12       1.262773337591e-14       3.097764973089e-15      -5.437123117094e-17      -8.330217504902e-18 
 1175       1.551448351139e-10       1.919920179847e-12      -1.280805610854e-12       1.262291446643e-14       3.087515690007e-15      -5.194253024197e-17      -9.702582341353e-18 
 1176       1.546718048203e-10       1.932341486997e-12      -1.188276240146e-12       1.261794758899e-14       3.077308750352e-15      -4.942323465154e-17      -1.106578987177e-17 
 1177       1.541919051219e-10       1.945255418254e-12      -1.097334159039e-12       1.261283327776e-14       3.067143929634e-15      -4.681008959591e-17      -1.242002887256e-17 
 1178       1.537052975108e-10       1.958654513946e-12      -1.008021076795e-12       1.260757207332e-14       3.057020999936e-15      -4.409982035808e-17      -1.376548972188e-17 
 1179       1.532121447165e-10       1.972531251562e-12      -9.203789391902e-13       1.260216452266e-14       3.046939729904e-15      -4.128913226710e-17      -1.510236440328e-17 
 1180       1.527126107090e-10       1.986878045609e-12      -8.344499289812e-13       1.259661117919e-14       3.036899884740e-15      -3.837471065727e-17      -1.643084650938e-17 
 1181       1.522068607009e-10       2.001687247471e-12      -7.502764663704e-13       1.259091260279e-14       3.026901226191e-15      -3.535322082738e-17      -1.775113124553e-17 
 1182       1.516950611508e-10       2.016951145267e-12      -6.679012094732e-13       1.258506935978e-14       3.016943512545e-15      -3.222130800000e-17      -1.906341543343e-17 
 1183       1.511773797654e-10       2.032661963711e-12      -5.873670547848e-13       1.257908202297e-14       3.007026498615e-15      -2.897559728074e-17      -2.036789751481e-17 
 1184       1.506539855025e-10       2.048811863969e-12      -5.087171376462e-13       1.257295117164e-14       2.997149935735e-15      -2.561269361741e-17      -2.166477755505e-17 
 1185       1.501250485736e-10       2.065392943516e-12      -4.319948327109e-13       1.256667739161e-14       2.987313571748e-15      -2.212918175940e-17      -2.295425724688e-17 
 1186       1.495907404469e-10       2.082397235997e-12      -3.572437544115e-13       1.256026127518e-14       2.977517151001e-15      -1.852162621680e-17      -2.423653991401e-17 
 1187       1.490512338496e-10       2.099816711083e-12      -2.845077574260e-13       1.255370342123e-14       2.967760414333e-15      -1.478657121976e-17      -2.551183051477e-17 
 1188       1.485067027708e-10       2.117643274332e-12      -2.138309371446e-13       1.254700443516e-14       2.958043099065e-15      -1.092054067766e-17      -2.678033564578e-17 
 1189       1.479573224642e-10       2.135868767044e-12      -1.452576301357e-13       1.254016492894e-14       2.948364938996e-15      -6.920038138398e-18      -2.804226354560e-17 
 1190       1.474032694937e-10       2.154484615332e-12      -7.882545968236e-14       1.253318574487e-14       2.938725689329e-15      -2.783162527180e-18      -2.929776791502e-17 
 1191       1.468447218659e-10       2.173480772889e-12      -1.454437794455e-14       1.252606862977e-14       2.929125201827e-15       1.485522830855e-18      -3.054677861529e-17 
 1192       1.462818589043e-10       2.192846764956e-12       4.758263269242e-14       1.251881556909e-14       2.919563350564e-15       5.879799510093e-18      -3.178916889769e-17 
 1193       1.457148612098e-10       2.212572037757e-12       1.075526281582e-13       1.251142856397e-14       2.910040007064e-15       1.039340424358e-17      -3.302481139716e-17 
 1194       1.451439106630e-10       2.232645958330e-12       1.653627028195e-13       1.250390963124e-14       2.900555040290e-15       1.502002882698e-17      -3.425357813122e-17 
 1195       1.445691904273e-10       2.253057814360e-12       2.210099896030e-13       1.249626080349e-14       2.891108316641e-15       1.975332002249e-17      -3.547534049886e-17 
 1196       1.439908849512e-10       2.273796813999e-12       2.744916601170e-13       1.248848412909e-14       2.881699699943e-15       2.458687946281e-17      -3.668996927941e-17 
 1197       1.434091799714e-10       2.294852085705e-12       3.258049247743e-13       1.248058167220e-14       2.872329051442e-15       2.951426355509e-17      -3.789733463147e-17 
 1198       1.428242625151e-10       2.316212678059e-12       3.749470329144e-13       1.247255551287e-14       2.862996229799e-15       3.452898338484e-17      -3.909730609180e-17 
 1199       1.422363209032e-10       2.337867559605e-12       4.219152729258e-13       1.246440774698e-14       2.853701091083e-15       3.962450461993e-17      -4.028975257420e-17 
 1200       1.416455447526e-10       2.359805618671e-12       4.667069723684e-13       1.245614048637e-14       2.844443488760e-15       4.479424741449e-17      -4.147454236841e-17 
 1201       1.410521249791e-10       2.382015663199e-12       5.093194980958e-13       1.244775585880e-14       2.835223273692e-15       5.003158631285e-17      -4.265154313901e-17 
 1202       1.404562537999e-10       2.404486420578e-12       5.497502563780e-13       1.243925600801e-14       2.826040294128e-15       5.532985015352e-17      -4.382062192433e-17 
 1203       1.398581247369e-10       2.427206537466e-12       5.879966930232e-13       1.243064309379e-14       2.816894395694e-15       6.068232197313e-17      -4.498164513533e-17 
 1204       1.392579326186e-10       2.450164579623e-12       6.240562935006e-13       1.242191929193e-14       2.807785421392e-15       6.608223891033e-17      -4.613447855448e-17 
 1205       1.386558735833e-10       2.473349031739e-12       6.579265830625e-13       1.241308679436e-14       2.798713211588e-15       7.152279210978e-17      -4.727898733471e-17 
 1206       1.380521450819e-10       2.496748297262e-12       6.896051268669e-13       1.240414780908e-14       2.789677604009e-15       7.699712662609e-17      -4.841503599823e-17 
 1207       1.374469458802e-10       2.520350698227e-12       7.190895300996e-13       1.239510456028e-14       2.780678433732e-15       8.249834132775e-17      -4.954248843551e-17 
 1208       1.368404760621e-10       2.544144475084e-12       7.463774380968e-13       1.238595928830e-14       2.771715533182e-15       8.801948880106e-17      -5.066120790410e-17 
 1209       1.362329370317e-10       2.568117786527e-12       7.714665364673e-13       1.237671424973e-14       2.762788732122e-15       9.355357525412e-17      -5.177105702758e-17 
 1210       1.356245315168e-10       2.592258709323e-12       7.943545512148e-13       1.236737171740e-14       2.753897857646e-15       9.909356042073e-17      -5.287189779443e-17 
 1211       1.350154635708e-10       2.616555238141e-12       8.150392488606e-13       1.235793398043e-14       2.745042734174e-15       1.046323574644e-16      -5.396359155692e-17 
 1212       1.344059385760e-10       2.640995285379e-12       8.335184365655e-13       1.234840334426e-14       2.736223183445e-15       1.101628328821e-16      -5.504599903005e-17 
 1213       1.337961632461e-10       2.665566680994e-12       8.497899622524e-13       1.233878213070e-14       2.727439024507e-15       1.156778064086e-16      -5.611898029037e-17 
 1214       1.331863456289e-10       2.690257172330e-12       8.638517147289e-13       1.232907267793e-14       2.718690073716e-15       1.211700509199e-16      -5.718239477496e-17 
 1215       1.325766951089e-10       2.715054423948e-12       8.757016238091e-13       1.231927734056e-14       2.709976144724e-15       1.266322923376e-16      -5.823610128026e-17 
 1216       1.319674224103e-10       2.739946017451e-12       8.853376604364e-13       1.230939848966e-14       2.701297048473e-15       1.320572095327e-16      -5.927995796102e-17 
 1217       1.313587395994e-10       2.764919451319e-12       8.927578368057e-13       1.229943851280e-14       2.692652593190e-15       1.374374342294e-16      -6.031382232913e-17 
 1218       1.307508600878e-10       2.789962140729e-12       8.979602064859e-13       1.228939981406e-14       2.684042584381e-15       1.427655509094e-16      -6.133755125260e-17 
 1219       1.301439986343e-10       2.815061417393e-12       9.009428645418e-13       1.227928481409e-14       2.675466824819e-15       1.480340967153e-16      -6.235100095437e-17 
 1220       1.295383713485e-10       2.840204529379e-12       9.017039476573e-13       1.226909595013e-14       2.666925114545e-15       1.532355613551e-16      -6.335402701127e-17 
 1221       1.289341956928e-10       2.865378640944e-12       9.002416342568e-13       1.225883567604e-14       2.658417250852e-15       1.583623870058e-16      -6.434648435290e-17 
 1222       1.283316904856e-10       2.890570832362e-12       8.965541446283e-13       1.224850646235e-14       2.649943028287e-15       1.634069682176e-16      -6.532822726049e-17 
 1223       1.277310759037e-10       2.915768099749e-12       8.906397410454e-13       1.223811079630e-14       2.641502238638e-15       1.683616518175e-16      -6.629910936586e-17 
 1224       1.271325734853e-10       2.940957354899e-12       8.824967278897e-13       1.222765118182e-14       2.633094670930e-15       1.732187368136e-16      -6.725898365025e-17 
 1225       1.265364061323e-10       2.966125425104e-12       8.721234517732e-13       1.221713013964e-14       2.624720111418e-15       1.779704742987e-16      -6.820770244328e-17 
 1226       1.259427981136e-10       2.991259052989e-12       8.595183016609e-13       1.220655020727e-14       2.616378343578e-15       1.826090673547e-16      -6.914511742178e-17 
 1227       1.253519750671e-10       3.016344896339e-12       8.446797089924e-13       1.219591393905e-14       2.608069148103e-15       1.871266709560e-16      -7.007107960874e-17 
 1228       1.247641640030e-10       3.041369527925e-12       8.276061478054e-13       1.218522390620e-14       2.599792302896e-15       1.915153918738e-16      -7.098543937219e-17 
 1229       1.241795740445e-10       3.066320290457e-12       8.083008926304e-13       1.217448263976e-14       2.591547604832e-15       1.957695313656e-16      -7.188805811379e-17 
 1230       1.235983383946e-10       3.091187872905e-12       7.867863538745e-13       1.216369245871e-14       2.583334935346e-15       1.998923426330e-16      -7.277884348904e-17 
 1231       1.230205716844e-10       3.115963764477e-12       7.630899131879e-13       1.215285563990e-14       2.575154195616e-15       2.038893535469e-16      -7.365771460382e-17 
 1232       1.224463891733e-10       3.140639402178e-12       7.372391816568e-13       1.214197447496e-14       2.567005284851e-15       2.077661312345e-16      -7.452459036245e-17 
 1233       1.218759067507e-10       3.165206170703e-12       7.092620003034e-13       1.213105127027e-14       2.558888100292e-15       2.115282821611e-16      -7.537938946757e-17 
 1234       1.213092409368e-10       3.189655402338e-12       6.791864405860e-13       1.212008834709e-14       2.550802537203e-15       2.151814522125e-16      -7.622203041995e-17 
 1235       1.207465088838e-10       3.213978376851e-12       6.470408048989e-13       1.210908804149e-14       2.542748488867e-15       2.187313267766e-16      -7.705243151830e-17 
 1236       1.201878283770e-10       3.238166321395e-12       6.128536270725e-13       1.209805270445e-14       2.534725846582e-15       2.221836308256e-16      -7.787051085908e-17 
 1237       1.196333178362e-10       3.262210410397e-12       5.766536728734e-13       1.208698470184e-14       2.526734499652e-15       2.255441289978e-16      -7.867618633638e-17 
 1238       1.190830963170e-10       3.286101765461e-12       5.384699405046e-13       1.207588641449e-14       2.518774335389e-15       2.288186256797e-16      -7.946937564168e-17 
 1239       1.185372835116e-10       3.309831455262e-12       4.983316611051e-13       1.206476023820e-14       2.510845239100e-15       2.320129650882e-16      -8.024999626373e-17 
 1240       1.179959997501e-10       3.333390495441e-12       4.562682992504e-13       1.205360858377e-14       2.502947094087e-15       2.351330313521e-16      -8.101796548831e-17 
 1241       1.174593660018e-10       3.356769848505e-12       4.123095534521e-13       1.204243387703e-14       2.495079781642e-15       2.381847485945e-16      -8.177320039814e-17 
 1242       1.169275038764e-10       3.379960423719e-12       3.664853566584e-13       1.203123855885e-14       2.487243181039e-15       2.411740810144e-16      -8.251561787261e-17 
 1243       1.164005356250e-10       3.402953077008e-12       3.188258767540e-13       1.202002508522e-14       2.479437169528e-15       2.441070329691e-16      -8.324513458767e-17 
 1244       1.158785841416e-10       3.425738610849e-12       2.693615170597e-13       1.200879592724e-14       2.471661622337e-15       2.469896490559e-16      -8.396166701564e-17 
 1245       1.153617729638e-10       3.448307774168e-12       2.181229168333e-13       1.199755357115e-14       2.463916412658e-15       2.498280141944e-16      -8.466513142501e-17 
 1246       1.148502262745e-10       3.470651262239e-12       1.651409517688e-13       1.198630051836e-14       2.456201411648e-15       2.526282537078e-16      -8.535544388030e-17 
 1247       1.143440689027e-10       3.492759716580e-12       1.104467344969e-13       1.197503928551e-14       2.448516488421e-15       2.553965334056e-16      -8.603252024185e-17 
 1248       1.138434263248e-10       3.514623724847e-12       5.407161508504e-14       1.196377240446e-14       2.440861510045e-15       2.581390596654e-16      -8.669627616567e-17 
 1249       1.133484246659e-10       3.536233820732e-12      -3.952818462738e-15       1.195250242234e-14       2.433236341533e-15       2.608620795147e-16      -8.734662710325e-17 
 1250       1.128591907009e-10       3.557580483861e-12      -6.359473970565e-14       1.194123190158e-14       2.425640845844e-15       2.635718807128e-16      -8.798348830139e-17 
 1251       1.123758518556e-10       3.578654139689e-12      -1.248220832661e-13       1.192996341992e-14       2.418074883873e-15       2.662747918333e-16      -8.860677480201e-17 
 1252       1.118985362080e-10       3.599445159394e-12      -1.876025443297e-13       1.191869957046e-14       2.410538314445e-15       2.689771823454e-16      -8.921640144201e-17 
 1253       1.114273724895e-10       3.619943859781e-12      -2.519035781453e-13       1.190744296170e-14       2.403030994317e-15       2.716854626964e-16      -8.981228285305e-17 
 1254       1.109624900859e-10       3.640140503169e-12      -3.176923995246e-13       1.189619621754e-14       2.395552778165e-15       2.744060843936e-16      -9.039433346141e-17 
 1255       1.105040190387e-10       3.660025297295e-12      -3.849359823426e-13       1.188496197730e-14       2.388103518581e-15       2.771455400860e-16      -9.096246748777e-17 
 1256       1.100520900465e-10       3.679588395207e-12      -4.536010590371e-13       1.187374289582e-14       2.380683066073e-15       2.799103636466e-16      -9.151659894709e-17 
 1257       1.096068344657e-10       3.698819895161e-12      -5.236541201090e-13       1.186254164339e-14       2.373291269051e-15       2.827071302541e-16      -9.205664164841e-17 
 1258       1.091683843121e-10       3.717709840519e-12      -5.950614136222e-13       1.185136090587e-14       2.365927973832e-15       2.855424564753e-16      -9.258250919464e-17 
 1259       1.087368722620e-10       3.736248219642e-12      -6.677889447033e-13       1.184020338465e-14       2.358593024624e-15       2.884230003464e-16      -9.309411498245e-17 
 1260       1.083124316531e-10       3.754424965792e-12      -7.418024750417e-13       1.182907179674e-14       2.351286263532e-15       2.913554614559e-16      -9.359137220203e-17 
 1261       1.078951964861e-10       3.772229957021e-12      -8.170675223899e-13       1.181796887474e-14       2.344007530544e-15       2.943465810256e-16      -9.407419383696e-17 
 1262       1.074853014256e-10       3.789653016076e-12      -8.935493600628e-13       1.180689736691e-14       2.336756663530e-15       2.974031419935e-16      -9.454249266400e-17 
 1263       1.070828818015e-10       3.806683910289e-12      -9.712130164382e-13       1.179586003718e-14       2.329533498236e-15       3.005319690951e-16      -9.499618125296e-17 
 1264       1.066880736098e-10       3.823312351477e-12      -1.050023274456e-12       1.178485966521e-14       2.322337868280e-15       3.037399289455e-16      -9.543517196647e-17 
 1265       1.063010135142e-10       3.839527995836e-12      -1.129944671121e-12       1.177389904637e-14       2.315169605147e-15       3.070339301218e-16      -9.585937695983e-17 
 1266       1.059218388471e-10       3.855320443841e-12      -1.210941496997e-12       1.176298099181e-14       2.308028538180e-15       3.104209232447e-16      -9.626870818085e-17 
 1267       1.055506876109e-10       3.870679240137e-12      -1.292977795712e-12       1.175210832846e-14       2.300914494580e-15       3.139079010605e-16      -9.666307736964e-17 
 1268       1.051876741549e-10       3.885595317021e-12      -1.376017132913e-12       1.174128362742e-14       2.293827315352e-15       3.174997526486e-16      -9.704242039748e-17 
 1269       1.048328158979e-10       3.900065343278e-12      -1.460021901220e-12       1.173050838547e-14       2.286766903365e-15       3.211927988032e-16      -9.740677059083e-17 
 1270       1.044861057635e-10       3.914087425276e-12      -1.544954006262e-12       1.171978383420e-14       2.279733175836e-15       3.249811822805e-16      -9.775618625236e-17 
 1271       1.041475364264e-10       3.927659667940e-12      -1.630775095979e-12       1.170911121076e-14       2.272726048421e-15       3.288590068349e-16      -9.809072640021e-17 
 1272       1.038171003120e-10       3.940780174756e-12      -1.717446560106e-12       1.169849175794e-14       2.265745435217e-15       3.328203371404e-16      -9.841045076971e-17 
 1273       1.034947895959e-10       3.953447047774e-12      -1.804929529655e-12       1.168792672412e-14       2.258791248751e-15       3.368591987123e-16      -9.871541981495e-17 
 1274       1.031805962030e-10       3.965658387613e-12      -1.893184876396e-12       1.167741736333e-14       2.251863399981e-15       3.409695778299e-16      -9.900569471045e-17 
 1275       1.028745118070e-10       3.977412293467e-12      -1.982173212341e-12       1.166696493522e-14       2.244961798291e-15       3.451454214577e-16      -9.928133735278e-17 
 1276       1.025765278297e-10       3.988706863106e-12      -2.071854889227e-12       1.165657070511e-14       2.238086351484e-15       3.493806371678e-16      -9.954241036223e-17 
 1277       1.022866354406e-10       3.999540192882e-12      -2.162189998001e-12       1.164623594395e-14       2.231236965782e-15       3.536690930617e-16      -9.978897708441e-17 
 1278       1.020048255558e-10       4.009910377734e-12      -2.253138368296e-12       1.163596192835e-14       2.224413545821e-15       3.580046176924e-16      -1.000211015919e-16 
 1279       1.017310888380e-10       4.019815511188e-12      -2.344659567922e-12       1.162574994063e-14       2.217615994647e-15       3.623809999860e-16      -1.002388486860e-16 
 1280       1.014654156953e-10       4.029253685368e-12      -2.436712902343e-12       1.161560126874e-14       2.210844213711e-15       3.667919891640e-16      -1.004422838982e-16 
 1281       1.012077962808e-10       4.038222990993e-12      -2.529257414162e-12       1.160551720638e-14       2.204098102866e-15       3.712312946652e-16      -1.006314734917e-16 
 1282       1.009582204922e-10       4.046721517388e-12      -2.622251882604e-12       1.159549905290e-14       2.197377560362e-15       3.756925860674e-16      -1.008064844636e-16 
 1283       1.007166779706e-10       4.054747352481e-12      -2.715654822997e-12       1.158554811338e-14       2.190682482846e-15       3.801694930096e-16      -1.009673845459e-16 
 1284       1.004831581005e-10       4.062298582813e-12      -2.809424486258e-12       1.157566569862e-14       2.184012765353e-15       3.846556051140e-16      -1.011142422075e-16 
 1285       1.002576500086e-10       4.069373293541e-12      -2.903518858371e-12       1.156585312515e-14       2.177368301304e-15       3.891444719077e-16      -1.012471266558e-16 
 1286       1.000401425637e-10       4.075969568438e-12      -2.997895659875e-12       1.155611171524e-14       2.170748982504e-15       3.936296027447e-16      -1.013661078383e-16 
 1287       9.983062437576e-11       4.082085489903e-12      -3.092512345344e-12       1.154644279689e-14       2.164154699134e-15       3.981044667282e-16      -1.014712564441e-16 
 1288       9.962908379514e-11       4.087719138962e-12      -3.187326102867e-12       1.153684770386e-14       2.157585339754e-15       4.025624926321e-16      -1.015626439058e-16 
 1289       9.943550891232e-11       4.092868595273e-12      -3.282293853538e-12       1.152732777569e-14       2.151040791288e-15       4.069970688231e-16      -1.016403424009e-16 
 1290       9.924988755706e-11       4.097531937129e-12      -3.377372250932e-12       1.151788435769e-14       2.144520939034e-15       4.114015431828e-16      -1.017044248537e-16 
 1291       9.907220729779e-11       4.101707241463e-12      -3.472517680591e-12       1.150851880093e-14       2.138025666647e-15       4.157692230295e-16      -1.017549649367e-16 
 1292       9.890245544101e-11       4.105392583853e-12      -3.567686259506e-12       1.149923246229e-14       2.131554856143e-15       4.200933750401e-16      -1.017920370723e-16 
 1293       9.874061903064e-11       4.108586038526e-12      -3.662833835600e-12       1.149002670446e-14       2.125108387894e-15       4.243672251723e-16      -1.018157164345e-16 
 1294       9.858668484739e-11       4.111285678359e-12      -3.757915987210e-12       1.148090289593e-14       2.118686140623e-15       4.285839585863e-16      -1.018260789505e-16 
 1295       9.844063940815e-11       4.113489574890e-12      -3.852888022571e-12       1.147186241100e-14       2.112287991397e-15       4.327367195668e-16      -1.018232013025e-16 
 1296       9.830246896532e-11       4.115195798313e-12      -3.947704979298e-12       1.146290662981e-14       2.105913815630e-15       4.368186114450e-16      -1.018071609289e-16 
 1297       9.817215950621e-11       4.116402417492e-12      -4.042321623869e-12       1.145403693834e-14       2.099563487075e-15       4.408226965206e-16      -1.017780360263e-16 
 1298       9.804969675240e-11       4.117107499955e-12      -4.136692451108e-12       1.144525472841e-14       2.093236877817e-15       4.447419959838e-16      -1.017359055514e-16 
 1299       9.793506615911e-11       4.117309111908e-12      -4.230771683666e-12       1.143656139770e-14       2.086933858276e-15       4.485694898369e-16      -1.016808492218e-16 
 1300       9.782825291456e-11       4.117005318233e-12      -4.324513271507e-12       1.142795834975e-14       2.080654297198e-15       4.522981168166e-16      -1.016129475184e-16 
 1301       9.772924193936e-11       4.116194182492e-12      -4.417870891388e-12       1.141944699398e-14       2.074398061655e-15       4.559207743158e-16      -1.015322816868e-16 
 1302       9.763801788584e-11       4.114873766936e-12      -4.510797946342e-12       1.141102874570e-14       2.068165017034e-15       4.594303183059e-16      -1.014389337390e-16 
 1303       9.755456513747e-11       4.113042132505e-12      -4.603247565163e-12       1.140270502609e-14       2.061955027043e-15       4.628195632579e-16      -1.013329864546e-16 
 1304       9.747886780818e-11       4.110697338832e-12      -4.695172601886e-12       1.139447726226e-14       2.055767953698e-15       4.660812820654e-16      -1.012145233832e-16 
 1305       9.741090974178e-11       4.107837444249e-12      -4.786525635273e-12       1.138634688721e-14       2.049603657326e-15       4.692082059658e-16      -1.010836288455e-16 
 1306       9.735067451127e-11       4.104460505793e-12      -4.877258968291e-12       1.137831533986e-14       2.043461996557e-15       4.721930244626e-16      -1.009403879349e-16 
 1307       9.729813059757e-11       4.100565736375e-12      -4.967328416533e-12       1.137038376043e-14       2.037342841275e-15       4.750304036511e-16      -1.007848918279e-16 
 1308       9.725318674534e-11       4.096156990469e-12      -5.056704720890e-12       1.136255207277e-14       2.031246111634e-15       4.777230660619e-16      -1.006172537753e-16 
 1309       9.721573610648e-11       4.091239317426e-12      -5.145362261515e-12       1.135481989175e-14       2.025171739472e-15       4.802757786742e-16      -1.004375932930e-16 
 1310       9.718567101384e-11       4.085817807930e-12      -5.233275280223e-12       1.134718682700e-14       2.019119655393e-15       4.826933407463e-16      -1.002460308716e-16 
 1311       9.716288297954e-11       4.079897594078e-12      -5.320417880237e-12       1.133965248287e-14       2.013089788761e-15       4.849805838784e-16      -1.000426879789e-16 
 1312       9.714726269329e-11       4.073483849470e-12      -5.406764025942e-12       1.133221645841e-14       2.007082067704e-15       4.871423720769e-16      -9.982768706128e-17 
 1313       9.713870002075e-11       4.066581789292e-12      -5.492287542628e-12       1.132487834738e-14       2.001096419101e-15       4.891836018179e-16      -9.960115154640e-17 
 1314       9.713708400183e-11       4.059196670403e-12      -5.576962116239e-12       1.131763773825e-14       1.995132768588e-15       4.911092021106e-16      -9.936320584468e-17 
 1315       9.714230284901e-11       4.051333791419e-12      -5.660761293128e-12       1.131049421414e-14       1.989191040552e-15       4.929241345609e-16      -9.911397535156e-17 
 1316       9.715424394572e-11       4.042998492798e-12      -5.743658479799e-12       1.130344735284e-14       1.983271158124e-15       4.946333934354e-16      -9.885358644945e-17 
 1317       9.717279384460e-11       4.034196156927e-12      -5.825626942657e-12       1.129649672681e-14       1.977373043183e-15       4.962420057247e-16      -9.858216650974e-17 
 1318       9.719783826588e-11       4.024932208208e-12      -5.906639807760e-12       1.128964190314e-14       1.971496616348e-15       4.977550312073e-16      -9.829984389484e-17 
 1319       9.722926209569e-11       4.015212113140e-12      -5.986670060564e-12       1.128288244353e-14       1.965641796976e-15       4.991775625128e-16      -9.800674796015e-17 
 1320       9.726694938440e-11       4.005041380407e-12      -6.065690545674e-12       1.127621790433e-14       1.959808503160e-15       5.005147251860e-16      -9.770300905610e-17 
 1321       9.731078334491e-11       3.994425560964e-12      -6.143673966592e-12       1.126964783646e-14       1.953996651727e-15       5.017716777504e-16      -9.738875853017e-17 
 1322       9.736064635104e-11       3.983370248120e-12      -6.220592885466e-12       1.126317178547e-14       1.948206158229e-15       5.029536117714e-16      -9.706412872886e-17 
 1323       9.741641993579e-11       3.971881077626e-12      -6.296419722837e-12       1.125678929146e-14       1.942436936950e-15       5.040657519208e-16      -9.672925299976e-17 
 1324       9.747798478975e-11       3.959963727758e-12      -6.371126757390e-12       1.125049988911e-14       1.936688900895e-15       5.051133560395e-16      -9.638426569351e-17 
 1325       9.754522075933e-11       3.947623919403e-12      -6.444686125703e-12       1.124430310764e-14       1.930961961787e-15       5.061017152018e-16      -9.602930216583e-17 
 1326       9.761800684519e-11       3.934867416146e-12      -6.517069821994e-12       1.123819847083e-14       1.925256030071e-15       5.070361537787e-16      -9.566449877955e-17 
 1327       9.769622120048e-11       3.921700024355e-12      -6.588249697868e-12       1.123218549698e-14       1.919571014903e-15       5.079220295016e-16      -9.528999290659e-17 
 1328       9.777974112923e-11       3.908127593263e-12      -6.658197462071e-12       1.122626369893e-14       1.913906824152e-15       5.087647335259e-16      -9.490592293001e-17 
 1329       9.786844308465e-11       3.894156015058e-12      -6.726884680235e-12       1.122043258398e-14       1.908263364395e-15       5.095696904948e-16      -9.451242824598e-17 
 1330       9.796220266747e-11       3.879791224967e-12      -6.794282774627e-12       1.121469165398e-14       1.902640540916e-15       5.103423586027e-16      -9.410964926581e-17 
 1331       9.806089462425e-11       3.865039201338e-12      -6.860363023898e-12       1.120904040522e-14       1.897038257698e-15       5.110882296590e-16      -9.369772741797e-17 
 1332       9.816439284575e-11       3.849905965733e-12      -6.925096562833e-12       1.120347832848e-14       1.891456417427e-15       5.118128291516e-16      -9.327680515011e-17 
 1333       9.827257036520e-11       3.834397583003e-12      -6.988454382098e-12       1.119800490898e-14       1.885894921482e-15       5.125217163106e-16      -9.284702593104e-17 
 1334       9.838529935668e-11       3.818520161384e-12      -7.050407327989e-12       1.119261962641e-14       1.880353669940e-15       5.132204841721e-16      -9.240853425275e-17 
 1335       9.850245113341e-11       3.802279852574e-12      -7.110926102181e-12       1.118732195486e-14       1.874832561564e-15       5.139147596413e-16      -9.196147563246e-17 
 1336       9.862389614612e-11       3.785682851824e-12      -7.169981261479e-12       1.118211136288e-14       1.869331493806e-15       5.146102035568e-16      -9.150599661456e-17 
 1337       9.874950398134e-11       3.768735398020e-12      -7.227543217561e-12       1.117698731339e-14       1.863850362804e-15       5.153125107539e-16      -9.104224477271e-17 
 1338       9.887914335973e-11       3.751443773769e-12      -7.283582236733e-12       1.117194926374e-14       1.858389063375e-15       5.160274101279e-16      -9.057036871178e-17 
 1339       9.901268213446e-11       3.733814305489e-12      -7.338068439675e-12       1.116699666563e-14       1.852947489016e-15       5.167606646986e-16      -9.009051806989e-17 
 1340       9.914998728946e-11       3.715853363484e-12      -7.390971801187e-12       1.116212896515e-14       1.847525531898e-15       5.175180716730e-16      -8.960284352042e-17 
 1341       9.929092493781e-11       3.697567362042e-12      -7.442262149944e-12       1.115734560275e-14       1.842123082867e-15       5.183054625094e-16      -8.910749677403e-17 
 1342       9.943536032005e-11       3.678962759510e-12      -7.491909168239e-12       1.115264601323e-14       1.836740031435e-15       5.191287029812e-16      -8.860463058066e-17 
 1343       9.958315780250e-11       3.660046058387e-12      -7.539882391734e-12       1.114802962571e-14       1.831376265783e-15       5.199936932400e-16      -8.809439873152e-17 
 1344       9.973418087560e-11       3.640823805402e-12      -7.586151209209e-12       1.114349586365e-14       1.826031672754e-15       5.209063678797e-16      -8.757695606117e-17 
 1345       9.988829215221e-11       3.621302591606e-12      -7.630684862311e-12       1.113904414481e-14       1.820706137854e-15       5.218726959998e-16      -8.705245844946e-17 
 1346       1.000453547675e-10       3.601489314119e-12      -7.673457562241e-12       1.113467372195e-14       1.815399555465e-15       5.228970544525e-16      -8.652105301582e-17 
 1347       1.002052365987e-10       3.581391964314e-12      -7.714463901154e-12       1.113038320305e-14       1.810111859648e-15       5.239773281167e-16      -8.598284858139e-17 
 1348       1.003678060875e-10       3.561018848362e-12      -7.753703607679e-12       1.112617102586e-14       1.804842993669e-15       5.251097565228e-16      -8.543794489005e-17 
 1349       1.005329308419e-10       3.540378326453e-12      -7.791176445258e-12       1.112203561669e-14       1.799592899809e-15       5.262905557965e-16      -8.488644238831e-17 
 1350       1.007004776338e-10       3.519478812897e-12      -7.826882212230e-12       1.111797539040e-14       1.794361519362e-15       5.275159186147e-16      -8.432844222681e-17 
 1351       1.008703123981e-10       3.498328776223e-12      -7.860820741923e-12       1.111398875036e-14       1.789148792631e-15       5.287820141614e-16      -8.376404626158e-17 
 1352       1.010423002307e-10       3.476936739288e-12      -7.892991902737e-12       1.111007408844e-14       1.783954658925e-15       5.300849880839e-16      -8.319335705543e-17 
 1353       1.012163053871e-10       3.455311279373e-12      -7.923395598235e-12       1.110622978500e-14       1.778779056557e-15       5.314209624485e-16      -8.261647787936e-17 
 1354       1.013921912806e-10       3.433461028291e-12      -7.952031767227e-12       1.110245420883e-14       1.773621922845e-15       5.327860356964e-16      -8.203351271384e-17 
 1355       1.015698204812e-10       3.411394672488e-12      -7.978900383860e-12       1.109874571716e-14       1.768483194105e-15       5.341762826000e-16      -8.144456625024e-17 
 1356       1.017490547135e-10       3.389120953145e-12      -8.004001457705e-12       1.109510265563e-14       1.763362805651e-15       5.355877542187e-16      -8.084974389217e-17 
 1357       1.019297548554e-10       3.366648666280e-12      -8.027335033842e-12       1.109152335826e-14       1.758260691792e-15       5.370164778545e-16      -8.024915175684e-17 
 1358       1.021117809364e-10       3.343986662854e-12      -8.048901192950e-12       1.108800614743e-14       1.753176785831e-15       5.384584570086e-16      -7.964289667641e-17 
 1359       1.022949921362e-10       3.321143848870e-12      -8.068700051396e-12       1.108454933386e-14       1.748111020061e-15       5.399096713369e-16      -7.903108619938e-17 
 1360       1.024792467830e-10       3.298129185479e-12      -8.086731761317e-12       1.108115121657e-14       1.743063325764e-15       5.413660766060e-16      -7.841382859195e-17 
 1361       1.026644023517e-10       3.274951689080e-12      -8.102996510711e-12       1.107781008291e-14       1.738033633206e-15       5.428236046494e-16      -7.779123283934e-17 
 1362       1.028503154628e-10       3.251620431423e-12      -8.117494523524e-12       1.107452420846e-14       1.733021871640e-15       5.442781633233e-16      -7.716340864721e-17 
 1363       1.030368418804e-10       3.228144539714e-12      -8.130226059740e-12       1.107129185708e-14       1.728027969298e-15       5.457256364623e-16      -7.653046644301e-17 
 1364       1.032238365110e-10       3.204533196716e-12      -8.141191415461e-12       1.106811128081e-14       1.723051853392e-15       5.471618838360e-16      -7.589251737728e-17 
 1365       1.034111534014e-10       3.180795640851e-12      -8.150390923002e-12       1.106498071995e-14       1.718093450110e-15       5.485827411043e-16      -7.524967332512e-17 
 1366       1.035986457377e-10       3.156941166304e-12      -8.157824950974e-12       1.106189840293e-14       1.713152684615e-15       5.499840197736e-16      -7.460204688747e-17 
 1367       1.037861658433e-10       3.132979123126e-12      -8.163493904375e-12       1.105886254635e-14       1.708229481041e-15       5.513615071530e-16      -7.394975139248e-17 
 1368       1.039735651776e-10       3.108918917336e-12      -8.167398224673e-12       1.105587135496e-14       1.703323762495e-15       5.527109663099e-16      -7.329290089692e-17 
 1369       1.041606943341e-10       3.084770011023e-12      -8.169538389895e-12       1.105292302160e-14       1.698435451047e-15       5.540281360261e-16      -7.263161018751e-17 
 1370       1.043474030392e-10       3.060541922450e-12      -8.169914914718e-12       1.105001572721e-14       1.693564467736e-15       5.553087307538e-16      -7.196599478227e-17 
 1371       1.045335401504e-10       3.036244226157e-12      -8.168528350551e-12       1.104714764079e-14       1.688710732560e-15       5.565484405715e-16      -7.129617093191e-17 
 1372       1.047189536546e-10       3.011886553061e-12      -8.165379285625e-12       1.104431691937e-14       1.683874164481e-15       5.577429311399e-16      -7.062225562118e-17 
 1373       1.049034906669e-10       2.987478590562e-12      -8.160468345081e-12       1.104152170803e-14       1.679054681418e-15       5.588878436581e-16      -6.994436657024e-17 
 1374       1.050869974287e-10       2.963030082645e-12      -8.153796191057e-12       1.103876013981e-14       1.674252200244e-15       5.599787948192e-16      -6.926262223599e-17 
 1375       1.052693193061e-10       2.938550829981e-12      -8.145363522773e-12       1.103603033575e-14       1.669466636787e-15       5.610113767665e-16      -6.857714181350e-17 
 1376       1.054503007888e-10       2.914050690031e-12      -8.135171076622e-12       1.103333040482e-14       1.664697905828e-15       5.619811570495e-16      -6.788804523731e-17 
 1377       1.056297854877e-10       2.889539577149e-12      -8.123219626255e-12       1.103065844395e-14       1.659945921093e-15       5.628836785796e-16      -6.719545318281e-17 
 1378       1.058076161342e-10       2.865027462683e-12      -8.109509982670e-12       1.102801253795e-14       1.655210595256e-15       5.637144595862e-16      -6.649948706761e-17 
 1379       1.059836345778e-10       2.840524375080e-12      -8.094042994298e-12       1.102539075951e-14       1.650491839938e-15       5.644689935729e-16      -6.580026905291e-17 
 1380       1.061576817854e-10       2.816040399989e-12      -8.076819547090e-12       1.102279116919e-14       1.645789565697e-15       5.651427492731e-16      -6.509792204485e-17 
 1381       1.063295978388e-10       2.791585680359e-12      -8.057840564607e-12       1.102021181539e-14       1.641103682034e-15       5.657311706059e-16      -6.439256969587e-17 
 1382       1.064992219339e-10       2.767170416547e-12      -8.037107008105e-12       1.101765073431e-14       1.636434097387e-15       5.662296766324e-16      -6.368433640607e-17 
 1383       1.066663923786e-10       2.742804866421e-12      -8.014619876623e-12       1.101510594996e-14       1.631780719126e-15       5.666336615117e-16      -6.297334732461e-17 
 1384       1.068309465915e-10       2.718499345456e-12      -7.990380207070e-12       1.101257547410e-14       1.627143453557e-15       5.669384944562e-16      -6.225972835100e-17 
 1385       1.069927353711e-10       2.694263563509e-12      -7.964392512744e-12       1.101005736486e-14       1.622522214184e-15       5.671406643756e-16      -6.154359793624e-17 
 1386       1.071516658714e-10       2.670104627244e-12      -7.936675138418e-12       1.100754990318e-14       1.617916946615e-15       5.672412271171e-16      -6.082504238837e-17 
 1387       1.073076590771e-10       2.646029016819e-12      -7.907250014765e-12       1.100505141816e-14       1.613327603917e-15       5.672423945348e-16      -6.010414030891e-17 
 1388       1.074606355731e-10       2.622043247365e-12      -7.876139230138e-12       1.100256022864e-14       1.608754138365e-15       5.671463931316e-16      -5.938097077026e-17 
 1389       1.076105155433e-10       2.598153869050e-12      -7.843365030885e-12       1.100007464313e-14       1.604196501445e-15       5.669554640875e-16      -5.865561331661e-17 
 1390       1.077572187710e-10       2.574367467140e-12      -7.808949821640e-12       1.099759295982e-14       1.599654643851e-15       5.666718632865e-16      -5.792814796479e-17 
 1391       1.079006646370e-10       2.550690662059e-12      -7.772916165636e-12       1.099511346658e-14       1.595128515478e-15       5.662978613445e-16      -5.719865520510e-17 
 1392       1.080407721199e-10       2.527130109453e-12      -7.735286784998e-12       1.099263444088e-14       1.590618065429e-15       5.658357436368e-16      -5.646721600215e-17 
 1393       1.081774597947e-10       2.503692500246e-12      -7.696084561052e-12       1.099015414983e-14       1.586123242005e-15       5.652878103251e-16      -5.573391179577e-17 
 1394       1.083106458326e-10       2.480384560707e-12      -7.655332534624e-12       1.098767085015e-14       1.581643992710e-15       5.646563763859e-16      -5.499882450177e-17 
 1395       1.084402480000e-10       2.457213052510e-12      -7.613053906342e-12       1.098518278811e-14       1.577180264242e-15       5.639437716373e-16      -5.426203651286e-17 
 1396       1.085661836581e-10       2.434184772790e-12      -7.569272036942e-12       1.098268819956e-14       1.572732002498e-15       5.631523407666e-16      -5.352363069950e-17 
 1397       1.086883697618e-10       2.411306554212e-12      -7.524010447565e-12       1.098018530989e-14       1.568299152570e-15       5.622844433583e-16      -5.278369041068e-17 
 1398       1.088067228597e-10       2.388585265026e-12      -7.477292820065e-12       1.097767233401e-14       1.563881658738e-15       5.613424539210e-16      -5.204229947485e-17 
 1399       1.089211590924e-10       2.366027809134e-12      -7.429142997306e-12       1.097514747634e-14       1.559479464479e-15       5.603287619153e-16      -5.129954220073e-17 
 1400       1.090315941929e-10       2.343641126145e-12      -7.379584983468e-12       1.097260893077e-14       1.555092512453e-15       5.592457717813e-16      -5.055550337818e-17 
 1401       1.091379434852e-10       2.321432191441e-12      -7.328642944348e-12       1.097005488067e-14       1.550720744510e-15       5.580959029657e-16      -4.981026827901e-17 
 1402       1.092401218837e-10       2.299408016235e-12      -7.276341207664e-12       1.096748349884e-14       1.546364101687e-15       5.568815899500e-16      -4.906392265789e-17 
 1403       1.093380438928e-10       2.277575647636e-12      -7.222704263353e-12       1.096489294754e-14       1.542022524200e-15       5.556052822774e-16      -4.831655275314e-17 
 1404       1.094316236061e-10       2.255942168706e-12      -7.167756763878e-12       1.096228137839e-14       1.537695951449e-15       5.542694445807e-16      -4.756824528762e-17 
 1405       1.095207747055e-10       2.234514698524e-12      -7.111523524529e-12       1.095964693243e-14       1.533384322015e-15       5.528765566095e-16      -4.681908746958e-17 
 1406       1.096054104607e-10       2.213300392248e-12      -7.054029523723e-12       1.095698774008e-14       1.529087573656e-15       5.514291132583e-16      -4.606916699348e-17 
 1407       1.096854437286e-10       2.192306441173e-12      -6.995299903311e-12       1.095430192107e-14       1.524805643305e-15       5.499296245930e-16      -4.531857204086e-17 
 1408       1.097607869524e-10       2.171540072795e-12      -6.935359968875e-12       1.095158758450e-14       1.520538467071e-15       5.483806158796e-16      -4.456739128120e-17 
 1409       1.098313521610e-10       2.151008550869e-12      -6.874235190033e-12       1.094884282876e-14       1.516285980234e-15       5.467846276107e-16      -4.381571387275e-17 
 1410       1.098970509684e-10       2.130719175477e-12      -6.811951200744e-12       1.094606574155e-14       1.512048117247e-15       5.451442155336e-16      -4.306362946338e-17 
 1411       1.099577945730e-10       2.110679283081e-12      -6.748533799605e-12       1.094325439983e-14       1.507824811731e-15       5.434619506779e-16      -4.231122819146e-17 
 1412       1.100134937566e-10       2.090896246590e-12      -6.684008950156e-12       1.094040686982e-14       1.503615996473e-15       5.417404193823e-16      -4.155860068668e-17 
 1413       1.100640588842e-10       2.071377475418e-12      -6.618402781184e-12       1.093752120698e-14       1.499421603427e-15       5.399822233231e-16      -4.080583807089e-17 
 1414       1.101093999031e-10       2.052130415547e-12      -6.551741587022e-12       1.093459545598e-14       1.495241563709e-15       5.381899795408e-16      -4.005303195899e-17 
 1415       1.101494263420e-10       2.033162549589e-12      -6.484051827853e-12       1.093162765068e-14       1.491075807599e-15       5.363663204683e-16      -3.930027445974e-17 
 1416       1.101840473107e-10       2.014481396844e-12      -6.415360130014e-12       1.092861581414e-14       1.486924264534e-15       5.345138939579e-16      -3.854765817666e-17 
 1417       1.102131714990e-10       1.996094513365e-12      -6.345693286294e-12       1.092555795857e-14       1.482786863112e-15       5.326353633092e-16      -3.779527620881e-17 
 1418       1.102367071765e-10       1.978009492017e-12      -6.275078256242e-12       1.092245208531e-14       1.478663531085e-15       5.307334072965e-16      -3.704322215171e-17 
 1419       1.102545621915e-10       1.960233962538e-12      -6.203542166463e-12       1.091929618484e-14       1.474554195361e-15       5.288107201962e-16      -3.629159009814e-17 
 1420       1.102666439705e-10       1.942775591602e-12      -6.131112310927e-12       1.091608823672e-14       1.470458782000e-15       5.268700118144e-16      -3.554047463900e-17 
 1421       1.102728595174e-10       1.925642082880e-12      -6.057816151265e-12       1.091282620961e-14       1.466377216213e-15       5.249140075144e-16      -3.478997086420e-17 
 1422       1.102731154129e-10       1.908841177098e-12      -5.983681317077e-12       1.090950806123e-14       1.462309422361e-15       5.229454482442e-16      -3.404017436346e-17 
 1423       1.102673178140e-10       1.892380652103e-12      -5.908735606230e-12       1.090613173833e-14       1.458255323950e-15       5.209670905641e-16      -3.329118122717e-17 
 1424       1.102553896738e-10       1.876267222997e-12      -5.833007097222e-12       1.090269539198e-14       1.454214850346e-15       5.189813251436e-16      -3.254308207684e-17 
 1425       1.102373225974e-10       1.860503230068e-12      -5.756524486934e-12       1.089919802566e-14       1.450187956978e-15       5.169890279097e-16      -3.179594408764e-17 
 1426       1.102131255177e-10       1.845089916964e-12      -5.679316756945e-12       1.089563885377e-14       1.446174605337e-15       5.149906971547e-16      -3.104982878288e-17 
 1427       1.101828075225e-10       1.830028527531e-12      -5.601413062101e-12       1.089201708696e-14       1.442174756282e-15       5.129868340012e-16      -3.030479798822e-17 
 1428       1.101463778555e-10       1.815320305810e-12      -5.522842730821e-12       1.088833193210e-14       1.438188370034e-15       5.109779424064e-16      -2.956091383217e-17 
 1429       1.101038459160e-10       1.800966496028e-12      -5.443635265406e-12       1.088458259230e-14       1.434215406182e-15       5.089645291680e-16      -2.881823874654e-17 
 1430       1.100552212600e-10       1.786968342598e-12      -5.363820342351e-12       1.088076826689e-14       1.430255823676e-15       5.069471039284e-16      -2.807683546697e-17 
 1431       1.100005135997e-10       1.773327090114e-12      -5.283427812648e-12       1.087688815141e-14       1.426309580826e-15       5.049261791800e-16      -2.733676703344e-17 
 1432       1.099397328044e-10       1.760043983350e-12      -5.202487702101e-12       1.087294143761e-14       1.422376635303e-15       5.029022702702e-16      -2.659809679073e-17 
 1433       1.098728889006e-10       1.747120267251e-12      -5.121030211632e-12       1.086892731346e-14       1.418456944136e-15       5.008758954060e-16      -2.586088838896e-17 
 1434       1.097999920724e-10       1.734557186933e-12      -5.039085717590e-12       1.086484496312e-14       1.414550463712e-15       4.988475756595e-16      -2.512520578403e-17 
 1435       1.097210526619e-10       1.722355987680e-12      -4.956684772060e-12       1.086069356692e-14       1.410657149772e-15       4.968178349722e-16      -2.439111323819e-17 
 1436       1.096360811692e-10       1.710517914935e-12      -4.873858103174e-12       1.085647230140e-14       1.406776957412e-15       4.947872001606e-16      -2.365867532045e-17 
 1437       1.095450882532e-10       1.699044214302e-12      -4.790636615416e-12       1.085218033926e-14       1.402909841080e-15       4.927562009207e-16      -2.292795690717e-17 
 1438       1.094480847318e-10       1.687936131541e-12      -4.707051389936e-12       1.084781684940e-14       1.399055754575e-15       4.907253698329e-16      -2.219902318248e-17 
 1439       1.093450815818e-10       1.677194912559e-12      -4.623133684854e-12       1.084338099685e-14       1.395214651048e-15       4.886952423677e-16      -2.147193963883e-17 
 1440       1.092360899399e-10       1.666821803414e-12      -4.538914935572e-12       1.083887194282e-14       1.391386482997e-15       4.866663568894e-16      -2.074677207744e-17 
 1441       1.091211211026e-10       1.656818050306e-12      -4.454426755083e-12       1.083428884467e-14       1.387571202267e-15       4.846392546624e-16      -2.002358660885e-17 
 1442       1.090001865265e-10       1.647184899575e-12      -4.369700934278e-12       1.082963085590e-14       1.383768760048e-15       4.826144798550e-16      -1.930244965338e-17 
 1443       1.088732978290e-10       1.637923597696e-12      -4.284769442257e-12       1.082489712615e-14       1.379979106876e-15       4.805925795452e-16      -1.858342794161e-17 
 1444       1.087404667883e-10       1.629035391277e-12      -4.199664426635e-12       1.082008680120e-14       1.376202192628e-15       4.785741037251e-16      -1.786658851494e-17 
 1445       1.086017053437e-10       1.620521527055e-12      -4.114418213858e-12       1.081519902296e-14       1.372437966524e-15       4.765596053062e-16      -1.715199872604e-17 
 1446       1.084570255964e-10       1.612383251890e-12      -4.029063309501e-12       1.081023292944e-14       1.368686377123e-15       4.745496401242e-16      -1.643972623933e-17 
 1447       1.083064398092e-10       1.604621812762e-12      -3.943632398587e-12       1.080518765479e-14       1.364947372323e-15       4.725447669438e-16      -1.572983903155e-17 
 1448       1.081499604071e-10       1.597238456770e-12      -3.858158345890e-12       1.080006232925e-14       1.361220899358e-15       4.705455474640e-16      -1.502240539217e-17 
 1449       1.079875999780e-10       1.590234431125e-12      -3.772674196248e-12       1.079485607917e-14       1.357506904801e-15       4.685525463228e-16      -1.431749392394e-17 
 1450       1.078193712724e-10       1.583610983148e-12      -3.687213174867e-12       1.078956802699e-14       1.353805334555e-15       4.665663311023e-16      -1.361517354340e-17 
 1451       1.076452872040e-10       1.577369360264e-12      -3.601808687637e-12       1.078419729124e-14       1.350116133859e-15       4.645874723334e-16      -1.291551348131e-17 
 1452       1.074653608503e-10       1.571510810002e-12      -3.516494321432e-12       1.077874298654e-14       1.346439247283e-15       4.626165435011e-16      -1.221858328322e-17 
 1453       1.072796054525e-10       1.566036579985e-12      -3.431303844427e-12       1.077320422357e-14       1.342774618726e-15       4.606541210492e-16      -1.152445280992e-17 
 1454       1.070880344161e-10       1.560947917935e-12      -3.346271206403e-12       1.076758010910e-14       1.339122191418e-15       4.587007843853e-16      -1.083319223796e-17 
 1455       1.068906613111e-10       1.556246071662e-12      -3.261430539056e-12       1.076186974594e-14       1.335481907912e-15       4.567571158859e-16      -1.014487206013e-17 
 1456       1.066874998724e-10       1.551932289060e-12      -3.176816156309e-12       1.075607223297e-14       1.331853710092e-15       4.548237009011e-16      -9.459563085980e-18 
 1457       1.064785640001e-10       1.548007818110e-12      -3.092462554616e-12       1.075018666512e-14       1.328237539163e-15       4.529011277597e-16      -8.777336442296e-18 
 1458       1.062638677600e-10       1.544473906870e-12      -3.008404413274e-12       1.074421213336e-14       1.324633335655e-15       4.509899877743e-16      -8.098263573605e-18 
 1459       1.060434253835e-10       1.541331803473e-12      -2.924676594734e-12       1.073814772471e-14       1.321041039418e-15       4.490908752460e-16      -7.422416242670e-18 
 1460       1.058172512684e-10       1.538582756123e-12      -2.841314144904e-12       1.073199252221e-14       1.317460589623e-15       4.472043874692e-16      -6.749866530992e-18 
 1461       1.055853599790e-10       1.536228013092e-12      -2.758352293465e-12       1.072574560491e-14       1.313891924760e-15       4.453311247372e-16      -6.080686839300e-18 
 1462       1.053477662466e-10       1.534268822717e-12      -2.675826454174e-12       1.071940604791e-14       1.310334982637e-15       4.434716903465e-16      -5.414949888053e-18 
 1463       1.051044954858e-10       1.532705563222e-12      -2.593769466471e-12       1.071297315215e-14       1.306789705650e-15       4.416263205288e-16      -4.752720847944e-18 
 1464       1.048556154592e-10       1.531535122695e-12      -2.512203289494e-12       1.070644713645e-14       1.303256056661e-15       4.397937701891e-16      -4.094033644352e-18 
 1465       1.046012049300e-10       1.530753492913e-12      -2.431147225643e-12       1.069982845241e-14       1.299734003276e-15       4.379724160378e-16      -3.438914416992e-18 
 1466       1.043413431758e-10       1.530356637083e-12      -2.350620671905e-12       1.069311755517e-14       1.296223512588e-15       4.361606256379e-16      -2.787389368472e-18 
 1467       1.040761099887e-10       1.530340489791e-12      -2.270643120007e-12       1.068631490345e-14       1.292724551173e-15       4.343567573892e-16      -2.139484764342e-18 
 1468       1.038055856770e-10       1.530700956948e-12      -2.191234156573e-12       1.067942095950e-14       1.289237085090e-15       4.325591605118e-16      -1.495226933159e-18 
 1469       1.035298510659e-10       1.531433915738e-12      -2.112413463275e-12       1.067243618917e-14       1.285761079879e-15       4.307661750313e-16      -8.546422665346e-19 
 1470       1.032489874981e-10       1.532535214567e-12      -2.034200816993e-12       1.066536106187e-14       1.282296500564e-15       4.289761317624e-16      -2.177572191949e-19 
 1471       1.029630768351e-10       1.534000673005e-12      -1.956616089961e-12       1.065819605061e-14       1.278843311644e-15       4.271873522932e-16       4.154016909629e-19 
 1472       1.026722014580e-10       1.535826081742e-12      -1.879679249930e-12       1.065094163198e-14       1.275401477100e-15       4.253981489696e-16       1.044807882816e-18 
 1473       1.023764442683e-10       1.538007202527e-12      -1.803410360318e-12       1.064359828616e-14       1.271970960389e-15       4.236068248794e-16       1.670434711959e-18 
 1474       1.020758886891e-10       1.540539768122e-12      -1.727829580363e-12       1.063616649696e-14       1.268551724444e-15       4.218116738364e-16       2.292255470649e-18 
 1475       1.017706186656e-10       1.543419482245e-12      -1.652957165281e-12       1.062864675177e-14       1.265143731674e-15       4.200109803650e-16       2.910243387748e-18 
 1476       1.014607186666e-10       1.546642019520e-12      -1.578813466419e-12       1.062103954162e-14       1.261746943961e-15       4.182030196840e-16       3.524371628667e-18 
 1477       1.011462736847e-10       1.550203025422e-12      -1.505418931409e-12       1.061334536115e-14       1.258361322661e-15       4.163860576909e-16       4.134613295314e-18 
 1478       1.008273692381e-10       1.554098116229e-12      -1.432794104322e-12       1.060556470864e-14       1.254986828601e-15       4.145583509464e-16       4.740941426030e-18 
 1479       1.005040913705e-10       1.558322878963e-12      -1.360959625824e-12       1.059769808599e-14       1.251623422079e-15       4.127181466582e-16       5.343328995542e-18 
 1480       1.001765266529e-10       1.562872871344e-12      -1.289936233328e-12       1.058974599875e-14       1.248271062862e-15       4.108636826658e-16       5.941748914898e-18 
 1481       9.984476218419e-11       1.567743621732e-12      -1.219744761152e-12       1.058170895614e-14       1.244929710188e-15       4.089931874239e-16       6.536174031420e-18 
 1482       9.950888559180e-11       1.572930629078e-12      -1.150406140670e-12       1.057358747100e-14       1.241599322757e-15       4.071048799874e-16       7.126577128641e-18 
 1483       9.916898503310e-11       1.578429362871e-12      -1.081941400466e-12       1.056538205985e-14       1.238279858741e-15       4.051969699952e-16       7.712930926251e-18 
 1484       9.882514919601e-11       1.584235263083e-12      -1.014371666495e-12       1.055709324289e-14       1.234971275774e-15       4.032676576544e-16       8.295208080043e-18 
 1485       9.847746730004e-11       1.590343740119e-12      -9.477181622263e-13       1.054872154398e-14       1.231673530955e-15       4.013151337249e-16       8.873381181855e-18 
 1486       9.812602909715e-11       1.596750174764e-12      -8.820022088088e-13       1.054026749066e-14       1.228386580844e-15       3.993375795030e-16       9.447422759513e-18 
 1487       9.777092487272e-11       1.603449918130e-12      -8.172452252186e-13       1.053173161417e-14       1.225110381465e-15       3.973331668062e-16       1.001730527678e-17 
 1488       9.741224544646e-11       1.610438291602e-12      -7.534687284159e-13       1.052311444943e-14       1.221844888301e-15       3.953000579571e-16       1.058300113329e-17 
 1489       9.705008217331e-11       1.617710586790e-12      -6.906943334989e-13       1.051441653507e-14       1.218590056297e-15       3.932364057678e-16       1.114448266450e-17 
 1490       9.668452694436e-11       1.625262065471e-12      -6.289437538586e-13       1.050563841344e-14       1.215345839854e-15       3.911403535240e-16       1.170172214165e-17 
 1491       9.631567218783e-11       1.633087959540e-12      -5.682388013327e-13       1.049678063057e-14       1.212112192830e-15       3.890100349689e-16       1.225469177165e-17 
 1492       9.594361086989e-11       1.641183470955e-12      -5.086013863601e-13       1.048784373625e-14       1.208889068541e-15       3.868435742883e-16       1.280336369710e-17 
 1493       9.556843649568e-11       1.649543771687e-12      -4.500535181357e-13       1.047882828397e-14       1.205676419756e-15       3.846390860940e-16       1.334770999618e-17 
 1494       9.519024311017e-11       1.658164003666e-12      -3.926173047644e-13       1.046973483097e-14       1.202474198701e-15       3.823946754081e-16       1.388770268262e-17 
 1495       9.480912529911e-11       1.667039278729e-12      -3.363149534155e-13       1.046056393821e-14       1.199282357052e-15       3.801084376478e-16       1.442331370563e-17 
 1496       9.442517818991e-11       1.676164678566e-12      -2.811687704777e-13       1.045131617041e-14       1.196100845938e-15       3.777784586089e-16       1.495451494984e-17 
 1497       9.403849745263e-11       1.685535254669e-12      -2.272011617124e-13       1.044199209605e-14       1.192929615938e-15       3.754028144506e-16       1.548127823527e-17 
 1498       9.364917930084e-11       1.695146028281e-12      -1.744346324093e-13       1.043259228736e-14       1.189768617079e-15       3.729795716792e-16       1.600357531724e-17 
 1499       9.325732049257e-11       1.704991990339e-12      -1.228917875399e-13       1.042311732034e-14       1.186617798841e-15       3.705067871329e-16       1.652137788634e-17 
 1500       9.286301833122e-11       1.715068101425e-12      -7.259533191257e-14       1.041356777475e-14       1.183477110146e-15       3.679825079654e-16       1.703465756838e-17 
 1501       9.246637066649e-11       1.725369291711e-12      -2.356807032638e-14       1.040394423415e-14       1.180346499365e-15       3.654047716306e-16       1.754338592429e-17 
 1502       9.206747512292e-11       1.735890267142e-12       2.417080841420e-14       1.039424740036e-14       1.177225918628e-15       3.627723716806e-16       1.804753632018e-17 
 1503       9.166642677555e-11       1.746624926009e-12       7.061691935137e-14       1.038447843824e-14       1.174115336812e-15       3.600871633495e-16       1.854708955741e-17 
 1504       9.126332045345e-11       1.757566936588e-12       1.157696021638e-13       1.037463863429e-14       1.171014726676e-15       3.573517803907e-16       1.904202829720e-17 
 1505       9.085825151093e-11       1.768709930329e-12       1.596282149562e-13       1.036472928249e-14       1.167924060563e-15       3.545688713247e-16       1.953233519561e-17 
 1506       9.045131582842e-11       1.780047501794e-12       2.021921343027e-13       1.035475168428e-14       1.164843310390e-15       3.517410994642e-16       2.001799290357e-17 
 1507       9.004260981337e-11       1.791573208594e-12       2.434607552894e-13       1.034470714863e-14       1.161772447655e-15       3.488711429391e-16       2.049898406693e-17 
 1508       8.963223040108e-11       1.803280571326e-12       2.834334915583e-13       1.033459699201e-14       1.158711443433e-15       3.459616947213e-16       2.097529132647e-17 
 1509       8.922027505562e-11       1.815163073508e-12       3.221097753497e-13       1.032442253841e-14       1.155660268374e-15       3.430154626499e-16       2.144689731800e-17 
 1510       8.880684177071e-11       1.827214161521e-12       3.594890575459e-13       1.031418511935e-14       1.152618892706e-15       3.400351694557e-16       2.191378467237e-17 
 1511       8.839202907056e-11       1.839427244542e-12       3.955708077139e-13       1.030388607392e-14       1.149587286228e-15       3.370235527865e-16       2.237593601549e-17 
 1512       8.797593601080e-11       1.851795694483e-12       4.303545141487e-13       1.029352674873e-14       1.146565418315e-15       3.339833652317e-16       2.283333396842e-17 
 1513       8.755866217935e-11       1.864312845926e-12       4.638396839165e-13       1.028310849801e-14       1.143553257914e-15       3.309173743476e-16       2.328596114741e-17 
 1514       8.714030769725e-11       1.876971996063e-12       4.960258428978e-13       1.027263268354e-14       1.140550773545e-15       3.278283626820e-16       2.373380016388e-17 
 1515       8.672097321961e-11       1.889766404633e-12       5.269125358305e-13       1.026210067472e-14       1.137557933297e-15       3.247191277994e-16       2.417683362457e-17 
 1516       8.630075993646e-11       1.902689293856e-12       5.564993263528e-13       1.025151384855e-14       1.134574704830e-15       3.215924823056e-16       2.461504413146e-17 
 1517       8.587976957360e-11       1.915733848375e-12       5.847857970468e-13       1.024087358966e-14       1.131601055374e-15       3.184512538729e-16       2.504841428194e-17 
 1518       8.545810439352e-11       1.928893215186e-12       6.117715494813e-13       1.023018129032e-14       1.128636951726e-15       3.152982852650e-16       2.547692666874e-17 
 1519       8.503586719629e-11       1.942160503584e-12       6.374562042550e-13       1.021943835042e-14       1.125682360251e-15       3.121364343616e-16       2.590056388005e-17 
 1520       8.461316132040e-11       1.955528785092e-12       6.618394010396e-13       1.020864617756e-14       1.122737246881e-15       3.089685741838e-16       2.631930849952e-17 
 1521       8.419009064365e-11       1.968991093406e-12       6.849207986231e-13       1.019780618697e-14       1.119801577113e-15       3.057975929189e-16       2.673314310635e-17 
 1522       8.376675958404e-11       1.982540424325e-12       7.067000749527e-13       1.018691980158e-14       1.116875316010e-15       3.026263939449e-16       2.714205027527e-17 
 1523       8.334327310067e-11       1.996169735690e-12       7.271769271780e-13       1.017598845204e-14       1.113958428196e-15       2.994578958561e-16       2.754601257664e-17 
 1524       8.291973669456e-11       2.009871947326e-12       7.463510716942e-13       1.016501357668e-14       1.111050877861e-15       2.962950324875e-16       2.794501257645e-17 
 1525       8.249625640962e-11       2.023639940973e-12       7.642222441853e-13       1.015399662158e-14       1.108152628755e-15       2.931407529399e-16       2.833903283641e-17 
 1526       8.207293883342e-11       2.037466560226e-12       7.807901996668e-13       1.014293904053e-14       1.105263644191e-15       2.899980216049e-16       2.872805591395e-17 
 1527       8.164989109816e-11       2.051344610471e-12       7.960547125295e-13       1.013184229509e-14       1.102383887042e-15       2.868698181898e-16       2.911206436228e-17 
 1528       8.122722088152e-11       2.065266858825e-12       8.100155765822e-13       1.012070785459e-14       1.099513319739e-15       2.837591377424e-16       2.949104073045e-17 
 1529       8.080503640752e-11       2.079226034069e-12       8.226726050947e-13       1.010953719610e-14       1.096651904273e-15       2.806689906761e-16       2.986496756335e-17 
 1530       8.038344644742e-11       2.093214826588e-12       8.340256308413e-13       1.009833180451e-14       1.093799602192e-15       2.776024027946e-16       3.023382740180e-17 
 1531       7.996256032062e-11       2.107225888307e-12       8.440745061438e-13       1.008709317249e-14       1.090956374600e-15       2.745624153170e-16       3.059760278258e-17 
 1532       7.954248789550e-11       2.121251832629e-12       8.528191029146e-13       1.007582280054e-14       1.088122182160e-15       2.715520849029e-16       3.095627623845e-17 
 1533       7.912333959030e-11       2.135285234372e-12       8.602593126996e-13       1.006452219697e-14       1.085296985086e-15       2.685744836769e-16       3.130983029823e-17 
 1534       7.870522637405e-11       2.149318629704e-12       8.663950467218e-13       1.005319287792e-14       1.082480743148e-15       2.656326992537e-16       3.165824748680e-17 
 1535       7.828825976739e-11       2.163344516084e-12       8.712262359241e-13       1.004183636741e-14       1.079673415670e-15       2.627298347633e-16       3.200151032519e-17 
 1536       7.787255184350e-11       2.177355352196e-12       8.747528310125e-13       1.003045419730e-14       1.076874961527e-15       2.598690088755e-16       3.233960133059e-17 
 1537       7.745821522893e-11       2.191343557887e-12       8.769748024993e-13       1.001904790733e-14       1.074085339147e-15       2.570533558250e-16       3.267250301640e-17 
 1538       7.704536310453e-11       2.205301514105e-12       8.778921407461e-13       1.000761904511e-14       1.071304506506e-15       2.542860254365e-16       3.300019789230e-17 
 1539       7.663410920631e-11       2.219221562836e-12       8.775048560071e-13       9.996169166190e-15       1.068532421132e-15       2.515701831494e-16       3.332266846424e-17 
 1540       7.622456782628e-11       2.233096007039e-12       8.758129784720e-13       9.984699833999e-15       1.065769040102e-15       2.489090100428e-16       3.363989723455e-17 
 1541       7.581684431724e-11       2.246917601344e-12       8.728190726935e-13       9.973212573613e-15       1.063014323540e-15       2.463048250370e-16       3.395187011947e-17 
 1542       7.541100650645e-11       2.260681029356e-12       8.685358068893e-13       9.961708732398e-15       1.060268245165e-15       2.437564423346e-16       3.425858673747e-17 
 1543       7.500711301233e-11       2.274381440247e-12       8.629784555764e-13       9.950189618058e-15       1.057530781844e-15       2.412617889449e-16       3.456005021870e-17 
 1544       7.460522271638e-11       2.288013959234e-12       8.561623918772e-13       9.938656544813e-15       1.054801910096e-15       2.388187802117e-16       3.485626379652e-17 
 1545       7.420539476360e-11       2.301573687540e-12       8.481030876897e-13       9.927110833411e-15       1.052081606096e-15       2.364253197935e-16       3.514723080773e-17 
 1546       7.380768856289e-11       2.315055702357e-12       8.388161138576e-13       9.915553811139e-15       1.049369845673e-15       2.340792996447e-16       3.543295469276e-17 
 1547       7.341216378744e-11       2.328455056806e-12       8.283171403405e-13       9.903986811834e-15       1.046666604306e-15       2.317785999955e-16       3.571343899591e-17 
 1548       7.301888037512e-11       2.341766779901e-12       8.166219363838e-13       9.892411175891e-15       1.043971857127e-15       2.295210893331e-16       3.598868736556e-17 
 1549       7.262789852890e-11       2.354985876509e-12       8.037463706889e-13       9.880828250273e-15       1.041285578918e-15       2.273046243820e-16       3.625870355436e-17 
 1550       7.223927871726e-11       2.368107327315e-12       7.897064115832e-13       9.869239388523e-15       1.038607744115e-15       2.251270500846e-16       3.652349141950e-17 
 1551       7.185308167457e-11       2.381126088779e-12       7.745181271907e-13       9.857645950776e-15       1.035938326798e-15       2.229861995817e-16       3.678305492287e-17 
 1552       7.146936840147e-11       2.394037093105e-12       7.581976856014e-13       9.846049303762e-15       1.033277300701e-15       2.208798941935e-16       3.703739813131e-17 
 1553       7.108820016533e-11       2.406835248195e-12       7.407613550418e-13       9.834450820826e-15       1.030624639202e-15       2.188059433997e-16       3.728652521680e-17 
 1554       7.070963850060e-11       2.419515437616e-12       7.222255040450e-13       9.822851881931e-15       1.027980315330e-15       2.167621448204e-16       3.753044045672e-17 
 1555       7.033374520922e-11       2.432072520561e-12       7.026066016207e-13       9.811253873671e-15       1.025344301758e-15       2.147462841967e-16       3.776914823401e-17 
 1556       6.996058236104e-11       2.444501331811e-12       6.819212174255e-13       9.799658189280e-15       1.022716570808e-15       2.127561353710e-16       3.800265303743e-17 
 1557       6.959021229420e-11       2.456796681696e-12       6.601860219327e-13       9.788066228645e-15       1.020097094443e-15       2.107894602680e-16       3.823095946176e-17 
 1558       6.922269761554e-11       2.468953356057e-12       6.374177866027e-13       9.776479398312e-15       1.017485844276e-15       2.088440088750e-16       3.845407220800e-17 
 1559       6.885810120100e-11       2.480966116208e-12       6.136333840528e-13       9.764899111500e-15       1.014882791560e-15       2.069175192227e-16       3.867199608363e-17 
 1560       6.849648619602e-11       2.492829698901e-12       5.888497882277e-13       9.753326788110e-15       1.012287907192e-15       2.050077173654e-16       3.888473600275e-17 
 1561       6.813791601592e-11       2.504538816283e-12       5.630840745692e-13       9.741763854734e-15       1.009701161712e-15       2.031123173623e-16       3.909229698640e-17 
 1562       6.778245434635e-11       2.516088155859e-12       5.363534201867e-13       9.730211744666e-15       1.007122525302e-15       2.012290212573e-16       3.929468416269e-17 
 1563       6.743016514363e-11       2.527472380459e-12       5.086751040270e-13       9.718671897915e-15       1.004551967785e-15       1.993555190603e-16       3.949190276703e-17 
 1564       6.708111263520e-11       2.538686128193e-12       4.800665070444e-13       9.707145761211e-15       1.001989458624e-15       1.974894887272e-16       3.968395814240e-17 
 1565       6.673536131999e-11       2.549724012417e-12       4.505451123712e-13       9.695634788015e-15       9.994349669212e-16       1.956285961410e-16       3.987085573949e-17 
 1566       6.639297596884e-11       2.560580621694e-12       4.201285054873e-13       9.684140438535e-15       9.968884614194e-16       1.937704950920e-16       4.005260111697e-17 
 1567       6.605402162487e-11       2.571250519755e-12       3.888343743905e-13       9.672664179730e-15       9.943499104982e-16       1.919128272586e-16       4.022919994170e-17 
 1568       6.571856360394e-11       2.581728245464e-12       3.566805097668e-13       9.661207485324e-15       9.918192821751e-16       1.900532221878e-16       4.040065798892e-17 
 1569       6.538666749497e-11       2.592008312775e-12       3.236848051604e-13       9.649771835814e-15       9.892965441046e-16       1.881892972759e-16       4.056698114249e-17 
 1570       6.505839916041e-11       2.602085210698e-12       2.898652571436e-13       9.638358718481e-15       9.867816635773e-16       1.863186577492e-16       4.072817539508e-17 
 1571       6.473382473660e-11       2.611953403261e-12       2.552399654870e-13       9.626969627402e-15       9.842746075189e-16       1.844388966442e-16       4.088424684842e-17 
 1572       6.441301063418e-11       2.621607329467e-12       2.198271333299e-13       9.615606063457e-15       9.817753424901e-16       1.825475947884e-16       4.103520171350e-17 
 1573       6.409602353850e-11       2.631041403264e-12       1.836450673500e-13       9.604269534342e-15       9.792838346856e-16       1.806423207812e-16       4.118104631077e-17 
 1574       6.378293041002e-11       2.640250013498e-12       1.467121779338e-13       9.592961554577e-15       9.768000499332e-16       1.787206309741e-16       4.132178707039e-17 
 1575       6.347379848469e-11       2.649227523883e-12       1.090469793464e-13       9.581683645519e-15       9.743239536933e-16       1.767800694512e-16       4.145743053241e-17 
 1576       6.316869527438e-11       2.657968272956e-12       7.066808990199e-14       9.570437335369e-15       9.718555110582e-16       1.748181680104e-16       4.158798334701e-17 
 1577       6.286768856724e-11       2.666466574045e-12       3.159423213373e-14       9.559224159184e-15       9.693946867514e-16       1.728324461433e-16       4.171345227472e-17 
 1578       6.257084642816e-11       2.674716715227e-12      -8.155767036187e-15       9.548045658889e-15       9.669414451268e-16       1.708204110163e-16       4.183384418659e-17 
 1579       6.227823719910e-11       2.682712959291e-12      -4.856297612629e-14       9.536903383283e-15       9.644957501678e-16       1.687795574508e-16       4.194916606449e-17 
 1580       6.198991782274e-11       2.690450350433e-12      -8.960817961118e-14       9.525798731686e-15       9.620575683622e-16       1.667080398104e-16       4.205942739227e-17 
 1581       6.170589869418e-11       2.697927142588e-12      -1.312713379916e-13       9.514732483259e-15       9.596268773551e-16       1.646066945032e-16       4.216464735335e-17 
 1582       6.142617848459e-11       2.705142393506e-12      -1.735321223868e-13       9.503705263348e-15       9.572036573746e-16       1.624770361666e-16       4.226484770026e-17 
 1583       6.115075578832e-11       2.712095160058e-12      -2.163700932166e-13       9.492717699452e-15       9.547878883628e-16       1.603205874728e-16       4.236005036992e-17 
 1584       6.087962912274e-11       2.718784498239e-12      -2.597647000230e-13       9.481770421231e-15       9.523795499761e-16       1.581388791422e-16       4.245027748407e-17 
 1585       6.061279692808e-11       2.725209463169e-12      -3.036952812914e-13       9.470864060506e-15       9.499786215840e-16       1.559334499560e-16       4.253555134950e-17 
 1586       6.035025756730e-11       2.731369109089e-12      -3.481410642714e-13       9.459999251264e-15       9.475850822685e-16       1.537058467689e-16       4.261589445845e-17 
 1587       6.009200932585e-11       2.737262489370e-12      -3.930811647991e-13       9.449176629657e-15       9.451989108240e-16       1.514576245226e-16       4.269132948891e-17 
 1588       5.983805041161e-11       2.742888656505e-12      -4.384945871172e-13       9.438396834009e-15       9.428200857565e-16       1.491903462580e-16       4.276187930496e-17 
 1589       5.958837895466e-11       2.748246662114e-12      -4.843602236971e-13       9.427660504816e-15       9.404485852826e-16       1.469055831284e-16       4.282756695711e-17 
 1590       5.934299300712e-11       2.753335556947e-12      -5.306568550599e-13       9.416968284750e-15       9.380843873298e-16       1.446049144122e-16       4.288841568261e-17 
 1591       5.910189054304e-11       2.758154390878e-12      -5.773631495976e-13       9.406320818660e-15       9.357274695351e-16       1.422899275263e-16       4.294444890578e-17 
 1592       5.886506945818e-11       2.762702212914e-12      -6.244576633947e-13       9.395718753576e-15       9.333778092448e-16       1.399622180380e-16       4.299569023837e-17 
 1593       5.863252756992e-11       2.766978071187e-12      -6.719188400491e-13       9.385162738714e-15       9.310353835141e-16       1.376233896788e-16       4.304216347987e-17 
 1594       5.840426261700e-11       2.770981012961e-12      -7.197250104933e-13       9.374653425473e-15       9.287001691062e-16       1.352750543570e-16       4.308389261783e-17 
 1595       5.818027225947e-11       2.774710084632e-12      -7.678543928164e-13       9.364191467443e-15       9.263721424918e-16       1.329188321700e-16       4.312090182823e-17 
 1596       5.796055407843e-11       2.778164331725e-12      -8.162850920845e-13       9.353777520406e-15       9.240512798487e-16       1.305563514182e-16       4.315321547575e-17 
 1597       5.774510557595e-11       2.781342798898e-12      -8.649951001625e-13       9.343412242339e-15       9.217375570609e-16       1.281892486171e-16       4.318085811417e-17 
 1598       5.753392417486e-11       2.784244529942e-12      -9.139622955354e-13       9.333096293414e-15       9.194309497185e-16       1.258191685102e-16       4.320385448665e-17 
 1599       5.732700721860e-11       2.786868567782e-12      -9.631644431291e-13       9.322830336005e-15       9.171314331167e-16       1.234477640824e-16       4.322222952607e-17 
 1600       5.712435197108e-11       2.789213954475e-12      -1.012579194132e-12       9.312615034688e-15       9.148389822555e-16       1.210766965724e-16       4.323600835538e-17 
 1601       5.692595561649e-11       2.791279731215e-12      -1.062184085817e-12       9.302451056245e-15       9.125535718388e-16       1.187076354857e-16       4.324521628793e-17 
 1602       5.673181525914e-11       2.793064938331e-12      -1.111956541362e-12       9.292339069666e-15       9.102751762744e-16       1.163422586075e-16       4.324987882776e-17 
 1603       5.654192792335e-11       2.794568615287e-12      -1.161873869669e-12       9.282279746152e-15       9.080037696727e-16       1.139822520157e-16       4.325002166999e-17 
 1604       5.635629055321e-11       2.795789800685e-12      -1.211913265191e-12       9.272273759117e-15       9.057393258468e-16       1.116293100934e-16       4.324567070110e-17 
 1605       5.617490001249e-11       2.796727532265e-12      -1.262051807748e-12       9.262321784192e-15       9.034818183115e-16       1.092851355422e-16       4.323685199930e-17 
 1606       5.599775308444e-11       2.797380846903e-12      -1.312266462350e-12       9.252424499226e-15       9.012312202829e-16       1.069514393948e-16       4.322359183484e-17 
 1607       5.582484647163e-11       2.797748780618e-12      -1.362534079020e-12       9.242582584293e-15       8.989875046776e-16       1.046299410280e-16       4.320591667032e-17 
 1608       5.565617679582e-11       2.797830368563e-12      -1.412831392611e-12       9.232796721688e-15       8.967506441127e-16       1.023223681755e-16       4.318385316108e-17 
 1609       5.549174059775e-11       2.797624645037e-12      -1.463135022633e-12       9.223067595934e-15       8.945206109045e-16       1.000304569407e-16       4.315742815548e-17 
 1610       5.533153433704e-11       2.797130643477e-12      -1.513421473070e-12       9.213395893786e-15       8.922973770684e-16       9.775595181000e-17       4.312666869525e-17 
 1611       5.517555439198e-11       2.796347396461e-12      -1.563667132202e-12       9.203782304231e-15       8.900809143181e-16       9.550060566499e-17       4.309160201580e-17 
 1612       5.502379705938e-11       2.795273935712e-12      -1.613848272428e-12       9.194227518489e-15       8.878711940654e-16       9.326617979585e-17       4.305225554660e-17 
 1613       5.487625855444e-11       2.793909292093e-12      -1.663941050085e-12       9.184732230021e-15       8.856681874191e-16       9.105444391403e-17       4.300865691145e-17 
 1614       5.473293501053e-11       2.792252495614e-12      -1.713921505272e-12       9.175297134529e-15       8.834718651847e-16       8.886717616514e-17       4.296083392886e-17 
 1615       5.459382247911e-11       2.790302575426e-12      -1.763765561667e-12       9.165922929957e-15       8.812821978640e-16       8.670616314184e-17       4.290881461234e-17 
 1616       5.445891692948e-11       2.788058559829e-12      -1.813449026355e-12       9.156610316496e-15       8.790991556540e-16       8.457319989669e-17       4.285262717078e-17 
 1617       5.432821424870e-11       2.785519476265e-12      -1.862947589641e-12       9.147359996586e-15       8.769227084471e-16       8.247008995505e-17       4.279230000873e-17 
 1618       5.420171024138e-11       2.782684351326e-12      -1.912236824878e-12       9.138172674920e-15       8.747528258296e-16       8.039864532792e-17       4.272786172675e-17 
 1619       5.407939332620e-11       2.779552856075e-12      -1.961294032676e-12       9.129048894405e-15       8.725894794528e-16       7.836035098794e-17       4.265934169831e-17 
 1620       5.396122255371e-11       2.776127248414e-12      -2.010103792120e-12       9.119988542430e-15       8.704326501665e-16       7.635535495549e-17       4.258677180534e-17 
 1621       5.384714938955e-11       2.772410448272e-12      -2.058652459358e-12       9.110991340140e-15       8.682823209487e-16       7.438346911246e-17       4.251018471903e-17 
 1622       5.373712499933e-11       2.768405393899e-12      -2.106926327671e-12       9.102057006073e-15       8.661384745399e-16       7.244450390839e-17       4.242961332501e-17 
 1623       5.363110024805e-11       2.764115041901e-12      -2.154911627374e-12       9.093185256149e-15       8.640010934423e-16       7.053826835804e-17       4.234509072375e-17 
 1624       5.352902569968e-11       2.759542367267e-12      -2.202594525727e-12       9.084375803667e-15       8.618701599203e-16       6.866457003889e-17       4.225665023088e-17 
 1625       5.343085161661e-11       2.754690363399e-12      -2.249961126837e-12       9.075628359301e-15       8.597456559989e-16       6.682321508867e-17       4.216432537760e-17 
 1626       5.333652795917e-11       2.749562042144e-12      -2.296997471565e-12       9.066942631095e-15       8.576275634641e-16       6.501400820287e-17       4.206814991099e-17 
 1627       5.324600438517e-11       2.744160433823e-12      -2.343689537430e-12       9.058318324458e-15       8.555158638620e-16       6.323675263227e-17       4.196815779436e-17 
 1628       5.315923024936e-11       2.738488587261e-12      -2.390023238520e-12       9.049755142158e-15       8.534105384987e-16       6.149125018046e-17       4.186438320766e-17 
 1629       5.307615460294e-11       2.732549569819e-12      -2.435984425389e-12       9.041252784320e-15       8.513115684391e-16       5.977730120137e-17       4.175686054780e-17 
 1630       5.299672619311e-11       2.726346467422e-12      -2.481558884970e-12       9.032810948417e-15       8.492189345075e-16       5.809470459675e-17       4.164562442901e-17 
 1631       5.292089346251e-11       2.719882384589e-12      -2.526732340479e-12       9.024429329272e-15       8.471326172862e-16       5.644325781375e-17       4.153070968319e-17 
 1632       5.284860454878e-11       2.713160444467e-12      -2.571490451319e-12       9.016107619046e-15       8.450525971154e-16       5.482275684241e-17       4.141215136031e-17 
 1633       5.277980728403e-11       2.706183788857e-12      -2.615818812984e-12       9.007845507237e-15       8.429788540930e-16       5.323299621316e-17       4.128998472870e-17 
 1634       5.271444919437e-11       2.698955578246e-12      -2.659702956971e-12       8.999642680674e-15       8.409113680737e-16       5.167376899440e-17       4.116424527547e-17 
 1635       5.265247749939e-11       2.691478991837e-12      -2.703128350680e-12       8.991498823513e-15       8.388501186686e-16       5.014486678996e-17       4.103496870682e-17 
 1636       5.259383911170e-11       2.683757227579e-12      -2.746080397321e-12       8.983413617233e-15       8.367950852452e-16       4.864607973665e-17       4.090219094843e-17 
 1637       5.253848063640e-11       2.675793502198e-12      -2.788544435820e-12       8.975386740629e-15       8.347462469262e-16       4.717719650179e-17       4.076594814581e-17 
 1638       5.248634837059e-11       2.667591051226e-12      -2.830505740727e-12       8.967417869809e-15       8.327035825897e-16       4.573800428071e-17       4.062627666462e-17 
 1639       5.243738830292e-11       2.659153129033e-12      -2.871949522116e-12       8.959506678188e-15       8.306670708683e-16       4.432828879429e-17       4.048321309111e-17 
 1640       5.239154611302e-11       2.650483008855e-12      -2.912860925498e-12       8.951652836484e-15       8.286366901489e-16       4.294783428646e-17       4.033679423237e-17 
 1641       5.234876717108e-11       2.641583982824e-12      -2.953225031719e-12       8.943856012714e-15       8.266124185720e-16       4.159642352172e-17       4.018705711679e-17 
 1642       5.230899653729e-11       2.632459362004e-12      -2.993026856873e-12       8.936115872186e-15       8.245942340315e-16       4.027383778271e-17       4.003403899435e-17 
 1643       5.227217896140e-11       2.623112476411e-12      -3.032251352200e-12       8.928432077500e-15       8.225821141741e-16       3.897985686767e-17       3.987777733698e-17 
 1644       5.223825888219e-11       2.613546675053e-12      -3.070883404001e-12       8.920804288537e-15       8.205760363987e-16       3.771425908798e-17       3.971830983898e-17 
 1645       5.220718042700e-11       2.603765325956e-12      -3.108907833533e-12       8.913232162458e-15       8.185759778562e-16       3.647682126571e-17       3.955567441729e-17 
 1646       5.217888741121e-11       2.593771816191e-12      -3.146309396923e-12       8.905715353696e-15       8.165819154490e-16       3.526731873109e-17       3.938990921190e-17 
 1647       5.215332333775e-11       2.583569551911e-12      -3.183072785072e-12       8.898253513958e-15       8.145938258302e-16       3.408552532008e-17       3.922105258622e-17 
 1648       5.213043139663e-11       2.573161958376e-12      -3.219182623557e-12       8.890846292211e-15       8.126116854035e-16       3.293121337186e-17       3.904914312739e-17 
 1649       5.211015446443e-11       2.562552479986e-12      -3.254623472540e-12       8.883493334685e-15       8.106354703228e-16       3.180415372636e-17       3.887421964665e-17 
 1650       5.209243510378e-11       2.551744580310e-12      -3.289379826672e-12       8.876194284863e-15       8.086651564913e-16       3.070411572179e-17       3.869632117974e-17 
 1651       5.207721556291e-11       2.540741742117e-12      -3.323436115002e-12       8.868948783479e-15       8.067007195613e-16       2.963086719215e-17       3.851548698721e-17 
 1652       5.206443777513e-11       2.529547467403e-12      -3.356776700877e-12       8.861756468513e-15       8.047421349341e-16       2.858417446474e-17       3.833175655479e-17 
 1653       5.205404335834e-11       2.518165277426e-12      -3.389385881852e-12       8.854616975186e-15       8.027893777586e-16       2.756380235772e-17       3.814516959375e-17 
 1654       5.204597361452e-11       2.506598712735e-12      -3.421247889595e-12       8.847529935952e-15       8.008424229319e-16       2.656951417758e-17       3.795576604126e-17 
 1655       5.204016952928e-11       2.494851333198e-12      -3.452346889791e-12       8.840494980501e-15       7.989012450981e-16       2.560107171672e-17       3.776358606074e-17 
 1656       5.203657177129e-11       2.482926718033e-12      -3.482666982051e-12       8.833511735745e-15       7.969658186480e-16       2.465823525089e-17       3.756867004223e-17 
 1657       5.203512069188e-11       2.470828465839e-12      -3.512192199812e-12       8.826579825821e-15       7.950361177190e-16       2.374076353682e-17       3.737105860272e-17 
 1658       5.203575638723e-11       2.458560351849e-12      -3.540909037618e-12       8.819698790778e-15       7.931121181648e-16       2.284841315526e-17       3.717079102408e-17 
 1659       5.203841888681e-11       2.446126801147e-12      -3.568814057527e-12       8.812867841888e-15       7.911938034861e-16       2.198093653923e-17       3.696790055082e-17 
 1660       5.204304796566e-11       2.433532419683e-12      -3.595906349631e-12       8.806086104168e-15       7.892811589518e-16       2.113808392345e-17       3.676241905155e-17 
 1661       5.204958308126e-11       2.420781837472e-12      -3.622185010798e-12       8.799352697477e-15       7.873741696321e-16       2.031960399469e-17       3.655437857792e-17 
 1662       5.205796337305e-11       2.407879708630e-12      -3.647649144690e-12       8.792666736514e-15       7.854728203987e-16       1.952524388921e-17       3.634381136496e-17 
 1663       5.206812766196e-11       2.394830711408e-12      -3.672297861772e-12       8.786027330800e-15       7.835770959241e-16       1.875474919031e-17       3.613074983133e-17 
 1664       5.208001444987e-11       2.381639548232e-12      -3.696130279336e-12       8.779433584680e-15       7.816869806812e-16       1.800786392574e-17       3.591522657963e-17 
 1665       5.209356191915e-11       2.368310945738e-12      -3.719145521508e-12       8.772884597304e-15       7.798024589432e-16       1.728433056527e-17       3.569727439668e-17 
 1666       5.210870793218e-11       2.354849654813e-12      -3.741342719274e-12       8.766379462629e-15       7.779235147830e-16       1.658389001815e-17       3.547692625381e-17 
 1667       5.212539003083e-11       2.341260450626e-12      -3.762721010487e-12       8.759917269404e-15       7.760501320726e-16       1.590628163060e-17       3.525421530716e-17 
 1668       5.214354543597e-11       2.327548132671e-12      -3.783279539889e-12       8.753497101162e-15       7.741822944834e-16       1.525124318330e-17       3.502917489795e-17 
 1669       5.216311104699e-11       2.313717524799e-12      -3.803017459123e-12       8.747118036216e-15       7.723199854851e-16       1.461851088890e-17       3.480183855280e-17 
 1670       5.218402344131e-11       2.299773475259e-12      -3.821933926752e-12       8.740779147646e-15       7.704631883458e-16       1.400781938951e-17       3.457223998397e-17 
 1671       5.220621887389e-11       2.285720856734e-12      -3.840028108271e-12       8.734479503293e-15       7.686118861314e-16       1.341890175416e-17       3.434041308970e-17 
 1672       5.222963327672e-11       2.271564566378e-12      -3.857299176129e-12       8.728218165750e-15       7.667660617052e-16       1.285148947633e-17       3.410639195447e-17 
 1673       5.225420225834e-11       2.257309525849e-12      -3.873746309739e-12       8.721994192356e-15       7.649256977278e-16       1.230531247144e-17       3.387021084929e-17 
 1674       5.227986110334e-11       2.242960681355e-12      -3.889368695495e-12       8.715806635182e-15       7.630907766563e-16       1.178009907432e-17       3.363190423199e-17 
 1675       5.230654477189e-11       2.228523003682e-12      -3.904165526793e-12       8.709654541029e-15       7.612612807442e-16       1.127557603672e-17       3.339150674754e-17 
 1676       5.233418789923e-11       2.214001488238e-12      -3.918136004039e-12       8.703536951416e-15       7.594371920410e-16       1.079146852480e-17       3.314905322828e-17 
 1677       5.236272479517e-11       2.199401155083e-12      -3.931279334671e-12       8.697452902573e-15       7.576184923919e-16       1.032750011660e-17       3.290457869426e-17 
 1678       5.239208944362e-11       2.184727048975e-12      -3.943594733174e-12       8.691401425432e-15       7.558051634371e-16       9.883392799588e-18       3.265811835352e-17 
 1679       5.242221550208e-11       2.169984239398e-12      -3.955081421093e-12       8.685381545618e-15       7.539971866118e-16       9.458866968082e-18       3.240970760234e-17 
 1680       5.245303630115e-11       2.155177820605e-12      -3.965738627051e-12       8.679392283444e-15       7.521945431455e-16       9.053641420798e-18       3.215938202559e-17 
 1681       5.248448484406e-11       2.140312911654e-12      -3.975565586765e-12       8.673432653898e-15       7.503972140619e-16       8.667433358314e-18       3.190717739697e-17 
 1682       5.251649380616e-11       2.125394656443e-12      -3.984561543063e-12       8.667501666638e-15       7.486051801784e-16       8.299958380575e-18       3.165312967932e-17 
 1683       5.254899553440e-11       2.110428223749e-12      -3.992725745897e-12       8.661598325983e-15       7.468184221056e-16       7.950930484377e-18       3.139727502490e-17 
 1684       5.258192204690e-11       2.095418807265e-12      -4.000057452360e-12       8.655721630905e-15       7.450369202472e-16       7.620062060866e-18       3.113964977571e-17 
 1685       5.261520503241e-11       2.080371625636e-12      -4.006555926704e-12       8.649870575017e-15       7.432606547994e-16       7.307063893027e-18       3.088029046373e-17 
 1686       5.264877584984e-11       2.065291922497e-12      -4.012220440353e-12       8.644044146570e-15       7.414896057505e-16       7.011645153177e-18       3.061923381124e-17 
 1687       5.268256552775e-11       2.050184966510e-12      -4.017050271921e-12       8.638241328444e-15       7.397237528808e-16       6.733513400460e-18       3.035651673109e-17 
 1688       5.271650476388e-11       2.035056051399e-12      -4.021044707228e-12       8.632461098134e-15       7.379630757619e-16       6.472374578335e-18       3.009217632703e-17 
 1689       5.275052392464e-11       2.019910495992e-12      -4.024203039313e-12       8.626702427749e-15       7.362075537564e-16       6.227933012073e-18       2.982624989394e-17 
 1690       5.278455304464e-11       2.004753644252e-12      -4.026524568453e-12       8.620964283999e-15       7.344571660177e-16       5.999891406247e-18       2.955877491817e-17 
 1691       5.281852182616e-11       1.989590865319e-12      -4.028008602180e-12       8.615245628188e-15       7.327118914895e-16       5.787950842225e-18       2.928978907780e-17 
 1692       5.285235963870e-11       1.974427553544e-12      -4.028654455292e-12       8.609545416207e-15       7.309717089053e-16       5.591810775662e-18       2.901933024294e-17 
 1693       5.288599551847e-11       1.959269128529e-12      -4.028461449872e-12       8.603862598522e-15       7.292365967883e-16       5.411169033995e-18       2.874743647601e-17 
 1694       5.291935816787e-11       1.944121035159e-12      -4.027428915307e-12       8.598196120171e-15       7.275065334508e-16       5.245721813932e-18       2.847414603205e-17 
 1695       5.295237595506e-11       1.928988743645e-12      -4.025556188296e-12       8.592544920752e-15       7.257814969939e-16       5.095163678946e-18       2.819949735897e-17 
 1696       5.298497691341e-11       1.913877749559e-12      -4.022842612874e-12       8.586907934413e-15       7.240614653070e-16       4.959187556769e-18       2.792352909788e-17 
 1697       5.301709462089e-11       1.898793246716e-12      -4.019289293211e-12       8.581284121746e-15       7.223464177149e-16       4.837479817065e-18       2.764627886765e-17 
 1698       5.304868589450e-11       1.883739142679e-12      -4.014904368517e-12       8.575672565771e-15       7.206363399347e-16       4.729705463086e-18       2.736777960654e-17 
 1699       5.307971324741e-11       1.868719034843e-12      -4.009697783650e-12       8.570072376757e-15       7.189312191605e-16       4.635522807345e-18       2.708806319960e-17 
 1700       5.311013902270e-11       1.853736536840e-12      -4.003679540545e-12       8.564482660401e-15       7.172310424202e-16       4.554588377142e-18       2.680716169176e-17 
 1701       5.313992539313e-11       1.838795278558e-12      -3.996859698301e-12       8.558902517812e-15       7.155357965749e-16       4.486556911845e-18       2.652510728808e-17 
 1702       5.316903436089e-11       1.823898906171e-12      -3.989248373271e-12       8.553331045511e-15       7.138454683187e-16       4.431081360180e-18       2.624193235398e-17 
 1703       5.319742775734e-11       1.809051082159e-12      -3.980855739153e-12       8.547767335421e-15       7.121600441783e-16       4.387812877520e-18       2.595766941545e-17 
 1704       5.322506724278e-11       1.794255485331e-12      -3.971692027076e-12       8.542210474857e-15       7.104795105129e-16       4.356400823170e-18       2.567235115935e-17 
 1705       5.325191430620e-11       1.779515810850e-12      -3.961767525690e-12       8.536659546527e-15       7.088038535136e-16       4.336492757658e-18       2.538601043359e-17 
 1706       5.327793026502e-11       1.764835770256e-12      -3.951092581255e-12       8.531113628518e-15       7.071330592032e-16       4.327734440018e-18       2.509868024741e-17 
 1707       5.330307626485e-11       1.750219091489e-12      -3.939677597731e-12       8.525571794290e-15       7.054671134362e-16       4.329769825082e-18       2.481039377158e-17 
 1708       5.332731327924e-11       1.735669518912e-12      -3.927533036865e-12       8.520033112673e-15       7.038060018978e-16       4.342241060766e-18       2.452118433868e-17 
 1709       5.335060210946e-11       1.721190813336e-12      -3.914669418280e-12       8.514496647856e-15       7.021497101044e-16       4.364788485357e-18       2.423108544330e-17 
 1710       5.337290338420e-11       1.706786752041e-12      -3.901097319565e-12       8.508961459380e-15       7.004982234026e-16       4.397050624802e-18       2.394013074230e-17 
 1711       5.339417755937e-11       1.692461128804e-12      -3.886827376365e-12       8.503426602135e-15       6.988515269695e-16       4.438664189992e-18       2.364835405506e-17 
 1712       5.341438491783e-11       1.678217753917e-12      -3.871870282467e-12       8.497891126347e-15       6.972096058117e-16       4.489264074057e-18       2.335578936368e-17 
 1713       5.343348556916e-11       1.664060454214e-12      -3.856236789891e-12       8.492354077578e-15       6.955724447658e-16       4.548483349645e-18       2.306247081326e-17 
 1714       5.345143944937e-11       1.649993073092e-12      -3.839937708978e-12       8.486814496713e-15       6.939400284972e-16       4.615953266216e-18       2.276843271211e-17 
 1715       5.346820632073e-11       1.636019470538e-12      -3.822983908479e-12       8.481271419955e-15       6.923123415007e-16       4.691303247326e-18       2.247370953199e-17 
 1716       5.348374577143e-11       1.622143523149e-12      -3.805386315646e-12       8.475723878820e-15       6.906893680995e-16       4.774160887917e-18       2.217833590837e-17 
 1717       5.349801721542e-11       1.608369124156e-12      -3.787155916317e-12       8.470170900126e-15       6.890710924450e-16       4.864151951603e-18       2.188234664066e-17 
 1718       5.351097989209e-11       1.594700183449e-12      -3.768303755008e-12       8.464611505991e-15       6.874574985170e-16       4.960900367959e-18       2.158577669242e-17 
 1719       5.352259286608e-11       1.581140627600e-12      -3.748840935000e-12       8.459044713821e-15       6.858485701228e-16       5.064028229807e-18       2.128866119163e-17 
 1720       5.353281502700e-11       1.567694399886e-12      -3.728778618430e-12       8.453469536307e-15       6.842442908970e-16       5.173155790505e-18       2.099103543094e-17 
 1721       5.354160508919e-11       1.554365460312e-12      -3.708128026379e-12       8.447884981416e-15       6.826446443016e-16       5.287901461232e-18       2.069293486786e-17 
 1722       5.354892159147e-11       1.541157785634e-12      -3.686900438960e-12       8.442290052383e-15       6.810496136250e-16       5.407881808282e-18       2.039439512505e-17 
 1723       5.355472289691e-11       1.528075369386e-12      -3.665107195406e-12       8.436683747706e-15       6.794591819825e-16       5.532711550344e-18       2.009545199052e-17 
 1724       5.355896719256e-11       1.515122221899e-12      -3.642759694165e-12       8.431065061141e-15       6.778733323152e-16       5.662003555795e-18       1.979614141788e-17 
 1725       5.356161248922e-11       1.502302370326e-12      -3.619869392980e-12       8.425432981688e-15       6.762920473903e-16       5.795368839982e-18       1.949649952660e-17 
 1726       5.356261662117e-11       1.489619858668e-12      -3.596447808984e-12       8.419786493590e-15       6.747153098006e-16       5.932416562519e-18       1.919656260222e-17 
 1727       5.356193724597e-11       1.477078747791e-12      -3.572506518789e-12       8.414124576327e-15       6.731431019638e-16       6.072754024564e-18       1.889636709659e-17 
 1728       5.355953184415e-11       1.464683115459e-12      -3.548057158570e-12       8.408446204602e-15       6.715754061230e-16       6.215986666114e-18       1.859594962814e-17 
 1729       5.355535771900e-11       1.452437056348e-12      -3.523111424159e-12       8.402750348341e-15       6.700122043456e-16       6.361718063289e-18       1.829534698207e-17 
 1730       5.354937199635e-11       1.440344682075e-12      -3.497681071133e-12       8.397035972683e-15       6.684534785233e-16       6.509549925623e-18       1.799459611064e-17 
 1731       5.354153162424e-11       1.428410121220e-12      -3.471777914900e-12       8.391302037974e-15       6.668992103721e-16       6.659082093346e-18       1.769373413335e-17 
 1732       5.353179337276e-11       1.416637519350e-12      -3.445413830790e-12       8.385547499757e-15       6.653493814313e-16       6.809912534677e-18       1.739279833724e-17 
 1733       5.352011383375e-11       1.405031039040e-12      -3.418600754147e-12       8.379771308769e-15       6.638039730641e-16       6.961637343110e-18       1.709182617708e-17 
 1734       5.350644942058e-11       1.393594859901e-12      -3.391350680410e-12       8.373972410934e-15       6.622629664562e-16       7.113850734701e-18       1.679085527565e-17 
 1735       5.349075636789e-11       1.382333178599e-12      -3.363675665210e-12       8.368149747351e-15       6.607263426166e-16       7.266145045356e-18       1.648992342393e-17 
 1736       5.347299813688e-11       1.371249640357e-12      -3.335588010181e-12       8.362302365168e-15       6.591940837656e-16       7.418213128588e-18       1.618906588383e-17 
 1737       5.345316770002e-11       1.360345628169e-12      -3.307100821938e-12       8.356429751221e-15       6.576661775155e-16       7.570156497999e-18       1.588830727087e-17 
 1738       5.343126544367e-11       1.349621959216e-12      -3.278227457989e-12       8.350531501188e-15       6.561426127250e-16       7.722179776610e-18       1.558766960354e-17 
 1739       5.340729177967e-11       1.339079452075e-12      -3.248981341531e-12       8.344607208971e-15       6.546233781127e-16       7.874488533496e-18       1.528717499478e-17 
 1740       5.338124714535e-11       1.328718926724e-12      -3.219375961548e-12       8.338656466694e-15       6.531084622570e-16       8.027289285154e-18       1.498684565210e-17 
 1741       5.335313200360e-11       1.318541204543e-12      -3.189424872908e-12       8.332678864693e-15       6.515978535960e-16       8.180789496857e-18       1.468670387771e-17 
 1742       5.332294684291e-11       1.308547108313e-12      -3.159141696454e-12       8.326673991523e-15       6.500915404266e-16       8.335197584022e-18       1.438677206866e-17 
 1743       5.329069217742e-11       1.298737462219e-12      -3.128540119109e-12       8.320641433949e-15       6.485895109052e-16       8.490722913573e-18       1.408707271696e-17 
 1744       5.325636854695e-11       1.289113091847e-12      -3.097633893963e-12       8.314580776945e-15       6.470917530468e-16       8.647575805302e-18       1.378762840974e-17 
 1745       5.321997651709e-11       1.279674824190e-12      -3.066436840378e-12       8.308491603692e-15       6.455982547247e-16       8.805967533230e-18       1.348846182933e-17 
 1746       5.318151667921e-11       1.270423487644e-12      -3.034962844077e-12       8.302373495577e-15       6.441090036707e-16       8.966110326976e-18       1.318959575343e-17 
 1747       5.314098965050e-11       1.261359912013e-12      -3.003225857245e-12       8.296226032186e-15       6.426239874746e-16       9.128217373111e-18       1.289105305525e-17 
 1748       5.309839607407e-11       1.252484928505e-12      -2.971239898623e-12       8.290048791305e-15       6.411431935837e-16       9.292502816528e-18       1.259285670359e-17 
 1749       5.305373661895e-11       1.243799369739e-12      -2.939019053606e-12       8.283841348916e-15       6.396666093029e-16       9.459181761801e-18       1.229502976303e-17 
 1750       5.300701198013e-11       1.235304069741e-12      -2.906577474338e-12       8.277603279197e-15       6.381942217945e-16       9.628470274548e-18       1.199759539402e-17 
 1751       5.295822287867e-11       1.226999863945e-12      -2.873929379809e-12       8.271334154514e-15       6.367260180777e-16       9.800585382795e-18       1.170057685302e-17 
 1752       5.290737006167e-11       1.218887589196e-12      -2.841089055950e-12       8.265033545424e-15       6.352619850282e-16       9.975745078338e-18       1.140399749266e-17 
 1753       5.285445430237e-11       1.210968083751e-12      -2.808070855732e-12       8.258701020669e-15       6.338021093784e-16       1.015416831810e-17       1.110788076182e-17 
 1754       5.279947640018e-11       1.203242187277e-12      -2.774889199258e-12       8.252336147175e-15       6.323463777169e-16       1.033607502552e-17       1.081225020581e-17 
 1755       5.274243718075e-11       1.195710740855e-12      -2.741558573866e-12       8.245938490048e-15       6.308947764882e-16       1.052168609186e-17       1.051712946647e-17 
 1756       5.268333749595e-11       1.188374586978e-12      -2.708093534216e-12       8.239507612574e-15       6.294472919925e-16       1.071122337764e-17       1.022254228230e-17 
 1757       5.262217822401e-11       1.181234569555e-12      -2.674508702397e-12       8.233043076213e-15       6.280039103856e-16       1.090490971393e-17       9.928512488629e-18 
 1758       5.255896026950e-11       1.174291533909e-12      -2.640818768015e-12       8.226544440600e-15       6.265646176783e-16       1.110296890377e-17       9.635064017691e-18 
 1759       5.249368456340e-11       1.167546326777e-12      -2.607038488291e-12       8.220011263539e-15       6.251293997364e-16       1.130562572350e-17       9.342220898798e-18 
 1760       5.242635206316e-11       1.160999796317e-12      -2.573182688162e-12       8.213443101002e-15       6.236982422806e-16       1.151310592412e-17       9.050007258454e-18 
 1761       5.235696375273e-11       1.154652792101e-12      -2.539266260371e-12       8.206839507128e-15       6.222711308858e-16       1.172563623270e-17       8.758447320489e-18 
 1762       5.228552064260e-11       1.148506165120e-12      -2.505304165567e-12       8.200200034217e-15       6.208480509811e-16       1.194344435366e-17       8.467565406190e-18 
 1763       5.221202376987e-11       1.142560767785e-12      -2.471311432401e-12       8.193524232730e-15       6.194289878497e-16       1.216675897022e-17       8.177385934431e-18 
 1764       5.213647419830e-11       1.136817453926e-12      -2.437303157622e-12       8.186811651286e-15       6.180139266284e-16       1.239580974569e-17       7.887933421807e-18 
 1765       5.205887301833e-11       1.131277078796e-12      -2.403294506171e-12       8.180061836659e-15       6.166028523073e-16       1.263082732488e-17       7.599232482760e-18 
 1766       5.197922134714e-11       1.125940499066e-12      -2.369300711281e-12       8.173274333775e-15       6.151957497298e-16       1.287204333545e-17       7.311307829716e-18 
 1767       5.189752032871e-11       1.120808572833e-12      -2.335337074572e-12       8.166448685709e-15       6.137926035923e-16       1.311969038928e-17       7.024184273212e-18 
 1768       5.181377113386e-11       1.115882159614e-12      -2.301418966147e-12       8.159584433687e-15       6.123933984437e-16       1.337400208379e-17       6.737886722028e-18 
 1769       5.172797496030e-11       1.111162120354e-12      -2.267561824687e-12       8.152681117075e-15       6.109981186853e-16       1.363521300336e-17       6.452440183318e-18 
 1770       5.164013303265e-11       1.106649317419e-12      -2.233781157550e-12       8.145738273385e-15       6.096067485708e-16       1.390355872067e-17       6.167869762744e-18 
 1771       5.155024660253e-11       1.102344614604e-12      -2.200092540864e-12       8.138755438265e-15       6.082192722055e-16       1.417927579805e-17       5.884200664601e-18 
 1772       5.145831694859e-11       1.098248877127e-12      -2.166511619629e-12       8.131732145504e-15       6.068356735466e-16       1.446260178887e-17       5.601458191954e-18 
 1773       5.136434537655e-11       1.094362971637e-12      -2.133054107805e-12       8.124667927022e-15       6.054559364024e-16       1.475377523885e-17       5.319667746765e-18 
 1774       5.126833321925e-11       1.090687766210e-12      -2.099735788417e-12       8.117562312873e-15       6.040800444327e-16       1.505303568751e-17       5.038854830025e-18 
 1775       5.117028652903e-11       1.087223667227e-12      -2.066571332226e-12       8.110414948491e-15       6.027079823502e-16       1.536056001875e-17       4.759043300072e-18 
 1776       5.107023019700e-11       1.083969225836e-12      -2.033570742930e-12       8.103225947496e-15       6.013397395382e-16       1.567627093649e-17       4.480250131570e-18 
 1777       5.096819395024e-11       1.080922520003e-12      -2.000742882850e-12       8.095995541795e-15       5.999753064623e-16       1.600002691288e-17       4.202490613583e-18 
 1778       5.086420767030e-11       1.078081616577e-12      -1.968096651745e-12       8.088723964592e-15       5.986146734709e-16       1.633168569461e-17       3.925780087531e-18 
 1779       5.075830139340e-11       1.075444571274e-12      -1.935640986858e-12       8.081411450391e-15       5.972578307950e-16       1.667110430188e-17       3.650133947262e-18 
 1780       5.065050531067e-11       1.073009428660e-12      -1.903384862972e-12       8.074058234999e-15       5.959047685477e-16       1.701813902730e-17       3.375567639107e-18 
 1781       5.054084976838e-11       1.070774222132e-12      -1.871337292455e-12       8.066664555527e-15       5.945554767242e-16       1.737264543486e-17       3.102096661951e-18 
 1782       5.042936526816e-11       1.068736973903e-12      -1.839507325321e-12       8.059230650391e-15       5.932099452019e-16       1.773447835885e-17       2.829736567299e-18 
 1783       5.031608246722e-11       1.066895694986e-12      -1.807904049270e-12       8.051756759316e-15       5.918681637393e-16       1.810349190282e-17       2.558502959335e-18 
 1784       5.020103217857e-11       1.065248385175e-12      -1.776536589749e-12       8.044243123337e-15       5.905301219768e-16       1.847953943850e-17       2.288411494992e-18 
 1785       5.008424537129e-11       1.063793033030e-12      -1.745414109997e-12       8.036689984799e-15       5.891958094358e-16       1.886247360475e-17       2.019477884012e-18 
 1786       4.996575317070e-11       1.062527615860e-12      -1.714545811100e-12       8.029097587362e-15       5.878652155190e-16       1.925214630650e-17       1.751717889016e-18 
 1787       4.984558685862e-11       1.061450099704e-12      -1.683940932040e-12       8.021466176000e-15       5.865383295096e-16       1.964840871368e-17       1.485147325565e-18 
 1788       4.972377787359e-11       1.060558439317e-12      -1.653608749749e-12       8.013795997007e-15       5.852151405716e-16       2.005111126018e-17       1.219782062227e-18 
 1789       4.960035781109e-11       1.059850578152e-12      -1.623558579157e-12       8.006087297993e-15       5.838956377495e-16       2.046010364277e-17       9.556380206383e-19 
 1790       4.947535842376e-11       1.059324448344e-12      -1.593799773246e-12       7.998340327891e-15       5.825798099679e-16       2.087523482004e-17       6.927311755728e-19 
 1791       4.934881162165e-11       1.058977970692e-12      -1.564341723100e-12       7.990555336956e-15       5.812676460312e-16       2.129635301136e-17       4.310775550038e-19 
 1792       4.922074947243e-11       1.058809054641e-12      -1.535193857957e-12       7.982732576767e-15       5.799591346241e-16       2.172330569579e-17       1.706932401693e-19 
 1793       4.909120420162e-11       1.058815598270e-12      -1.506365645260e-12       7.974872300233e-15       5.786542643103e-16       2.215593961105e-17      -8.840563436260e-20 
 1794       4.896020819280e-11       1.058995488270e-12      -1.477866590707e-12       7.966974761587e-15       5.773530235334e-16       2.259410075244e-17      -3.462028806298e-19 
 1795       4.882779398787e-11       1.059346599929e-12      -1.449706238306e-12       7.959040216396e-15       5.760554006157e-16       2.303763437179e-17      -6.026822572106e-19 
 1796       4.869399428724e-11       1.059866797116e-12      -1.421894170424e-12       7.951068921557e-15       5.747613837588e-16       2.348638497639e-17      -8.578274691599e-19 
 1797       4.855884195009e-11       1.060553932266e-12      -1.394440007836e-12       7.943061135304e-15       5.734709610428e-16       2.394019632793e-17      -1.111622167943e-18 
 1798       4.842236999457e-11       1.061405846357e-12      -1.367353409780e-12       7.935017117203e-15       5.721841204266e-16       2.439891144145e-17      -1.364049951374e-18 
 1799       4.828461159803e-11       1.062420368899e-12      -1.340644074009e-12       7.926937128161e-15       5.709008497473e-16       2.486237258429e-17      -1.615094363546e-18 
 1800       4.814560009726e-11       1.063595317915e-12      -1.314321736838e-12       7.918821430425e-15       5.696211367200e-16       2.533042127498e-17      -1.864738894770e-18 
 1801       4.800536898871e-11       1.064928499925e-12      -1.288396173198e-12       7.910670287581e-15       5.683449689380e-16       2.580289828225e-17      -2.112966981510e-18 
 1802       4.786395192871e-11       1.066417709928e-12      -1.262877196688e-12       7.902483964562e-15       5.670723338720e-16       2.627964362391e-17      -2.359762006318e-18 
 1803       4.772138273371e-11       1.068060731385e-12      -1.237774659626e-12       7.894262727643e-15       5.658032188705e-16       2.676049656581e-17      -2.605107297768e-18 
 1804       4.757769538047e-11       1.069855336205e-12      -1.213098453097e-12       7.886006844450e-15       5.645376111590e-16       2.724529562082e-17      -2.848986130392e-18 
 1805       4.743292400634e-11       1.071799284725e-12      -1.188858507011e-12       7.877716583954e-15       5.632754978403e-16       2.773387854768e-17      -3.091381724615e-18 
 1806       4.728710290946e-11       1.073890325695e-12      -1.165064790148e-12       7.869392216482e-15       5.620168658940e-16       2.822608235003e-17      -3.332277246692e-18 
 1807       4.714026654896e-11       1.076126196259e-12      -1.141727310212e-12       7.861034013709e-15       5.607617021765e-16       2.872174327530e-17      -3.571655808640e-18 
 1808       4.699244954523e-11       1.078504621942e-12      -1.118856113882e-12       7.852642248669e-15       5.595099934203e-16       2.922069681367e-17      -3.809500468176e-18 
 1809       4.684368668014e-11       1.081023316630e-12      -1.096461286865e-12       7.844217195750e-15       5.582617262346e-16       2.972277769699e-17      -4.045794228651e-18 
 1810       4.669401289722e-11       1.083679982554e-12      -1.074552953944e-12       7.835759130699e-15       5.570168871044e-16       3.022781989773e-17      -4.280520038986e-18 
 1811       4.654346330195e-11       1.086472310274e-12      -1.053141279033e-12       7.827268330626e-15       5.557754623905e-16       3.073565662794e-17      -4.513660793606e-18 
 1812       4.639207316195e-11       1.089397978660e-12      -1.032236465224e-12       7.818745074000e-15       5.545374383295e-16       3.124612033816e-17      -4.745199332378e-18 
 1813       4.623987790719e-11       1.092454654880e-12      -1.011848754843e-12       7.810189640657e-15       5.533028010332e-16       3.175904271636e-17      -4.975118440542e-18 
 1814       4.608691318299e-11       1.095639864021e-12      -9.919867753654e-13       7.801602370811e-15       5.520715374406e-16       3.227428609410e-17      -5.203401902651e-18 
 1815       4.593321500875e-11       1.098950596865e-12      -9.726525624731e-13       7.792983842626e-15       5.508436381802e-16       3.279183794407e-17      -5.430037673812e-18 
 1816       4.577881962093e-11       1.102383698919e-12      -9.538464969522e-13       7.784334696083e-15       5.496190947303e-16       3.331171714270e-17      -5.655014733899e-18 
 1817       4.562376342067e-11       1.105936000460e-12      -9.355689551713e-13       7.775655574099e-15       5.483978984689e-16       3.383394263233e-17      -5.878322035845e-18 
 1818       4.546808297399e-11       1.109604316517e-12      -9.178203090730e-13       7.766947122530e-15       5.471800406739e-16       3.435853342120e-17      -6.099948505616e-18 
 1819       4.531181501206e-11       1.113385446847e-12      -9.006009261649e-13       7.758209990178e-15       5.459655125223e-16       3.488550858363e-17      -6.319883042185e-18 
 1820       4.515499643141e-11       1.117276175912e-12      -8.839111695111e-13       7.749444828793e-15       5.447543050906e-16       3.541488726003e-17      -6.538114517508e-18 
 1821       4.499766429415e-11       1.121273272862e-12      -8.677513977225e-13       7.740652293079e-15       5.435464093545e-16       3.594668865701e-17      -6.754631776493e-18 
 1822       4.483985582820e-11       1.125373491511e-12      -8.521219649485e-13       7.731833040693e-15       5.423418161884e-16       3.648093204748e-17      -6.969423636978e-18 
 1823       4.468160842755e-11       1.129573570312e-12      -8.370232208676e-13       7.722987732256e-15       5.411405163657e-16       3.701763677071e-17      -7.182478889702e-18 
 1824       4.452295965242e-11       1.133870232341e-12      -8.224555106787e-13       7.714117031352e-15       5.399425005584e-16       3.755682223242e-17      -7.393786298280e-18 
 1825       4.436394722957e-11       1.138260185275e-12      -8.084191750923e-13       7.705221604533e-15       5.387477593368e-16       3.809850790489e-17      -7.603334599176e-18 
 1826       4.420460905246e-11       1.142740121364e-12      -7.949145503210e-13       7.696302121326e-15       5.375562831695e-16       3.864271332702e-17      -7.811112501675e-18 
 1827       4.404498318153e-11       1.147306717418e-12      -7.819419680712e-13       7.687359254232e-15       5.363680624233e-16       3.918945810439e-17      -8.017108687862e-18 
 1828       4.388510784438e-11       1.151956634780e-12      -7.695017555336e-13       7.678393678734e-15       5.351830873627e-16       3.973876190940e-17      -8.221311812589e-18 
 1829       4.372502143604e-11       1.156686519306e-12      -7.575942353746e-13       7.669406073301e-15       5.340013481502e-16       4.029064448133e-17      -8.423710503455e-18 
 1830       4.356476251919e-11       1.161493001343e-12      -7.462197257273e-13       7.660397119387e-15       5.328228348457e-16       4.084512562640e-17      -8.624293360773e-18 
 1831       4.340436982434e-11       1.166372695708e-12      -7.353785401825e-13       7.651367501443e-15       5.316475374064e-16       4.140222521790e-17      -8.823048957549e-18 
 1832       4.324388225014e-11       1.171322201667e-12      -7.250709877796e-13       7.642317906914e-15       5.304754456870e-16       4.196196319624e-17      -9.019965839454e-18 
 1833       4.308333886353e-11       1.176338102912e-12      -7.152973729978e-13       7.633249026247e-15       5.293065494389e-16       4.252435956903e-17      -9.215032524798e-18 
 1834       4.292277890004e-11       1.181416967541e-12      -7.060579957474e-13       7.624161552894e-15       5.281408383108e-16       4.308943441120e-17      -9.408237504501e-18 
 1835       4.276224176395e-11       1.186555348034e-12      -6.973531513603e-13       7.615056183316e-15       5.269783018476e-16       4.365720786507e-17      -9.599569242070e-18 
 1836       4.260176702856e-11       1.191749781234e-12      -6.891831305815e-13       7.605933616986e-15       5.258189294912e-16       4.422770014041e-17      -9.789016173572e-18 
 1837       4.244139443641e-11       1.196996788324e-12      -6.815482195600e-13       7.596794556394e-15       5.246627105795e-16       4.480093151455e-17      -9.976566707607e-18 
 1838       4.228116389950e-11       1.202292874808e-12      -6.744486998398e-13       7.587639707053e-15       5.235096343467e-16       4.537692233245e-17      -1.016220922528e-17 
 1839       4.212111549954e-11       1.207634530485e-12      -6.678848483510e-13       7.578469777499e-15       5.223596899230e-16       4.595569300681e-17      -1.034593208018e-17 
 1840       4.196128948815e-11       1.213018229429e-12      -6.618569374008e-13       7.569285479297e-15       5.212128663346e-16       4.653726401812e-17      -1.052772359835e-17 
 1841       4.180172628709e-11       1.218440429972e-12      -6.563652346647e-13       7.560087527047e-15       5.200691525031e-16       4.712165591477e-17      -1.070757207825e-17 
 1842       4.164246648851e-11       1.223897574676e-12      -6.514100031775e-13       7.550876638384e-15       5.189285372457e-16       4.770888931312e-17      -1.088546579076e-17 
 1843       4.148355085517e-11       1.229386090314e-12      -6.469915013240e-13       7.541653533985e-15       5.177910092748e-16       4.829898489759e-17      -1.106139297912e-17 
 1844       4.132502032066e-11       1.234902387849e-12      -6.431099828307e-13       7.532418937573e-15       5.166565571982e-16       4.889196342075e-17      -1.123534185892e-17 
 1845       4.116691598964e-11       1.240442862413e-12      -6.397656967563e-13       7.523173575919e-15       5.155251695185e-16       4.948784570340e-17      -1.140730061809e-17 
 1846       4.100927913804e-11       1.246003893284e-12      -6.369588874830e-13       7.513918178848e-15       5.143968346330e-16       5.008665263463e-17      -1.157725741684e-17 
 1847       4.085215121333e-11       1.251581843864e-12      -6.346897947074e-13       7.504653479242e-15       5.132715408337e-16       5.068840517196e-17      -1.174520038764e-17 
 1848       4.069557383472e-11       1.257173061659e-12      -6.329586534319e-13       7.495380213044e-15       5.121492763072e-16       5.129312434138e-17      -1.191111763522e-17 
 1849       4.053958879340e-11       1.262773878257e-12      -6.317656939553e-13       7.486099119263e-15       5.110300291341e-16       5.190083123743e-17      -1.207499723653e-17 
 1850       4.038423805276e-11       1.268380609306e-12      -6.311111418641e-13       7.476810939977e-15       5.099137872893e-16       5.251154702333e-17      -1.223682724070e-17 
 1851       4.022956374860e-11       1.273989554493e-12      -6.309952180234e-13       7.467516420337e-15       5.088005386415e-16       5.312529293101e-17      -1.239659566902e-17 
 1852       4.007560818943e-11       1.279596997522e-12      -6.314181385683e-13       7.458216308573e-15       5.076902709532e-16       5.374209026124e-17      -1.255429051495e-17 
 1853       3.992241026298e-11       1.285199418070e-12      -6.323789638837e-13       7.448911335345e-15       5.065829727371e-16       5.436192235452e-17      -1.270990016687e-17 
 1854       3.976999462465e-11       1.290794129535e-12      -6.338721356251e-13       7.439602151621e-15       5.054786358322e-16       5.498462017535e-17      -1.286341468037e-17 
 1855       3.961838242415e-11       1.296378646278e-12      -6.358909123309e-13       7.430289390321e-15       5.043772528477e-16       5.560997582454e-17      -1.301482451598e-17 
 1856       3.946759489151e-11       1.301950472096e-12      -6.384285179016e-13       7.420973686919e-15       5.032788163082e-16       5.623778048510e-17      -1.316412011727e-17 
 1857       3.931765333719e-11       1.307507100203e-12      -6.414781415504e-13       7.411655679452e-15       5.021833186532e-16       5.686782442098e-17      -1.331129191077e-17 
 1858       3.916857915213e-11       1.313046013216e-12      -6.450329377541e-13       7.402336008522e-15       5.010907522375e-16       5.749989697583e-17      -1.345633030601e-17 
 1859       3.902039380790e-11       1.318564683145e-12      -6.490860262041e-13       7.393015317296e-15       5.000011093305e-16       5.813378657177e-17      -1.359922569549e-17 
 1860       3.887311885679e-11       1.324060571372e-12      -6.536304917571e-13       7.383694251514e-15       4.989143821163e-16       5.876928070813e-17      -1.373996845468e-17 
 1861       3.872677593192e-11       1.329531128644e-12      -6.586593843858e-13       7.374373459489e-15       4.978305626938e-16       5.940616596022e-17      -1.387854894198e-17 
 1862       3.858138674731e-11       1.334973795052e-12      -6.641657191303e-13       7.365053592113e-15       4.967496430762e-16       6.004422797809e-17      -1.401495749874e-17 
 1863       3.843697309802e-11       1.340386000023e-12      -6.701424760483e-13       7.355735302858e-15       4.956716151909e-16       6.068325148525e-17      -1.414918444925e-17 
 1864       3.829355686025e-11       1.345765162302e-12      -6.765826001663e-13       7.346419247778e-15       4.945964708796e-16       6.132302027747e-17      -1.428122010068e-17 
 1865       3.815115999140e-11       1.351108689939e-12      -6.834790014303e-13       7.337106085518e-15       4.935242018978e-16       6.196331722152e-17      -1.441105474313e-17 
 1866       3.800980453024e-11       1.356413980275e-12      -6.908245546569e-13       7.327796477312e-15       4.924547999150e-16       6.260392425392e-17      -1.453867864958e-17 
 1867       3.786951259695e-11       1.361678419928e-12      -6.986120994836e-13       7.318491086988e-15       4.913882565144e-16       6.324462237968e-17      -1.466408207591e-17 
 1868       3.773030639327e-11       1.366899384778e-12      -7.068344403204e-13       7.309190580970e-15       4.903245631926e-16       6.388519167112e-17      -1.478725526083e-17 
 1869       3.759220820255e-11       1.372074239954e-12      -7.154843463000e-13       7.299895628287e-15       4.892637113600e-16       6.452541126654e-17      -1.490818842594e-17 
 1870       3.745524038992e-11       1.377200339819e-12      -7.245545512290e-13       7.290606900566e-15       4.882056923398e-16       6.516505936904e-17      -1.502687177568e-17 
 1871       3.731942540234e-11       1.382275027955e-12      -7.340377535386e-13       7.281325072046e-15       4.871504973687e-16       6.580391324525e-17      -1.514329549730e-17 
 1872       3.718478576872e-11       1.387295637152e-12      -7.439266162354e-13       7.272050819576e-15       4.860981175962e-16       6.644174922410e-17      -1.525744976090e-17 
 1873       3.705134410003e-11       1.392259489390e-12      -7.542137668526e-13       7.262784822615e-15       4.850485440847e-16       6.707834269555e-17      -1.536932471939e-17 
 1874       3.691912308937e-11       1.397163895827e-12      -7.648917974003e-13       7.253527763245e-15       4.840017678093e-16       6.771346810937e-17      -1.547891050845e-17 
 1875       3.678814551213e-11       1.402006156784e-12      -7.759532643166e-13       7.244280326163e-15       4.829577796577e-16       6.834689897390e-17      -1.558619724658e-17 
 1876       3.665843422605e-11       1.406783561734e-12      -7.873906884188e-13       7.235043198695e-15       4.819165704300e-16       6.897840785478e-17      -1.569117503504e-17 
 1877       3.653001217131e-11       1.411493389282e-12      -7.991965548537e-13       7.225817070789e-15       4.808781308385e-16       6.960776637372e-17      -1.579383395785e-17 
 1878       3.640290237070e-11       1.416132907156e-12      -8.113633130485e-13       7.216602635027e-15       4.798424515077e-16       7.023474520727e-17      -1.589416408180e-17 
 1879       3.627712792962e-11       1.420699372189e-12      -8.238833766620e-13       7.207400586624e-15       4.788095229740e-16       7.085911408557e-17      -1.599215545639e-17 
 1880       3.615271203630e-11       1.425190030308e-12      -8.367491235353e-13       7.198211623432e-15       4.777793356859e-16       7.148064179107e-17      -1.608779811389e-17 
 1881       3.602967796180e-11       1.429602116518e-12      -8.499528956425e-13       7.189036445942e-15       4.767518800033e-16       7.209909615735e-17      -1.618108206926e-17 
 1882       3.590804906018e-11       1.433932854890e-12      -8.634869990416e-13       7.179875757291e-15       4.757271461978e-16       7.271424406781e-17      -1.627199732018e-17 
 1883       3.578784876856e-11       1.438179458544e-12      -8.773437038255e-13       7.170730263261e-15       4.747051244524e-16       7.332585145449e-17      -1.636053384700e-17 
 1884       3.566910060726e-11       1.442339129634e-12      -8.915152440727e-13       7.161600672286e-15       4.736858048613e-16       7.393368329676e-17      -1.644668161280e-17 
 1885       3.555182817986e-11       1.446409059341e-12      -9.059938177981e-13       7.152487695451e-15       4.726691774299e-16       7.453750362013e-17      -1.653043056328e-17 
 1886       3.543605517335e-11       1.450386427848e-12      -9.207715869041e-13       7.143392046501e-15       4.716552320746e-16       7.513707549500e-17      -1.661177062683e-17 
 1887       3.532180535820e-11       1.454268404336e-12      -9.358406771310e-13       7.134314441840e-15       4.706439586226e-16       7.573216103538e-17      -1.669069171448e-17 
 1888       3.520910258847e-11       1.458052146964e-12      -9.511931780084e-13       7.125255600535e-15       4.696353468118e-16       7.632252139767e-17      -1.676718371991e-17 
 1889       3.509797080191e-11       1.461734802857e-12      -9.668211428055e-13       7.116216244319e-15       4.686293862906e-16       7.690791677942e-17      -1.684123651941e-17 
 1890       3.498843402007e-11       1.465313508088e-12      -9.827165884825e-13       7.107197097598e-15       4.676260666180e-16       7.748810641808e-17      -1.691283997189e-17 
 1891       3.488051634840e-11       1.468785387672e-12      -9.988714956409e-13       7.098198887449e-15       4.666253772629e-16       7.806284858976e-17      -1.698198391885e-17 
 1892       3.477423744838e-11       1.472147935697e-12      -1.015277681100e-12       7.089222269844e-15       4.656273083266e-16       7.863194965808e-17      -1.704866010864e-17 
 1893       3.466959891538e-11       1.475400158985e-12      -1.031926414647e-12       7.080267607675e-15       4.646318527131e-16       7.919541163803e-17      -1.711286798539e-17 
 1894       3.456659779565e-11       1.478541442254e-12      -1.048808799223e-12       7.071335191018e-15       4.636390039752e-16       7.975328577105e-17      -1.717460894482e-17 
 1895       3.446523110463e-11       1.481571168763e-12      -1.065915897978e-12       7.062425310760e-15       4.626487555936e-16       8.030562357898e-17      -1.723388441413e-17 
 1896       3.436549582697e-11       1.484488720315e-12      -1.083238734216e-12       7.053538258601e-15       4.616611009770e-16       8.085247686443e-17      -1.729069585200e-17 
 1897       3.426738891642e-11       1.487293477249e-12      -1.100768291341e-12       7.044674327052e-15       4.606760334617e-16       8.139389771120e-17      -1.734504474872e-17 
 1898       3.417090729582e-11       1.489984818446e-12      -1.118495512804e-12       7.035833809441e-15       4.596935463118e-16       8.192993848466e-17      -1.739693262618e-17 
 1899       3.407604785702e-11       1.492562121321e-12      -1.136411302051e-12       7.027016999909e-15       4.587136327191e-16       8.246065183216e-17      -1.744636103794e-17 
 1900       3.398280746086e-11       1.495024761828e-12      -1.154506522466e-12       7.018224193410e-15       4.577362858025e-16       8.298609068345e-17      -1.749333156931e-17 
 1901       3.389118293710e-11       1.497372114453e-12      -1.172771997323e-12       7.009455685720e-15       4.567614986086e-16       8.350630825104e-17      -1.753784583737e-17 
 1902       3.380117108439e-11       1.499603552216e-12      -1.191198509727e-12       7.000711773427e-15       4.557892641110e-16       8.402135803062e-17      -1.757990549103e-17 
 1903       3.371276867020e-11       1.501718446666e-12      -1.209776802565e-12       6.991992753939e-15       4.548195752104e-16       8.453129380146e-17      -1.761951221109e-17 
 1904       3.362597243079e-11       1.503716167885e-12      -1.228497578449e-12       6.983298925485e-15       4.538524247344e-16       8.503616962681e-17      -1.765666771030e-17 
 1905       3.354077907114e-11       1.505596084482e-12      -1.247351499665e-12       6.974630587109e-15       4.528878054376e-16       8.553603985430e-17      -1.769137373340e-17 
 1906       3.345718526491e-11       1.507357563594e-12      -1.266329188119e-12       6.965988038681e-15       4.519257100013e-16       8.603095911633e-17      -1.772363205716e-17 
 1907       3.337518765441e-11       1.508999970883e-12      -1.285421225284e-12       6.957371580887e-15       4.509661310332e-16       8.652098233049e-17      -1.775344449046e-17 
 1908       3.329478285053e-11       1.510522670536e-12      -1.304618152144e-12       6.948781515240e-15       4.500090610678e-16       8.700616469992e-17      -1.778081287435e-17 
 1909       3.321596743269e-11       1.511925025261e-12      -1.323910469144e-12       6.940218144073e-15       4.490544925656e-16       8.748656171377e-17      -1.780573908205e-17 
 1910       3.313873794878e-11       1.513206396291e-12      -1.343288636136e-12       6.931681770543e-15       4.481024179138e-16       8.796222914754e-17      -1.782822501906e-17 
 1911       3.306309091517e-11       1.514366143376e-12      -1.362743072322e-12       6.923172698634e-15       4.471528294254e-16       8.843322306350e-17      -1.784827262319e-17 
 1912       3.298902281657e-11       1.515403624787e-12      -1.382264156207e-12       6.914691233154e-15       4.462057193395e-16       8.889959981112e-17      -1.786588386460e-17 
 1913       3.291653010606e-11       1.516318197310e-12      -1.401842225538e-12       6.906237679738e-15       4.452610798210e-16       8.936141602743e-17      -1.788106074589e-17 
 1914       3.284560920501e-11       1.517109216248e-12      -1.421467577257e-12       6.897812344846e-15       4.443189029607e-16       8.981872863742e-17      -1.789380530211e-17 
 1915       3.277625650300e-11       1.517776035418e-12      -1.441130467444e-12       6.889415535770e-15       4.433791807751e-16       9.027159485447e-17      -1.790411960083e-17 
 1916       3.270846835784e-11       1.518318007152e-12      -1.460821111265e-12       6.881047560627e-15       4.424419052060e-16       9.072007218073e-17      -1.791200574220e-17 
 1917       3.264224109547e-11       1.518734482290e-12      -1.480529682919e-12       6.872708728367e-15       4.415070681209e-16       9.116421840752e-17      -1.791746585902e-17 
 1918       3.257757100990e-11       1.519024810186e-12      -1.500246315581e-12       6.864399348769e-15       4.405746613124e-16       9.160409161573e-17      -1.792050211673e-17 
 1919       3.251445436321e-11       1.519188338700e-12      -1.519961101355e-12       6.856119732443e-15       4.396446764983e-16       9.203975017622e-17      -1.792111671354e-17 
 1920       3.245288738548e-11       1.519224414201e-12      -1.539664091215e-12       6.847870190833e-15       4.387171053215e-16       9.247125275021e-17      -1.791931188042e-17 
 1921       3.239286627471e-11       1.519132381563e-12      -1.559345294952e-12       6.839651036215e-15       4.377919393498e-16       9.289865828972e-17      -1.791508988120e-17 
 1922       3.233438719682e-11       1.518911584164e-12      -1.578994681125e-12       6.831462581697e-15       4.368691700759e-16       9.332202603791e-17      -1.790845301259e-17 
 1923       3.227744628557e-11       1.518561363886e-12      -1.598602177003e-12       6.823305141226e-15       4.359487889171e-16       9.374141552953e-17      -1.789940360426e-17 
 1924       3.222203964250e-11       1.518081061114e-12      -1.618157668514e-12       6.815179029582e-15       4.350307872153e-16       9.415688659127e-17      -1.788794401885e-17 
 1925       3.216816333694e-11       1.517470014731e-12      -1.637651000190e-12       6.807084562381e-15       4.341151562369e-16       9.456849934222e-17      -1.787407665208e-17 
 1926       3.211581340590e-11       1.516727562120e-12      -1.657071975114e-12       6.799022056079e-15       4.332018871726e-16       9.497631419422e-17      -1.785780393276e-17 
 1927       3.206498585402e-11       1.515853039162e-12      -1.676410354870e-12       6.790991827966e-15       4.322909711374e-16       9.538039185228e-17      -1.783912832287e-17 
 1928       3.201567665357e-11       1.514845780231e-12      -1.695655859482e-12       6.782994196174e-15       4.313823991702e-16       9.578079331498e-17      -1.781805231758e-17 
 1929       3.196788174437e-11       1.513705118200e-12      -1.714798167368e-12       6.775029479675e-15       4.304761622342e-16       9.617757987486e-17      -1.779457844533e-17 
 1930       3.192159703374e-11       1.512430384433e-12      -1.733826915284e-12       6.767097998280e-15       4.295722512161e-16       9.657081311883e-17      -1.776870926789e-17 
 1931       3.187681558866e-11       1.511021225267e-12      -1.752732468761e-12       6.759199996405e-15       4.286706575404e-16       9.696052311494e-17      -1.774044829735e-17 
 1932       3.183351918911e-11       1.509478554086e-12      -1.771508239911e-12       6.751335413722e-15       4.277713750147e-16       9.734661270828e-17      -1.770980275475e-17 
 1933       3.179168671062e-11       1.507803606457e-12      -1.790148387087e-12       6.743504112773e-15       4.268743979979e-16       9.772895250051e-17      -1.767678083246e-17 
 1934       3.175129692610e-11       1.505997624319e-12      -1.808647045948e-12       6.735705955043e-15       4.259797207875e-16       9.810741259701e-17      -1.764139077922e-17 
 1935       3.171232850570e-11       1.504061855988e-12      -1.826998329440e-12       6.727940800962e-15       4.250873376197e-16       9.848186260626e-17      -1.760364090021e-17 
 1936       3.167476001669e-11       1.501997556165e-12      -1.845196327762e-12       6.720208509902e-15       4.241972426691e-16       9.885217163921e-17      -1.756353955716e-17 
 1937       3.163856992331e-11       1.499805985948e-12      -1.863235108335e-12       6.712508940175e-15       4.233094300486e-16       9.921820830866e-17      -1.752109516838e-17 
 1938       3.160373658662e-11       1.497488412837e-12      -1.881108715782e-12       6.704841949033e-15       4.224238938095e-16       9.957984072864e-17      -1.747631620889e-17 
 1939       3.157023826437e-11       1.495046110746e-12      -1.898811171891e-12       6.697207392665e-15       4.215406279411e-16       9.993693651377e-17      -1.742921121049e-17 
 1940       3.153805311087e-11       1.492480360010e-12      -1.916336475589e-12       6.689605126197e-15       4.206596263709e-16       1.002893627787e-16      -1.737978876181e-17 
 1941       3.150715917683e-11       1.489792447394e-12      -1.933678602916e-12       6.682035003685e-15       4.197808829645e-16       1.006369861373e-16      -1.732805750845e-17 
 1942       3.147753440923e-11       1.486983666101e-12      -1.950831506992e-12       6.674496878123e-15       4.189043915250e-16       1.009796727024e-16      -1.727402615301e-17 
 1943       3.144915665120e-11       1.484055315784e-12      -1.967789117992e-12       6.666990601433e-15       4.180301457937e-16       1.013172880847e-16      -1.721770345521e-17 
 1944       3.142200364185e-11       1.481008702550e-12      -1.984545343114e-12       6.659516024466e-15       4.171581394491e-16       1.016496973925e-16      -1.715909823194e-17 
 1945       3.139605301612e-11       1.477845138973e-12      -2.001094066556e-12       6.652072997001e-15       4.162883661078e-16       1.019767652309e-16      -1.709821935737e-17 
 1946       3.137128230471e-11       1.474565944100e-12      -2.017429149480e-12       6.644661367745e-15       4.154208193235e-16       1.022983557014e-16      -1.703507576302e-17 
 1947       3.134766893386e-11       1.471172443462e-12      -2.033544429987e-12       6.637280984327e-15       4.145554925875e-16       1.026143324009e-16      -1.696967643784e-17 
 1948       3.132519022526e-11       1.467665969079e-12      -2.049433723092e-12       6.629931693300e-15       4.136923793280e-16       1.029245584214e-16      -1.690203042831e-17 
 1949       3.130382339589e-11       1.464047859473e-12      -2.065090820687e-12       6.622613340138e-15       4.128314729109e-16       1.032288963493e-16      -1.683214683848e-17 
 1950       3.128354555787e-11       1.460319459676e-12      -2.080509491521e-12       6.615325769235e-15       4.119727666389e-16       1.035272082646e-16      -1.676003483011e-17 
 1951       3.126433371838e-11       1.456482121235e-12      -2.095683481164e-12       6.608068823902e-15       4.111162537515e-16       1.038193557406e-16      -1.668570362270e-17 
 1952       3.124616477943e-11       1.452537202227e-12      -2.110606511985e-12       6.600842346368e-15       4.102619274255e-16       1.041051998428e-16      -1.660916249362e-17 
 1953       3.122901553780e-11       1.448486067261e-12      -2.125272283118e-12       6.593646177775e-15       4.094097807740e-16       1.043846011290e-16      -1.653042077815e-17 
 1954       3.121286268485e-11       1.444330087493e-12      -2.139674470436e-12       6.586480158180e-15       4.085598068473e-16       1.046574196479e-16      -1.644948786959e-17 
 1955       3.119768280641e-11       1.440070640630e-12      -2.153806726522e-12       6.579344126550e-15       4.077119986319e-16       1.049235149390e-16      -1.636637321932e-17 
 1956       3.118345238261e-11       1.435709110940e-12      -2.167662680641e-12       6.572237920762e-15       4.068663490508e-16       1.051827460316e-16      -1.628108633690e-17 
 1957       3.117014778780e-11       1.431246889265e-12      -2.181235938709e-12       6.565161377603e-15       4.060228509636e-16       1.054349714446e-16      -1.619363679017e-17 
 1958       3.115774529032e-11       1.426685373021e-12      -2.194520083267e-12       6.558114332764e-15       4.051814971659e-16       1.056800491855e-16      -1.610403420527e-17 
 1959       3.114622105245e-11       1.422025966217e-12      -2.207508673451e-12       6.551096620845e-15       4.043422803898e-16       1.059178367501e-16      -1.601228826680e-17 
 1960       3.113555113022e-11       1.417270079454e-12      -2.220195244964e-12       6.544108075345e-15       4.035051933032e-16       1.061481911214e-16      -1.591840871784e-17 
 1961       3.112571147328e-11       1.412419129943e-12      -2.232573310047e-12       6.537148528667e-15       4.026702285102e-16       1.063709687697e-16      -1.582240536007e-17 
 1962       3.111667792476e-11       1.407474541505e-12      -2.244636357450e-12       6.530217812116e-15       4.018373785505e-16       1.065860256511e-16      -1.572428805384e-17 
 1963       3.110842622114e-11       1.402437744588e-12      -2.256377852403e-12       6.523315755892e-15       4.010066358999e-16       1.067932172076e-16      -1.562406671824e-17 
 1964       3.110093199210e-11       1.397310176268e-12      -2.267791236590e-12       6.516442189094e-15       4.001779929696e-16       1.069923983663e-16      -1.552175133121e-17 
 1965       3.109417076039e-11       1.392093280263e-12      -2.278869928118e-12       6.509596939718e-15       3.993514421067e-16       1.071834235384e-16      -1.541735192959e-17 
 1966       3.108811794168e-11       1.386788506942e-12      -2.289607321487e-12       6.502779834650e-15       3.985269755935e-16       1.073661466191e-16      -1.531087860923e-17 
 1967       3.108274884442e-11       1.381397313330e-12      -2.299996787566e-12       6.495990699671e-15       3.977045856479e-16       1.075404209865e-16      -1.520234152507e-17 
 1968       3.107803866973e-11       1.375921163120e-12      -2.310031673559e-12       6.489229359452e-15       3.968842644228e-16       1.077060995015e-16      -1.509175089119e-17 
 1969       3.107396251122e-11       1.370361526678e-12      -2.319705302981e-12       6.482495637552e-15       3.960660040067e-16       1.078630345067e-16      -1.497911698095e-17 
 1970       3.107049546576e-11       1.364719980075e-12      -2.329012061441e-12       6.475789319209e-15       3.952497969691e-16       1.080111264193e-16      -1.486446445679e-17 
 1971       3.106761296698e-11       1.358998502943e-12      -2.337950662878e-12       6.469110039402e-15       3.944356380053e-16       1.081504699055e-16      -1.474787547614e-17 
 1972       3.106529045399e-11       1.353199182849e-12      -2.346520907537e-12       6.462457393953e-15       3.936235223038e-16       1.082812087906e-16      -1.462944690596e-17 
 1973       3.106350326054e-11       1.347324116486e-12      -2.354722598359e-12       6.455830976659e-15       3.928134450013e-16       1.084034875655e-16      -1.450927602254e-17 
 1974       3.106222661489e-11       1.341375409684e-12      -2.362555540990e-12       6.449230379288e-15       3.920054011825e-16       1.085174513876e-16      -1.438746051207e-17 
 1975       3.106143563971e-11       1.335355177429e-12      -2.370019543781e-12       6.442655191576e-15       3.911993858801e-16       1.086232460815e-16      -1.426409847113e-17 
 1976       3.106110535191e-11       1.329265543866e-12      -2.377114417797e-12       6.436105001226e-15       3.903953940748e-16       1.087210181398e-16      -1.413928840722e-17 
 1977       3.106121066251e-11       1.323108642317e-12      -2.383839976821e-12       6.429579393904e-15       3.895934206949e-16       1.088109147242e-16      -1.401312923929e-17 
 1978       3.106172637650e-11       1.316886615288e-12      -2.390196037357e-12       6.423077953235e-15       3.887934606165e-16       1.088930836663e-16      -1.388572029827e-17 
 1979       3.106262719273e-11       1.310601614488e-12      -2.396182418636e-12       6.416600260803e-15       3.879955086634e-16       1.089676734684e-16      -1.375716132757e-17 
 1980       3.106388770372e-11       1.304255800831e-12      -2.401798942623e-12       6.410145896148e-15       3.871995596068e-16       1.090348333046e-16      -1.362755248367e-17 
 1981       3.106548239560e-11       1.297851344457e-12      -2.407045434019e-12       6.403714436759e-15       3.864056081655e-16       1.090947130214e-16      -1.349699433654e-17 
 1982       3.106738564791e-11       1.291390424739e-12      -2.411921720267e-12       6.397305458077e-15       3.856136490055e-16       1.091474631387e-16      -1.336558787028e-17 
 1983       3.106957173349e-11       1.284875230295e-12      -2.416427631557e-12       6.390918533488e-15       3.848236767404e-16       1.091932348507e-16      -1.323343448357e-17 
 1984       3.107201481834e-11       1.278307959000e-12      -2.420563000831e-12       6.384553234323e-15       3.840356859307e-16       1.092321800267e-16      -1.310063599020e-17 
 1985       3.107468896148e-11       1.271690818000e-12      -2.424327663788e-12       6.378209129853e-15       3.832496710842e-16       1.092644512121e-16      -1.296729461963e-17 
 1986       3.107756811483e-11       1.265026023722e-12      -2.427721458887e-12       6.371885787288e-15       3.824656266558e-16       1.092902016292e-16      -1.283351301749e-17 
 1987       3.108062612306e-11       1.258315801886e-12      -2.430744227356e-12       6.365582771772e-15       3.816835470473e-16       1.093095851780e-16      -1.269939424613e-17 
 1988       3.108383672345e-11       1.251562387515e-12      -2.433395813194e-12       6.359299646385e-15       3.809034266072e-16       1.093227564375e-16      -1.256504178510e-17 
 1989       3.108717354576e-11       1.244768024952e-12      -2.435676063175e-12       6.353035972134e-15       3.801252596312e-16       1.093298706657e-16      -1.243055953171e-17 
 1990       3.109061011211e-11       1.237934967866e-12      -2.437584826856e-12       6.346791307955e-15       3.793490403614e-16       1.093310838015e-16      -1.229605180157e-17 
 1991       3.109411983681e-11       1.231065479267e-12      -2.439121956580e-12       6.340565210706e-15       3.785747629866e-16       1.093265524648e-16      -1.216162332906e-17 
 1992       3.109767602625e-11       1.224161831518e-12      -2.440287307479e-12       6.334357235169e-15       3.778024216424e-16       1.093164339580e-16      -1.202737926791e-17 
 1993       3.110125187876e-11       1.217226306344e-12      -2.441080737485e-12       6.328166934045e-15       3.770320104104e-16       1.093008862661e-16      -1.189342519170e-17 
 1994       3.110482048448e-11       1.210261194849e-12      -2.441502107328e-12       6.321993857949e-15       3.762635233191e-16       1.092800680584e-16      -1.175986709438e-17 
 1995       3.110835482519e-11       1.203268797522e-12      -2.441551280546e-12       6.315837555412e-15       3.754969543430e-16       1.092541386890e-16      -1.162681139081e-17 
 1996       3.111182777422e-11       1.196251424253e-12      -2.441228123485e-12       6.309697572874e-15       3.747322974029e-16       1.092232581975e-16      -1.149436491729e-17 
 1997       3.111521209628e-11       1.189211394341e-12      -2.440532505310e-12       6.303573454683e-15       3.739695463657e-16       1.091875873101e-16      -1.136263493205e-17 
 1998       3.111848044735e-11       1.182151036512e-12      -2.439464298006e-12       6.297464743093e-15       3.732086950444e-16       1.091472874406e-16      -1.123172911583e-17 
 1999       3.112160537451e-11       1.175072688923e-12      -2.438023376381e-12       6.291370978259e-15       3.724497371981e-16       1.091025206911e-16      -1.110175557235e-17 
 2000       3.112455931585e-11       1.167978699180e-12      -2.436209618077e-12       6.285291698237e-15       3.716926665315e-16       1.090534498527e-16      -1.097282282887e-17 
 2001       3.112731460030e-11       1.160871424348e-12      -2.434022903569e-12       6.279226438978e-15       3.709374766954e-16       1.090002384068e-16      -1.084503983671e-17 
 2002       3.112984344749e-11       1.153753230961e-12      -2.431463116175e-12       6.273174734329e-15       3.701841612863e-16       1.089430505257e-16      -1.071851597176e-17 
 2003       3.113211796765e-11       1.146626495036e-12      -2.428530142055e-12       6.267136116027e-15       3.694327138461e-16       1.088820510734e-16      -1.059336103503e-17 
 2004       3.113411016143e-11       1.139493602084e-12      -2.425223870222e-12       6.261110113699e-15       3.686831278625e-16       1.088174056069e-16      -1.046968525315e-17 
 2005       3.113579191979e-11       1.132356947122e-12      -2.421544192543e-12       6.255096254854e-15       3.679353967687e-16       1.087492803765e-16      -1.034759927892e-17 
 2006       3.113713502387e-11       1.125218934684e-12      -2.417491003745e-12       6.249094064889e-15       3.671895139431e-16       1.086778423272e-16      -1.022721419179e-17 
 2007       3.113811114483e-11       1.118081978835e-12      -2.413064201420e-12       6.243103067077e-15       3.664454727095e-16       1.086032590991e-16      -1.010864149847e-17 
 2008       3.113869184374e-11       1.110948503180e-12      -2.408263686031e-12       6.237122782572e-15       3.657032663371e-16       1.085256990288e-16      -9.991993133350e-18 
 2009       3.113885100029e-11       1.103820812089e-12      -2.403090132345e-12       6.231152744191e-15       3.649628885182e-16       1.084452693558e-16      -9.877343999511e-18 
 2010       3.113857211862e-11       1.096700703313e-12      -2.397547309879e-12       6.225192537895e-15       3.642243348070e-16       1.083618303490e-16      -9.764619292067e-18 
 2011       3.113784107444e-11       1.089589852570e-12      -2.391639779374e-12       6.219241761610e-15       3.634876011912e-16       1.082751798278e-16      -9.653706354923e-18 
 2012       3.113664369098e-11       1.082489942082e-12      -2.385372122922e-12       6.213300011457e-15       3.627526836149e-16       1.081851148326e-16      -9.544492065255e-18 
 2013       3.113496573885e-11       1.075402660586e-12      -2.378748943995e-12       6.207366881750e-15       3.620195779785e-16       1.080914316234e-16      -9.436862832924e-18 
 2014       3.113279293605e-11       1.068329703344e-12      -2.371774867476e-12       6.201441964996e-15       3.612882801387e-16       1.079939256791e-16      -9.330704599887e-18 
 2015       3.113011094787e-11       1.061272772143e-12      -2.364454539684e-12       6.195524851892e-15       3.605587859081e-16       1.078923916964e-16      -9.225902839611e-18 
 2016       3.112690538682e-11       1.054233575313e-12      -2.356792628402e-12       6.189615131320e-15       3.598310910557e-16       1.077866235891e-16      -9.122342556480e-18 
 2017       3.112316181257e-11       1.047213827728e-12      -2.348793822904e-12       6.183712390348e-15       3.591051913062e-16       1.076764144867e-16      -9.019908285214e-18 
 2018       3.111886573193e-11       1.040215250815e-12      -2.340462833987e-12       6.177816214227e-15       3.583810823404e-16       1.075615567340e-16      -8.918484090276e-18 
 2019       3.111400259870e-11       1.033239572566e-12      -2.331804393995e-12       6.171926186387e-15       3.576587597949e-16       1.074418418896e-16      -8.817953565287e-18 
 2020       3.110855781369e-11       1.026288527542e-12      -2.322823256846e-12       6.166041888435e-15       3.569382192623e-16       1.073170607254e-16      -8.718199832435e-18 
 2021       3.110251672461e-11       1.019363856882e-12      -2.313524198063e-12       6.160162900154e-15       3.562194562906e-16       1.071870032251e-16      -8.619105541889e-18 
 2022       3.109586462602e-11       1.012467308311e-12      -2.303912014802e-12       6.154288799500e-15       3.555024663838e-16       1.070514585840e-16      -8.520552871213e-18 
 2023       3.108858675927e-11       1.005600636150e-12      -2.293991525876e-12       6.148419162600e-15       3.547872450012e-16       1.069102152073e-16      -8.422423524775e-18 
 2024       3.108066831241e-11       9.987656013182e-13      -2.283767571786e-12       6.142553563749e-15       3.540737875578e-16       1.067630607096e-16      -8.324598733158e-18 
 2025       3.107209442017e-11       9.919639713496e-13      -2.273245014748e-12       6.136691575406e-15       3.533620894241e-16       1.066097819137e-16      -8.226959252578e-18 
 2026       3.106285016385e-11       9.851975203938e-13      -2.262428738721e-12       6.130832768195e-15       3.526521459259e-16       1.064501648498e-16      -8.129385364289e-18 
 2027       3.105292057131e-11       9.784680292273e-13      -2.251323649436e-12       6.124976710902e-15       3.519439523442e-16       1.062839947544e-16      -8.031756873999e-18 
 2028       3.104229061685e-11       9.717772852606e-13      -2.239934674420e-12       6.119122970471e-15       3.512375039156e-16       1.061110560697e-16      -7.933953111284e-18 
 2029       3.103094522117e-11       9.651270825466e-13      -2.228266763029e-12       6.113271112001e-15       3.505327958316e-16       1.059311324419e-16      -7.835852928993e-18 
 2030       3.101886925132e-11       9.585192217884e-13      -2.216324886470e-12       6.107420698747e-15       3.498298232388e-16       1.057440067210e-16      -7.737334702669e-18 
 2031       3.100604752062e-11       9.519555103470e-13      -2.204114037837e-12       6.101571292115e-15       3.491285812391e-16       1.055494609596e-16      -7.638276329952e-18 
 2032       3.099246478860e-11       9.454377622500e-13      -2.191639232128e-12       6.095722451660e-15       3.484290648891e-16       1.053472764117e-16      -7.538555230001e-18 
 2033       3.097810576093e-11       9.389677981988e-13      -2.178905506284e-12       6.089873735085e-15       3.477312692006e-16       1.051372335321e-16      -7.438048342896e-18 
 2034       3.096295508938e-11       9.325474455774e-13      -2.165917919208e-12       6.084024698236e-15       3.470351891399e-16       1.049191119751e-16      -7.336632129058e-18 
 2035       3.094699737170e-11       9.261785384596e-13      -2.152681551799e-12       6.078174895103e-15       3.463408196284e-16       1.046926905938e-16      -7.234182568656e-18 
 2036       3.093021715165e-11       9.198629176176e-13      -2.139201506976e-12       6.072323877815e-15       3.456481555420e-16       1.044577474391e-16      -7.130575161021e-18 
 2037       3.091259891883e-11       9.136024305297e-13      -2.125482909708e-12       6.066471196638e-15       3.449571917114e-16       1.042140597586e-16      -7.025684924060e-18 
 2038       3.089412710869e-11       9.073989313885e-13      -2.111530907039e-12       6.060616399975e-15       3.442679229216e-16       1.039614039958e-16      -6.919386393665e-18 
 2039       3.087478610245e-11       9.012542811086e-13      -2.097350668120e-12       6.054759034360e-15       3.435803439124e-16       1.036995557891e-16      -6.811553623125e-18 
 2040       3.085456022701e-11       8.951703473349e-13      -2.082947384235e-12       6.048898644458e-15       3.428944493779e-16       1.034282899707e-16      -6.702060182541e-18 
 2041       3.083343375493e-11       8.891490044505e-13      -2.068326268826e-12       6.043034773064e-15       3.422102339666e-16       1.031473805659e-16      -6.590779158235e-18 
 2042       3.081139090431e-11       8.831921335845e-13      -2.053492557525e-12       6.037166961096e-15       3.415276922813e-16       1.028566007919e-16      -6.477583152165e-18 
 2043       3.078841583879e-11       8.773016226204e-13      -2.038451508181e-12       6.031294747596e-15       3.408468188789e-16       1.025557230571e-16      -6.362344281335e-18 
 2044       3.076449266743e-11       8.714793662038e-13      -2.023208400886e-12       6.025417669729e-15       3.401676082706e-16       1.022445189598e-16      -6.244934177206e-18 
 2045       3.073960544469e-11       8.657272657502e-13      -2.007768538003e-12       6.019535262778e-15       3.394900549217e-16       1.019227592875e-16      -6.125223985111e-18 
 2046       3.071373817033e-11       8.600472294537e-13      -1.992137244197e-12       6.013647060140e-15       3.388141532514e-16       1.015902140159e-16      -6.003084363666e-18 
 2047       3.068687478937e-11       8.544411722942e-13      -1.976319866459e-12       6.007752593329e-15       3.381398976330e-16       1.012466523079e-16      -5.878385484181e-18 
 2048       3.065900220303e-11       8.489107700489e-13      -1.960321875710e-12       6.001851439981e-15       3.374672827003e-16       1.008919452954e-16      -5.751039056701e-18 
 2049       3.063011932518e-11       8.434567193872e-13      -1.944149172349e-12       5.995943368264e-15       3.367963042700e-16       1.005263752292e-16      -5.621124737628e-18 
 2050       3.060022809050e-11       8.380794725030e-13      -1.927807782943e-12       5.990028193497e-15       3.361269584258e-16       1.001503285370e-16      -5.488764624378e-18 
 2051       3.056933044935e-11       8.327794826334e-13      -1.911303758884e-12       5.984105730230e-15       3.354592412124e-16       9.976419324260e-17      -5.354081311395e-18 
 2052       3.053742836782e-11       8.275572040588e-13      -1.894643176416e-12       5.978175792245e-15       3.347931486351e-16       9.936835896854e-17      -5.217197890758e-18 
 2053       3.050452382769e-11       8.224130921047e-13      -1.877832136670e-12       5.972238192553e-15       3.341286766603e-16       9.896321693764e-17      -5.078237952800e-18 
 2054       3.047061882655e-11       8.173476031418e-13      -1.860876765694e-12       5.966292743393e-15       3.334658212147e-16       9.854915997515e-17      -4.937325586721e-18 
 2055       3.043571537772e-11       8.123611945876e-13      -1.843783214480e-12       5.960339256235e-15       3.328045781860e-16       9.812658251071e-17      -4.794585381199e-18 
 2056       3.039981551036e-11       8.074543249073e-13      -1.826557658999e-12       5.954377541772e-15       3.321449434223e-16       9.769588058035e-17      -4.650142425008e-18 
 2057       3.036292126941e-11       8.026274536145e-13      -1.809206300231e-12       5.948407409926e-15       3.314869127322e-16       9.725745182841e-17      -4.504122307629e-18 
 2058       3.032503471569e-11       7.978810412722e-13      -1.791735364194e-12       5.942428669842e-15       3.308304818848e-16       9.681169550960e-17      -4.356651119867e-18 
 2059       3.028615792588e-11       7.932155494940e-13      -1.774151101974e-12       5.936441129890e-15       3.301756466097e-16       9.635901249089e-17      -4.207855454458e-18 
 2060       3.024629299254e-11       7.886314409448e-13      -1.756459789760e-12       5.930444597661e-15       3.295224025968e-16       9.589980525360e-17      -4.057862406693e-18 
 2061       3.020544202413e-11       7.841291793420e-13      -1.738667728871e-12       5.924438879971e-15       3.288707454961e-16       9.543447789528e-17      -3.906799575023e-18 
 2062       3.016360714508e-11       7.797092294564e-13      -1.720781245789e-12       5.918423782855e-15       3.282206709181e-16       9.496343613174e-17      -3.754795061677e-18 
 2063       3.012079049574e-11       7.753720571128e-13      -1.702806692186e-12       5.912399111568e-15       3.275721744333e-16       9.448708729904e-17      -3.601977473276e-18 
 2064       3.007699423246e-11       7.711181291916e-13      -1.684750444960e-12       5.906364670586e-15       3.269252515723e-16       9.400584035544e-17      -3.448475921445e-18 
 2065       3.003222052758e-11       7.669479136292e-13      -1.666618906263e-12       5.900320263599e-15       3.262798978258e-16       9.352010588341e-17      -3.294420023430e-18 
 2066       2.998647156947e-11       7.628618794195e-13      -1.648418503531e-12       5.894265693519e-15       3.256361086446e-16       9.303029609157e-17      -3.139939902707e-18 
 2067       2.993974956254e-11       7.588604966141e-13      -1.630155689515e-12       5.888200762471e-15       3.249938794392e-16       9.253682481672e-17      -2.985166189602e-18 
 2068       2.989205672727e-11       7.549442363242e-13      -1.611836942314e-12       5.882125271794e-15       3.243532055801e-16       9.204010752579e-17      -2.830230021898e-18 
 2069       2.984339530023e-11       7.511135707208e-13      -1.593468765403e-12       5.876039022045e-15       3.237140823975e-16       9.154056131784e-17      -2.675263045456e-18 
 2070       2.979376753411e-11       7.473689730360e-13      -1.575057687667e-12       5.869941812992e-15       3.230765051815e-16       9.103860492601e-17      -2.520397414822e-18 
 2071       2.974317569771e-11       7.437109175640e-13      -1.556610263425e-12       5.863833443613e-15       3.224404691819e-16       9.053465871955e-17      -2.365765793848e-18 
 2072       2.969162207602e-11       7.401398796619e-13      -1.538133072471e-12       5.857713712102e-15       3.218059696079e-16       9.002914470573e-17      -2.211501356299e-18 
 2073       2.963910897017e-11       7.366563357507e-13      -1.519632720095e-12       5.851582415858e-15       3.211730016284e-16       8.952248653189e-17      -2.057737786471e-18 
 2074       2.958563869754e-11       7.332607633164e-13      -1.501115837120e-12       5.845439351493e-15       3.205415603720e-16       8.901510948741e-17      -1.904609279805e-18 
 2075       2.953121359169e-11       7.299536409109e-13      -1.482589079931e-12       5.839284314826e-15       3.199116409264e-16       8.850744050563e-17      -1.752250543498e-18 
 2076       2.947583600244e-11       7.267354481529e-13      -1.464059130502e-12       5.833117100882e-15       3.192832383389e-16       8.799990816591e-17      -1.600796797119e-18 
 2077       2.941950829590e-11       7.236066657286e-13      -1.445532696435e-12       5.826937503895e-15       3.186563476162e-16       8.749294269556e-17      -1.450383773225e-18 
 2078       2.936223285443e-11       7.205677753935e-13      -1.427016510983e-12       5.820745317302e-15       3.180309637240e-16       8.698697597185e-17      -1.301147717969e-18 
 2079       2.930401207674e-11       7.176192599724e-13      -1.408517333082e-12       5.814540333744e-15       3.174070815875e-16       8.648244152396e-17      -1.153225391719e-18 
 2080       2.924484837785e-11       7.147616033609e-13      -1.390041947388e-12       5.808322345067e-15       3.167846960909e-16       8.597977453499e-17      -1.006754069669e-18 
 2081       2.918474418916e-11       7.119952905263e-13      -1.371597164300e-12       5.802091142319e-15       3.161638020774e-16       8.547941184394e-17      -8.618715424569e-19 
 2082       2.912370195843e-11       7.093208075085e-13      -1.353189819993e-12       5.795846515748e-15       3.155443943495e-16       8.498179194764e-17      -7.187161167721e-19 
 2083       2.906172414982e-11       7.067386414209e-13      -1.334826776453e-12       5.789588254803e-15       3.149264676685e-16       8.448735500283e-17      -5.774266159746e-19 
 2084       2.899881324394e-11       7.042492804515e-13      -1.316514921501e-12       5.783316148134e-15       3.143100167546e-16       8.399654282803e-17      -4.381423807067e-19 
 2085       2.893497173782e-11       7.018532138638e-13      -1.298261168829e-12       5.777029983587e-15       3.136950362869e-16       8.350979890560e-17      -3.010032695075e-19 
 2086       2.887020214497e-11       6.995509319978e-13      -1.280072458029e-12       5.770729548206e-15       3.130815209032e-16       8.302756838369e-17      -1.661496594262e-19 
 2087       2.880450887831e-11       6.973427143831e-13      -1.261955267918e-12       5.764414679720e-15       3.124694655582e-16       8.255019229570e-17      -3.369413275935e-20 
 2088       2.873790391336e-11       6.952279924523e-13      -1.243914152731e-12       5.758085421390e-15       3.118588665998e-16       8.207758940370e-17       9.636368103537e-20 
 2089       2.867040116483e-11       6.932059823600e-13      -1.225953195721e-12       5.751741868247e-15       3.112497207000e-16       8.160957212750e-17       2.240525433147e-19 
 2090       2.860201460734e-11       6.912758964596e-13      -1.208076494954e-12       5.745384115700e-15       3.106420244976e-16       8.114595212355e-17       3.494013467667e-19 
 2091       2.853275827556e-11       6.894369432982e-13      -1.190288163320e-12       5.739012259538e-15       3.100357745984e-16       8.068654028409e-17       4.724391155764e-19 
 2092       2.846264626420e-11       6.876883276123e-13      -1.172592328558e-12       5.732626395932e-15       3.094309675745e-16       8.023114673619e-17       5.931950055917e-19 
 2093       2.839169272816e-11       6.860292503225e-13      -1.154993133266e-12       5.726226621432e-15       3.088275999650e-16       7.977958084080e-17       7.116983044892e-19 
 2094       2.831991188256e-11       6.844589085286e-13      -1.137494734923e-12       5.719813032972e-15       3.082256682754e-16       7.933165119184e-17       8.279784319401e-19 
 2095       2.824731800285e-11       6.829764955051e-13      -1.120101305905e-12       5.713385727864e-15       3.076251689778e-16       7.888716561527e-17       9.420649397758e-19 
 2096       2.817392542482e-11       6.815812006960e-13      -1.102817033500e-12       5.706944803805e-15       3.070260985109e-16       7.844593116813e-17       1.053987512154e-18 
 2097       2.809974854476e-11       6.802722097100e-13      -1.085646119931e-12       5.700490358875e-15       3.064284532797e-16       7.800775413765e-17       1.163775965724e-18 
 2098       2.802480181946e-11       6.790487043158e-13      -1.068592782368e-12       5.694022491536e-15       3.058322296556e-16       7.757244004027e-17       1.271460249794e-18 
 2099       2.794909976632e-11       6.779098624368e-13      -1.051661252946e-12       5.687541300632e-15       3.052374239767e-16       7.713979362074e-17       1.377070446494e-18 
 2100       2.787265696344e-11       6.768548581469e-13      -1.034855778786e-12       5.681046885395e-15       3.046440325468e-16       7.670961885120e-17       1.480636770946e-18 
 2101       2.779548804964e-11       6.758828616649e-13      -1.018180622009e-12       5.674539345437e-15       3.040520516366e-16       7.628171893020e-17       1.582189571424e-18 
 2102       2.771760772459e-11       6.749930393502e-13      -1.001640059753e-12       5.668018780759e-15       3.034614774825e-16       7.585589628182e-17       1.681759329526e-18 
 2103       2.763903074886e-11       6.741845536976e-13      -9.852383841948e-13       5.661485291743e-15       3.028723062872e-16       7.543195255469e-17       1.779376660335e-18 
 2104       2.755977194397e-11       6.734565633325e-13      -9.689799025606e-13       5.654938979161e-15       3.022845342198e-16       7.500968862110e-17       1.875072312589e-18 
 2105       2.747984619251e-11       6.728082230061e-13      -9.528689371490e-13       5.648379944168e-15       3.016981574150e-16       7.458890457605e-17       1.968877168841e-18 
 2106       2.739926843821e-11       6.722386835905e-13      -9.369098253456e-13       5.641808288307e-15       3.011131719737e-16       7.416939973630e-17       2.060822245632e-18 
 2107       2.731805368596e-11       6.717470920738e-13      -9.211069196412e-13       5.635224113507e-15       3.005295739630e-16       7.375097263947e-17       2.150938693651e-18 
 2108       2.723621700194e-11       6.713325915553e-13      -9.054645876489e-13       5.628627522087e-15       2.999473594154e-16       7.333342104309e-17       2.239257797903e-18 
 2109       2.715377351368e-11       6.709943212404e-13      -8.899872121215e-13       5.622018616751e-15       2.993665243297e-16       7.291654192367e-17       2.325810977877e-18 
 2110       2.707073841013e-11       6.707314164361e-13      -8.746791909688e-13       5.615397500592e-15       2.987870646703e-16       7.250013147578e-17       2.410629787707e-18 
 2111       2.698712694173e-11       6.705430085457e-13      -8.595449372750e-13       5.608764277092e-15       2.982089763674e-16       7.208398511108e-17       2.493745916342e-18 
 2112       2.690295442047e-11       6.704282250645e-13      -8.445888793160e-13       5.602119050124e-15       2.976322553169e-16       7.166789745744e-17       2.575191187711e-18 
 2113       2.681823622002e-11       6.703861895743e-13      -8.298154605768e-13       5.595461923948e-15       2.970568973804e-16       7.125166235797e-17       2.654997560885e-18 
 2114       2.673298777573e-11       6.704160217388e-13      -8.152291397688e-13       5.588793003215e-15       2.964828983850e-16       7.083507287011e-17       2.733197130249e-18 
 2115       2.664722458477e-11       6.705168372989e-13      -8.008343908472e-13       5.582112392967e-15       2.959102541234e-16       7.041792126467e-17       2.809822125664e-18 
 2116       2.656096220616e-11       6.706877480675e-13      -7.866357030283e-13       5.575420198637e-15       2.953389603539e-16       6.999999902494e-17       2.884904912633e-18 
 2117       2.647421626085e-11       6.709278619251e-13      -7.726375808069e-13       5.568716526048e-15       2.947690128002e-16       6.958109684571e-17       2.958477992468e-18 
 2118       2.638700243182e-11       6.712362828143e-13      -7.588445439734e-13       5.562001481417e-15       2.942004071514e-16       6.916100463239e-17       3.030574002455e-18 
 2119       2.629933646414e-11       6.716121107354e-13      -7.452611276316e-13       5.555275171351e-15       2.936331390619e-16       6.873951150001e-17       3.101225716019e-18 
 2120       2.621123416501e-11       6.720544417413e-13      -7.318918822156e-13       5.548537702852e-15       2.930672041515e-16       6.831640577237e-17       3.170466042894e-18 
 2121       2.612271140392e-11       6.725623679328e-13      -7.187413735074e-13       5.541789183312e-15       2.925025980052e-16       6.789147498103e-17       3.238328029283e-18 
 2122       2.603378411260e-11       6.731349774536e-13      -7.058141826543e-13       5.535029720520e-15       2.919393161733e-16       6.746450586444e-17       3.304844858026e-18 
 2123       2.594446828524e-11       6.737713544856e-13      -6.931149061858e-13       5.528259422657e-15       2.913773541711e-16       6.703528436697e-17       3.370049848769e-18 
 2124       2.585477997842e-11       6.744705792436e-13      -6.806481560317e-13       5.521478398298e-15       2.908167074791e-16       6.660359563798e-17       3.433976458124e-18 
 2125       2.576473531129e-11       6.752317279710e-13      -6.684185595386e-13       5.514686756415e-15       2.902573715430e-16       6.616922403092e-17       3.496658279841e-18 
 2126       2.567435046010e-11       6.760537994307e-13      -6.564300481641e-13       5.507884634285e-15       2.896993420683e-16       6.573201415833e-17       3.558129730476e-18 
 2127       2.558364164172e-11       6.769354938360e-13      -6.446837181687e-13       5.501072281436e-15       2.891426159076e-16       6.529205451843e-17       3.618428111237e-18 
 2128       2.549262513018e-11       6.778754323881e-13      -6.331799552283e-13       5.494249976280e-15       2.885871901796e-16       6.484949513107e-17       3.677591560667e-18 
 2129       2.540131726220e-11       6.788722306344e-13      -6.219191444188e-13       5.487417998258e-15       2.880330619745e-16       6.440448659716e-17       3.735658370611e-18 
 2130       2.530973443726e-11       6.799244984625e-13      -6.109016702150e-13       5.480576627840e-15       2.874802283541e-16       6.395718009945e-17       3.792666986397e-18 
 2131       2.521789311774e-11       6.810308400927e-13      -6.001279164884e-13       5.473726146526e-15       2.869286863514e-16       6.350772740313e-17       3.848656007024e-18 
 2132       2.512580982889e-11       6.821898540712e-13      -5.895982665066e-13       5.466866836848e-15       2.863784329711e-16       6.305628085658e-17       3.903664185341e-18 
 2133       2.503350115901e-11       6.834001332640e-13      -5.793131029307e-13       5.459998982369e-15       2.858294651890e-16       6.260299339205e-17       3.957730428237e-18 
 2134       2.494098375945e-11       6.846602648490e-13      -5.692728078148e-13       5.453122867686e-15       2.852817799523e-16       6.214801852630e-17       4.010893796819e-18 
 2135       2.484827434470e-11       6.859688303101e-13      -5.594777626036e-13       5.446238778433e-15       2.847353741797e-16       6.169151036136e-17       4.063193506602e-18 
 2136       2.475538969249e-11       6.873244054299e-13      -5.499283481316e-13       5.439347001277e-15       2.841902447609e-16       6.123362358516e-17       4.114668927686e-18 
 2137       2.466234664385e-11       6.887255602830e-13      -5.406249446210e-13       5.432447823924e-15       2.836463885567e-16       6.077451347224e-17       4.165359584949e-18 
 2138       2.456916210315e-11       6.901708592290e-13      -5.315679316804e-13       5.425541535119e-15       2.831038023994e-16       6.031433588444e-17       4.215305158221e-18 
 2139       2.447585303824e-11       6.916588609062e-13      -5.227576883033e-13       5.418628424645e-15       2.825624830921e-16       5.985324727160e-17       4.264545482476e-18 
 2140       2.438243648047e-11       6.931881182242e-13      -5.141945928666e-13       5.411708783326e-15       2.820224274091e-16       5.939140467221e-17       4.313120548012e-18 
 2141       2.428892952479e-11       6.947571783572e-13      -5.058790231289e-13       5.404782903029e-15       2.814836320957e-16       5.892896571414e-17       4.361070500636e-18 
 2142       2.419534932980e-11       6.963645827374e-13      -4.978113562290e-13       5.397851076663e-15       2.809460938682e-16       5.846608861530e-17       4.408435641848e-18 
 2143       2.410171311785e-11       6.980088670482e-13      -4.899919686848e-13       5.390913598182e-15       2.804098094140e-16       5.800293218435e-17       4.455256429026e-18 
 2144       2.400803817513e-11       6.996885612170e-13      -4.824212363908e-13       5.383970762585e-15       2.798747753910e-16       5.753965582136e-17       4.501573475607e-18 
 2145       2.391434185167e-11       7.014021894088e-13      -4.750995346178e-13       5.377022865917e-15       2.793409884284e-16       5.707641951852e-17       4.547427551275e-18 
 2146       2.382064156150e-11       7.031482700189e-13      -4.680272380103e-13       5.370070205273e-15       2.788084451260e-16       5.661338386083e-17       4.592859582142e-18 
 2147       2.372695478266e-11       7.049253156668e-13      -4.612047205856e-13       5.363113078795e-15       2.782771420543e-16       5.615071002678e-17       4.637910650933e-18 
 2148       2.363329905734e-11       7.067318331885e-13      -4.546323557320e-13       5.356151785676e-15       2.777470757547e-16       5.568855978903e-17       4.682621997171e-18 
 2149       2.353969199186e-11       7.085663236305e-13      -4.483105162075e-13       5.349186626160e-15       2.772182427392e-16       5.522709551511e-17       4.727035017359e-18 
 2150       2.344615125685e-11       7.104272822423e-13      -4.422395741379e-13       5.342217901543e-15       2.766906394906e-16       5.476648016810e-17       4.771191265165e-18 
 2151       2.335269458724e-11       7.123131984701e-13      -4.364199010156e-13       5.335245914175e-15       2.761642624620e-16       5.430687730734e-17       4.815132451609e-18 
 2152       2.325933978237e-11       7.142225559497e-13      -4.308518676980e-13       5.328270967463e-15       2.756391080774e-16       5.384845108908e-17       4.858900445239e-18 
 2153       2.316610470607e-11       7.161538324996e-13      -4.255358444058e-13       5.321293365866e-15       2.751151727311e-16       5.339136626720e-17       4.902537272326e-18 
 2154       2.307300728672e-11       7.181055001145e-13      -4.204722007218e-13       5.314313414904e-15       2.745924527880e-16       5.293578819390e-17       4.946085117036e-18 
 2155       2.298006551733e-11       7.200760249582e-13      -4.156613055888e-13       5.307331421154e-15       2.740709445834e-16       5.248188282034e-17       4.989586321626e-18 
 2156       2.288729745561e-11       7.220638673568e-13      -4.111035273089e-13       5.300347692251e-15       2.735506444230e-16       5.202981669739e-17       5.033083386617e-18 
 2157       2.279472122405e-11       7.240674817921e-13      -4.067992335410e-13       5.293362536893e-15       2.730315485828e-16       5.157975697629e-17       5.076618970988e-18 
 2158       2.270235500999e-11       7.260853168945e-13      -4.027487913001e-13       5.286376264838e-15       2.725136533093e-16       5.113187140933e-17       5.120235892352e-18 
 2159       2.261021706569e-11       7.281158154364e-13      -3.989525669554e-13       5.279389186910e-15       2.719969548191e-16       5.068632835056e-17       5.163977127144e-18 
 2160       2.251832570841e-11       7.301574143252e-13      -3.954109262287e-13       5.272401614994e-15       2.714814492990e-16       5.024329675646e-17       5.207885810804e-18 
 2161       2.242669932049e-11       7.322085445966e-13      -3.921242341931e-13       5.265413862042e-15       2.709671329061e-16       4.980294618663e-17       5.252005237963e-18 
 2162       2.233535634939e-11       7.342676314077e-13      -3.890928552711e-13       5.258426242073e-15       2.704540017676e-16       4.936544680448e-17       5.296378862622e-18 
 2163       2.224431530784e-11       7.363330940302e-13      -3.863171532336e-13       5.251439070173e-15       2.699420519809e-16       4.893096937792e-17       5.341050298342e-18 
 2164       2.215359477381e-11       7.384033458436e-13      -3.837974911979e-13       5.244452662497e-15       2.694312796133e-16       4.849968528007e-17       5.386063318425e-18 
 2165       2.206321190752e-11       7.404768717501e-13      -3.815337165648e-13       5.237467329966e-15       2.689216809892e-16       4.807172806722e-17       5.431451132741e-18 
 2166       2.197317799108e-11       7.425524610040e-13      -3.795236120259e-13       5.230483359307e-15       2.684132535527e-16       4.764707792765e-17       5.477204138591e-18 
 2167       2.188350285877e-11       7.446289759431e-13      -3.777644340793e-13       5.223501031886e-15       2.679059950108e-16       4.722567645288e-17       5.523301952159e-18 
 2168       2.179419637757e-11       7.467052747048e-13      -3.762534271260e-13       5.216520630003e-15       2.673999030466e-16       4.680746498913e-17       5.569724111973e-18 
 2169       2.170526844713e-11       7.487802112215e-13      -3.749878234547e-13       5.209542436892e-15       2.668949753195e-16       4.639238463704e-17       5.616450078818e-18 
 2170       2.161672899981e-11       7.508526352159e-13      -3.739648432274e-13       5.202566736724e-15       2.663912094652e-16       4.598037625134e-17       5.663459235643e-18 
 2171       2.152858800075e-11       7.529213921955e-13      -3.731816944645e-13       5.195593814606e-15       2.658886030953e-16       4.557138044058e-17       5.710730887476e-18 
 2172       2.144085544791e-11       7.549853234487e-13      -3.726355730302e-13       5.188623956583e-15       2.653871537978e-16       4.516533756684e-17       5.758244261328e-18 
 2173       2.135354137204e-11       7.570432660392e-13      -3.723236626179e-13       5.181657449638e-15       2.648868591366e-16       4.476218774541e-17       5.805978506105e-18 
 2174       2.126665583678e-11       7.590940528014e-13      -3.722431347351e-13       5.174694581695e-15       2.643877166518e-16       4.436187084450e-17       5.853912692517e-18 
 2175       2.118020893870e-11       7.611365123359e-13      -3.723911486893e-13       5.167735641617e-15       2.638897238595e-16       4.396432648498e-17       5.902025812988e-18 
 2176       2.109421080729e-11       7.631694690039e-13      -3.727648515725e-13       5.160780919211e-15       2.633928782517e-16       4.356949404003e-17       5.950296781566e-18 
 2177       2.100867160500e-11       7.651917429233e-13      -3.733613782472e-13       5.153830705225e-15       2.628971772965e-16       4.317731263489e-17       5.998704433833e-18 
 2178       2.092360152734e-11       7.672021499629e-13      -3.741778513313e-13       5.146885291352e-15       2.624026184377e-16       4.278772114655e-17       6.047227526811e-18 
 2179       2.083901080285e-11       7.691995017384e-13      -3.752113811837e-13       5.139944970230e-15       2.619091990951e-16       4.240065820343e-17       6.095844738877e-18 
 2180       2.075490969313e-11       7.711826056070e-13      -3.764590658890e-13       5.133010035440e-15       2.614169166646e-16       4.201606218514e-17       6.144534669668e-18 
 2181       2.067130849296e-11       7.731502646629e-13      -3.779179912434e-13       5.126080781514e-15       2.609257685175e-16       4.163387122211e-17       6.193275839995e-18 
 2182       2.058821753022e-11       7.751012777320e-13      -3.795852307399e-13       5.119157503930e-15       2.604357520011e-16       4.125402319539e-17       6.242046691747e-18 
 2183       2.050564716604e-11       7.770344393677e-13      -3.814578455532e-13       5.112240499113e-15       2.599468644385e-16       4.087645573625e-17       6.290825587807e-18 
 2184       2.042360779473e-11       7.789485398455e-13      -3.835328845253e-13       5.105330064442e-15       2.594591031284e-16       4.050110622597e-17       6.339590811955e-18 
 2185       2.034210984391e-11       7.808423651586e-13      -3.858073841507e-13       5.098426498244e-15       2.589724653451e-16       4.012791179550e-17       6.388320568785e-18 
 2186       2.026116377448e-11       7.827146970126e-13      -3.882783685619e-13       5.091530099798e-15       2.584869483388e-16       3.975680932519e-17       6.436992983607e-18 
 2187       2.018078008068e-11       7.845643128210e-13      -3.909428495144e-13       5.084641169337e-15       2.580025493351e-16       3.938773544445e-17       6.485586102361e-18 
 2188       2.010096929013e-11       7.863899857004e-13      -3.937978263718e-13       5.077760008047e-15       2.575192655353e-16       3.902062653152e-17       6.534077891527e-18 
 2189       2.002174196388e-11       7.881904844654e-13      -3.968402860919e-13       5.070886918071e-15       2.570370941161e-16       3.865541871312e-17       6.582446238034e-18 
 2190       1.994310869639e-11       7.899645736237e-13      -4.000672032111e-13       5.064022202505e-15       2.565560322298e-16       3.829204786418e-17       6.630668949165e-18 
 2191       1.986508011563e-11       7.917110133718e-13      -4.034755398301e-13       5.057166165405e-15       2.560760770042e-16       3.793044960756e-17       6.678723752476e-18 
 2192       1.978766688309e-11       7.934285595895e-13      -4.070622455993e-13       5.050319111783e-15       2.555972255426e-16       3.757055931371e-17       6.726588295696e-18 
 2193       1.971087969380e-11       7.951159638355e-13      -4.108242577038e-13       5.043481347610e-15       2.551194749233e-16       3.721231210041e-17       6.774240146643e-18 
 2194       1.963472927639e-11       7.967719733424e-13      -4.147585008489e-13       5.036653179819e-15       2.546428222006e-16       3.685564283247e-17       6.821656793130e-18 
 2195       1.955922639313e-11       7.983953310119e-13      -4.188618872452e-13       5.029834916301e-15       2.541672644035e-16       3.650048612142e-17       6.868815642878e-18 
 2196       1.948438183994e-11       7.999847754097e-13      -4.231313165940e-13       5.023026865913e-15       2.536927985369e-16       3.614677632523e-17       6.915694023421e-18 
 2197       1.941020644644e-11       8.015390407613e-13      -4.275636760728e-13       5.016229338472e-15       2.532194215804e-16       3.579444754803e-17       6.962269182021e-18 
 2198       1.933671107599e-11       8.030568569463e-13      -4.321558403202e-13       5.009442644759e-15       2.527471304892e-16       3.544343363976e-17       7.008518285574e-18 
 2199       1.926390662572e-11       8.045369494945e-13      -4.369046714212e-13       5.002667096524e-15       2.522759221935e-16       3.509366819592e-17       7.054418420518e-18 
 2200       1.919180402657e-11       8.059780395801e-13      -4.418070188931e-13       4.995903006477e-15       2.518057935989e-16       3.474508455730e-17       7.099946592749e-18 
 2201       1.912041424333e-11       8.073788440176e-13      -4.468597196699e-13       4.989150688302e-15       2.513367415858e-16       3.439761580959e-17       7.145079727523e-18 
 2202       1.904974827465e-11       8.087380752567e-13      -4.520595980883e-13       4.982410456645e-15       2.508687630100e-16       3.405119478320e-17       7.189794669373e-18 
 2203       1.897981715312e-11       8.100544413772e-13      -4.574034658726e-13       4.975682627125e-15       2.504018547021e-16       3.370575405286e-17       7.234068182011e-18 
 2204       1.891063006944e-11       8.113268046103e-13      -4.628880244612e-13       4.968967485370e-15       2.499360135925e-16       3.336125075978e-17       7.277872985424e-18 
 2205       1.884218873129e-11       8.125546580607e-13      -4.685095713061e-13       4.962265193910e-15       2.494712370861e-16       3.301774125854e-17       7.321165838551e-18 
 2206       1.877449296709e-11       8.137376521412e-13      -4.742642915934e-13       4.955575884670e-15       2.490075226900e-16       3.267530696539e-17       7.363899377264e-18 
 2207       1.870754259838e-11       8.148754363334e-13      -4.801483557077e-13       4.948899689872e-15       2.485448678886e-16       3.233402958122e-17       7.406026069818e-18 
 2208       1.864133743986e-11       8.159676591870e-13      -4.861579192152e-13       4.942236742036e-15       2.480832701442e-16       3.199399109190e-17       7.447498216655e-18 
 2209       1.857587729932e-11       8.170139683186e-13      -4.922891228463e-13       4.935587173982e-15       2.476227268966e-16       3.165527376856e-17       7.488267950225e-18 
 2210       1.851116197768e-11       8.180140104112e-13      -4.985380924788e-13       4.928951118826e-15       2.471632355632e-16       3.131796016792e-17       7.528287234790e-18 
 2211       1.844719126897e-11       8.189674312128e-13      -5.049009391205e-13       4.922328709984e-15       2.467047935387e-16       3.098213313264e-17       7.567507866239e-18 
 2212       1.838396496030e-11       8.198738755358e-13      -5.113737588925e-13       4.915720081173e-15       2.462473981955e-16       3.064787579157e-17       7.605881471900e-18 
 2213       1.832148283185e-11       8.207329872559e-13      -5.179526330113e-13       4.909125366406e-15       2.457910468834e-16       3.031527156016e-17       7.643359510351e-18 
 2214       1.825974465688e-11       8.215444093113e-13      -5.246336277727e-13       4.902544700000e-15       2.453357369295e-16       2.998440414070e-17       7.679893271232e-18 
 2215       1.819875020172e-11       8.223077837017e-13      -5.314127945338e-13       4.895978216567e-15       2.448814656385e-16       2.965535752265e-17       7.715433875057e-18 
 2216       1.813849922575e-11       8.230227514873e-13      -5.382861696962e-13       4.889426051022e-15       2.444282302921e-16       2.932821598300e-17       7.749932273025e-18 
 2217       1.807899148136e-11       8.236889527881e-13      -5.452497746890e-13       4.882888338581e-15       2.439760281498e-16       2.900306408656e-17       7.783339246832e-18 
 2218       1.802022671401e-11       8.243060267826e-13      -5.522996159516e-13       4.876365214758e-15       2.435248564479e-16       2.867998668625e-17       7.815605408484e-18 
 2219       1.796220466216e-11       8.248736117075e-13      -5.594316849166e-13       4.869856815372e-15       2.430747124003e-16       2.835906892348e-17       7.846681200107e-18 
 2220       1.790492505727e-11       8.253913448560e-13      -5.666419579923e-13       4.863363276538e-15       2.426255931980e-16       2.804039622841e-17       7.876516893760e-18 
 2221       1.784838762382e-11       8.258588625773e-13      -5.739263965463e-13       4.856884734677e-15       2.421774960093e-16       2.772405432031e-17       7.905062591245e-18 
 2222       1.779259207925e-11       8.262758002759e-13      -5.812809468877e-13       4.850421326508e-15       2.417304179794e-16       2.741012920785e-17       7.932268223922e-18 
 2223       1.773753813401e-11       8.266417924101e-13      -5.887015402503e-13       4.843973189056e-15       2.412843562308e-16       2.709870718942e-17       7.958083552517e-18 
 2224       1.768322549151e-11       8.269564724915e-13      -5.961840927757e-13       4.837540459643e-15       2.408393078633e-16       2.678987485346e-17       7.982458166936e-18 
 2225       1.762965384809e-11       8.272194730839e-13      -6.037245054954e-13       4.831123275899e-15       2.403952699535e-16       2.648371907879e-17       8.005341486076e-18 
 2226       1.757682289307e-11       8.274304258025e-13      -6.113186643148e-13       4.824721775752e-15       2.399522395550e-16       2.618032703489e-17       8.026682757639e-18 
 2227       1.752473230870e-11       8.275889613128e-13      -6.189624399948e-13       4.818336097435e-15       2.395102136986e-16       2.587978618225e-17       8.046431057940e-18 
 2228       1.747338177014e-11       8.276947093298e-13      -6.266516881359e-13       4.811966379485e-15       2.390691893920e-16       2.558218427266e-17       8.064535291719e-18 
 2229       1.742277094549e-11       8.277472986170e-13      -6.343822491603e-13       4.805612760740e-15       2.386291636198e-16       2.528760934956e-17       8.080944191958e-18 
 2230       1.737289949575e-11       8.277463569857e-13      -6.421499482949e-13       4.799275380344e-15       2.381901333435e-16       2.499614974834e-17       8.095606319686e-18 
 2231       1.732376707479e-11       8.276915112935e-13      -6.499505955543e-13       4.792954377744e-15       2.377520955016e-16       2.470789409666e-17       8.108470063794e-18 
 2232       1.727537332941e-11       8.275823874442e-13      -6.577799857238e-13       4.786649892690e-15       2.373150470094e-16       2.442293131476e-17       8.119483640850e-18 
 2233       1.722771789925e-11       8.274186103861e-13      -6.656338983420e-13       4.780362065239e-15       2.368789847589e-16       2.414135061580e-17       8.128595094902e-18 
 2234       1.718080041683e-11       8.271998041116e-13      -6.735080976839e-13       4.774091035750e-15       2.364439056190e-16       2.386324150614e-17       8.135752297300e-18 
 2235       1.713462050753e-11       8.269255916560e-13      -6.813983327435e-13       4.767836944888e-15       2.360098064354e-16       2.358869378569e-17       8.140902946499e-18 
 2236       1.708917778956e-11       8.265955950966e-13      -6.893003372170e-13       4.761599933623e-15       2.355766840303e-16       2.331779754824e-17       8.143994567876e-18 
 2237       1.704447187398e-11       8.262094355518e-13      -6.972098294855e-13       4.755380143232e-15       2.351445352028e-16       2.305064318173e-17       8.144974513542e-18 
 2238       1.700050236465e-11       8.257667331805e-13      -7.051225125979e-13       4.749177715296e-15       2.347133567287e-16       2.278732136860e-17       8.143789962150e-18 
 2239       1.695726885828e-11       8.252671071806e-13      -7.130340742537e-13       4.742992791701e-15       2.342831453602e-16       2.252792308611e-17       8.140387918708e-18 
 2240       1.691477094436e-11       8.247101757882e-13      -7.209401867862e-13       4.736825514642e-15       2.338538978262e-16       2.227253960665e-17       8.134715214394e-18 
 2241       1.687300820517e-11       8.240955562772e-13      -7.288365071450e-13       4.730676026617e-15       2.334256108323e-16       2.202126249804e-17       8.126718506364e-18 
 2242       1.683198021578e-11       8.234228649578e-13      -7.367186768789e-13       4.724544470434e-15       2.329982810605e-16       2.177418362388e-17       8.116344277566e-18 
 2243       1.679168531287e-11       8.226918576968e-13      -7.445826062789e-13       4.718430955746e-15       2.325719053725e-16       2.153136988236e-17       8.103557284223e-18 
 2244       1.675211689235e-11       8.219028524828e-13      -7.524253288679e-13       4.712335458431e-15       2.321464814213e-16       2.129278724185e-17       8.088396030265e-18 
 2245       1.671326708755e-11       8.210563096168e-13      -7.602441524537e-13       4.706257920561e-15       2.317220070436e-16       2.105837621012e-17       8.070917654598e-18 
 2246       1.667512799817e-11       8.201526914450e-13      -7.680363754656e-13       4.700198283797e-15       2.312984800568e-16       2.082807705056e-17       8.051179516561e-18 
 2247       1.663769169021e-11       8.191924623603e-13      -7.757992869437e-13       4.694156489388e-15       2.308758982591e-16       2.060182978185e-17       8.029239196179e-18 
 2248       1.660095019595e-11       8.181760888051e-13      -7.835301665288e-13       4.688132478175e-15       2.304542594293e-16       2.037957417773e-17       8.005154494410e-18 
 2249       1.656489551389e-11       8.171040392737e-13      -7.912262844520e-13       4.682126190588e-15       2.300335613271e-16       2.016124976665e-17       7.978983433401e-18 
 2250       1.652951960874e-11       8.159767843148e-13      -7.988849015243e-13       4.676137566642e-15       2.296138016925e-16       1.994679583155e-17       7.950784256736e-18 
 2251       1.649481441137e-11       8.147947965337e-13      -8.065032691261e-13       4.670166545944e-15       2.291949782465e-16       1.973615140953e-17       7.920615429691e-18 
 2252       1.646077181875e-11       8.135585505948e-13      -8.140786291973e-13       4.664213067685e-15       2.287770886906e-16       1.952925529160e-17       7.888535639483e-18 
 2253       1.642738369395e-11       8.122685232244e-13      -8.216082142264e-13       4.658277070644e-15       2.283601307067e-16       1.932604602236e-17       7.854603795522e-18 
 2254       1.639464186604e-11       8.109251932124e-13      -8.290892472407e-13       4.652358493187e-15       2.279441019574e-16       1.912646189975e-17       7.818879029663e-18 
 2255       1.636253813012e-11       8.095290414155e-13      -8.365189417953e-13       4.646457273263e-15       2.275290000858e-16       1.893044097474e-17       7.781420696460e-18 
 2256       1.633106424724e-11       8.080805507589e-13      -8.438945019634e-13       4.640573348409e-15       2.271148227156e-16       1.873792105104e-17       7.742288373411e-18 
 2257       1.630021194436e-11       8.065802062394e-13      -8.512131223258e-13       4.634706655744e-15       2.267015674507e-16       1.854883968487e-17       7.701541861218e-18 
 2258       1.626997291433e-11       8.050284949272e-13      -8.584719879600e-13       4.628857131973e-15       2.262892318758e-16       1.836313418459e-17       7.659241184030e-18 
 2259       1.624033881583e-11       8.034259059688e-13      -8.656682744306e-13       4.623024713383e-15       2.258778135557e-16       1.818074161050e-17       7.615446589702e-18 
 2260       1.621130127333e-11       8.017729305893e-13      -8.727991477786e-13       4.617209335844e-15       2.254673100358e-16       1.800159877449e-17       7.570218550043e-18 
 2261       1.618285187708e-11       8.000700620946e-13      -8.798617645110e-13       4.611410934808e-15       2.250577188417e-16       1.782564223980e-17       7.523617761066e-18 
 2262       1.615498218304e-11       7.983177958741e-13      -8.868532715906e-13       4.605629445310e-15       2.246490374795e-16       1.765280832070e-17       7.475705143244e-18 
 2263       1.612768371285e-11       7.965166294030e-13      -8.937708064256e-13       4.599864801966e-15       2.242412634355e-16       1.748303308225e-17       7.426541841758e-18 
 2264       1.610094795379e-11       7.946670622446e-13      -9.006114968590e-13       4.594116938971e-15       2.238343941762e-16       1.731625233995e-17       7.376189226749e-18 
 2265       1.607476635874e-11       7.927695960531e-13      -9.073724611589e-13       4.588385790102e-15       2.234284271487e-16       1.715240165954e-17       7.324708893571e-18 
 2266       1.604913034615e-11       7.908247345756e-13      -9.140508080075e-13       4.582671288714e-15       2.230233597799e-16       1.699141635663e-17       7.272162663043e-18 
 2267       1.602403129999e-11       7.888329836548e-13      -9.206436364909e-13       4.576973367742e-15       2.226191894773e-16       1.683323149648e-17       7.218612581697e-18 
 2268       1.599946056969e-11       7.867948512314e-13      -9.271480360890e-13       4.571291959699e-15       2.222159136282e-16       1.667778189369e-17       7.164120922034e-18 
 2269       1.597540947016e-11       7.847108473463e-13      -9.335610866651e-13       4.565626996676e-15       2.218135296002e-16       1.652500211190e-17       7.108750182772e-18 
 2270       1.595186928168e-11       7.825814841432e-13      -9.398798584551e-13       4.559978410342e-15       2.214120347413e-16       1.637482646353e-17       7.052563089100e-18 
 2271       1.592883124991e-11       7.804072758711e-13      -9.461014120579e-13       4.554346131943e-15       2.210114263791e-16       1.622718900950e-17       6.995622592929e-18 
 2272       1.590628658583e-11       7.781887388865e-13      -9.522227984244e-13       4.548730092299e-15       2.206117018217e-16       1.608202355892e-17       6.937991873143e-18 
 2273       1.588422646570e-11       7.759263916562e-13      -9.582410588475e-13       4.543130221807e-15       2.202128583569e-16       1.593926366883e-17       6.879734335850e-18 
 2274       1.586264203104e-11       7.736207547592e-13      -9.641532249516e-13       4.537546450441e-15       2.198148932529e-16       1.579884264387e-17       6.820913614635e-18 
 2275       1.584152438856e-11       7.712723508894e-13      -9.699563186822e-13       4.531978707747e-15       2.194178037574e-16       1.566069353608e-17       6.761593570811e-18 
 2276       1.582086461013e-11       7.688817048583e-13      -9.756473522961e-13       4.526426922847e-15       2.190215870986e-16       1.552474914454e-17       6.701838293670e-18 
 2277       1.580065373276e-11       7.664493435970e-13      -9.812233283500e-13       4.520891024435e-15       2.186262404841e-16       1.539094201510e-17       6.641712100737e-18 
 2278       1.578088275854e-11       7.639757961585e-13      -9.866812396913e-13       4.515370940778e-15       2.182317611019e-16       1.525920444012e-17       6.581279538017e-18 
 2279       1.576154265461e-11       7.614615937208e-13      -9.920180694468e-13       4.509866599717e-15       2.178381461196e-16       1.512946845818e-17       6.520605380251e-18 
 2280       1.574262435311e-11       7.589072695887e-13      -9.972307910131e-13       4.504377928664e-15       2.174453926847e-16       1.500166585377e-17       6.459754631165e-18 
 2281       1.572411875115e-11       7.563133591965e-13      -1.002316368046e-12       4.498904854602e-15       2.170534979246e-16       1.487572815702e-17       6.398792523723e-18 
 2282       1.570601659477e-11       7.536804539574e-13      -1.007272188901e-12       4.493447287714e-15       2.166624591880e-16       1.475160420209e-17       6.337778992321e-18 
 2283       1.568830813014e-11       7.510093631839e-13      -1.012097373027e-12       4.488005072154e-15       2.162722747717e-16       1.462931292587e-17       6.276752050111e-18 
 2284       1.567098345004e-11       7.483009532113e-13      -1.016791472935e-12       4.482578034961e-15       2.158829431984e-16       1.450889090743e-17       6.215744305534e-18 
 2285       1.565403260961e-11       7.455560936482e-13      -1.021354040504e-12       4.477166002395e-15       2.154944629757e-16       1.439037484023e-17       6.154788480820e-18 
 2286       1.563744562632e-11       7.427756573806e-13      -1.025784626984e-12       4.471768799942e-15       2.151068325960e-16       1.427380153227e-17       6.093917412108e-18 
 2287       1.562121247992e-11       7.399605205750e-13      -1.030082782995e-12       4.466386252310e-15       2.147200505365e-16       1.415920790618e-17       6.033164049575e-18 
 2288       1.560532311238e-11       7.371115626827e-13      -1.034248058525e-12       4.461018183427e-15       2.143341152590e-16       1.404663099936e-17       5.972561457557e-18 
 2289       1.558976742791e-11       7.342296664428e-13      -1.038280002930e-12       4.455664416442e-15       2.139490252101e-16       1.393610796410e-17       5.912142814675e-18 
 2290       1.557453529283e-11       7.313157178865e-13      -1.042178164936e-12       4.450324773726e-15       2.135647788212e-16       1.382767606767e-17       5.851941413957e-18 
 2291       1.555961653558e-11       7.283706063405e-13      -1.045942092637e-12       4.444999076865e-15       2.131813745083e-16       1.372137269248e-17       5.791990662965e-18 
 2292       1.554500094669e-11       7.253952244304e-13      -1.049571333493e-12       4.439687146666e-15       2.127988106721e-16       1.361723533618e-17       5.732324083917e-18 
 2293       1.553067827870e-11       7.223904680848e-13      -1.053065434333e-12       4.434388803151e-15       2.124170856979e-16       1.351530161178e-17       5.672975313813e-18 
 2294       1.551663824614e-11       7.193572365387e-13      -1.056423941353e-12       4.429103865559e-15       2.120361979557e-16       1.341560924777e-17       5.613978104558e-18 
 2295       1.550287052547e-11       7.162964323372e-13      -1.059646400114e-12       4.423832152344e-15       2.116561458000e-16       1.331819608824e-17       5.555366323087e-18 
 2296       1.548936475506e-11       7.132089613394e-13      -1.062732355545e-12       4.418573481172e-15       2.112769275699e-16       1.322310009303e-17       5.497173951489e-18 
 2297       1.547611053515e-11       7.100957327215e-13      -1.065681351940e-12       4.413327668925e-15       2.108985415892e-16       1.313035933778e-17       5.439435087129e-18 
 2298       1.546309742777e-11       7.069576589812e-13      -1.068492932959e-12       4.408094531696e-15       2.105209861660e-16       1.304001201412e-17       5.382183942778e-18 
 2299       1.545031495675e-11       7.037956559408e-13      -1.071166641628e-12       4.402873884789e-15       2.101442595931e-16       1.295209642976e-17       5.325454846732e-18 
 2300       1.543775260761e-11       7.006106427510e-13      -1.073702020337e-12       4.397665542720e-15       2.097683601478e-16       1.286665100860e-17       5.269282242935e-18 
 2301       1.542539982761e-11       6.974035418948e-13      -1.076098610841e-12       4.392469319212e-15       2.093932860917e-16       1.278371429087e-17       5.213700691112e-18 
 2302       1.541324602562e-11       6.941752791907e-13      -1.078355954258e-12       4.387285027198e-15       2.090190356711e-16       1.270332493325e-17       5.158744866881e-18 
 2303       1.540128057213e-11       6.909267837970e-13      -1.080473591073e-12       4.382112478819e-15       2.086456071165e-16       1.262552170897e-17       5.104449561889e-18 
 2304       1.538949279917e-11       6.876589882149e-13      -1.082451061131e-12       4.376951485422e-15       2.082729986431e-16       1.255034350794e-17       5.050849683928e-18 
 2305       1.537787200033e-11       6.843728282924e-13      -1.084287903643e-12       4.371801857559e-15       2.079012084501e-16       1.247782933689e-17       4.997980257061e-18 
 2306       1.536640743063e-11       6.810692432279e-13      -1.085983657182e-12       4.366663404990e-15       2.075302347213e-16       1.240801831944e-17       4.945876421751e-18 
 2307       1.535508830656e-11       6.777491755740e-13      -1.087537859682e-12       4.361535936674e-15       2.071600756249e-16       1.234094969630e-17       4.894573434978e-18 
 2308       1.534390380598e-11       6.744135712409e-13      -1.088950048442e-12       4.356419260779e-15       2.067907293134e-16       1.227666282530e-17       4.844106670368e-18 
 2309       1.533284306812e-11       6.710633795005e-13      -1.090219760122e-12       4.351313184669e-15       2.064221939235e-16       1.221519718156e-17       4.794511618316e-18 
 2310       1.532189519349e-11       6.676995529894e-13      -1.091346530741e-12       4.346217514913e-15       2.060544675762e-16       1.215659235762e-17       4.745823886111e-18 
 2311       1.531104924390e-11       6.643230477134e-13      -1.092329895683e-12       4.341132057279e-15       2.056875483768e-16       1.210088806352e-17       4.698079198059e-18 
 2312       1.530029424236e-11       6.609348230505e-13      -1.093169389690e-12       4.336056616736e-15       2.053214344150e-16       1.204812412696e-17       4.651313395607e-18 
 2313       1.528961917307e-11       6.575358417546e-13      -1.093864546867e-12       4.330990997448e-15       2.049561237644e-16       1.199834049339e-17       4.605562437469e-18 
 2314       1.527901298136e-11       6.541270699597e-13      -1.094414900676e-12       4.325935002779e-15       2.045916144831e-16       1.195157722615e-17       4.560862399748e-18 
 2315       1.526846457366e-11       6.507094771830e-13      -1.094819983943e-12       4.320888435289e-15       2.042279046132e-16       1.190787450657e-17       4.517249476063e-18 
 2316       1.525796281746e-11       6.472840363288e-13      -1.095079328849e-12       4.315851096734e-15       2.038649921810e-16       1.186727263411e-17       4.474759977671e-18 
 2317       1.524749654125e-11       6.438517236922e-13      -1.095192466937e-12       4.310822788063e-15       2.035028751969e-16       1.182981202647e-17       4.433430333592e-18 
 2318       1.523705453450e-11       6.404135189626e-13      -1.095158929109e-12       4.305803309422e-15       2.031415516556e-16       1.179553321972e-17       4.393297090732e-18 
 2319       1.522662554761e-11       6.369704052276e-13      -1.094978245624e-12       4.300792460146e-15       2.027810195357e-16       1.176447686840e-17       4.354396914010e-18 
 2320       1.521619829186e-11       6.335233689764e-13      -1.094649946099e-12       4.295790038764e-15       2.024212767999e-16       1.173668374565e-17       4.316766586480e-18 
 2321       1.520576226135e-11       6.300733581086e-13      -1.094173891148e-12       4.290795848980e-15       2.020623214422e-16       1.171217622254e-17       4.280424912730e-18 
 2322       1.519531020464e-11       6.266211556626e-13      -1.093551269569e-12       4.285809717665e-15       2.017041516295e-16       1.169090257810e-17       4.245318304074e-18 
 2323       1.518483566862e-11       6.231675052980e-13      -1.092783607449e-12       4.280831476977e-15       2.013467655609e-16       1.167279233825e-17       4.211374850361e-18 
 2324       1.517433217793e-11       6.197131532208e-13      -1.091872437097e-12       4.275860958387e-15       2.009901614202e-16       1.165777476438e-17       4.178522385256e-18 
 2325       1.516379323491e-11       6.162588481866e-13      -1.090819297057e-12       4.270897992675e-15       2.006343373765e-16       1.164577885305e-17       4.146688485957e-18 
 2326       1.515321231962e-11       6.128053415029e-13      -1.089625732111e-12       4.265942409934e-15       2.002792915836e-16       1.163673333575e-17       4.115800472923e-18 
 2327       1.514258288975e-11       6.093533870318e-13      -1.088293293288e-12       4.260994039565e-15       1.999250221802e-16       1.163056667854e-17       4.085785409590e-18 
 2328       1.513189838067e-11       6.059037411932e-13      -1.086823537871e-12       4.256052710279e-15       1.995715272901e-16       1.162720708182e-17       4.056570102093e-18 
 2329       1.512115220535e-11       6.024571629670e-13      -1.085218029405e-12       4.251118250094e-15       1.992188050216e-16       1.162658247998e-17       4.028081098990e-18 
 2330       1.511033775437e-11       5.990144138961e-13      -1.083478337701e-12       4.246190486338e-15       1.988668534682e-16       1.162862054115e-17       4.000244690981e-18 
 2331       1.509944839587e-11       5.955762580893e-13      -1.081606038846e-12       4.241269245644e-15       1.985156707081e-16       1.163324866690e-17       3.972986910629e-18 
 2332       1.508847747556e-11       5.921434622235e-13      -1.079602715208e-12       4.236354353949e-15       1.981652548042e-16       1.164039399192e-17       3.946233532083e-18 
 2333       1.507741831664e-11       5.887167955470e-13      -1.077469955444e-12       4.231445636499e-15       1.978156038042e-16       1.164998338377e-17       3.919910070799e-18 
 2334       1.506626421985e-11       5.852970298818e-13      -1.075209354509e-12       4.226542917840e-15       1.974667157409e-16       1.166194344256e-17       3.893941783259e-18 
 2335       1.505500846337e-11       5.818849396266e-13      -1.072822513659e-12       4.221646021825e-15       1.971185886313e-16       1.167620050065e-17       3.868253666695e-18 
 2336       1.504364430287e-11       5.784813017594e-13      -1.070311040460e-12       4.216754771607e-15       1.967712204776e-16       1.169268062239e-17       3.842770458809e-18 
 2337       1.503216497141e-11       5.750868958402e-13      -1.067676548797e-12       4.211868989643e-15       1.964246092664e-16       1.171130960380e-17       3.817416637496e-18 
 2338       1.502056367949e-11       5.717025040139e-13      -1.064920658878e-12       4.206988497690e-15       1.960787529692e-16       1.173201297228e-17       3.792116420563e-18 
 2339       1.500883361497e-11       5.683289110129e-13      -1.062044997241e-12       4.202113116805e-15       1.957336495420e-16       1.175471598633e-17       3.766793765450e-18 
 2340       1.499696794306e-11       5.649669041598e-13      -1.059051196764e-12       4.197242667345e-15       1.953892969255e-16       1.177934363526e-17       3.741372368955e-18 
 2341       1.498495980634e-11       5.616172733702e-13      -1.055940896670e-12       4.192376968966e-15       1.950456930450e-16       1.180582063888e-17       3.715775666949e-18 
 2342       1.497280232466e-11       5.582808111554e-13      -1.052715742535e-12       4.187515840621e-15       1.947028358106e-16       1.183407144720e-17       3.689926834106e-18 
 2343       1.496048859516e-11       5.549583126250e-13      -1.049377386293e-12       4.182659100561e-15       1.943607231166e-16       1.186402024020e-17       3.663748783616e-18 
 2344       1.494801169227e-11       5.516505754901e-13      -1.045927486246e-12       4.177806566333e-15       1.940193528423e-16       1.189559092743e-17       3.637164166911e-18 
 2345       1.493536466762e-11       5.483584000653e-13      -1.042367707066e-12       4.172958054779e-15       1.936787228512e-16       1.192870714784e-17       3.610095373384e-18 
 2346       1.492254055008e-11       5.450825892720e-13      -1.038699719811e-12       4.168113382037e-15       1.933388309915e-16       1.196329226938e-17       3.582464530113e-18 
 2347       1.490953234569e-11       5.418239486411e-13      -1.034925201922e-12       4.163272363537e-15       1.929996750958e-16       1.199926938879e-17       3.554193501578e-18 
 2348       1.489633303767e-11       5.385832863153e-13      -1.031045837237e-12       4.158434814005e-15       1.926612529814e-16       1.203656133124e-17       3.525203889387e-18 
 2349       1.488293558637e-11       5.353614130523e-13      -1.027063315995e-12       4.153600547457e-15       1.923235624497e-16       1.207509065009e-17       3.495417031995e-18 
 2350       1.486933292926e-11       5.321591422272e-13      -1.022979334843e-12       4.148769377201e-15       1.919866012869e-16       1.211477962657e-17       3.464754004424e-18 
 2351       1.485551798091e-11       5.289772898354e-13      -1.018795596845e-12       4.143941115836e-15       1.916503672635e-16       1.215555026950e-17       3.433135617989e-18 
 2352       1.484148363296e-11       5.258166744954e-13      -1.014513811488e-12       4.139115575252e-15       1.913148581343e-16       1.219732431500e-17       3.400482420012e-18 
 2353       1.482722275407e-11       5.226781174513e-13      -1.010135694686e-12       4.134292566627e-15       1.909800716386e-16       1.224002322616e-17       3.366714693549e-18 
 2354       1.481272818995e-11       5.195624425757e-13      -1.005662968793e-12       4.129471900427e-15       1.906460055000e-16       1.228356819280e-17       3.331752457112e-18 
 2355       1.479799276330e-11       5.164704763723e-13      -1.001097362607e-12       4.124653386407e-15       1.903126574265e-16       1.232788013116e-17       3.295515464384e-18 
 2356       1.478300927379e-11       5.134030479789e-13      -9.964406113737e-13       4.119836833608e-15       1.899800251104e-16       1.237287968359e-17       3.257923203947e-18 
 2357       1.476777049802e-11       5.103609891696e-13      -9.916944568001e-13       4.115022050358e-15       1.896481062283e-16       1.241848721827e-17       3.218894898999e-18 
 2358       1.475226918956e-11       5.073451343583e-13      -9.868606470570e-13       4.110208844269e-15       1.893168984411e-16       1.246462282893e-17       3.178349507078e-18 
 2359       1.473649807883e-11       5.043563206006e-13      -9.819409367871e-13       4.105397022237e-15       1.889863993940e-16       1.251120633453e-17       3.136205719782e-18 
 2360       1.472045102477e-11       5.013952931862e-13      -9.769371728315e-13       4.100586409769e-15       1.886566068442e-16       1.255817555617e-17       3.092403487137e-18 
 2361       1.470412647735e-11       4.984624217683e-13      -9.718515519735e-13       4.095776909086e-15       1.883275190459e-16       1.260554127221e-17       3.046968737182e-18 
 2362       1.468752403647e-11       4.955579824783e-13      -9.666863648075e-13       4.090968441375e-15       1.879991343679e-16       1.265333260350e-17       2.999949057348e-18 
 2363       1.467064330228e-11       4.926822521776e-13      -9.614439101742e-13       4.086160927500e-15       1.876714511656e-16       1.270157876725e-17       2.951392206443e-18 
 2364       1.465348387521e-11       4.898355084583e-13      -9.561264951696e-13       4.081354287999e-15       1.873444677812e-16       1.275030907714e-17       2.901346114849e-18 
 2365       1.463604535592e-11       4.870180296436e-13      -9.507364351535e-13       4.076548443085e-15       1.870181825437e-16       1.279955294342e-17       2.849858884698e-18 
 2366       1.461832734538e-11       4.842300947889e-13      -9.452760537588e-13       4.071743312642e-15       1.866925937689e-16       1.284933987300e-17       2.796978790062e-18 
 2367       1.460032944478e-11       4.814719836822e-13      -9.397476829002e-13       4.066938816231e-15       1.863676997593e-16       1.289969946958e-17       2.742754277135e-18 
 2368       1.458205125561e-11       4.787439768452e-13      -9.341536627831e-13       4.062134873084e-15       1.860434988040e-16       1.295066143370e-17       2.687233964421e-18 
 2369       1.456349237961e-11       4.760463555333e-13      -9.284963419127e-13       4.057331402105e-15       1.857199891789e-16       1.300225556291e-17       2.630466642914e-18 
 2370       1.454465241880e-11       4.733794017371e-13      -9.227780771025e-13       4.052528321873e-15       1.853971691464e-16       1.305451175181e-17       2.572501276289e-18 
 2371       1.452553097545e-11       4.707433981823e-13      -9.170012334834e-13       4.047725550636e-15       1.850750369558e-16       1.310745999218e-17       2.513387001082e-18 
 2372       1.450612765213e-11       4.681386283312e-13      -9.111681845127e-13       4.042923006315e-15       1.847535908429e-16       1.316113037309e-17       2.453173126875e-18 
 2373       1.448644205164e-11       4.655653763827e-13      -9.052813119827e-13       4.038120606503e-15       1.844328290300e-16       1.321555308095e-17       2.391909136484e-18 
 2374       1.446647377708e-11       4.630239272734e-13      -8.993430060300e-13       4.033318268463e-15       1.841127497261e-16       1.327075839971e-17       2.329644686143e-18 
 2375       1.444622243182e-11       4.605145666783e-13      -8.933556651439e-13       4.028515909127e-15       1.837933511270e-16       1.332677671084e-17       2.266429605687e-18 
 2376       1.442568761950e-11       4.580375810111e-13      -8.873216961757e-13       4.023713445099e-15       1.834746314147e-16       1.338363849352e-17       2.202313898737e-18 
 2377       1.440486894401e-11       4.555932574254e-13      -8.812435143474e-13       4.018910792652e-15       1.831565887579e-16       1.344137432473e-17       2.137347742887e-18 
 2378       1.438376600956e-11       4.531818838151e-13      -8.751235432606e-13       4.014107867728e-15       1.828392213120e-16       1.350001487929e-17       2.071581489887e-18 
 2379       1.436237842059e-11       4.508037488152e-13      -8.689642149053e-13       4.009304585940e-15       1.825225272185e-16       1.355959093004e-17       2.005065665830e-18 
 2380       1.434070578185e-11       4.484591418024e-13      -8.627679696692e-13       4.004500862565e-15       1.822065046059e-16       1.362013334790e-17       1.937850971333e-18 
 2381       1.431874769834e-11       4.461483528959e-13      -8.565372563459e-13       3.999696612553e-15       1.818911515887e-16       1.368167310196e-17       1.869988281726e-18 
 2382       1.429650377537e-11       4.438716729581e-13      -8.502745321444e-13       3.994891750520e-15       1.815764662683e-16       1.374424125962e-17       1.801528647234e-18 
 2383       1.427397361849e-11       4.416293935951e-13      -8.439822626978e-13       3.990086190748e-15       1.812624467321e-16       1.380786898665e-17       1.732523293164e-18 
 2384       1.425115683355e-11       4.394218071577e-13      -8.376629220719e-13       3.985279847188e-15       1.809490910543e-16       1.387258754734e-17       1.663023620088e-18 
 2385       1.422805302669e-11       4.372492067419e-13      -8.313189927746e-13       3.980472633457e-15       1.806363972954e-16       1.393842830455e-17       1.593081204028e-18 
 2386       1.420466180431e-11       4.351118861895e-13      -8.249529657645e-13       3.975664462839e-15       1.803243635021e-16       1.400542271983e-17       1.522747796643e-18 
 2387       1.418098277310e-11       4.330101400891e-13      -8.185673404597e-13       3.970855248281e-15       1.800129877076e-16       1.407360235353e-17       1.452075325412e-18 
 2388       1.415701554004e-11       4.309442637767e-13      -8.121646247467e-13       3.966044902400e-15       1.797022679317e-16       1.414299886491e-17       1.381115893818e-18 
 2389       1.413275971238e-11       4.289145533360e-13      -8.057473349898e-13       3.961233337475e-15       1.793922021802e-16       1.421364401221e-17       1.309921781536e-18 
 2390       1.410821489766e-11       4.269213055996e-13      -7.993179960392e-13       3.956420465451e-15       1.790827884453e-16       1.428556965277e-17       1.238545444615e-18 
 2391       1.408338070371e-11       4.249648181497e-13      -7.928791412404e-13       3.951606197938e-15       1.787740247056e-16       1.435880774314e-17       1.167039515662e-18 
 2392       1.405825673864e-11       4.230453893183e-13      -7.864333124431e-13       3.946790446208e-15       1.784659089259e-16       1.443339033916e-17       1.095456804032e-18 
 2393       1.403284261085e-11       4.211633181884e-13      -7.799830600096e-13       3.941973121198e-15       1.781584390573e-16       1.450934959608e-17       1.023850296008e-18 
 2394       1.400713792901e-11       4.193189045943e-13      -7.735309428245e-13       3.937154133509e-15       1.778516130372e-16       1.458671776864e-17       9.522731549869e-19 
 2395       1.398114230211e-11       4.175124491227e-13      -7.670795283027e-13       3.932333393403e-15       1.775454287891e-16       1.466552721120e-17       8.807787216653e-19 
 2396       1.395485533941e-11       4.157442531132e-13      -7.606313923991e-13       3.927510810807e-15       1.772398842229e-16       1.474581037782e-17       8.094205142240e-19 
 2397       1.392827665045e-11       4.140146186588e-13      -7.541891196167e-13       3.922686295309e-15       1.769349772346e-16       1.482759982236e-17       7.382522285125e-19 
 2398       1.390140584508e-11       4.123238486068e-13      -7.477553030163e-13       3.917859756158e-15       1.766307057064e-16       1.491092819860e-17       6.673277382346e-19 
 2399       1.387424333354e-11       4.106721561051e-13      -7.413323805302e-13       3.913031122005e-15       1.763270676924e-16       1.499580773510e-17       5.966988265126e-19 
 2400       1.384679273209e-11       4.090593926352e-13      -7.349221427960e-13       3.908200400252e-15       1.760240619776e-16       1.508216852279e-17       5.264083650841e-19 
 2401       1.381905847206e-11       4.074853183205e-13      -7.285262223369e-13       3.903367618065e-15       1.757216875224e-16       1.516991985096e-17       4.564970938451e-19 
 2402       1.379104500111e-11       4.059496922292e-13      -7.221462569891e-13       3.898532802663e-15       1.754199432768e-16       1.525897069793e-17       3.870058858277e-19 
 2403       1.376275678326e-11       4.044522723725e-13      -7.157838899072e-13       3.893695981324e-15       1.751188281809e-16       1.534922973073e-17       3.179757473372e-19 
 2404       1.373419829888e-11       4.029928157041e-13      -7.094407695696e-13       3.888857181380e-15       1.748183411644e-16       1.544060530478e-17       2.494478180898e-19 
 2405       1.370537404470e-11       4.015710781186e-13      -7.031185497841e-13       3.884016430219e-15       1.745184811469e-16       1.553300546355e-17       1.814633713502e-19 
 2406       1.367628853387e-11       4.001868144505e-13      -6.968188896934e-13       3.879173755286e-15       1.742192470379e-16       1.562633793825e-17       1.140638140693e-19 
 2407       1.364694629595e-11       3.988397784728e-13      -6.905434537803e-13       3.874329184081e-15       1.739206377364e-16       1.572051014750e-17       4.729068702155e-20 
 2408       1.361735187692e-11       3.975297228961e-13      -6.842939118737e-13       3.869482744161e-15       1.736226521313e-16       1.581542919700e-17      -1.881433505739e-20 
 2409       1.358750983921e-11       3.962563993670e-13      -6.780719391534e-13       3.864634463139e-15       1.733252891014e-16       1.591100187917e-17      -8.420944333302e-20 
 2410       1.355742476173e-11       3.950195584674e-13      -6.718792161563e-13       3.859784368682e-15       1.730285475149e-16       1.600713467290e-17      -1.488526947344e-19 
 2411       1.352710123986e-11       3.938189497129e-13      -6.657174287812e-13       3.854932488517e-15       1.727324262299e-16       1.610373374316e-17      -2.127020118168e-19 
 2412       1.349654388547e-11       3.926543215520e-13      -6.595882682947e-13       3.850078850423e-15       1.724369240943e-16       1.620070494069e-17      -2.757151826237e-19 
 2413       1.346575732699e-11       3.915254213644e-13      -6.534934313368e-13       3.845223482239e-15       1.721420399455e-16       1.629795380167e-17      -3.378498605496e-19 
 2414       1.343474620933e-11       3.904319954603e-13      -6.474346199257e-13       3.840366411858e-15       1.718477726107e-16       1.639538554742e-17      -3.990635642024e-19 
 2415       1.340351519400e-11       3.893737890790e-13      -6.414135414642e-13       3.835507667231e-15       1.715541209068e-16       1.649290508403e-17      -4.593136772655e-19 
 2416       1.337206895905e-11       3.883505463876e-13      -6.354319087443e-13       3.830647276362e-15       1.712610836400e-16       1.659041700207e-17      -5.185574483607e-19 
 2417       1.334041219913e-11       3.873620104800e-13      -6.294914399534e-13       3.825785267315e-15       1.709686596067e-16       1.668782557626e-17      -5.767519909102e-19 
 2418       1.330854962550e-11       3.864079233758e-13      -6.235938586792e-13       3.820921668209e-15       1.706768475925e-16       1.678503476509e-17      -6.338542829993e-19 
 2419       1.327648596604e-11       3.854880260186e-13      -6.177408939156e-13       3.816056507220e-15       1.703856463727e-16       1.688194821059e-17      -6.898211672385e-19 
 2420       1.324422596526e-11       3.846020582755e-13      -6.119342800679e-13       3.811189812579e-15       1.700950547124e-16       1.697846923792e-17      -7.446093506265e-19 
 2421       1.321177438435e-11       3.837497589353e-13      -6.061757569585e-13       3.806321612576e-15       1.698050713659e-16       1.707450085508e-17      -7.981754044120e-19 
 2422       1.317913600115e-11       3.829308657078e-13      -6.004670698323e-13       3.801451935554e-15       1.695156950774e-16       1.716994575257e-17      -8.504757639564e-19 
 2423       1.314631561021e-11       3.821451152223e-13      -5.948099693619e-13       3.796580809917e-15       1.692269245805e-16       1.726470630307e-17      -9.014667285964e-19 
 2424       1.311331802279e-11       3.813922430265e-13      -5.892062116536e-13       3.791708264122e-15       1.689387585985e-16       1.735868456114e-17      -9.511044615060e-19 
 2425       1.308014806687e-11       3.806719835853e-13      -5.836575582524e-13       3.786834326684e-15       1.686511958439e-16       1.745178226282e-17      -9.993449895593e-19 
 2426       1.304681058718e-11       3.799840702797e-13      -5.781657761478e-13       3.781959026176e-15       1.683642350192e-16       1.754390082539e-17      -1.046144203193e-18 
 2427       1.301331044521e-11       3.793282354053e-13      -5.727326377791e-13       3.777082391224e-15       1.680778748158e-16       1.763494134699e-17      -1.091457856267e-18 
 2428       1.297965251924e-11       3.787042101717e-13      -5.673599210410e-13       3.772204450516e-15       1.677921139152e-16       1.772480460631e-17      -1.135241565932e-18 
 2429       1.294584170433e-11       3.781117247007e-13      -5.620494092888e-13       3.767325232793e-15       1.675069509880e-16       1.781339106225e-17      -1.177450812485e-18 
 2430       1.291188291238e-11       3.775505080255e-13      -5.568028913443e-13       3.762444766854e-15       1.672223846942e-16       1.790060085361e-17      -1.218040939235e-18 
 2431       1.287778107210e-11       3.770202880891e-13      -5.516221615010e-13       3.757563081555e-15       1.669384136836e-16       1.798633379877e-17      -1.256967152369e-18 
 2432       1.284354112907e-11       3.765207917438e-13      -5.465090195296e-13       3.752680205808e-15       1.666550365952e-16       1.807048939533e-17      -1.294184520807e-18 
 2433       1.280916804572e-11       3.760517447493e-13      -5.414652706837e-13       3.747796168583e-15       1.663722520574e-16       1.815296681982e-17      -1.329647976070e-18 
 2434       1.277466680137e-11       3.756128717720e-13      -5.364927257047e-13       3.742910998908e-15       1.660900586880e-16       1.823366492734e-17      -1.363312312141e-18 
 2435       1.274004239226e-11       3.752038963833e-13      -5.315932008280e-13       3.738024725865e-15       1.658084550944e-16       1.831248225128e-17      -1.395132185327e-18 
 2436       1.270529983152e-11       3.748245410590e-13      -5.267685177882e-13       3.733137378597e-15       1.655274398732e-16       1.838931700293e-17      -1.425062114121e-18 
 2437       1.267044414925e-11       3.744745271778e-13      -5.220205038242e-13       3.728248986300e-15       1.652470116103e-16       1.846406707122e-17      -1.453056479066e-18 
 2438       1.263548047457e-11       3.741535398288e-13      -5.173507583538e-13       3.723359588371e-15       1.649671689383e-16       1.853667634572e-17      -1.479091591419e-18 
 2439       1.260041428251e-11       3.738611220051e-13      -5.127599514530e-13       3.718469264899e-15       1.646879107076e-16       1.860727399049e-17      -1.503232044259e-18 
 2440       1.256525114866e-11       3.735967797726e-13      -5.082485211742e-13       3.713578106351e-15       1.644092358165e-16       1.867603600607e-17      -1.525564759590e-18 
 2441       1.252999666724e-11       3.733600174012e-13      -5.038169064960e-13       3.708686203455e-15       1.641311431532e-16       1.874313898261e-17      -1.546176956040e-18 
 2442       1.249465645112e-11       3.731503373636e-13      -4.994655473237e-13       3.703793647196e-15       1.638536315969e-16       1.880876010051e-17      -1.565156149159e-18 
 2443       1.245923613181e-11       3.729672403327e-13      -4.951948844900e-13       3.698900528813e-15       1.635767000167e-16       1.887307713104e-17      -1.582590151733e-18 
 2444       1.242374135953e-11       3.728102251803e-13      -4.910053597563e-13       3.694006939808e-15       1.633003472724e-16       1.893626843692e-17      -1.598567074091e-18 
 2445       1.238817780320e-11       3.726787889747e-13      -4.868974158130e-13       3.689112971938e-15       1.630245722142e-16       1.899851297295e-17      -1.613175324411e-18 
 2446       1.235255115046e-11       3.725724269792e-13      -4.828714962802e-13       3.684218717219e-15       1.627493736824e-16       1.905999028658e-17      -1.626503609029e-18 
 2447       1.231686710767e-11       3.724906326499e-13      -4.789280457089e-13       3.679324267926e-15       1.624747505081e-16       1.912088051859e-17      -1.638640932746e-18 
 2448       1.228113139998e-11       3.724328976340e-13      -4.750675095814e-13       3.674429716594e-15       1.622007015124e-16       1.918136440363e-17      -1.649676599137e-18 
 2449       1.224534977131e-11       3.723987117677e-13      -4.712903343123e-13       3.669535156014e-15       1.619272255068e-16       1.924162327085e-17      -1.659700210857e-18 
 2450       1.220952798437e-11       3.723875630747e-13      -4.675969672492e-13       3.664640679240e-15       1.616543212933e-16       1.930183904452e-17      -1.668801669951e-18 
 2451       1.217367182070e-11       3.723989377637e-13      -4.639878566731e-13       3.659746379582e-15       1.613819876641e-16       1.936219424463e-17      -1.677071178160e-18 
 2452       1.213778708067e-11       3.724323202270e-13      -4.604634518000e-13       3.654852350614e-15       1.611102234016e-16       1.942287198750e-17      -1.684599237230e-18 
 2453       1.210187958351e-11       3.724871930384e-13      -4.570242027807e-13       3.649958686168e-15       1.608390272786e-16       1.948405598639e-17      -1.691476649219e-18 
 2454       1.206595516732e-11       3.725630369513e-13      -4.536705607024e-13       3.645065480334e-15       1.605683980583e-16       1.954593055208e-17      -1.697794516803e-18 
 2455       1.203001968910e-11       3.726593308970e-13      -4.504029775889e-13       3.640172827467e-15       1.602983344939e-16       1.960868059354e-17      -1.703644243589e-18 
 2456       1.199407902475e-11       3.727755519822e-13      -4.472219064017e-13       3.635280822180e-15       1.600288353291e-16       1.967249161847e-17      -1.709117534419e-18 
 2457       1.195813906913e-11       3.729111754881e-13      -4.441278010405e-13       3.630389559347e-15       1.597598992977e-16       1.973754973396e-17      -1.714306395675e-18 
 2458       1.192220573604e-11       3.730656748674e-13      -4.411211163443e-13       3.625499134106e-15       1.594915251237e-16       1.980404164707e-17      -1.719303135594e-18 
 2459       1.188628495822e-11       3.732385217433e-13      -4.382023080919e-13       3.620609641853e-15       1.592237115216e-16       1.987215466544e-17      -1.724200364571e-18 
 2460       1.185038268745e-11       3.734291859069e-13      -4.353718330026e-13       3.615721178248e-15       1.589564571957e-16       1.994207669792e-17      -1.729090995466e-18 
 2461       1.181450489449e-11       3.736371353160e-13      -4.326301487374e-13       3.610833839212e-15       1.586897608407e-16       2.001399625514e-17      -1.734068243915e-18 
 2462       1.177865756914e-11       3.738618360926e-13      -4.299777138992e-13       3.605947720930e-15       1.584236211416e-16       2.008810245016e-17      -1.739225628637e-18 
 2463       1.174284672023e-11       3.741027525211e-13      -4.274149880341e-13       3.601062919847e-15       1.581580367733e-16       2.016458499906e-17      -1.744656971739e-18 
 2464       1.170707837567e-11       3.743593470468e-13      -4.249424316319e-13       3.596179532673e-15       1.578930064010e-16       2.024363422153e-17      -1.750456399027e-18 
 2465       1.167135858247e-11       3.746310802736e-13      -4.225605061266e-13       3.591297656379e-15       1.576285286802e-16       2.032544104151e-17      -1.756718340313e-18 
 2466       1.163569340671e-11       3.749174109622e-13      -4.202696738979e-13       3.586417388201e-15       1.573646022562e-16       2.041019698777e-17      -1.763537529721e-18 
 2467       1.160008893363e-11       3.752177960283e-13      -4.180703982712e-13       3.581538825638e-15       1.571012257646e-16       2.049809419456e-17      -1.771009005998e-18 
 2468       1.156455126759e-11       3.755316905406e-13      -4.159631435188e-13       3.576662066452e-15       1.568383978312e-16       2.058932540215e-17      -1.779228112819e-18 
 2469       1.152908653213e-11       3.758585477188e-13      -4.139483748607e-13       3.571787208669e-15       1.565761170717e-16       2.068408395752e-17      -1.788290499096e-18 
 2470       1.149370086995e-11       3.761978189321e-13      -4.120265584649e-13       3.566914350580e-15       1.563143820920e-16       2.078256381489e-17      -1.798292119285e-18 
 2471       1.145840044296e-11       3.765489536967e-13      -4.101981614489e-13       3.562043590741e-15       1.560531914880e-16       2.088495953639e-17      -1.809329233695e-18 
 2472       1.142319143230e-11       3.769113996745e-13      -4.084636518799e-13       3.557175027971e-15       1.557925438458e-16       2.099146629264e-17      -1.821498408796e-18 
 2473       1.138808003834e-11       3.772846026709e-13      -4.068234987756e-13       3.552308761355e-15       1.555324377414e-16       2.110227986335e-17      -1.834896517523e-18 
 2474       1.135307248070e-11       3.776680066326e-13      -4.052781721053e-13       3.547444890242e-15       1.552728717409e-16       2.121759663794e-17      -1.849620739591e-18 
 2475       1.131817499830e-11       3.780610536465e-13      -4.038281427905e-13       3.542583514248e-15       1.550138444004e-16       2.133761361616e-17      -1.865768561794e-18 
 2476       1.128339384934e-11       3.784631839369e-13      -4.024738827054e-13       3.537724733254e-15       1.547553542660e-16       2.146252840869e-17      -1.883437778321e-18 
 2477       1.124873477993e-11       3.788738331084e-13      -4.012155378549e-13       3.532868649906e-15       1.544973997467e-16       2.159246287704e-17      -1.902697991327e-18 
 2478       1.121420142650e-11       3.792924238578e-13      -4.000519457933e-13       3.528015377129e-15       1.542399787326e-16       2.172723355892e-17      -1.923504927965e-18 
 2479       1.117979690396e-11       3.797183742091e-13      -3.989816123987e-13       3.523165030660e-15       1.539830889744e-16       2.186657988700e-17      -1.945785617470e-18 
 2480       1.114552433632e-11       3.801511002630e-13      -3.980030381629e-13       3.518317726548e-15       1.537267282103e-16       2.201024042549e-17      -1.969466844640e-18 
 2481       1.111138685661e-11       3.805900161949e-13      -3.971147181858e-13       3.513473581159e-15       1.534708941658e-16       2.215795286922e-17      -1.994475149594e-18 
 2482       1.107738760699e-11       3.810345342534e-13      -3.963151421700e-13       3.508632711177e-15       1.532155845542e-16       2.230945404281e-17      -2.020736827517e-18 
 2483       1.104352973867e-11       3.814840647576e-13      -3.956027944149e-13       3.503795233597e-15       1.529607970761e-16       2.246447989975e-17      -2.048177928413e-18 
 2484       1.100981641197e-11       3.819380160958e-13      -3.949761538112e-13       3.498961265734e-15       1.527065294193e-16       2.262276552151e-17      -2.076724256854e-18 
 2485       1.097625079631e-11       3.823957947230e-13      -3.944336938355e-13       3.494130925220e-15       1.524527792594e-16       2.278404511668e-17      -2.106301371734e-18 
 2486       1.094283607024e-11       3.828568051595e-13      -3.939738825443e-13       3.489304330000e-15       1.521995442592e-16       2.294805202008e-17      -2.136834586014e-18 
 2487       1.090957542140e-11       3.833204499885e-13      -3.935951825686e-13       3.484481598340e-15       1.519468220690e-16       2.311451869184e-17      -2.168248966478e-18 
 2488       1.087647204660e-11       3.837861298543e-13      -3.932960511082e-13       3.479662848822e-15       1.516946103263e-16       2.328317671657e-17      -2.200469333482e-18 
 2489       1.084352915175e-11       3.842532434606e-13      -3.930749399261e-13       3.474848200346e-15       1.514429066561e-16       2.345375680243e-17      -2.233420260703e-18 
 2490       1.081074995193e-11       3.847211875679e-13      -3.929302953431e-13       3.470037772128e-15       1.511917086706e-16       2.362598878029e-17      -2.267026074891e-18 
 2491       1.077813767139e-11       3.851893569924e-13      -3.928605582317e-13       3.465231683706e-15       1.509410139697e-16       2.379960160280e-17      -2.301210855619e-18 
 2492       1.074569554352e-11       3.856571446033e-13      -3.928641640108e-13       3.460430054934e-15       1.506908201402e-16       2.397432334352e-17      -2.335898435034e-18 
 2493       1.071342681089e-11       3.861239413211e-13      -3.929395426401e-13       3.455633005986e-15       1.504411247563e-16       2.414988119605e-17      -2.371012397608e-18 
 2494       1.068133472527e-11       3.865891361161e-13      -3.930851186144e-13       3.450840657353e-15       1.501919253797e-16       2.432600147315e-17      -2.406476079887e-18 
 2495       1.064942254760e-11       3.870521160055e-13      -3.932993109581e-13       3.446053129849e-15       1.499432195592e-16       2.450240960581e-17      -2.442212570245e-18 
 2496       1.061769354805e-11       3.875122660523e-13      -3.935805332191e-13       3.441270544605e-15       1.496950048308e-16       2.467883014242e-17      -2.478144708629e-18 
 2497       1.058615100596e-11       3.879689693631e-13      -3.939271934639e-13       3.436493023073e-15       1.494472787179e-16       2.485498674785e-17      -2.514195086317e-18 
 2498       1.055479820992e-11       3.884216070859e-13      -3.943376942716e-13       3.431720687026e-15       1.492000387309e-16       2.503060220259e-17      -2.550286045660e-18 
 2499       1.052363845773e-11       3.888695584083e-13      -3.948104327280e-13       3.426953658556e-15       1.489532823678e-16       2.520539840185e-17      -2.586339679842e-18 
 2500       1.049267505645e-11       3.893122005557e-13      -3.953438004205e-13       3.422192060077e-15       1.487070071134e-16       2.537909635466e-17      -2.622277832622e-18 
