# dimensionless total [l(l+1)/2pi] C_l's
# for l=2 to 3000, i.e. number of multipoles equal to 2999
#
# -> if you prefer output in CAMB/HealPix/LensPix units/order, set 'format' to 'camb' in input file
# -> if you don't want to see such a header, set 'headers' to 'no' in input file
# -> for CMB lensing (phi), these are C_l^phi-phi for the lensing potential.
#    Remember the conversion factors:
#    C_l^dd (deflection) = l(l+1) C_l^phi-phi
#    C_l^gg (shear/convergence) = 1/4 (l(l+1))^2 C_l^phi-phi
#
# 1:l     2:TT                     3:EE                     4:TE                     5:BB                     6:phiphi                 7:TPhi                   8:Ephi               
    2       1.381337011438e-10       4.175594413749e-15       3.515670847153e-13       0.000000000000e+00       8.285959803474e-09       4.560819985813e-10      -1.840536643643e-12 
    3       1.306080810467e-10       5.350274016745e-15       3.951459575881e-13       0.000000000000e+00       5.086968935224e-09       3.225668451928e-10      -1.393793195111e-12 
    4       1.235424385171e-10       4.625820121415e-15       3.695227470668e-13       0.000000000000e+00       3.522976271585e-09       2.438425204067e-10      -9.121458054066e-13 
    5       1.182583896304e-10       3.084257757609e-15       3.146795173142e-13       0.000000000000e+00       2.621510704875e-09       1.923939855830e-10      -5.066439192689e-13 
    6       1.146368802295e-10       1.723612967075e-15       2.534366809501e-13       0.000000000000e+00       2.042587634638e-09       1.563949581294e-10      -2.079556354360e-13 
    7       1.122785255447e-10       9.311391122081e-16       1.989901736542e-13       0.000000000000e+00       1.644359382186e-09       1.299943132685e-10      -1.757527016594e-14 
    8       1.109032226211e-10       6.009311718806e-16       1.571122068550e-13       0.000000000000e+00       1.356594591565e-09       1.099894049093e-10       7.944461230847e-14 
    9       1.102629591294e-10       4.823436473096e-16       1.290818200194e-13       0.000000000000e+00       1.140656432163e-09       9.448252650456e-11       1.064459772217e-13 
   10       1.101275597559e-10       4.106946626821e-16       1.135745501507e-13       0.000000000000e+00       9.737543392262e-10       8.220687354999e-11       8.927583912993e-14 
   11       1.104379799005e-10       3.446088000793e-16       1.079324579940e-13       0.000000000000e+00       8.334466105900e-10       7.302021138319e-11       5.202265713647e-14 
   12       1.110430520760e-10       2.997401545998e-16       1.090985931979e-13       0.000000000000e+00       7.284105740515e-10       6.456669227726e-11       1.226568221968e-14 
   13       1.118922284481e-10       2.870822838084e-16       1.143906193445e-13       0.000000000000e+00       6.421613097567e-10       5.770063395548e-11      -1.799996817590e-14 
   14       1.129378875085e-10       2.986624386753e-16       1.217881999679e-13       0.000000000000e+00       5.703862118419e-10       5.172041928281e-11      -3.451792198168e-14 
   15       1.141671931019e-10       3.227423780650e-16       1.300032585745e-13       0.000000000000e+00       5.099614552289e-10       4.668983144260e-11      -3.749774855692e-14 
   16       1.155053412745e-10       3.568018173119e-16       1.383734100698e-13       0.000000000000e+00       4.585756409831e-10       4.235384063673e-11      -3.090285395011e-14 
   17       1.169794151114e-10       4.063780106444e-16       1.466768036072e-13       0.000000000000e+00       4.144862511139e-10       3.856974597460e-11      -1.993081471397e-14 
   18       1.185264356458e-10       4.768965359489e-16       1.551748191625e-13       0.000000000000e+00       3.762160455025e-10       3.526911962833e-11      -9.467900316647e-15 
   19       1.201577289936e-10       5.686815170752e-16       1.640906450148e-13       0.000000000000e+00       3.431478765492e-10       3.240473106680e-11      -2.114100578699e-15 
   20       1.218659736312e-10       6.797318820810e-16       1.735639182978e-13       0.000000000000e+00       3.140215690269e-10       2.986222913966e-11       4.241086525883e-16 
   21       1.236524914777e-10       8.094129379246e-16       1.835455807844e-13       0.000000000000e+00       2.883792828668e-10       2.759564363450e-11      -1.288838198175e-15 
   22       1.254913054401e-10       9.572393063093e-16       1.938474061054e-13       0.000000000000e+00       2.656039465516e-10       2.554800895715e-11      -5.507918272487e-15 
   23       1.273887600883e-10       1.123380440146e-15       2.041463387261e-13       0.000000000000e+00       2.453909032783e-10       2.371071231325e-11      -1.047971050554e-14 
   24       1.293390576426e-10       1.308051487788e-15       2.140298436798e-13       0.000000000000e+00       2.272788851465e-10       2.206697155237e-11      -1.433717637152e-14 
   25       1.313370044036e-10       1.511468163667e-15       2.231902722810e-13       0.000000000000e+00       2.110223706286e-10       2.059457381347e-11      -1.626948132416e-14 
   26       1.333649711234e-10       1.734001892039e-15       2.313640493954e-13       0.000000000000e+00       1.963033705330e-10       1.925673889245e-11      -1.595142557860e-14 
   27       1.354325534568e-10       1.977284423280e-15       2.384796465507e-13       0.000000000000e+00       1.830456660735e-10       1.804421207999e-11      -1.389536266539e-14 
   28       1.375424240028e-10       2.243572915955e-15       2.445486635862e-13       0.000000000000e+00       1.710886851441e-10       1.694157845481e-11      -1.110504620021e-14 
   29       1.396836566003e-10       2.535148616397e-15       2.496136621766e-13       0.000000000000e+00       1.601421986902e-10       1.592244812725e-11      -8.700296591202e-15 
   30       1.418628556944e-10       2.853103526648e-15       2.537229073810e-13       0.000000000000e+00       1.501459032554e-10       1.498577736014e-11      -7.069817452260e-15 
   31       1.440817456143e-10       3.198063456022e-15       2.569501838063e-13       0.000000000000e+00       1.410256257806e-10       1.413164767958e-11      -6.393754077494e-15 
   32       1.463322858937e-10       3.570600463356e-15       2.593631243511e-13       0.000000000000e+00       1.326371117012e-10       1.335309193281e-11      -6.759495198448e-15 
   33       1.486139450370e-10       3.971652032284e-15       2.608810528322e-13       0.000000000000e+00       1.249347083822e-10       1.264354881098e-11      -7.814635916875e-15 
   34       1.509203483386e-10       4.402246116118e-15       2.613633520896e-13       0.000000000000e+00       1.178502478121e-10       1.199070599109e-11      -8.971471726825e-15 
   35       1.532401995393e-10       4.863374294607e-15       2.606605561450e-13       0.000000000000e+00       1.112783371675e-10       1.137875077169e-11      -9.639300661547e-15 
   36       1.555804710395e-10       5.355938656155e-15       2.586702296263e-13       0.000000000000e+00       1.052019469399e-10       1.080558838700e-11      -9.755641678847e-15 
   37       1.579497695121e-10       5.880780818298e-15       2.552986853945e-13       0.000000000000e+00       9.960205823384e-11       1.027077484627e-11      -9.435352493731e-15 
   38       1.603513621047e-10       6.438691023192e-15       2.504455437936e-13       0.000000000000e+00       9.441969265913e-11       9.770553798425e-12      -8.833726001454e-15 
   39       1.627842567953e-10       7.030396138637e-15       2.440280295583e-13       0.000000000000e+00       8.957718974436e-11       9.299643661739e-12      -8.125270946525e-15 
   40       1.652484708376e-10       7.656528216480e-15       2.360650497080e-13       0.000000000000e+00       8.505973441281e-11       8.858099127585e-12      -7.424104534230e-15 
   41       1.677404683320e-10       8.317638689452e-15       2.266209451146e-13       0.000000000000e+00       8.085545705291e-11       8.446261380725e-12      -6.841401689869e-15 
   42       1.702510705514e-10       9.014201088596e-15       2.157845382915e-13       0.000000000000e+00       7.693110676337e-11       8.062704359612e-12      -6.508370518092e-15 
   43       1.727699191685e-10       9.746672428095e-15       2.036355572118e-13       0.000000000000e+00       7.324435210812e-11       7.704935808904e-12      -6.535727080879e-15 
   44       1.753017686885e-10       1.051571100048e-14       1.901280874812e-13       0.000000000000e+00       6.978952324145e-11       7.372131927713e-12      -6.874331523767e-15 
   45       1.778543919507e-10       1.132201882877e-14       1.751731342764e-13       0.000000000000e+00       6.656310368622e-11       7.062991931806e-12      -7.413010538823e-15 
   46       1.804338340774e-10       1.216628128260e-14       1.586696412913e-13       0.000000000000e+00       6.354999629669e-11       6.774855910126e-12      -8.014980059111e-15 
   47       1.830442051672e-10       1.304916670748e-14       1.405036743054e-13       0.000000000000e+00       6.072262033516e-11       6.503602951348e-12      -8.516344566725e-15 
   48       1.856876640824e-10       1.397123812283e-14       1.205710440954e-13       0.000000000000e+00       5.804940301053e-11       6.244841170548e-12      -8.770900826805e-15 
   49       1.883648481201e-10       1.493265974753e-14       9.885462114741e-14       0.000000000000e+00       5.552519142763e-11       5.998112169463e-12      -8.802985282187e-15 
   50       1.910742082848e-10       1.593340711045e-14       7.536741229440e-14       0.000000000000e+00       5.314786207042e-11       5.763696732080e-12      -8.695134110459e-15 
   51       1.938116360764e-10       1.697334302131e-14       5.013139431101e-14       0.000000000000e+00       5.090926163258e-11       5.541391327025e-12      -8.546381155356e-15 
   52       1.965702659338e-10       1.805221271356e-14       2.317789336689e-14       0.000000000000e+00       4.879478340344e-11       5.330472147386e-12      -8.473119705499e-15 
   53       1.993431443221e-10       1.916976249007e-14      -5.465900907953e-15       0.000000000000e+00       4.678795431313e-11       5.130006992752e-12      -8.579270921233e-15 
   54       2.021324975096e-10       2.032614265795e-14      -3.582233791130e-14       0.000000000000e+00       4.488655594757e-11       4.939967844645e-12      -8.855799640063e-15 
   55       2.049425026211e-10       2.152159974038e-14      -6.792891717307e-14       0.000000000000e+00       4.308991063864e-11       4.760341708465e-12      -9.256861735571e-15 
   56       2.077765539732e-10       2.275636235716e-14      -1.018256422484e-13       0.000000000000e+00       4.139402493998e-11       4.590786918691e-12      -9.727820182342e-15 
   57       2.106371857128e-10       2.403064154602e-14      -1.375552226222e-13       0.000000000000e+00       3.979137610349e-11       4.430611763291e-12      -1.020481990172e-14 
   58       2.135259944554e-10       2.534463108384e-14      -1.751632756137e-13       0.000000000000e+00       3.827069855590e-11       4.278753108120e-12      -1.061436260756e-14 
   59       2.164439540715e-10       2.669838980029e-14      -2.146855777107e-13       0.000000000000e+00       3.682008487036e-11       4.134064383540e-12      -1.089084430246e-14 
   60       2.193926211150e-10       2.809145587428e-14      -2.561059027414e-13       0.000000000000e+00       3.543761457451e-11       3.996306190306e-12      -1.103488930222e-14 
   61       2.223730731031e-10       2.952314337426e-14      -2.993887319078e-13       0.000000000000e+00       3.412282068244e-11       3.865348372376e-12      -1.106783578437e-14 
   62       2.253854782214e-10       3.099264878628e-14      -3.444911112037e-13       0.000000000000e+00       3.287349312557e-11       3.740870215320e-12      -1.101514424849e-14 
   63       2.284290312551e-10       3.249904733501e-14      -3.913624143168e-13       0.000000000000e+00       3.168557758492e-11       3.622349557582e-12      -1.090658126533e-14 
   64       2.315018895210e-10       3.404128930471e-14      -4.399441055313e-13       0.000000000000e+00       3.055307432345e-11       3.509051901737e-12      -1.077640322600e-14 
   65       2.346020871327e-10       3.561831452713e-14      -4.901823204069e-13       0.000000000000e+00       2.946969365933e-11       3.400232363798e-12      -1.065581371690e-14 
   66       2.377306467549e-10       3.722943229039e-14      -5.420692371587e-13       0.000000000000e+00       2.843445712543e-11       3.295815689527e-12      -1.054806626939e-14 
   67       2.408890142839e-10       3.887401554939e-14      -5.956100690740e-13       0.000000000000e+00       2.744710519688e-11       3.195841214711e-12      -1.044840169235e-14 
   68       2.440781026477e-10       4.055138949181e-14      -6.508111390355e-13       0.000000000000e+00       2.650639426321e-11       3.100257891930e-12      -1.035127741013e-14 
   69       2.472982551040e-10       4.226083116448e-14      -7.076800009632e-13       0.000000000000e+00       2.561004459749e-11       3.008919355329e-12      -1.025033508939e-14 
   70       2.505492085372e-10       4.400156909974e-14      -7.662255612552e-13       0.000000000000e+00       2.475468832541e-11       2.921578985390e-12      -1.013836826584e-14 
   71       2.538300567564e-10       4.577278294181e-14      -8.264582002297e-13       0.000000000000e+00       2.393581739434e-11       2.837884973698e-12      -1.000728997110e-14 
   72       2.571398353185e-10       4.757356829731e-14      -8.883814078667e-13       0.000000000000e+00       2.314894316443e-11       2.757475593185e-12      -9.850543879546e-15 
   73       2.604794875199e-10       4.940282430632e-14      -9.519645624407e-13       0.000000000000e+00       2.239344849292e-11       2.680297147202e-12      -9.670945499812e-15 
   74       2.638502112070e-10       5.125934371488e-14      -1.017165121884e-12       0.000000000000e+00       2.166938447180e-11       2.606338416170e-12      -9.474294603840e-15 
   75       2.672528485576e-10       5.314184459091e-14      -1.083936575448e-12       0.000000000000e+00       2.097630036676e-11       2.535533257262e-12      -9.267088083426e-15 
   76       2.706878635679e-10       5.504896915664e-14      -1.152228371410e-12       0.000000000000e+00       2.031321924891e-11       2.467757956963e-12      -9.056543365162e-15 
   77       2.741553195410e-10       5.697928262095e-14      -1.221985844775e-12       0.000000000000e+00       1.967861362642e-11       2.402828583644e-12      -8.850621825361e-15 
   78       2.776548565737e-10       5.893127201178e-14      -1.293150144980e-12       0.000000000000e+00       1.907038107628e-11       2.340498340122e-12      -8.658052204992e-15 
   79       2.811856690447e-10       6.090334500853e-14      -1.365658163599e-12       0.000000000000e+00       1.848581987594e-11       2.280454916228e-12      -8.488354024610e-15 
   80       2.847469483207e-10       6.289388126171e-14      -1.439447884617e-12       0.000000000000e+00       1.792230005704e-11       2.222397876445e-12      -8.349594375459e-15 
   81       2.883393489451e-10       6.490139918452e-14      -1.514475664362e-12       0.000000000000e+00       1.737946438740e-11       2.166292124687e-12      -8.241158138144e-15 
   82       2.919637371722e-10       6.692441613144e-14      -1.590701834582e-12       0.000000000000e+00       1.685736692967e-11       2.112153830897e-12      -8.159759062183e-15 
   83       2.956207346805e-10       6.896139829108e-14      -1.668085574109e-12       0.000000000000e+00       1.635580025643e-11       2.059973158324e-12      -8.101576597786e-15 
   84       2.993107046765e-10       7.101076049061e-14      -1.746584936974e-12       0.000000000000e+00       1.587428396004e-11       2.009713098218e-12      -8.062237336273e-15 
   85       3.030337379966e-10       7.307086600010e-14      -1.826156880532e-12       0.000000000000e+00       1.541205316256e-11       1.961308304528e-12      -8.036796450488e-15 
   86       3.067896392103e-10       7.514002633693e-14      -1.906757293586e-12       0.000000000000e+00       1.496804702558e-11       1.914663928600e-12      -8.019719135219e-15 
   87       3.105779127230e-10       7.721650107013e-14      -1.988341024506e-12       0.000000000000e+00       1.454089726015e-11       1.869654453875e-12      -8.004862047610e-15 
   88       3.143977488785e-10       7.929849762477e-14      -2.070861909353e-12       0.000000000000e+00       1.412891663663e-11       1.826122530585e-12      -7.985454747579e-15 
   89       3.182483354692e-10       8.138419613903e-14      -2.154271336652e-12       0.000000000000e+00       1.373050081398e-11       1.783917802621e-12      -7.955552774231e-15 
   90       3.221298785604e-10       8.347182893027e-14      -2.238513622398e-12       0.000000000000e+00       1.334543111240e-11       1.743022908356e-12      -7.914698558043e-15 
   91       3.260427169410e-10       8.555961319215e-14      -2.323529957980e-12       0.000000000000e+00       1.297375588455e-11       1.703445190236e-12      -7.863960861033e-15 
   92       3.299870020746e-10       8.764572722889e-14      -2.409259815048e-12       0.000000000000e+00       1.261539016461e-11       1.665177903890e-12      -7.804531666758e-15 
   93       3.339626890781e-10       8.972831063496e-14      -2.495640951721e-12       0.000000000000e+00       1.227011037025e-11       1.628199651955e-12      -7.737729667705e-15 
   94       3.379695276990e-10       9.180546447476e-14      -2.582609418776e-12       0.000000000000e+00       1.193754900455e-11       1.592473817913e-12      -7.665003752697e-15 
   95       3.420070532935e-10       9.387525146234e-14      -2.670099565859e-12       0.000000000000e+00       1.161718935791e-11       1.557947999916e-12      -7.587936494283e-15 
   96       3.460745778037e-10       9.593569614109e-14      -2.758044047671e-12       0.000000000000e+00       1.130836021000e-11       1.524553444621e-12      -7.508247636138e-15 
   97       3.501711807364e-10       9.798478506346e-14      -2.846373830180e-12       0.000000000000e+00       1.101023053171e-11       1.492204481020e-12      -7.427797580463e-15 
   98       3.542957001397e-10       1.000204669706e-13      -2.935018196810e-12       0.000000000000e+00       1.072180418704e-11       1.460797954270e-12      -7.348590875377e-15 
   99       3.584470222218e-10       1.020406995339e-13      -3.023906130801e-12       0.000000000000e+00       1.044214824477e-11       1.430237839734e-12      -7.272374276796e-15 
  100       3.626250165128e-10       1.040435967450e-13      -3.112970672270e-12       0.000000000000e+00       1.017112626461e-11       1.400514286961e-12      -7.199358435933e-15 
  101       3.668297170159e-10       1.060273028330e-13      -3.202145192677e-12       0.000000000000e+00       9.908759515720e-12       1.371634771915e-12      -7.129320786055e-15 
  102       3.710610300502e-10       1.079899483004e-13      -3.291362096318e-12       0.000000000000e+00       9.655000197683e-12       1.343599657937e-12      -7.061993406041e-15 
  103       3.753187288485e-10       1.099296506666e-13      -3.380552843202e-12       0.000000000000e+00       9.409728974117e-12       1.316401934788e-12      -6.997061593531e-15 
  104       3.796024481550e-10       1.118445152123e-13      -3.469647971937e-12       0.000000000000e+00       9.172752506226e-12       1.290026957699e-12      -6.934162438069e-15 
  105       3.839116788227e-10       1.137326357236e-13      -3.558577122604e-12       0.000000000000e+00       8.943800986362e-12       1.264452186411e-12      -6.872883394260e-15 
  106       3.882457624113e-10       1.155920952358e-13      -3.647269059638e-12       0.000000000000e+00       8.722525671594e-12       1.239646924224e-12      -6.812760854911e-15 
  107       3.926038857849e-10       1.174209667778e-13      -3.735651694711e-12       0.000000000000e+00       8.508496417269e-12       1.215572057044e-12      -6.753278724185e-15 
  108       3.969850757094e-10       1.192173141163e-13      -3.823652109608e-12       0.000000000000e+00       8.301199210577e-12       1.192179792425e-12      -6.693866990746e-15 
  109       4.013881934504e-10       1.209791924991e-13      -3.911196579109e-12       0.000000000000e+00       8.100033704116e-12       1.169413398616e-12      -6.633900300910e-15 
  110       4.058121265295e-10       1.227046977029e-13      -3.998211107539e-12       0.000000000000e+00       7.904448562211e-12       1.147220324310e-12      -6.572825099426e-15 
  111       4.102564034755e-10       1.243921187095e-13      -4.084623067371e-12       0.000000000000e+00       7.714372478222e-12       1.125594026082e-12      -6.510562606270e-15 
  112       4.147206480036e-10       1.260398060523e-13      -4.170359814122e-12       0.000000000000e+00       7.529833958957e-12       1.104537030499e-12      -6.447154981804e-15 
  113       4.192043854650e-10       1.276461264645e-13      -4.255348219038e-12       0.000000000000e+00       7.350827343557e-12       1.084047903969e-12      -6.382641207867e-15 
  114       4.237070393825e-10       1.292094640981e-13      -4.339514697020e-12       0.000000000000e+00       7.177311691488e-12       1.064121123285e-12      -6.317056924483e-15 
  115       4.282279279849e-10       1.307282217429e-13      -4.422785234555e-12       0.000000000000e+00       7.009209670527e-12       1.044746946183e-12      -6.250434266579e-15 
  116       4.327662607433e-10       1.322008220451e-13      -4.505085417642e-12       0.000000000000e+00       6.846406444756e-12       1.025911281892e-12      -6.182801700692e-15 
  117       4.373211349059e-10       1.336257087261e-13      -4.586340459723e-12       0.000000000000e+00       6.688748562546e-12       1.007595561682e-12      -6.114183861686e-15 
  118       4.418915320337e-10       1.350013478014e-13      -4.666475229605e-12       0.000000000000e+00       6.536042844552e-12       9.897766094189e-13      -6.044601389462e-15 
  119       4.464763145354e-10       1.363262287996e-13      -4.745414279397e-12       0.000000000000e+00       6.388055271700e-12       9.724265121129e-13      -5.974070765671e-15 
  120       4.510742222031e-10       1.375988659805e-13      -4.823081872432e-12       0.000000000000e+00       6.244509873172e-12       9.555124904728e-13      -5.902604150428e-15 
  121       4.556838687476e-10       1.388177995547e-13      -4.899402011195e-12       0.000000000000e+00       6.105087614405e-12       9.389967694557e-13      -5.830209219023e-15 
  122       4.603037383334e-10       1.399815969020e-13      -4.974298465255e-12       0.000000000000e+00       5.969425285073e-12       9.228364488180e-13      -5.756888998634e-15 
  123       4.649323682392e-10       1.410889014070e-13      -5.047695761704e-12       0.000000000000e+00       5.837193885587e-12       9.069935423419e-13      -5.682670347994e-15 
  124       4.695689279768e-10       1.421385827226e-13      -5.119522225836e-12       0.000000000000e+00       5.708346351897e-12       8.914666771635e-13      -5.607693448872e-15 
  125       4.742127004829e-10       1.431296061463e-13      -5.189707344043e-12       0.000000000000e+00       5.582896326626e-12       8.762628091239e-13      -5.532132335691e-15 
  126       4.788628999735e-10       1.440609881269e-13      -5.258180867731e-12       0.000000000000e+00       5.460840728076e-12       8.613873313396e-13      -5.456167234847e-15 
  127       4.835186699435e-10       1.449317978576e-13      -5.324872848821e-12       0.000000000000e+00       5.342159263698e-12       8.468440247598e-13      -5.379984626787e-15 
  128       4.881790811670e-10       1.457411588698e-13      -5.389713675246e-12       0.000000000000e+00       5.226813943559e-12       8.326350087223e-13      -5.303777308072e-15 
  129       4.928431296966e-10       1.464882506263e-13      -5.452634106453e-12       0.000000000000e+00       5.114748593813e-12       8.187606915106e-13      -5.227744453452e-15 
  130       4.975097348632e-10       1.471723101147e-13      -5.513565308908e-12       0.000000000000e+00       5.005888370168e-12       8.052197209102e-13      -5.152091677934e-15 
  131       5.021777372757e-10       1.477926334411e-13      -5.572438891592e-12       0.000000000000e+00       4.900139271361e-12       7.920089347654e-13      -5.077031098853e-15 
  132       5.068458968211e-10       1.483485774234e-13      -5.629186941505e-12       0.000000000000e+00       4.797387652622e-12       7.791233115360e-13      -5.002781397943e-15 
  133       5.115128906636e-10       1.488395611845e-13      -5.683742059168e-12       0.000000000000e+00       4.697499739145e-12       7.665559208539e-13      -4.929567883405e-15 
  134       5.161773112450e-10       1.492650677462e-13      -5.736037394120e-12       0.000000000000e+00       4.600321139558e-12       7.542978740794e-13      -4.857622551978e-15 
  135       5.208376642838e-10       1.496246456223e-13      -5.786006680423e-12       0.000000000000e+00       4.505676359394e-12       7.423382748583e-13      -4.787184151010e-15 
  136       5.254923667756e-10       1.499179104123e-13      -5.833584272161e-12       0.000000000000e+00       4.413368314557e-12       7.306641696781e-13      -4.718498240530e-15 
  137       5.301398831398e-10       1.501445742261e-13      -5.878705795599e-12       0.000000000000e+00       4.323220154323e-12       7.192631307864e-13      -4.651757133095e-15 
  138       5.347791537961e-10       1.503045340225e-13      -5.921310106664e-12       0.000000000000e+00       4.235206644652e-12       7.081314112602e-13      -4.586912567638e-15 
  139       5.394092073512e-10       1.503977954758e-13      -5.961337604281e-12       0.000000000000e+00       4.149335521124e-12       6.972665439981e-13      -4.523843678717e-15 
  140       5.440290253168e-10       1.504244477182e-13      -5.998729670931e-12       0.000000000000e+00       4.065606183310e-12       6.866647526458e-13      -4.462415062878e-15 
  141       5.486375409866e-10       1.503846651095e-13      -6.033428712074e-12       0.000000000000e+00       3.984009476790e-12       6.763209188604e-13      -4.402476459123e-15 
  142       5.532336383129e-10       1.502787090079e-13      -6.065378195562e-12       0.000000000000e+00       3.904527475170e-12       6.662285495756e-13      -4.343862429369e-15 
  143       5.578161507831e-10       1.501069295396e-13      -6.094522691052e-12       0.000000000000e+00       3.827133262093e-12       6.563797442662e-13      -4.286392038915e-15 
  144       5.623838602961e-10       1.498697673689e-13      -6.120807909421e-12       0.000000000000e+00       3.751790713264e-12       6.467651622128e-13      -4.229868536899e-15 
  145       5.669354960393e-10       1.495677554684e-13      -6.144180742186e-12       0.000000000000e+00       3.678454278458e-12       6.373739897663e-13      -4.174079036767e-15 
  146       5.714697333647e-10       1.492015208892e-13      -6.164589300914e-12       0.000000000000e+00       3.607068763540e-12       6.281939076133e-13      -4.118794196735e-15 
  147       5.759851926659e-10       1.487717865308e-13      -6.181982956637e-12       0.000000000000e+00       3.537569112480e-12       6.192110580402e-13      -4.063767900247e-15 
  148       5.804804382543e-10       1.482793729112e-13      -6.196312379272e-12       0.000000000000e+00       3.469880189370e-12       6.104100121982e-13      -4.008736936444e-15 
  149       5.849539772363e-10       1.477251999373e-13      -6.207529577032e-12       0.000000000000e+00       3.403916560440e-12       6.017737373677e-13      -3.953420680623e-15 
  150       5.894042583890e-10       1.471102886746e-13      -6.215587935840e-12       0.000000000000e+00       3.339582276074e-12       5.932835642238e-13      -3.897520774703e-15 
  151       5.938296710375e-10       1.464357631174e-13      -6.220442258749e-12       0.000000000000e+00       3.276770652824e-12       5.849191541001e-13      -3.840720807685e-15 
  152       5.982285439314e-10       1.457028519591e-13      -6.222048805354e-12       0.000000000000e+00       3.215364055430e-12       5.766584662539e-13      -3.782685996117e-15 
  153       6.025992672933e-10       1.449128747375e-13      -6.220365575108e-12       0.000000000000e+00       3.155258219389e-12       5.684828346213e-13      -3.723144445866e-15 
  154       6.069406740950e-10       1.440671950975e-13      -6.215353103959e-12       0.000000000000e+00       3.096438220967e-12       5.603927978784e-13      -3.662140107889e-15 
  155       6.112516922391e-10       1.431672665395e-13      -6.206973817246e-12       0.000000000000e+00       3.038909184878e-12       5.523936850153e-13      -3.599802831651e-15 
  156       6.155312240794e-10       1.422146493300e-13      -6.195191832768e-12       0.000000000000e+00       2.982672286060e-12       5.444906314134e-13      -3.536268991836e-15 
  157       6.197781459251e-10       1.412110121922e-13      -6.179973001442e-12       0.000000000000e+00       2.927724656677e-12       5.366885721324e-13      -3.471681584298e-15 
  158       6.239913075445e-10       1.401581339963e-13      -6.161284947961e-12       0.000000000000e+00       2.874059293118e-12       5.289922351972e-13      -3.406190322019e-15 
  159       6.281695316687e-10       1.390579054504e-13      -6.139097111448e-12       0.000000000000e+00       2.821664962998e-12       5.214061348854e-13      -3.339951731053e-15 
  160       6.323116134957e-10       1.379123307905e-13      -6.113380786119e-12       0.000000000000e+00       2.770526112156e-12       5.139345650139e-13      -3.273129246485e-15 
  161       6.364163201945e-10       1.367235294714e-13      -6.084109161932e-12       0.000000000000e+00       2.720622771654e-12       5.065815922263e-13      -3.205893308379e-15 
  162       6.404823904084e-10       1.354937378573e-13      -6.051257365255e-12       0.000000000000e+00       2.671930464782e-12       4.993510492801e-13      -3.138421457733e-15 
  163       6.445085337595e-10       1.342253109119e-13      -6.014802499513e-12       0.000000000000e+00       2.624420114052e-12       4.922465283333e-13      -3.070898432428e-15 
  164       6.484934303523e-10       1.329207238892e-13      -5.974723685851e-12       0.000000000000e+00       2.578057948202e-12       4.852713742320e-13      -3.003516263183e-15 
  165       6.524357302776e-10       1.315825740240e-13      -5.931002103791e-12       0.000000000000e+00       2.532805409191e-12       4.784286777972e-13      -2.936474369508e-15 
  166       6.563340531165e-10       1.302135822225e-13      -5.883621031886e-12       0.000000000000e+00       2.488619059207e-12       4.717212691119e-13      -2.869979655652e-15 
  167       6.601869874442e-10       1.288165947525e-13      -5.832565888383e-12       0.000000000000e+00       2.445450487658e-12       4.651517108084e-13      -2.804246606559e-15 
  168       6.639930903340e-10       1.273945849342e-13      -5.777824271874e-12       0.000000000000e+00       2.403246218176e-12       4.587222913550e-13      -2.739497383818e-15 
  169       6.677508868611e-10       1.259506548309e-13      -5.719386001957e-12       0.000000000000e+00       2.361947615619e-12       4.524350183435e-13      -2.675961921616e-15 
  170       6.714588696063e-10       1.244880369388e-13      -5.657243159894e-12       0.000000000000e+00       2.321490793066e-12       4.462916117760e-13      -2.613878022692e-15 
  171       6.751155971178e-10       1.230099984490e-13      -5.591389411761e-12       0.000000000000e+00       2.281819538061e-12       4.402930154088e-13      -2.553440486767e-15 
  172       6.787199995464e-10       1.215195415325e-13      -5.521817829472e-12       0.000000000000e+00       2.242925495502e-12       4.344378991155e-13      -2.494643535051e-15 
  173       6.822710976619e-10       1.200196811874e-13      -5.448522965132e-12       0.000000000000e+00       2.204811172632e-12       4.287240182042e-13      -2.437425369615e-15 
  174       6.857679060986e-10       1.185135417023e-13      -5.371501589639e-12       0.000000000000e+00       2.167477181809e-12       4.231486755068e-13      -2.381717847097e-15 
  175       6.892094332624e-10       1.170043579487e-13      -5.290752730406e-12       0.000000000000e+00       2.130922200616e-12       4.177087126993e-13      -2.327446366700e-15 
  176       6.925946812386e-10       1.154954766749e-13      -5.206277709098e-12       0.000000000000e+00       2.095142931987e-12       4.124005016230e-13      -2.274529758206e-15 
  177       6.959226456999e-10       1.139903577982e-13      -5.118080179357e-12       0.000000000000e+00       2.060134064319e-12       4.072199356050e-13      -2.222880169976e-15 
  178       6.991923158133e-10       1.124925756984e-13      -5.026166164535e-12       0.000000000000e+00       2.025888231595e-12       4.021624207791e-13      -2.172402956962e-15 
  179       7.024026741485e-10       1.110058205105e-13      -4.930544095423e-12       0.000000000000e+00       1.992395973496e-12       3.972228674066e-13      -2.122996568711e-15 
  180       7.055526965850e-10       1.095338994180e-13      -4.831224847978e-12       0.000000000000e+00       1.959645695526e-12       3.923956811968e-13      -2.074552437367e-15 
  181       7.086413522200e-10       1.080807379458e-13      -4.728221781058e-12       0.000000000000e+00       1.927623629121e-12       3.876747546282e-13      -2.026954865687e-15 
  182       7.116676032760e-10       1.066503812531e-13      -4.621550774149e-12       0.000000000000e+00       1.896313791778e-12       3.830534582689e-13      -1.980080915039e-15 
  183       7.146304050083e-10       1.052469954265e-13      -4.511230265094e-12       0.000000000000e+00       1.865697947162e-12       3.785246320977e-13      -1.933800293411e-15 
  184       7.175287056128e-10       1.038748687730e-13      -4.397281287826e-12       0.000000000000e+00       1.835755565232e-12       3.740805768244e-13      -1.887975243419e-15 
  185       7.203614461336e-10       1.025384131130e-13      -4.279727510095e-12       0.000000000000e+00       1.806463782354e-12       3.697130452113e-13      -1.842460430311e-15 
  186       7.231275603706e-10       1.012421650734e-13      -4.158595271198e-12       0.000000000000e+00       1.777797361423e-12       3.654132333931e-13      -1.797102829976e-15 
  187       7.258259747873e-10       9.999078738041e-14      -4.033913619712e-12       0.000000000000e+00       1.749728651977e-12       3.611717721984e-13      -1.751741616947e-15 
  188       7.284556084181e-10       9.878907015277e-14      -3.905714351221e-12       0.000000000000e+00       1.722227550316e-12       3.569787184701e-13      -1.706208052410e-15 
  189       7.310153727762e-10       9.764193219464e-14      -3.774032046045e-12       0.000000000000e+00       1.695261459623e-12       3.528235463863e-13      -1.660325372210e-15 
  190       7.335041717613e-10       9.655442228865e-14      -3.638904106974e-12       0.000000000000e+00       1.668795250077e-12       3.486951387810e-13      -1.613908674856e-15 
  191       7.359209750533e-10       9.553151188825e-14      -3.500368604092e-12       0.000000000000e+00       1.642798203471e-12       3.445840979935e-13      -1.566805537803e-15 
  192       7.382650446357e-10       9.457745313437e-14      -3.358457550098e-12       0.000000000000e+00       1.617265511903e-12       3.404898900813e-13      -1.519021502065e-15 
  193       7.405357251245e-10       9.369637506304e-14      -3.213203192046e-12       0.000000000000e+00       1.592198318596e-12       3.364142210063e-13      -1.470603806018e-15 
  194       7.427323719572e-10       9.289248848195e-14      -3.064640189235e-12       0.000000000000e+00       1.567596861507e-12       3.323587642133e-13      -1.421601524687e-15 
  195       7.448543515409e-10       9.217008658087e-14      -2.912805643764e-12       0.000000000000e+00       1.543460456300e-12       3.283251595415e-13      -1.372065591028e-15 
  196       7.469010414000e-10       9.153354554207e-14      -2.757739131084e-12       0.000000000000e+00       1.519787479318e-12       3.243150121352e-13      -1.322048817205e-15 
  197       7.488718303249e-10       9.098732515076e-14      -2.599482730554e-12       0.000000000000e+00       1.496575350554e-12       3.203298913545e-13      -1.271605915872e-15 
  198       7.507661185195e-10       9.053596940545e-14      -2.438081055997e-12       0.000000000000e+00       1.473820516628e-12       3.163713296863e-13      -1.220793521451e-15 
  199       7.525833177498e-10       9.018410712841e-14      -2.273581286248e-12       0.000000000000e+00       1.451518433759e-12       3.124408216551e-13      -1.169670211412e-15 
  200       7.543228514918e-10       8.993645257608e-14      -2.106033195715e-12       0.000000000000e+00       1.429663550734e-12       3.085398227337e-13      -1.118296527552e-15 
  201       7.559841550794e-10       8.979780604949e-14      -1.935489184930e-12       0.000000000000e+00       1.408249291885e-12       3.046697482545e-13      -1.066734997277e-15 
  202       7.575666758530e-10       8.977305450463e-14      -1.762004311103e-12       0.000000000000e+00       1.387268040063e-12       3.008319723199e-13      -1.015050154876e-15 
  203       7.590698733071e-10       8.986717216295e-14      -1.585636318677e-12       0.000000000000e+00       1.366711119606e-12       2.970278267132e-13      -9.633085628086e-16 
  204       7.604932192386e-10       9.008522112169e-14      -1.406445669881e-12       0.000000000000e+00       1.346568779315e-12       2.932585998099e-13      -9.115788329762e-16 
  205       7.618361978952e-10       9.043235196435e-14      -1.224495575285e-12       0.000000000000e+00       1.326830175430e-12       2.895255354878e-13      -8.599316480071e-16 
  206       7.630983061228e-10       9.091380437110e-14      -1.039852024356e-12       0.000000000000e+00       1.307483354595e-12       2.858298320386e-13      -8.084397825338e-16 
  207       7.642790535144e-10       9.153490772916e-14      -8.525838160087e-13       0.000000000000e+00       1.288515236840e-12       2.821726410784e-13      -7.571781244733e-16 
  208       7.653779625577e-10       9.230108174328e-14      -6.627625891616e-13       0.000000000000e+00       1.269911598546e-12       2.785550664584e-13      -7.062236963058e-16 
  209       7.663945687834e-10       9.321783704608e-14      -4.704628532911e-13       0.000000000000e+00       1.251657055424e-12       2.749781631761e-13      -6.556556763552e-16 
  210       7.673284209130e-10       9.429077580852e-14      -2.757620189853e-13       0.000000000000e+00       1.233735045485e-12       2.714429362860e-13      -6.055554200678e-16 
  211       7.681790810074e-10       9.552559235032e-14      -7.874042849855e-14       0.000000000000e+00       1.216127812012e-12       2.679503398103e-13      -5.560064812923e-16 
  212       7.689461246147e-10       9.692807375032e-14       1.205186136948e-13       0.000000000000e+00       1.198816386537e-12       2.645012756500e-13      -5.070946335591e-16 
  213       7.696291796553e-10       9.850376976492e-14       3.219330946260e-13       0.000000000000e+00       1.181784291516e-12       2.610965431002e-13      -4.588923033736e-16 
  214       7.702280456905e-10       1.002569765216e-13       5.254354369416e-13       0.000000000000e+00       1.165028961847e-12       2.577366858637e-13      -4.114106566073e-16 
  215       7.707425829981e-10       1.021916853425e-13       7.309601837767e-13       0.000000000000e+00       1.148551062095e-12       2.544221325969e-13      -3.646443161455e-16 
  216       7.711726748075e-10       1.043119070096e-13       9.384397750912e-13       0.000000000000e+00       1.132350828917e-12       2.511532441648e-13      -3.185866394353e-16 
  217       7.715182275505e-10       1.066216715045e-13       1.147804528395e-12       0.000000000000e+00       1.116428063830e-12       2.479303124218e-13      -2.732296987283e-16 
  218       7.717791711106e-10       1.091250277485e-13       1.358982619472e-12       0.000000000000e+00       1.100782125970e-12       2.447535589929e-13      -2.285642613230e-16 
  219       7.719554590736e-10       1.118260433419e-13       1.571900063107e-12       0.000000000000e+00       1.085411924864e-12       2.416231340539e-13      -1.845797698067e-16 
  220       7.720470689776e-10       1.147288043045e-13       1.786480693806e-12       0.000000000000e+00       1.070315913193e-12       2.385391151126e-13      -1.412643222980e-16 
  221       7.720540025627e-10       1.178374148149e-13       2.002646146526e-12       0.000000000000e+00       1.055492079558e-12       2.355015057897e-13      -9.860465268929e-17 
  222       7.719762860218e-10       1.211559969507e-13       2.220315837396e-12       0.000000000000e+00       1.040937941242e-12       2.325102345993e-13      -5.658611088874e-17 
  223       7.718139702500e-10       1.246886904280e-13       2.439406944443e-12       0.000000000000e+00       1.026650536983e-12       2.295651537299e-13      -1.519264306284e-17 
  224       7.715671310950e-10       1.284396523415e-13       2.659834388317e-12       0.000000000000e+00       1.012626419731e-12       2.266660378251e-13       2.559322812141e-17 
  225       7.712358696072e-10       1.324130569041e-13       2.881510813016e-12       0.000000000000e+00       9.988616494195e-13       2.238125827648e-13       6.579042325414e-17 
  226       7.708203122896e-10       1.366130951870e-13       3.104346566609e-12       0.000000000000e+00       9.853517857301e-13       2.210044044454e-13       1.054193259403e-16 
  227       7.703206113483e-10       1.410439748593e-13       3.328249681963e-12       0.000000000000e+00       9.720918808555e-13       2.182410375611e-13       1.445018025575e-16 
  228       7.697369449419e-10       1.457099199279e-13       3.553125857465e-12       0.000000000000e+00       9.590764722674e-13       2.155219343843e-13       1.830612220133e-16 
  229       7.690695174322e-10       1.506151704774e-13       3.778878437749e-12       0.000000000000e+00       9.462995754809e-13       2.128464635471e-13       2.211224755035e-16 
  230       7.683185596342e-10       1.557639824098e-13       4.005408394421e-12       0.000000000000e+00       9.337546768205e-13       2.102139088211e-13       2.587119962693e-16 
  231       7.674843290656e-10       1.611606271844e-13       4.232614306780e-12       0.000000000000e+00       9.214347261855e-13       2.076234678993e-13       2.958577793553e-16 
  232       7.665671101979e-10       1.668093915577e-13       4.460392342548e-12       0.000000000000e+00       9.093321298156e-13       2.050742511760e-13       3.325894013670e-16 
  233       7.655672147054e-10       1.727145773232e-13       4.688636238590e-12       0.000000000000e+00       8.974387430563e-13       2.025652805283e-13       3.689380402287e-16 
  234       7.644849817161e-10       1.788805010510e-13       4.917237281643e-12       0.000000000000e+00       8.857458631245e-13       2.000954880965e-13       4.049364949410e-16 
  235       7.633207780614e-10       1.853114938281e-13       5.146084289035e-12       0.000000000000e+00       8.742442218740e-13       1.976637150650e-13       4.406192053386e-16 
  236       7.620749985262e-10       1.920119009976e-13       5.375063589417e-12       0.000000000000e+00       8.629239785610e-13       1.952687104432e-13       4.760222718480e-16 
  237       7.607480660992e-10       1.989860818992e-13       5.604059003481e-12       0.000000000000e+00       8.517747126098e-13       1.929091298463e-13       5.111834752451e-16 
  238       7.593404279513e-10       2.062380157804e-13       5.832958463785e-12       0.000000000000e+00       8.407874290847e-13       1.905837573428e-13       5.461338410160e-16 
  239       7.578525425852e-10       2.137700935761e-13       6.061674359091e-12       0.000000000000e+00       8.299607248842e-13       1.882921884318e-13       5.808717244936e-16 
  240       7.562848923922e-10       2.215842524264e-13       6.290124385172e-12       0.000000000000e+00       8.192949820857e-13       1.860341860783e-13       6.153871940266e-16 
  241       7.546379880937e-10       2.296823618362e-13       6.518225011332e-12       0.000000000000e+00       8.087903858653e-13       1.838094606235e-13       6.496703470809e-16 
  242       7.529123689823e-10       2.380662225843e-13       6.745891475133e-12       0.000000000000e+00       7.984469215093e-13       1.816176690361e-13       6.837113121596e-16 
  243       7.511086031622e-10       2.467375656325e-13       6.973037777126e-12       0.000000000000e+00       7.882643714257e-13       1.794584141637e-13       7.175002507229e-16 
  244       7.492272877911e-10       2.556980510345e-13       7.199576675584e-12       0.000000000000e+00       7.782423121561e-13       1.773312439841e-13       7.510273591080e-16 
  245       7.472690493208e-10       2.649492668448e-13       7.425419681232e-12       0.000000000000e+00       7.683801113870e-13       1.752356508570e-13       7.842828704489e-16 
  246       7.452345437385e-10       2.744927280280e-13       7.650477051976e-12       0.000000000000e+00       7.586769249615e-13       1.731710707751e-13       8.172570565967e-16 
  247       7.431244568077e-10       2.843298753672e-13       7.874657787635e-12       0.000000000000e+00       7.491316938909e-13       1.711368826157e-13       8.499402300389e-16 
  248       7.409395043092e-10       2.944620743739e-13       8.097869624671e-12       0.000000000000e+00       7.397431413664e-13       1.691324073918e-13       8.823227458202e-16 
  249       7.386804322825e-10       3.048906141962e-13       8.320019030923e-12       0.000000000000e+00       7.305097697704e-13       1.671569075039e-13       9.143950034615e-16 
  250       7.363480172667e-10       3.156167065280e-13       8.541011200332e-12       0.000000000000e+00       7.214298576884e-13       1.652095859913e-13       9.461474488806e-16 
  251       7.339430665414e-10       3.266414845183e-13       8.760750047677e-12       0.000000000000e+00       7.125014569205e-13       1.632895857833e-13       9.775705763116e-16 
  252       7.314664183681e-10       3.379660016799e-13       8.979138203303e-12       0.000000000000e+00       7.037223894929e-13       1.613959889507e-13       1.008654930225e-15 
  253       7.289189422310e-10       3.495912307985e-13       9.196077007852e-12       0.000000000000e+00       6.950902446696e-13       1.595278159573e-13       1.039391107248e-15 
  254       7.263015390781e-10       3.615180628417e-13       9.411466506995e-12       0.000000000000e+00       6.866023759641e-13       1.576840249112e-13       1.069769758084e-15 
  255       7.236151415626e-10       3.737473058679e-13       9.625205446160e-12       0.000000000000e+00       6.782558981507e-13       1.558635108163e-13       1.099781589433e-15 
  256       7.208607142834e-10       3.862796839355e-13       9.837191265267e-12       0.000000000000e+00       6.700476842762e-13       1.540651048236e-13       1.129417365909e-15 
  257       7.180392540269e-10       3.991158360116e-13       1.004732009345e-11       0.000000000000e+00       6.619743626717e-13       1.522875734825e-13       1.158667911965e-15 
  258       7.151517900072e-10       4.122563148814e-13       1.025548674381e-11       0.000000000000e+00       6.540323139640e-13       1.505296179927e-13       1.187524113809e-15 
  259       7.121993841080e-10       4.257015860569e-13       1.046158470812e-11       0.000000000000e+00       6.462176680874e-13       1.487898734548e-13       1.215976921324e-15 
  260       7.091831311232e-10       4.394520266858e-13       1.066550615155e-11       0.000000000000e+00       6.385263012948e-13       1.470669081225e-13       1.244017349989e-15 
  261       7.061041589981e-10       4.535079244609e-13       1.086714190743e-11       0.000000000000e+00       6.309538331699e-13       1.453592226535e-13       1.271636482801e-15 
  262       7.029636290704e-10       4.678694765287e-13       1.106638147198e-11       0.000000000000e+00       6.234956236385e-13       1.436652493610e-13       1.298825472190e-15 
  263       6.997627363114e-10       4.825367883988e-13       1.126311299898e-11       0.000000000000e+00       6.161467699801e-13       1.419833514652e-13       1.325575541943e-15 
  264       6.965027095670e-10       4.975098728523e-13       1.145722329460e-11       0.000000000000e+00       6.089021038394e-13       1.403118223448e-13       1.351877989123e-15 
  265       6.931848117986e-10       5.127886488515e-13       1.164859781203e-11       0.000000000000e+00       6.017561882382e-13       1.386488847881e-13       1.377724185987e-15 
  266       6.898102810065e-10       5.283726793943e-13       1.183712856270e-11       0.000000000000e+00       5.947043487011e-13       1.369930763175e-13       1.403107193295e-15 
  267       6.863801489474e-10       5.442603715577e-13       1.202273833643e-11       0.000000000000e+00       5.877458348123e-13       1.353444298819e-13       1.428026693313e-15 
  268       6.828954130417e-10       5.604497308923e-13       1.220535778621e-11       0.000000000000e+00       5.808808245247e-13       1.337033558221e-13       1.452484328421e-15 
  269       6.793570949453e-10       5.769386170404e-13       1.238491763830e-11       0.000000000000e+00       5.741094042679e-13       1.320702614752e-13       1.476482118461e-15 
  270       6.757662406906e-10       5.937247422040e-13       1.256134870026e-11       0.000000000000e+00       5.674315677069e-13       1.304455510775e-13       1.500022465380e-15 
  271       6.721239208274e-10       6.108056696127e-13       1.273458186916e-11       0.000000000000e+00       5.608472145008e-13       1.288296256689e-13       1.523108157875e-15 
  272       6.684312305634e-10       6.281788119917e-13       1.290454813959e-11       0.000000000000e+00       5.543561490619e-13       1.272228829961e-13       1.545742376034e-15 
  273       6.646892899057e-10       6.458414300298e-13       1.307117861182e-11       0.000000000000e+00       5.479580793146e-13       1.256257174170e-13       1.567928695978e-15 
  274       6.608992438008e-10       6.637906308471e-13       1.323440449992e-11       0.000000000000e+00       5.416526154540e-13       1.240385198034e-13       1.589671094505e-15 
  275       6.570622622762e-10       6.820233664629e-13       1.339415713981e-11       0.000000000000e+00       5.354392687047e-13       1.224616774459e-13       1.610973953730e-15 
  276       6.531795405809e-10       7.005364322638e-13       1.355036799740e-11       0.000000000000e+00       5.293174500802e-13       1.208955739565e-13       1.631842065732e-15 
  277       6.492522993262e-10       7.193264654717e-13       1.370296867671e-11       0.000000000000e+00       5.232864691411e-13       1.193405891732e-13       1.652280637193e-15 
  278       6.452817846266e-10       7.383899436114e-13       1.385189092795e-11       0.000000000000e+00       5.173455327542e-13       1.177970990633e-13       1.672295294039e-15 
  279       6.412692682408e-10       7.577231829786e-13       1.399706665565e-11       0.000000000000e+00       5.114937438517e-13       1.162654756270e-13       1.691892086088e-15 
  280       6.372160477125e-10       7.773223371080e-13       1.413842792672e-11       0.000000000000e+00       5.057301001894e-13       1.147460868014e-13       1.711077491688e-15 
  281       6.331234465111e-10       7.971833952413e-13       1.427590697864e-11       0.000000000000e+00       5.000534931061e-13       1.132392963642e-13       1.729858422363e-15 
  282       6.289928141725e-10       8.173021807945e-13       1.440943622747e-11       0.000000000000e+00       4.944627062820e-13       1.117454638371e-13       1.748242227450e-15 
  283       6.248255264402e-10       8.376743498266e-13       1.453894827603e-11       0.000000000000e+00       4.889564144982e-13       1.102649443901e-13       1.766236698749e-15 
  284       6.206229854060e-10       8.582953895070e-13       1.466437592197e-11       0.000000000000e+00       4.835331823947e-13       1.087980887445e-13       1.783850075159e-15 
  285       6.163866196511e-10       8.791606165836e-13       1.478565216588e-11       0.000000000000e+00       4.781914632300e-13       1.073452430772e-13       1.801091047326e-15 
  286       6.121178843862e-10       9.002651758508e-13       1.490271021943e-11       0.000000000000e+00       4.729295976396e-13       1.059067489241e-13       1.817968762280e-15 
  287       6.078182615934e-10       9.216040386170e-13       1.501548351341e-11       0.000000000000e+00       4.677458123948e-13       1.044829430840e-13       1.834492828082e-15 
  288       6.034892601663e-10       9.431720011733e-13       1.512390570590e-11       0.000000000000e+00       4.626382191618e-13       1.030741575222e-13       1.850673318465e-15 
  289       5.991324160510e-10       9.649636832604e-13       1.522791069035e-11       0.000000000000e+00       4.576048132603e-13       1.016807192742e-13       1.866520777476e-15 
  290       5.947492923870e-10       9.869735265375e-13       1.532743260367e-11       0.000000000000e+00       4.526434724226e-13       1.003029503496e-13       1.882046224121e-15 
  291       5.903414796483e-10       1.009195793050e-12       1.542240583439e-11       0.000000000000e+00       4.477519555522e-13       9.894116763556e-14       1.897261157002e-15 
  292       5.859105957837e-10       1.031624563695e-12       1.551276503069e-11       0.000000000000e+00       4.429279014828e-13       9.759568280069e-14       1.912177558966e-15 
  293       5.814582863581e-10       1.054253736696e-12       1.559844510857e-11       0.000000000000e+00       4.381688277372e-13       9.626680219874e-14       1.926807901745e-15 
  294       5.769862246933e-10       1.077077026061e-12       1.567938125994e-11       0.000000000000e+00       4.334721292859e-13       9.495482677231e-14       1.941165150596e-15 
  295       5.724961120086e-10       1.100087960060e-12       1.575550896070e-11       0.000000000000e+00       4.288350773064e-13       9.366005195653e-14       1.955262768948e-15 
  296       5.679896775618e-10       1.123279879685e-12       1.582676397889e-11       0.000000000000e+00       4.242548179416e-13       9.238276758284e-14       1.969114723042e-15 
  297       5.634685744676e-10       1.146646111703e-12       1.589308895930e-11       0.000000000000e+00       4.197289090198e-13       9.112319984150e-14       1.982732402548e-15 
  298       5.589340612499e-10       1.170180500264e-12       1.595445351556e-11       0.000000000000e+00       4.152569616777e-13       8.988133424051e-14       1.996115206998e-15 
  299       5.543873050526e-10       1.193876898198e-12       1.601083513259e-11       0.000000000000e+00       4.108390762812e-13       8.865708383490e-14       2.009259509861e-15 
  300       5.498294845628e-10       1.217728993475e-12       1.606221269523e-11       0.000000000000e+00       4.064753111616e-13       8.745034621666e-14       2.022161701709e-15 
  301       5.452617900110e-10       1.241730307918e-12       1.610856650522e-11       0.000000000000e+00       4.021656821037e-13       8.626100333988e-14       2.034818190675e-15 
  302       5.406854231700e-10       1.265874195898e-12       1.614987829826e-11       0.000000000000e+00       3.979101618342e-13       8.508892134590e-14       2.047225402915e-15 
  303       5.361015973544e-10       1.290153843046e-12       1.618613126105e-11       0.000000000000e+00       3.937086795097e-13       8.393395038849e-14       2.059379783070e-15 
  304       5.315115374201e-10       1.314562264955e-12       1.621731004824e-11       0.000000000000e+00       3.895611202053e-13       8.279592445898e-14       2.071277794723e-15 
  305       5.269164797637e-10       1.339092305882e-12       1.624340079953e-11       0.000000000000e+00       3.854673244026e-13       8.167466121144e-14       2.082915920865e-15 
  306       5.223176723218e-10       1.363736637459e-12       1.626439115665e-11       0.000000000000e+00       3.814270874778e-13       8.056996178785e-14       2.094290664354e-15 
  307       5.177163745706e-10       1.388487757391e-12       1.628027028040e-11       0.000000000000e+00       3.774401591904e-13       7.948161064324e-14       2.105398548377e-15 
  308       5.131138575248e-10       1.413337988163e-12       1.629102886767e-11       0.000000000000e+00       3.735062431709e-13       7.840937537084e-14       2.116236116908e-15 
  309       5.085114037379e-10       1.438279475748e-12       1.629665916846e-11       0.000000000000e+00       3.696249964096e-13       7.735300652725e-14       2.126799935173e-15 
  310       5.039103073006e-10       1.463304188305e-12       1.629715500291e-11       0.000000000000e+00       3.657960287442e-13       7.631223745761e-14       2.137086590111e-15 
  311       4.993118738410e-10       1.488403914890e-12       1.629251177830e-11       0.000000000000e+00       3.620189023488e-13       7.528678412076e-14       2.147092690831e-15 
  312       4.947174205235e-10       1.513570264157e-12       1.628272650610e-11       0.000000000000e+00       3.582931312215e-13       7.427634491437e-14       2.156814869078e-15 
  313       4.901282760483e-10       1.538794663063e-12       1.626779781901e-11       0.000000000000e+00       3.546181806728e-13       7.328060050012e-14       2.166249779690e-15 
  314       4.855457806512e-10       1.564068355574e-12       1.624772598793e-11       0.000000000000e+00       3.509934668142e-13       7.229921362885e-14       2.175394101062e-15 
  315       4.809712861024e-10       1.589382401367e-12       1.622251293901e-11       0.000000000000e+00       3.474183560459e-13       7.133182896575e-14       2.184244535607e-15 
  316       4.764061557063e-10       1.614727674538e-12       1.619216227069e-11       0.000000000000e+00       3.438921645455e-13       7.037807291547e-14       2.192797810216e-15 
  317       4.718517643007e-10       1.640094862305e-12       1.615667927070e-11       0.000000000000e+00       3.404141577558e-13       6.943755344730e-14       2.201050676718e-15 
  318       4.673094982565e-10       1.665474463712e-12       1.611607093309e-11       0.000000000000e+00       3.369835498737e-13       6.850985992035e-14       2.208999912343e-15 
  319       4.627807554767e-10       1.690856788333e-12       1.607034597525e-11       0.000000000000e+00       3.335995033376e-13       6.759456290867e-14       2.216642320184e-15 
  320       4.582669453960e-10       1.716231954981e-12       1.601951485495e-11       0.000000000000e+00       3.302611283164e-13       6.669121402646e-14       2.223974729655e-15 
  321       4.537694889803e-10       1.741589890406e-12       1.596358978734e-11       0.000000000000e+00       3.269674821971e-13       6.579934575316e-14       2.230993996954e-15 
  322       4.492898187261e-10       1.766920328004e-12       1.590258476200e-11       0.000000000000e+00       3.237175690738e-13       6.491847125867e-14       2.237697005526e-15 
  323       4.448293786595e-10       1.792212806523e-12       1.583651555991e-11       0.000000000000e+00       3.205103392351e-13       6.404808422848e-14       2.244080666520e-15 
  324       4.403896243363e-10       1.817456668762e-12       1.576539977055e-11       0.000000000000e+00       3.173446886530e-13       6.318765868884e-14       2.250141919251e-15 
  325       4.359720228406e-10       1.842641060281e-12       1.568925680886e-11       0.000000000000e+00       3.142194584706e-13       6.233664883190e-14       2.255877731667e-15 
  326       4.315780527849e-10       1.867754928103e-12       1.560810793229e-11       0.000000000000e+00       3.111334344910e-13       6.149448884089e-14       2.261285100800e-15 
  327       4.272092043092e-10       1.892787019418e-12       1.552197625784e-11       0.000000000000e+00       3.080853466649e-13       6.066059271529e-14       2.266361053235e-15 
  328       4.228669790804e-10       1.917725880291e-12       1.543088677903e-11       0.000000000000e+00       3.050738685793e-13       5.983435409593e-14       2.271102645570e-15 
  329       4.185528902916e-10       1.942559854363e-12       1.533486638299e-11       0.000000000000e+00       3.020976169453e-13       5.901514609023e-14       2.275506964873e-15 
  330       4.142684626618e-10       1.967277081556e-12       1.523394386741e-11       0.000000000000e+00       2.991551510869e-13       5.820232109729e-14       2.279571129147e-15 
  331       4.100152324350e-10       1.991865496780e-12       1.512814995764e-11       0.000000000000e+00       2.962449724288e-13       5.739521063309e-14       2.283292287790e-15 
  332       4.057946282606e-10       2.016313709056e-12       1.501751771151e-11       0.000000000000e+00       2.933658043222e-13       5.659326168847e-14       2.286668440423e-15 
  333       4.016076080945e-10       2.040613683901e-12       1.490208371860e-11       0.000000000000e+00       2.905174460563e-13       5.579645273272e-14       2.289700931890e-15 
  334       3.974550064515e-10       2.064758175467e-12       1.478188698663e-11       0.000000000000e+00       2.876999551134e-13       5.500489552171e-14       2.292392067037e-15 
  335       3.933376519662e-10       2.088739856335e-12       1.465696857570e-11       0.000000000000e+00       2.849133699862e-13       5.421870017600e-14       2.294744303512e-15 
  336       3.892563672629e-10       2.112551317181e-12       1.452737161574e-11       0.000000000000e+00       2.821577099707e-13       5.343797515414e-14       2.296760253112e-15 
  337       3.852119688260e-10       2.136185066433e-12       1.439314132393e-11       0.000000000000e+00       2.794329749583e-13       5.266282722605e-14       2.298442683137e-15 
  338       3.812052668696e-10       2.159633529931e-12       1.425432502218e-11       0.000000000000e+00       2.767391452288e-13       5.189336144642e-14       2.299794517732e-15 
  339       3.772370652080e-10       2.182889050591e-12       1.411097215454e-11       0.000000000000e+00       2.740761812422e-13       5.112968112797e-14       2.300818839243e-15 
  340       3.733081611260e-10       2.205943888061e-12       1.396313430468e-11       0.000000000000e+00       2.714440234321e-13       5.037188781490e-14       2.301518889564e-15 
  341       3.694193452483e-10       2.228790218381e-12       1.381086521330e-11       0.000000000000e+00       2.688425919976e-13       4.962008125619e-14       2.301898071486e-15 
  342       3.655714014103e-10       2.251420133649e-12       1.365422079560e-11       0.000000000000e+00       2.662717866959e-13       4.887435937895e-14       2.301959950047e-15 
  343       3.617651065280e-10       2.273825641675e-12       1.349325915868e-11       0.000000000000e+00       2.637314866353e-13       4.813481826181e-14       2.301708253881e-15 
  344       3.580012304677e-10       2.295998665643e-12       1.332804061907e-11       0.000000000000e+00       2.612215500671e-13       4.740155210827e-14       2.301146876566e-15 
  345       3.542805359169e-10       2.317931043773e-12       1.315862772009e-11       0.000000000000e+00       2.587418141786e-13       4.667465322001e-14       2.300279877978e-15 
  346       3.506037782536e-10       2.339614528981e-12       1.298508524932e-11       0.000000000000e+00       2.562920948851e-13       4.595421197030e-14       2.299111485634e-15 
  347       3.469717054170e-10       2.361040788536e-12       1.280748025606e-11       0.000000000000e+00       2.538721866232e-13       4.524031677732e-14       2.297646096047e-15 
  348       3.433850577774e-10       2.382201403724e-12       1.262588206877e-11       0.000000000000e+00       2.514818621425e-13       4.453305407753e-14       2.295888276073e-15 
  349       3.398445680061e-10       2.403087869506e-12       1.244036231250e-11       0.000000000000e+00       2.491208722989e-13       4.383250829903e-14       2.293842764259e-15 
  350       3.363509609459e-10       2.423691594180e-12       1.225099492635e-11       0.000000000000e+00       2.467889458464e-13       4.313876183489e-14       2.291514472194e-15 
  351       3.329049534808e-10       2.444003899040e-12       1.205785618088e-11       0.000000000000e+00       2.444857892302e-13       4.245189501652e-14       2.288908485859e-15 
  352       3.295072544066e-10       2.464016018036e-12       1.186102469563e-11       0.000000000000e+00       2.422110863788e-13       4.177198608704e-14       2.286030066976e-15 
  353       3.261585643004e-10       2.483719097436e-12       1.166058145646e-11       0.000000000000e+00       2.399644984969e-13       4.109911117461e-14       2.282884654357e-15 
  354       3.228595753913e-10       2.503104195483e-12       1.145660983310e-11       0.000000000000e+00       2.377456638576e-13       4.043334426580e-14       2.279477865251e-15 
  355       3.196109714301e-10       2.522162282059e-12       1.124919559650e-11       0.000000000000e+00       2.355541975953e-13       3.977475717893e-14       2.275815496698e-15 
  356       3.164134275596e-10       2.540884238343e-12       1.103842693634e-11       0.000000000000e+00       2.333896914977e-13       3.912341953743e-14       2.271903526876e-15 
  357       3.132676101847e-10       2.559260856471e-12       1.082439447846e-11       0.000000000000e+00       2.312517137990e-13       3.847939874323e-14       2.267748116451e-15 
  358       3.101741768423e-10       2.577282839199e-12       1.060719130227e-11       0.000000000000e+00       2.291398089716e-13       3.784275995004e-14       2.263355609923e-15 
  359       3.071337760718e-10       2.594940799559e-12       1.038691295824e-11       0.000000000000e+00       2.270534975195e-13       3.721356603679e-14       2.258732536982e-15 
  360       3.041470472847e-10       2.612225260523e-12       1.016365748532e-11       0.000000000000e+00       2.249922757702e-13       3.659187758090e-14       2.253885613852e-15 
  361       3.012146206354e-10       2.629126654661e-12       9.937525428384e-12       0.000000000000e+00       2.229556156676e-13       3.597775283172e-14       2.248821744642e-15 
  362       2.983371168905e-10       2.645635323802e-12       9.708619855684e-12       0.000000000000e+00       2.209429645641e-13       3.537124768381e-14       2.243548022694e-15 
  363       2.955151472994e-10       2.661741518695e-12       9.477046376287e-12       0.000000000000e+00       2.189537450136e-13       3.477241565034e-14       2.238071731938e-15 
  364       2.927493134646e-10       2.677435398667e-12       9.242913157521e-12       0.000000000000e+00       2.169873545637e-13       3.418130783644e-14       2.232400348233e-15 
  365       2.900402072112e-10       2.692707031286e-12       9.006330942417e-12       0.000000000000e+00       2.150431655486e-13       3.359797291253e-14       2.226541540722e-15 
  366       2.873884104573e-10       2.707546392020e-12       8.767413067160e-12       0.000000000000e+00       2.131205248811e-13       3.302245708770e-14       2.220503173182e-15 
  367       2.847944950845e-10       2.721943363896e-12       8.526275478525e-12       0.000000000000e+00       2.112187538455e-13       3.245480408306e-14       2.214293305368e-15 
  368       2.822590228074e-10       2.735887737163e-12       8.283036751326e-12       0.000000000000e+00       2.093371478899e-13       3.189505510508e-14       2.207920194368e-15 
  369       2.797825450438e-10       2.749369208949e-12       8.037818105861e-12       0.000000000000e+00       2.074749764192e-13       3.134324881897e-14       2.201392295950e-15 
  370       2.773656027853e-10       2.762377382924e-12       7.790743425351e-12       0.000000000000e+00       2.056314825869e-13       3.079942132200e-14       2.194718265911e-15 
  371       2.750086666605e-10       2.774903056261e-12       7.541930426284e-12       0.000000000000e+00       2.038060207473e-13       3.026359581029e-14       2.187905611246e-15 
  372       2.727119548072e-10       2.786942136716e-12       7.291463752992e-12       0.000000000000e+00       2.019984751619e-13       2.973575118776e-14       2.180956582730e-15 
  373       2.704756076239e-10       2.798491878046e-12       7.039420865247e-12       0.000000000000e+00       2.002088572579e-13       2.921585217750e-14       2.173872124376e-15 
  374       2.682997467529e-10       2.809549607306e-12       6.785880800114e-12       0.000000000000e+00       1.984371693592e-13       2.870385948208e-14       2.166653209297e-15 
  375       2.661844748976e-10       2.820112725632e-12       6.530924181707e-12       0.000000000000e+00       1.966834045994e-13       2.819972974794e-14       2.159300839876e-15 
  376       2.641298756412e-10       2.830178709017e-12       6.274633230935e-12       0.000000000000e+00       1.949475468331e-13       2.770341552980e-14       2.151816047944e-15 
  377       2.621360132644e-10       2.839745109096e-12       6.017091775259e-12       0.000000000000e+00       1.932295705490e-13       2.721486525503e-14       2.144199894957e-15 
  378       2.602029325638e-10       2.848809553920e-12       5.758385258440e-12       0.000000000000e+00       1.915294407812e-13       2.673402318806e-14       2.136453472169e-15 
  379       2.583306586699e-10       2.857369748737e-12       5.498600750293e-12       0.000000000000e+00       1.898471130222e-13       2.626082939477e-14       2.128577900808e-15 
  380       2.565191968650e-10       2.865423476774e-12       5.237826956438e-12       0.000000000000e+00       1.881825331349e-13       2.579521970688e-14       2.120574332251e-15 
  381       2.547685324016e-10       2.872968600015e-12       4.976154228051e-12       0.000000000000e+00       1.865356372645e-13       2.533712568635e-14       2.112443948203e-15 
  382       2.530786303206e-10       2.880003059980e-12       4.713674571617e-12       0.000000000000e+00       1.849063517511e-13       2.488647458976e-14       2.104187960866e-15 
  383       2.514494352688e-10       2.886524878503e-12       4.450481658682e-12       0.000000000000e+00       1.832945930418e-13       2.444318933273e-14       2.095807613118e-15 
  384       2.498808713178e-10       2.892532158516e-12       4.186670835602e-12       0.000000000000e+00       1.817002676028e-13       2.400718845427e-14       2.087304178692e-15 
  385       2.483728417816e-10       2.898023084825e-12       3.922339133298e-12       0.000000000000e+00       1.801232718318e-13       2.357838608121e-14       2.078678962344e-15 
  386       2.469252290346e-10       2.902995924891e-12       3.657585277006e-12       0.000000000000e+00       1.785634919701e-13       2.315669189259e-14       2.069933300034e-15 
  387       2.455378943304e-10       2.907449029608e-12       3.392509696028e-12       0.000000000000e+00       1.770208040150e-13       2.274201108403e-14       2.061068559098e-15 
  388       2.442106776191e-10       2.911380834085e-12       3.127214533486e-12       0.000000000000e+00       1.754950736316e-13       2.233424433215e-14       2.052086138427e-15 
  389       2.429433973658e-10       2.914789858424e-12       2.861803656072e-12       0.000000000000e+00       1.739861560656e-13       2.193328775895e-14       2.042987468639e-15 
  390       2.417358503687e-10       2.917674708498e-12       2.596382663802e-12       0.000000000000e+00       1.724938960551e-13       2.153903289619e-14       2.033774012256e-15 
  391       2.405878115773e-10       2.920034076733e-12       2.331058899762e-12       0.000000000000e+00       1.710181277429e-13       2.115136664981e-14       2.024447263880e-15 
  392       2.394990339101e-10       2.921866742889e-12       2.065941459868e-12       0.000000000000e+00       1.695586745888e-13       2.077017126432e-14       2.015008750367e-15 
  393       2.384692480733e-10       2.923171574834e-12       1.801141202611e-12       0.000000000000e+00       1.681153492819e-13       2.039532428716e-14       2.005460031002e-15 
  394       2.374981623782e-10       2.923947529330e-12       1.536770758811e-12       0.000000000000e+00       1.666879536525e-13       2.002669853314e-14       1.995802697678e-15 
  395       2.365854625602e-10       2.924193652806e-12       1.272944541370e-12       0.000000000000e+00       1.652762785847e-13       1.966416204880e-14       1.986038375067e-15 
  396       2.357308115960e-10       2.923909082144e-12       1.009778755023e-12       0.000000000000e+00       1.638801039282e-13       1.930757807682e-14       1.976168720799e-15 
  397       2.349338495221e-10       2.923093045453e-12       7.473914060871e-13       0.000000000000e+00       1.624991984112e-13       1.895680502039e-14       1.966195425633e-15 
  398       2.341941932533e-10       2.921744862854e-12       4.859023122179e-13       0.000000000000e+00       1.611333195517e-13       1.861169640765e-14       1.956120213637e-15 
  399       2.335114364001e-10       2.919863947253e-12       2.254331121574e-13       0.000000000000e+00       1.597822135705e-13       1.827210085602e-14       1.945944842363e-15 
  400       2.328851490872e-10       2.917449805127e-12      -3.389272451244e-14       0.000000000000e+00       1.584456153030e-13       1.793786203665e-14       1.935671103017e-15 
  401       2.323148777715e-10       2.914502037298e-12      -2.919498876184e-13       0.000000000000e+00       1.571232481118e-13       1.760881863879e-14       1.925300820643e-15 
  402       2.318001450604e-10       2.911020339719e-12      -5.486112166442e-13       0.000000000000e+00       1.558148237982e-13       1.728480433418e-14       1.914835854290e-15 
  403       2.313404495296e-10       2.907004504246e-12      -8.037476909792e-13       0.000000000000e+00       1.545200425152e-13       1.696564774143e-14       1.904278097194e-15 
  404       2.309352655415e-10       2.902454419423e-12      -1.057228420166e-12       0.000000000000e+00       1.532385926795e-13       1.665117239046e-14       1.893629476948e-15 
  405       2.305840430630e-10       2.897370071260e-12      -1.308920634149e-12       0.000000000000e+00       1.519701508833e-13       1.634119668684e-14       1.882891955684e-15 
  406       2.302862074840e-10       2.891751544011e-12      -1.558689673523e-12       0.000000000000e+00       1.507143818072e-13       1.603553387621e-14       1.872067530240e-15 
  407       2.300411594350e-10       2.885599020955e-12      -1.806398979780e-12       0.000000000000e+00       1.494709381318e-13       1.573399200867e-14       1.861158232343e-15 
  408       2.298482746058e-10       2.878912785178e-12      -2.051910085562e-12       0.000000000000e+00       1.482394604502e-13       1.543637390319e-14       1.850166128780e-15 
  409       2.297069035630e-10       2.871693220346e-12      -2.295082604901e-12       0.000000000000e+00       1.470195771804e-13       1.514247711196e-14       1.839093321576e-15 
  410       2.296164135453e-10       2.863941523279e-12      -2.535788525006e-12       0.000000000000e+00       1.458109697312e-13       1.485213091553e-14       1.827941735648e-15 
  411       2.295763158496e-10       2.855661867860e-12      -2.773955659204e-12       0.000000000000e+00       1.446135707234e-13       1.456530882439e-14       1.816712473132e-15 
  412       2.295861425991e-10       2.846859319299e-12      -3.009525713876e-12       0.000000000000e+00       1.434273726171e-13       1.428201999205e-14       1.805406436536e-15 
  413       2.296454050226e-10       2.837539130545e-12      -3.242440126373e-12       0.000000000000e+00       1.422523630504e-13       1.400227253506e-14       1.794024539210e-15 
  414       2.297535933030e-10       2.827706743581e-12      -3.472640065448e-12       0.000000000000e+00       1.410885247982e-13       1.372607352377e-14       1.782567705379e-15 
  415       2.299101764245e-10       2.817367790702e-12      -3.700066431697e-12       0.000000000000e+00       1.399358357311e-13       1.345342897311e-14       1.771036870160e-15 
  416       2.301146020212e-10       2.806528095807e-12      -3.924659857980e-12       0.000000000000e+00       1.387942687738e-13       1.318434383332e-14       1.759432979588e-15 
  417       2.303662962251e-10       2.795193675683e-12      -4.146360709863e-12       0.000000000000e+00       1.376637918639e-13       1.291882198075e-14       1.747756990642e-15 
  418       2.306646635136e-10       2.783370741291e-12      -4.365109086046e-12       0.000000000000e+00       1.365443679106e-13       1.265686620860e-14       1.736009871266e-15 
  419       2.310090865579e-10       2.771065699056e-12      -4.580844818800e-12       0.000000000000e+00       1.354359547534e-13       1.239847821770e-14       1.724192600398e-15 
  420       2.313989260712e-10       2.758285152147e-12      -4.793507474392e-12       0.000000000000e+00       1.343385051207e-13       1.214365860727e-14       1.712306167987e-15 
  421       2.318335206560e-10       2.745035901771e-12      -5.003036353526e-12       0.000000000000e+00       1.332519665888e-13       1.189240686565e-14       1.700351575024e-15 
  422       2.323121866529e-10       2.731324948454e-12      -5.209370491771e-12       0.000000000000e+00       1.321762815399e-13       1.164472136112e-14       1.688329833562e-15 
  423       2.328342179879e-10       2.717159493327e-12      -5.412448659997e-12       0.000000000000e+00       1.311113871217e-13       1.140059933263e-14       1.676241966739e-15 
  424       2.333988860209e-10       2.702546939419e-12      -5.612209364802e-12       0.000000000000e+00       1.300572152053e-13       1.116003688057e-14       1.664089008808e-15 
  425       2.340054393934e-10       2.687494892935e-12      -5.808590848953e-12       0.000000000000e+00       1.290136923444e-13       1.092302895753e-14       1.651872005154e-15 
  426       2.346531038769e-10       2.672011164548e-12      -6.001531091811e-12       0.000000000000e+00       1.279807397337e-13       1.068956935907e-14       1.639592012323e-15 
  427       2.353410822203e-10       2.656103770683e-12      -6.190967809768e-12       0.000000000000e+00       1.269582731676e-13       1.045965071448e-14       1.627250098045e-15 
  428       2.360685539984e-10       2.639780934806e-12      -6.376838456679e-12       0.000000000000e+00       1.259462029994e-13       1.023326447754e-14       1.614847341255e-15 
  429       2.368346754595e-10       2.623051088705e-12      -6.559080224294e-12       0.000000000000e+00       1.249444340990e-13       1.001040091731e-14       1.602384832122e-15 
  430       2.376385793739e-10       2.605922873784e-12      -6.737630042691e-12       0.000000000000e+00       1.239528658125e-13       9.791049108848e-15       1.589863672069e-15 
  431       2.384793748815e-10       2.588405142342e-12      -6.912424580709e-12       0.000000000000e+00       1.229713919206e-13       9.575196924005e-15       1.577284973800e-15 
  432       2.393561473398e-10       2.570506958866e-12      -7.083400246382e-12       0.000000000000e+00       1.219999005970e-13       9.362831022186e-15       1.564649861322e-15 
  433       2.402679581722e-10       2.552237601312e-12      -7.250493187369e-12       0.000000000000e+00       1.210382743675e-13       9.153936841105e-15       1.551959469970e-15 
  434       2.412138447157e-10       2.533606562394e-12      -7.413639291388e-12       0.000000000000e+00       1.200863900684e-13       8.948498587555e-15       1.539214946431e-15 
  435       2.421928200692e-10       2.514623550871e-12      -7.572774186648e-12       0.000000000000e+00       1.191441188054e-13       8.746499228170e-15       1.526417448769e-15 
  436       2.432038729410e-10       2.495298492832e-12      -7.727833242286e-12       0.000000000000e+00       1.182113259122e-13       8.547920480188e-15       1.513568146447e-15 
  437       2.442459674973e-10       2.475641532982e-12      -7.878751568793e-12       0.000000000000e+00       1.172878709091e-13       8.352742802213e-15       1.500668220351e-15 
  438       2.453180432102e-10       2.455663035931e-12      -8.025464018451e-12       0.000000000000e+00       1.163736074618e-13       8.160945384984e-15       1.487718862818e-15 
  439       2.464190147051e-10       2.435373587477e-12      -8.167905185766e-12       0.000000000000e+00       1.154683833401e-13       7.972506142134e-15       1.474721277655e-15 
  440       2.475477716094e-10       2.414783995897e-12      -8.306009407897e-12       0.000000000000e+00       1.145720403765e-13       7.787401700954e-15       1.461676680167e-15 
  441       2.487031784002e-10       2.393905293227e-12      -8.439710765092e-12       0.000000000000e+00       1.136844144250e-13       7.605607393161e-15       1.448586297180e-15 
  442       2.498840742523e-10       2.372748736555e-12      -8.568943081123e-12       0.000000000000e+00       1.128053353196e-13       7.427097245655e-15       1.435451367062e-15 
  443       2.510892728861e-10       2.351325809303e-12      -8.693639923712e-12       0.000000000000e+00       1.119346268333e-13       7.251843971288e-15       1.422273139751e-15 
  444       2.523175624158e-10       2.329648222516e-12      -8.813734604968e-12       0.000000000000e+00       1.110721066365e-13       7.079818959626e-15       1.409052876779e-15 
  445       2.535677051974e-10       2.307727916145e-12      -8.929160181821e-12       0.000000000000e+00       1.102175862558e-13       6.910992267712e-15       1.395791851293e-15 
  446       2.548384376765e-10       2.285577060337e-12      -9.039849456452e-12       0.000000000000e+00       1.093708710327e-13       6.745332610831e-15       1.382491348082e-15 
  447       2.561284702364e-10       2.263208056722e-12      -9.145734976725e-12       0.000000000000e+00       1.085317600823e-13       6.582807353272e-15       1.369152663600e-15 
  448       2.574364870462e-10       2.240633539695e-12      -9.246749036624e-12       0.000000000000e+00       1.077000462519e-13       6.423382499094e-15       1.355777105988e-15 
  449       2.587612689130e-10       2.217865895001e-12      -9.342835447417e-12       0.000000000000e+00       1.068755513782e-13       6.267025597134e-15       1.342365959281e-15 
  450       2.601020665260e-10       2.194915795710e-12      -9.433985269745e-12       0.000000000000e+00       1.060582333993e-13       6.113714578357e-15       1.328920374682e-15 
  451       2.614582389951e-10       2.171793621379e-12      -9.520202239023e-12       0.000000000000e+00       1.052480826286e-13       5.963429186395e-15       1.315441475815e-15 
  452       2.628291318601e-10       2.148509937477e-12      -9.601491106647e-12       0.000000000000e+00       1.044450867495e-13       5.816148081675e-15       1.301930394227e-15 
  453       2.642140770112e-10       2.125075496379e-12      -9.677857647408e-12       0.000000000000e+00       1.036492307948e-13       5.671848833907e-15       1.288388269398e-15 
  454       2.656123926107e-10       2.101501238371e-12      -9.749308666927e-12       0.000000000000e+00       1.028604971267e-13       5.530507914584e-15       1.274816248734e-15 
  455       2.670233830134e-10       2.077798292644e-12      -9.815852009066e-12       0.000000000000e+00       1.020788654161e-13       5.392100689473e-15       1.261215487582e-15 
  456       2.684463386883e-10       2.053977978299e-12      -9.877496563364e-12       0.000000000000e+00       1.013043126227e-13       5.256601411111e-15       1.247587149221e-15 
  457       2.698805361392e-10       2.030051805342e-12      -9.934252272449e-12       0.000000000000e+00       1.005368129742e-13       5.123983211299e-15       1.233932404872e-15 
  458       2.713252378257e-10       2.006031475690e-12      -9.986130139472e-12       0.000000000000e+00       9.977633794605e-14       4.994218093599e-15       1.220252433698e-15 
  459       2.727796920849e-10       1.981928884162e-12      -1.003314223552e-11       0.000000000000e+00       9.902285624148e-14       4.867276925823e-15       1.206548422811e-15 
  460       2.742431330516e-10       1.957756119489e-12      -1.007530170705e-11       0.000000000000e+00       9.827633377067e-14       4.743129432534e-15       1.192821567265e-15 
  461       2.757147805798e-10       1.933525465303e-12      -1.011262278331e-11       0.000000000000e+00       9.753673363066e-14       4.621744187534e-15       1.179073070072e-15 
  462       2.771938401639e-10       1.909249401146e-12      -1.014512078374e-11       0.000000000000e+00       9.680401608495e-14       4.503088606365e-15       1.165304142194e-15 
  463       2.786795028594e-10       1.884940603465e-12      -1.017281212545e-11       0.000000000000e+00       9.607813854313e-14       4.387128938798e-15       1.151516002550e-15 
  464       2.801709452042e-10       1.860611946611e-12      -1.019571433057e-11       0.000000000000e+00       9.535905554057e-14       4.273830261331e-15       1.137709878021e-15 
  465       2.816673291395e-10       1.836276503843e-12      -1.021384603376e-11       0.000000000000e+00       9.464671871807e-14       4.163156469681e-15       1.123887003447e-15 
  466       2.831678019309e-10       1.811947548322e-12      -1.022722698953e-11       0.000000000000e+00       9.394107680146e-14       4.055070271282e-15       1.110048621636e-15 
  467       2.846714960895e-10       1.787638554115e-12      -1.023587807976e-11       0.000000000000e+00       9.324207558133e-14       3.949533177775e-15       1.096195983364e-15 
  468       2.861775292930e-10       1.763363197196e-12      -1.023982132108e-11       0.000000000000e+00       9.254965789264e-14       3.846505497507e-15       1.082330347376e-15 
  469       2.876850043066e-10       1.739135356440e-12      -1.023907987227e-11       0.000000000000e+00       9.186376359436e-14       3.745946328020e-15       1.068452980392e-15 
  470       2.891930089041e-10       1.714969114626e-12      -1.023367804175e-11       0.000000000000e+00       9.118432954917e-14       3.647813548552e-15       1.054565157109e-15 
  471       2.907006157892e-10       1.690878759440e-12      -1.022364129492e-11       0.000000000000e+00       9.051128960308e-14       3.552063812527e-15       1.040668160200e-15 
  472       2.922068825160e-10       1.666878784467e-12      -1.020899626166e-11       0.000000000000e+00       8.984457456507e-14       3.458652540051e-15       1.026763280325e-15 
  473       2.937108514106e-10       1.642983890200e-12      -1.018977074371e-11       0.000000000000e+00       8.918411218679e-14       3.367533910406e-15       1.012851816125e-15 
  474       2.952115494921e-10       1.619208985030e-12      -1.016599372211e-11       0.000000000000e+00       8.852982714217e-14       3.278660854545e-15       9.989350742297e-16 
  475       2.967079883931e-10       1.595569186255e-12      -1.013769536459e-11       0.000000000000e+00       8.788164100711e-14       3.191985047585e-15       9.850143692602e-16 
  476       2.981991642815e-10       1.572079821073e-12      -1.010490703307e-11       0.000000000000e+00       8.723947223908e-14       3.107456901306e-15       9.710910238300e-16 
  477       2.996840577811e-10       1.548756427585e-12      -1.006766129099e-11       0.000000000000e+00       8.660323615683e-14       3.025025556638e-15       9.571663685489e-16 
  478       3.011616338927e-10       1.525614755793e-12      -1.002599191080e-11       0.000000000000e+00       8.597284492002e-14       2.944638876163e-15       9.432417420253e-16 
  479       3.026308419153e-10       1.502670768602e-12      -9.979933881364e-12       0.000000000000e+00       8.534820750887e-14       2.866243436606e-15       9.293184908698e-16 
  480       3.040906153670e-10       1.479940642817e-12      -9.929523415368e-12       0.000000000000e+00       8.472922970382e-14       2.789784521328e-15       9.153979696970e-16 
  481       3.055398719062e-10       1.457440770145e-12      -9.874797956767e-12       0.000000000000e+00       8.411581406516e-14       2.715206112822e-15       9.014815411291e-16 
  482       3.069775132525e-10       1.435187758194e-12      -9.815796188195e-12       0.000000000000e+00       8.350785991273e-14       2.642450885211e-15       8.875705757981e-16 
  483       3.084024251079e-10       1.413198431471e-12      -9.752558038392e-12       0.000000000000e+00       8.290526330553e-14       2.571460196737e-15       8.736664523492e-16 
  484       3.098134770778e-10       1.391489832385e-12      -9.685124689630e-12       0.000000000000e+00       8.230791702141e-14       2.502174082257e-15       8.597705574431e-16 
  485       3.112095225918e-10       1.370079222245e-12      -9.613538585130e-12       0.000000000000e+00       8.171571053666e-14       2.434531245739e-15       8.458842857590e-16 
  486       3.125893988254e-10       1.348984082258e-12      -9.537843436491e-12       0.000000000000e+00       8.112853000576e-14       2.368469052757e-15       8.320090399975e-16 
  487       3.139519266204e-10       1.328222114533e-12      -9.458084231114e-12       0.000000000000e+00       8.054625824094e-14       2.303923522983e-15       8.181462308831e-16 
  488       3.152960548699e-10       1.307809603543e-12      -9.374309585042e-12       0.000000000000e+00       7.996879391053e-14       2.240840671981e-15       8.042972072412e-16 
  489       3.166212985678e-10       1.287756444773e-12      -9.286578863556e-12       0.000000000000e+00       7.939610980455e-14       2.179210923705e-15       7.904630439292e-16 
  490       3.179273136595e-10       1.268070969874e-12      -9.194955287432e-12       0.000000000000e+00       7.882819626562e-14       2.119035708858e-15       7.766447475902e-16 
  491       3.192137537526e-10       1.248761572978e-12      -9.099503615288e-12       0.000000000000e+00       7.826504211663e-14       2.060316206532e-15       7.628433259753e-16 
  492       3.204802701101e-10       1.229836710870e-12      -9.000290152188e-12       0.000000000000e+00       7.770663465007e-14       2.003053342414e-15       7.490597879113e-16 
  493       3.217265116448e-10       1.211304903163e-12      -8.897382758244e-12       0.000000000000e+00       7.715295961736e-14       1.947247786986e-15       7.352951432686e-16 
  494       3.229521249123e-10       1.193174732475e-12      -8.790850857220e-12       0.000000000000e+00       7.660400121816e-14       1.892899953726e-15       7.215504029285e-16 
  495       3.241567541053e-10       1.175454844604e-12      -8.680765445134e-12       0.000000000000e+00       7.605974208972e-14       1.840009997310e-15       7.078265787507e-16 
  496       3.253400410467e-10       1.158153948705e-12      -8.567199098861e-12       0.000000000000e+00       7.552016329612e-14       1.788577811817e-15       6.941246835415e-16 
  497       3.265016251839e-10       1.141280817459e-12      -8.450225984737e-12       0.000000000000e+00       7.498524431768e-14       1.738603028924e-15       6.804457310211e-16 
  498       3.276411435821e-10       1.124844287255e-12      -8.329921867160e-12       0.000000000000e+00       7.445496304020e-14       1.690085016114e-15       6.667907357912e-16 
  499       3.287582309181e-10       1.108853258364e-12      -8.206364117196e-12       0.000000000000e+00       7.392929574433e-14       1.643022874874e-15       6.531607133025e-16 
  500       3.298525194741e-10       1.093316695111e-12      -8.079631721178e-12       0.000000000000e+00       7.340821709487e-14       1.597415438899e-15       6.395566798229e-16 
  501       3.309236391312e-10       1.078243626052e-12      -7.949805289313e-12       0.000000000000e+00       7.289170013009e-14       1.553261272291e-15       6.259796524046e-16 
  502       3.319712173634e-10       1.063643144152e-12      -7.816967064281e-12       0.000000000000e+00       7.237971625103e-14       1.510558667763e-15       6.124306488520e-16 
  503       3.329948792308e-10       1.049524406956e-12      -7.681200929841e-12       0.000000000000e+00       7.187223521083e-14       1.469305644840e-15       5.989106876891e-16 
  504       3.339942473740e-10       1.035896636766e-12      -7.542592419434e-12       0.000000000000e+00       7.136922510408e-14       1.429499948061e-15       5.854207881275e-16 
  505       3.349689420071e-10       1.022769120818e-12      -7.401228724782e-12       0.000000000000e+00       7.087065235608e-14       1.391139045178e-15       5.719619700337e-16 
  506       3.359185809119e-10       1.010151211454e-12      -7.257198704498e-12       0.000000000000e+00       7.037648171219e-14       1.354220125362e-15       5.585352538970e-16 
  507       3.368427794314e-10       9.980523263001e-13      -7.110592892680e-12       0.000000000000e+00       6.988667622715e-14       1.318740097403e-15       5.451416607969e-16 
  508       3.377411504634e-10       9.864819484400e-13      -6.961503507522e-12       0.000000000000e+00       6.940119725439e-14       1.284695587909e-15       5.317822123710e-16 
  509       3.386133044544e-10       9.754496265912e-13      -6.810024459912e-12       0.000000000000e+00       6.892000443535e-14       1.252082939511e-15       5.184579307823e-16 
  510       3.394588493933e-10       9.649649752798e-13      -6.656251362039e-12       0.000000000000e+00       6.844305568879e-14       1.220898209066e-15       5.051698386872e-16 
  511       3.402773908047e-10       9.550376750160e-13      -6.500281535990e-12       0.000000000000e+00       6.797030720011e-14       1.191137165851e-15       4.919189592029e-16 
  512       3.410685317433e-10       9.456774724693e-13      -6.342214022360e-12       0.000000000000e+00       6.750171341069e-14       1.162795289775e-15       4.787063158752e-16 
  513       3.418318727871e-10       9.368941806437e-13      -6.182149588848e-12       0.000000000000e+00       6.703722700717e-14       1.135867769574e-15       4.655329326460e-16 
  514       3.425670120309e-10       9.286976790531e-13      -6.020190738867e-12       0.000000000000e+00       6.657679891081e-14       1.110349501013e-15       4.523998338210e-16 
  515       3.432735450808e-10       9.210979138967e-13      -5.856441720141e-12       0.000000000000e+00       6.612037826676e-14       1.086235085090e-15       4.393080440372e-16 
  516       3.439510650470e-10       9.141048982337e-13      -5.691008533311e-12       0.000000000000e+00       6.566791243342e-14       1.063518826237e-15       4.262585882310e-16 
  517       3.445991625382e-10       9.077287121592e-13      -5.523998940538e-12       0.000000000000e+00       6.521934697172e-14       1.042194730521e-15       4.132524916051e-16 
  518       3.452174256549e-10       9.019795029793e-13      -5.355522474104e-12       0.000000000000e+00       6.477462563449e-14       1.022256503846e-15       4.002907795969e-16 
  519       3.458054399831e-10       8.968674853861e-13      -5.185690445016e-12       0.000000000000e+00       6.433369035572e-14       1.003697550156e-15       3.873744778457e-16 
  520       3.463627885883e-10       8.924029416333e-13      -5.014615951611e-12       0.000000000000e+00       6.389648123990e-14       9.865109696320e-16       3.745046121602e-16 
  521       3.468890520089e-10       8.885962217111e-13      -4.842413888156e-12       0.000000000000e+00       6.346293655138e-14       9.706895569007e-16       3.616822084867e-16 
  522       3.473838082500e-10       8.854577435220e-13      -4.669200953451e-12       0.000000000000e+00       6.303299270360e-14       9.562257992307e-16       3.489082928763e-16 
  523       3.478466327772e-10       8.829979930557e-13      -4.495095659436e-12       0.000000000000e+00       6.260658424848e-14       9.431118747365e-16       3.361838914524e-16 
  524       3.482770985101e-10       8.812275245643e-13      -4.320218339786e-12       0.000000000000e+00       6.218364386571e-14       9.313396505796e-16       3.235100303790e-16 
  525       3.486747758161e-10       8.801569607378e-13      -4.144691158525e-12       0.000000000000e+00       6.176410235209e-14       9.209006811703e-16       3.108877358276e-16 
  526       3.490392325043e-10       8.797969928792e-13      -3.968638118618e-12       0.000000000000e+00       6.134788861080e-14       9.117862063693e-16       2.983180339454e-16 
  527       3.493701297989e-10       8.801565235980e-13      -3.792176474741e-12       0.000000000000e+00       6.093494091281e-14       9.039862810548e-16       2.858019642789e-16 
  528       3.496675131877e-10       8.812370381439e-13      -3.615390693388e-12       0.000000000000e+00       6.052524104448e-14       8.974871410469e-16       2.733406205193e-16 
  529       3.499315295935e-10       8.830380779793e-13      -3.438357790621e-12       0.000000000000e+00       6.011878108190e-14       8.922737608942e-16       2.609351108190e-16 
  530       3.501623321552e-10       8.855590835767e-13      -3.261155867746e-12       0.000000000000e+00       5.971555219832e-14       8.883307137616e-16       2.485865444098e-16 
  531       3.503600802633e-10       8.887993937931e-13      -3.083864116212e-12       0.000000000000e+00       5.931554465832e-14       8.856421692568e-16       2.362960315770e-16 
  532       3.505249395944e-10       8.927582452443e-13      -2.906562822502e-12       0.000000000000e+00       5.891874781201e-14       8.841918912579e-16       2.240646836322e-16 
  533       3.506570821471e-10       8.974347716787e-13      -2.729333373033e-12       0.000000000000e+00       5.852515008918e-14       8.839632357404e-16       2.118936128876e-16 
  534       3.507566862763e-10       9.028280033521e-13      -2.552258259053e-12       0.000000000000e+00       5.813473899350e-14       8.849391486041e-16       1.997839326284e-16 
  535       3.508239367288e-10       9.089368664015e-13      -2.375421081532e-12       0.000000000000e+00       5.774750109673e-14       8.871021635001e-16       1.877367570873e-16 
  536       3.508590246781e-10       9.157601822194e-13      -2.198906556060e-12       0.000000000000e+00       5.736342203282e-14       8.904343996581e-16       1.757532014170e-16 
  537       3.508621477599e-10       9.232966668283e-13      -2.022800517748e-12       0.000000000000e+00       5.698248649214e-14       8.949175597135e-16       1.638343816644e-16 
  538       3.508335101065e-10       9.315449302544e-13      -1.847189926114e-12       0.000000000000e+00       5.660467821569e-14       9.005329275342e-16       1.519814147435e-16 
  539       3.507733223828e-10       9.405034759022e-13      -1.672162869988e-12       0.000000000000e+00       5.622997998920e-14       9.072613660479e-16       1.401954184091e-16 
  540       3.506818018204e-10       9.501706999288e-13      -1.497808572403e-12       0.000000000000e+00       5.585837363735e-14       9.150833150691e-16       1.284775112302e-16 
  541       3.505591722534e-10       9.605448906175e-13      -1.324217395494e-12       0.000000000000e+00       5.548984001799e-14       9.239787891261e-16       1.168288125636e-16 
  542       3.504056641535e-10       9.716242277529e-13      -1.151480845389e-12       0.000000000000e+00       5.512435901623e-14       9.339273752883e-16       1.052504425270e-16 
  543       3.502215146645e-10       9.834067819945e-13      -9.796915771104e-13       0.000000000000e+00       5.476190953869e-14       9.449082309930e-16       9.374352197260e-17 
  544       3.500069676379e-10       9.958905142509e-13      -8.089433994691e-13       0.000000000000e+00       5.440246950766e-14       9.569000818727e-16       8.230917246070e-17 
  545       3.497622736681e-10       1.009073275054e-12      -6.393312799588e-13       0.000000000000e+00       5.404601585525e-14       9.698812195820e-16       7.094851623293e-17 
  546       3.494876901268e-10       1.022952803935e-12      -4.709513496537e-13       0.000000000000e+00       5.369252451762e-14       9.838294996247e-16       5.966267618582e-17 
  547       3.491834811988e-10       1.037526728795e-12      -3.039009081037e-13       0.000000000000e+00       5.334197042912e-14       9.987223391809e-16       4.845277584415e-17 
  548       3.488499179170e-10       1.052792565282e-12      -1.382784282306e-13       0.000000000000e+00       5.299432751648e-14       1.014536714934e-15       3.731993933446e-17 
  549       3.484872781969e-10       1.068747716164e-12       2.581643877604e-14       0.000000000000e+00       5.264956869298e-14       1.031249160899e-15       2.626529135849e-17 
  550       3.480958468724e-10       1.085389470704e-12       1.882828585630e-13       0.000000000000e+00       5.230766585267e-14       1.048835766246e-15       1.528995716656e-17 
  551       3.476759157306e-10       1.102715004035e-12       3.490188087174e-13       0.000000000000e+00       5.196858986447e-14       1.067272173132e-15       4.395062531074e-18 
  552       3.472277835467e-10       1.120721376531e-12       5.079210738709e-13       0.000000000000e+00       5.163231056645e-14       1.086533574524e-15      -6.418266280044e-18 
  553       3.467517561196e-10       1.139405533184e-12       6.648852408036e-13       0.000000000000e+00       5.129879675991e-14       1.106594712030e-15      -1.714890252994e-17 
  554       3.462481463065e-10       1.158764302978e-12       8.198056935483e-13       0.000000000000e+00       5.096801620362e-14       1.127429873721e-15      -2.779571903935e-17 
  555       3.457172740580e-10       1.178794398261e-12       9.725756084944e-13       0.000000000000e+00       5.063993560799e-14       1.149012891963e-15      -3.835758821319e-17 
  556       3.451594664538e-10       1.199492414123e-12       1.123086949492e-12       0.000000000000e+00       5.031452062923e-14       1.171317141241e-15      -4.883338206709e-17 
  557       3.445750577368e-10       1.220854827767e-12       1.271230462956e-12       0.000000000000e+00       4.999173586356e-14       1.194315535988e-15      -5.922197225398e-17 
  558       3.439643893493e-10       1.242877997884e-12       1.416895672970e-12       0.000000000000e+00       4.967154484133e-14       1.217980528409e-15      -6.952223009060e-17 
  559       3.433278099673e-10       1.265558164029e-12       1.559970876391e-12       0.000000000000e+00       4.935391002129e-14       1.242284106312e-15      -7.973302658410e-17 
  560       3.426656755356e-10       1.288891445991e-12       1.700343137953e-12       0.000000000000e+00       4.903879278467e-14       1.267197790934e-15      -8.985323245859e-17 
  561       3.419783493035e-10       1.312873843174e-12       1.837898285370e-12       0.000000000000e+00       4.872615342943e-14       1.292692634766e-15      -9.988171818168e-17 
  562       3.412662018594e-10       1.337501233962e-12       1.972520904443e-12       0.000000000000e+00       4.841595116442e-14       1.318739219380e-15      -1.098173539911e-16 
  563       3.405296111658e-10       1.362769375104e-12       2.104094334161e-12       0.000000000000e+00       4.810814410353e-14       1.345307653260e-15      -1.196590099210e-16 
  564       3.397689625949e-10       1.388673901078e-12       2.232500661805e-12       0.000000000000e+00       4.780268925992e-14       1.372367569626e-15      -1.294055558291e-16 
  565       3.389846489633e-10       1.415210323473e-12       2.357620718056e-12       0.000000000000e+00       4.749954254014e-14       1.399888124261e-15      -1.390558614224e-16 
  566       3.381770819145e-10       1.442373177272e-12       2.479348396893e-12       0.000000000000e+00       4.719866546600e-14       1.427841067629e-15      -1.486090288279e-16 
  567       3.373467263181e-10       1.470153436863e-12       2.597634030032e-12       0.000000000000e+00       4.690004554173e-14       1.456210052479e-15      -1.580650968215e-16 
  568       3.364940668247e-10       1.498541032314e-12       2.712442118695e-12       0.000000000000e+00       4.660367639929e-14       1.484981561403e-15      -1.674243547688e-16 
  569       3.356195966383e-10       1.527525695509e-12       2.823737110241e-12       0.000000000000e+00       4.630955111482e-14       1.514141853190e-15      -1.766871118339e-16 
  570       3.347238175552e-10       1.557096959195e-12       2.931483398625e-12       0.000000000000e+00       4.601766220537e-14       1.543676961808e-15      -1.858536970931e-16 
  571       3.338072400036e-10       1.587244156043e-12       3.035645324860e-12       0.000000000000e+00       4.572800162556e-14       1.573572695372e-15      -1.949244596485e-16 
  572       3.328703830829e-10       1.617956417702e-12       3.136187177477e-12       0.000000000000e+00       4.544056076433e-14       1.603814635128e-15      -2.038997687414e-16 
  573       3.319137746028e-10       1.649222673852e-12       3.233073192985e-12       0.000000000000e+00       4.515533044154e-14       1.634388134427e-15      -2.127800138656e-16 
  574       3.309379511228e-10       1.681031651263e-12       3.326267556329e-12       0.000000000000e+00       4.487230090477e-14       1.665278317701e-15      -2.215656048816e-16 
  575       3.299434579919e-10       1.713371872845e-12       3.415734401356e-12       0.000000000000e+00       4.459146182595e-14       1.696470079440e-15      -2.302569721292e-16 
  576       3.289308493870e-10       1.746231656709e-12       3.501437811272e-12       0.000000000000e+00       4.431280229805e-14       1.727948083169e-15      -2.388545665416e-16 
  577       3.279006883534e-10       1.779599115219e-12       3.583341819101e-12       0.000000000000e+00       4.403631083184e-14       1.759696760425e-15      -2.473588597590e-16 
  578       3.268535468431e-10       1.813462154046e-12       3.661410408150e-12       0.000000000000e+00       4.376197535249e-14       1.791700309732e-15      -2.557703442416e-16 
  579       3.257900057549e-10       1.847808471227e-12       3.735607512464e-12       0.000000000000e+00       4.348978319634e-14       1.823942695579e-15      -2.640895333834e-16 
  580       3.247106549732e-10       1.882625556218e-12       3.805897017291e-12       0.000000000000e+00       4.321972110756e-14       1.856407647397e-15      -2.723169616260e-16 
  581       3.236160934077e-10       1.917900688948e-12       3.872242759540e-12       0.000000000000e+00       4.295177523488e-14       1.889078658533e-15      -2.804531845714e-16 
  582       3.225069290324e-10       1.953620938876e-12       3.934608528241e-12       0.000000000000e+00       4.268593112820e-14       1.921938985232e-15      -2.884987790963e-16 
  583       3.213837789253e-10       1.989773164048e-12       3.992958065008e-12       0.000000000000e+00       4.242217373540e-14       1.954971645608e-15      -2.964543434650e-16 
  584       3.202472693076e-10       2.026344010148e-12       4.047255064498e-12       0.000000000000e+00       4.216048739894e-14       1.988159418621e-15      -3.043204974432e-16 
  585       3.190980355828e-10       2.063319909555e-12       4.097463174870e-12       0.000000000000e+00       4.190085585261e-14       2.021484843058e-15      -3.120978824115e-16 
  586       3.179367223763e-10       2.100687080401e-12       4.143545998246e-12       0.000000000000e+00       4.164326221819e-14       2.054930216507e-15      -3.197871614789e-16 
  587       3.167639835747e-10       2.138431525621e-12       4.185467091176e-12       0.000000000000e+00       4.138768900216e-14       2.088477594332e-15      -3.273890195961e-16 
  588       3.155804823652e-10       2.176539032013e-12       4.223189965090e-12       0.000000000000e+00       4.113411809242e-14       2.122108788653e-15      -3.349041636694e-16 
  589       3.143868912746e-10       2.214995169290e-12       4.256678086767e-12       0.000000000000e+00       4.088253075491e-14       2.155805367318e-15      -3.423333226740e-16 
  590       3.131838922090e-10       2.253785289138e-12       4.285894878788e-12       0.000000000000e+00       4.063290763041e-14       2.189548652887e-15      -3.496772477672e-16 
  591       3.119721764929e-10       2.292894524268e-12       4.310803720002e-12       0.000000000000e+00       4.038522873113e-14       2.223319721600e-15      -3.569367124027e-16 
  592       3.107524449089e-10       2.332307787474e-12       4.331367945985e-12       0.000000000000e+00       4.013947343747e-14       2.257099402360e-15      -3.641125124432e-16 
  593       3.095254077365e-10       2.372009770687e-12       4.347550849497e-12       0.000000000000e+00       3.989562049470e-14       2.290868275706e-15      -3.712054662747e-16 
  594       3.082917847918e-10       2.411984944031e-12       4.359315680948e-12       0.000000000000e+00       3.965364800966e-14       2.324606672791e-15      -3.782164149193e-16 
  595       3.070523054667e-10       2.452217554875e-12       4.366625648855e-12       0.000000000000e+00       3.941353344741e-14       2.358294674361e-15      -3.851462221493e-16 
  596       3.058077087683e-10       2.492691626895e-12       4.369443920302e-12       0.000000000000e+00       3.917525362800e-14       2.391912109726e-15      -3.919957746006e-16 
  597       3.045587433583e-10       2.533390959122e-12       4.367733621403e-12       0.000000000000e+00       3.893878472310e-14       2.425438555742e-15      -3.987659818857e-16 
  598       3.033061675921e-10       2.574299125001e-12       4.361457837759e-12       0.000000000000e+00       3.870410225272e-14       2.458853335784e-15      -4.054577767079e-16 
  599       3.020507495585e-10       2.615399471446e-12       4.350579614922e-12       0.000000000000e+00       3.847118108191e-14       2.492135518724e-15      -4.120721149744e-16 
  600       3.007932671185e-10       2.656675117895e-12       4.335061958854e-12       0.000000000000e+00       3.823999541744e-14       2.525263917910e-15      -4.186099759100e-16 
  601       2.995345079451e-10       2.698108955365e-12       4.314867836386e-12       0.000000000000e+00       3.801051880452e-14       2.558217090138e-15      -4.250723621704e-16 
  602       2.982752695626e-10       2.739683645505e-12       4.289960175681e-12       0.000000000000e+00       3.778272412346e-14       2.590973334631e-15      -4.314602999559e-16 
  603       2.970163593857e-10       2.781381619657e-12       4.260301866692e-12       0.000000000000e+00       3.755658358638e-14       2.623510692017e-15      -4.377748391249e-16 
  604       2.957585947590e-10       2.823185077905e-12       4.225855761625e-12       0.000000000000e+00       3.733206873391e-14       2.655806943302e-15      -4.440170533073e-16 
  605       2.945027392276e-10       2.865076816972e-12       4.186596051585e-12       0.000000000000e+00       3.710915463633e-14       2.687844149115e-15      -4.501877012526e-16 
  606       2.932493095842e-10       2.907042737711e-12       4.142542696472e-12       0.000000000000e+00       3.688783261481e-14       2.719622389543e-15      -4.562862016875e-16 
  607       2.919987642537e-10       2.949069396120e-12       4.093727825039e-12       0.000000000000e+00       3.666809781998e-14       2.751146353118e-15      -4.623116339976e-16 
  608       2.907515666596e-10       2.991143179305e-12       4.040184437922e-12       0.000000000000e+00       3.644994505323e-14       2.782420826957e-15      -4.682630747620e-16 
  609       2.895081852424e-10       3.033250304802e-12       3.981946411820e-12       0.000000000000e+00       3.623336876481e-14       2.813450697227e-15      -4.741395977553e-16 
  610       2.882690934783e-10       3.075376819905e-12       3.919048503680e-12       0.000000000000e+00       3.601836305191e-14       2.844240949606e-15      -4.799402739504e-16 
  611       2.870347698976e-10       3.117508600991e-12       3.851526354879e-12       0.000000000000e+00       3.580492165670e-14       2.874796669746e-15      -4.856641715215e-16 
  612       2.858056981029e-10       3.159631352849e-12       3.779416495412e-12       0.000000000000e+00       3.559303796445e-14       2.905123043738e-15      -4.913103558461e-16 
  613       2.845823667878e-10       3.201730608003e-12       3.702756348073e-12       0.000000000000e+00       3.538270500153e-14       2.935225358570e-15      -4.968778895081e-16 
  614       2.833652697555e-10       3.243791726042e-12       3.621584232638e-12       0.000000000000e+00       3.517391543355e-14       2.965109002596e-15      -5.023658323003e-16 
  615       2.821549059370e-10       3.285799892945e-12       3.535939370052e-12       0.000000000000e+00       3.496666156339e-14       2.994779465991e-15      -5.077732412271e-16 
  616       2.809517794094e-10       3.327740120408e-12       3.445861886611e-12       0.000000000000e+00       3.476093532927e-14       3.024242341220e-15      -5.130991705070e-16 
  617       2.797563994151e-10       3.369597245168e-12       3.351392818146e-12       0.000000000000e+00       3.455672830285e-14       3.053503323499e-15      -5.183426715751e-16 
  618       2.785692803793e-10       3.411355928333e-12       3.252574114207e-12       0.000000000000e+00       3.435403168727e-14       3.082568211256e-15      -5.235027930861e-16 
  619       2.773909419292e-10       3.453000654708e-12       3.149448642248e-12       0.000000000000e+00       3.415283631524e-14       3.111442906594e-15      -5.285785809168e-16 
  620       2.762219089122e-10       3.494515732120e-12       3.042060191808e-12       0.000000000000e+00       3.395313264710e-14       3.140133415755e-15      -5.335690781685e-16 
  621       2.750627114143e-10       3.535885290744e-12       2.930453478700e-12       0.000000000000e+00       3.375491076890e-14       3.168645849584e-15      -5.384733251700e-16 
  622       2.739138847785e-10       3.577093282431e-12       2.814674149190e-12       0.000000000000e+00       3.355816039045e-14       3.196986423988e-15      -5.432903594798e-16 
  623       2.727759696237e-10       3.618123480036e-12       2.694768784181e-12       0.000000000000e+00       3.336287084341e-14       3.225161460400e-15      -5.480192158893e-16 
  624       2.716495118626e-10       3.658959476741e-12       2.570784903403e-12       0.000000000000e+00       3.316903107938e-14       3.253177386242e-15      -5.526589264247e-16 
  625       2.705350627204e-10       3.699584685382e-12       2.442770969589e-12       0.000000000000e+00       3.297662966791e-14       3.281040735391e-15      -5.572085203504e-16 
  626       2.694331787535e-10       3.739982337780e-12       2.310776392665e-12       0.000000000000e+00       3.278565479463e-14       3.308758148634e-15      -5.616670241711e-16 
  627       2.683444218676e-10       3.780135484061e-12       2.174851533930e-12       0.000000000000e+00       3.259609425929e-14       3.336336374138e-15      -5.660334616345e-16 
  628       2.672693593364e-10       3.820026991988e-12       2.035047710241e-12       0.000000000000e+00       3.240793547384e-14       3.363782267909e-15      -5.703068537342e-16 
  629       2.662085638196e-10       3.859639546284e-12       1.891417198199e-12       0.000000000000e+00       3.222116546051e-14       3.391102794255e-15      -5.744862187120e-16 
  630       2.651626133824e-10       3.898955647961e-12       1.744013238331e-12       0.000000000000e+00       3.203577084984e-14       3.418305026250e-15      -5.785705720608e-16 
  631       2.641320915126e-10       3.937957613642e-12       1.592890039272e-12       0.000000000000e+00       3.185173787881e-14       3.445396146196e-15      -5.825589265272e-16 
  632       2.631175871402e-10       3.976627574895e-12       1.438102781954e-12       0.000000000000e+00       3.166905238887e-14       3.472383446084e-15      -5.864502921138e-16 
  633       2.621196946554e-10       4.014947477553e-12       1.279707623785e-12       0.000000000000e+00       3.148769982402e-14       3.499274328060e-15      -5.902436760822e-16 
  634       2.611390139268e-10       4.052899081043e-12       1.117761702836e-12       0.000000000000e+00       3.130766522888e-14       3.526076304885e-15      -5.939380829556e-16 
  635       2.601761503204e-10       4.090463957712e-12       9.523231420236e-13       0.000000000000e+00       3.112893324677e-14       3.552797000398e-15      -5.975325145213e-16 
  636       2.592317147178e-10       4.127623492154e-12       7.834510532943e-13       0.000000000000e+00       3.095148811777e-14       3.579444149980e-15      -6.010259698332e-16 
  637       2.583063235345e-10       4.164358880538e-12       6.112055418082e-13       0.000000000000e+00       3.077531367678e-14       3.606025601016e-15      -6.044174452148e-16 
  638       2.574005987387e-10       4.200651129930e-12       4.356477101229e-13       0.000000000000e+00       3.060039335163e-14       3.632549313356e-15      -6.077059342617e-16 
  639       2.565151678696e-10       4.236481057625e-12       2.568396623778e-13       0.000000000000e+00       3.042671016110e-14       3.659023359781e-15      -6.108904278438e-16 
  640       2.556506640556e-10       4.271829290469e-12       7.484450847772e-14       0.000000000000e+00       3.025424671304e-14       3.685455926463e-15      -6.139699141087e-16 
  641       2.548077260335e-10       4.306676264188e-12      -1.102736317231e-13       0.000000000000e+00       3.008298520240e-14       3.711855313429e-15      -6.169433784838e-16 
  642       2.539869981660e-10       4.341002222713e-12      -2.984496242370e-13       0.000000000000e+00       2.991290740932e-14       3.738229935023e-15      -6.198098036789e-16 
  643       2.531891304610e-10       4.374787217509e-12      -4.896173167592e-13       0.000000000000e+00       2.974399469719e-14       3.764588320369e-15      -6.225681696891e-16 
  644       2.524146894899e-10       4.408013218276e-12      -6.837078475559e-13       0.000000000000e+00       2.957623066045e-14       3.790936462222e-15      -6.252177733337e-16 
  645       2.516638888937e-10       4.440670498854e-12      -8.806445385852e-13       0.000000000000e+00       2.940960913754e-14       3.817269796714e-15      -6.277591948059e-16 
  646       2.509368528147e-10       4.472751394504e-12      -1.080347878534e-12       0.000000000000e+00       2.924412637547e-14       3.843581043024e-15      -6.301933530015e-16 
  647       2.502337044372e-10       4.504248203547e-12      -1.282737194618e-12       0.000000000000e+00       2.907977839534e-14       3.869862838254e-15      -6.325211880577e-16 
  648       2.495545659796e-10       4.535153187303e-12      -1.487730647917e-12       0.000000000000e+00       2.891656099120e-14       3.896107737124e-15      -6.347436614479e-16 
  649       2.488995586877e-10       4.565458570028e-12      -1.695245228693e-12       0.000000000000e+00       2.875446972887e-14       3.922308211669e-15      -6.368617560767e-16 
  650       2.482688028271e-10       4.595156538847e-12      -1.905196751732e-12       0.000000000000e+00       2.859349994478e-14       3.948456650938e-15      -6.388764763747e-16 
  651       2.476624176758e-10       4.624239243696e-12      -2.117499851661e-12       0.000000000000e+00       2.843364674483e-14       3.974545360688e-15      -6.407888483939e-16 
  652       2.470805215174e-10       4.652698797252e-12      -2.332067978283e-12       0.000000000000e+00       2.827490500318e-14       4.000566563083e-15      -6.425999199020e-16 
  653       2.465232316334e-10       4.680527274876e-12      -2.548813391906e-12       0.000000000000e+00       2.811726936112e-14       4.026512396389e-15      -6.443107604779e-16 
  654       2.459906642960e-10       4.707716714543e-12      -2.767647158668e-12       0.000000000000e+00       2.796073422591e-14       4.052374914668e-15      -6.459224616063e-16 
  655       2.454829347609e-10       4.734259116784e-12      -2.988479145870e-12       0.000000000000e+00       2.780529376958e-14       4.078146087482e-15      -6.474361367727e-16 
  656       2.450001572602e-10       4.760146444621e-12      -3.211218017300e-12       0.000000000000e+00       2.765094192780e-14       4.103817799582e-15      -6.488529215586e-16 
  657       2.445424449947e-10       4.785370623500e-12      -3.435771228567e-12       0.000000000000e+00       2.749767239872e-14       4.129381850611e-15      -6.501739737360e-16 
  658       2.441099101269e-10       4.809923541233e-12      -3.662045022425e-12       0.000000000000e+00       2.734547864177e-14       4.154829954793e-15      -6.514004733628e-16 
  659       2.437026637738e-10       4.833797047929e-12      -3.889944424106e-12       0.000000000000e+00       2.719435387652e-14       4.180153740640e-15      -6.525336228773e-16 
  660       2.433208159993e-10       4.856982955934e-12      -4.119373236645e-12       0.000000000000e+00       2.704429108153e-14       4.205344750638e-15      -6.535746471935e-16 
  661       2.429644758073e-10       4.879473039769e-12      -4.350234036211e-12       0.000000000000e+00       2.689528299316e-14       4.230394440950e-15      -6.545247937959e-16 
  662       2.426337511341e-10       4.901259036060e-12      -4.582428167434e-12       0.000000000000e+00       2.674732210441e-14       4.255294181112e-15      -6.553853328345e-16 
  663       2.423287488414e-10       4.922332643481e-12      -4.815855738736e-12       0.000000000000e+00       2.660040066377e-14       4.280035253728e-15      -6.561575572195e-16 
  664       2.420495747088e-10       4.942685522689e-12      -5.050415617658e-12       0.000000000000e+00       2.645451067404e-14       4.304608854167e-15      -6.568427827166e-16 
  665       2.417963334266e-10       4.962309296257e-12      -5.286005426189e-12       0.000000000000e+00       2.630964389119e-14       4.329006090262e-15      -6.574423480418e-16 
  666       2.415691285886e-10       4.981195548613e-12      -5.522521536096e-12       0.000000000000e+00       2.616579182317e-14       4.353217982001e-15      -6.579576149563e-16 
  667       2.413680626847e-10       4.999335825980e-12      -5.759859064252e-12       0.000000000000e+00       2.602294572875e-14       4.377235461232e-15      -6.583899683613e-16 
  668       2.411932370936e-10       5.016721636304e-12      -5.997911867962e-12       0.000000000000e+00       2.588109661636e-14       4.401049371350e-15      -6.587408163933e-16 
  669       2.410447520759e-10       5.033344449198e-12      -6.236572540296e-12       0.000000000000e+00       2.574023524296e-14       4.424650467003e-15      -6.590115905187e-16 
  670       2.409227067662e-10       5.049195695877e-12      -6.475732405416e-12       0.000000000000e+00       2.560035211281e-14       4.448029413782e-15      -6.592037456291e-16 
  671       2.408271991662e-10       5.064266769091e-12      -6.715281513905e-12       0.000000000000e+00       2.546143747636e-14       4.471176787920e-15      -6.593187601358e-16 
  672       2.407583261377e-10       5.078549023064e-12      -6.955108638094e-12       0.000000000000e+00       2.532348132905e-14       4.494083075989e-15      -6.593581360650e-16 
  673       2.407161833945e-10       5.092033773431e-12      -7.195101267394e-12       0.000000000000e+00       2.518647341017e-14       4.516738674596e-15      -6.593233991530e-16 
  674       2.407008654959e-10       5.104712297175e-12      -7.435145603621e-12       0.000000000000e+00       2.505040320170e-14       4.539133890080e-15      -6.592160989404e-16 
  675       2.407124658392e-10       5.116575832560e-12      -7.675126556327e-12       0.000000000000e+00       2.491525992713e-14       4.561258938209e-15      -6.590378088680e-16 
  676       2.407510766522e-10       5.127615579070e-12      -7.914927738130e-12       0.000000000000e+00       2.478103255029e-14       4.583103943873e-15      -6.587901263708e-16 
  677       2.408167889861e-10       5.137822697346e-12      -8.154431460040e-12       0.000000000000e+00       2.464770977421e-14       4.604658940789e-15      -6.584746729737e-16 
  678       2.409096927083e-10       5.147188309121e-12      -8.393518726788e-12       0.000000000000e+00       2.451528003993e-14       4.625913871189e-15      -6.580930943860e-16 
  679       2.410298764950e-10       5.155703497158e-12      -8.632069232158e-12       0.000000000000e+00       2.438373152537e-14       4.646858585519e-15      -6.576470605964e-16 
  680       2.411774278239e-10       5.163359305184e-12      -8.869961354309e-12       0.000000000000e+00       2.425305214413e-14       4.667482842140e-15      -6.571382659681e-16 
  681       2.413524329670e-10       5.170146737830e-12      -9.107072151113e-12       0.000000000000e+00       2.412322954433e-14       4.687776307019e-15      -6.565684293337e-16 
  682       2.415549769834e-10       5.176056760563e-12      -9.343277355476e-12       0.000000000000e+00       2.399425110749e-14       4.707728553429e-15      -6.559392940901e-16 
  683       2.417850851731e-10       5.181082424703e-12      -9.578460163484e-12       0.000000000000e+00       2.386610569669e-14       4.727330729874e-15      -6.552523183022e-16 
  684       2.420425460831e-10       5.185225292359e-12      -9.812537814163e-12       0.000000000000e+00       2.373878894457e-14       4.746580603556e-15      -6.545077375620e-16 
  685       2.423270847087e-10       5.188489148515e-12      -1.004543556784e-11       0.000000000000e+00       2.361229807594e-14       4.765477623965e-15      -6.537054823138e-16 
  686       2.426384206684e-10       5.190877888844e-12      -1.027707796230e-11       0.000000000000e+00       2.348663016787e-14       4.784021264522e-15      -6.528454860488e-16 
  687       2.429762681810e-10       5.192395520201e-12      -1.050738881036e-11       0.000000000000e+00       2.336178214903e-14       4.802211022707e-15      -6.519276853202e-16 
  688       2.433403360436e-10       5.193046161098e-12      -1.073629119749e-11       0.000000000000e+00       2.323775079891e-14       4.820046420178e-15      -6.509520197590e-16 
  689       2.437303276093e-10       5.192834042190e-12      -1.096370747937e-11       0.000000000000e+00       2.311453274718e-14       4.837527002904e-15      -6.499184320893e-16 
  690       2.441459407646e-10       5.191763506756e-12      -1.118955927948e-11       0.000000000000e+00       2.299212447291e-14       4.854652341284e-15      -6.488268681432e-16 
  691       2.445868679074e-10       5.189839011182e-12      -1.141376748669e-11       0.000000000000e+00       2.287052230388e-14       4.871422030275e-15      -6.476772768764e-16 
  692       2.450527959246e-10       5.187065125443e-12      -1.163625225287e-11       0.000000000000e+00       2.274972241589e-14       4.887835689516e-15      -6.464696103834e-16 
  693       2.455434061699e-10       5.183446533584e-12      -1.185693299043e-11       0.000000000000e+00       2.262972083199e-14       4.903892963455e-15      -6.452038239131e-16 
  694       2.460583744409e-10       5.178988034205e-12      -1.207572836997e-11       0.000000000000e+00       2.251051342184e-14       4.919593521471e-15      -6.438798758837e-16 
  695       2.465973709576e-10       5.173694540941e-12      -1.229255631780e-11       0.000000000000e+00       2.239209590091e-14       4.934937058004e-15      -6.424977278983e-16 
  696       2.471600603397e-10       5.167571082947e-12      -1.250733401358e-11       0.000000000000e+00       2.227446382983e-14       4.949923292673e-15      -6.410573447602e-16 
  697       2.477461015841e-10       5.160622805377e-12      -1.271997788787e-11       0.000000000000e+00       2.215761261367e-14       4.964551970408e-15      -6.395586944881e-16 
  698       2.483551480431e-10       5.152854969869e-12      -1.293040361976e-11       0.000000000000e+00       2.204153750117e-14       4.978822861572e-15      -6.380017483314e-16 
  699       2.489868474014e-10       5.144272955024e-12      -1.313852613440e-11       0.000000000000e+00       2.192623358411e-14       4.992735762088e-15      -6.363864807856e-16 
  700       2.496408416544e-10       5.134882256894e-12      -1.334425960065e-11       0.000000000000e+00       2.181169579651e-14       5.006290493559e-15      -6.347128696078e-16 
  701       2.503167670856e-10       5.124688489458e-12      -1.354751742862e-11       0.000000000000e+00       2.169791891399e-14       5.019486903400e-15      -6.329808958316e-16 
  702       2.510142542443e-10       5.113697385109e-12      -1.374821226727e-11       0.000000000000e+00       2.158489755300e-14       5.032324864960e-15      -6.311905437827e-16 
  703       2.517329279235e-10       5.101914795134e-12      -1.394625600200e-11       0.000000000000e+00       2.147262617013e-14       5.044804277645e-15      -6.293418010942e-16 
  704       2.524724071371e-10       5.089346690196e-12      -1.414155975226e-11       0.000000000000e+00       2.136109906140e-14       5.056925067048e-15      -6.274346587218e-16 
  705       2.532323050982e-10       5.075999160820e-12      -1.433403386909e-11       0.000000000000e+00       2.125031036153e-14       5.068687185070e-15      -6.254691109593e-16 
  706       2.540122291962e-10       5.061878417869e-12      -1.452358793274e-11       0.000000000000e+00       2.114025404324e-14       5.080090610047e-15      -6.234451554536e-16 
  707       2.548117809750e-10       5.046990793032e-12      -1.471013075027e-11       0.000000000000e+00       2.103092391652e-14       5.091135346875e-15      -6.213627932205e-16 
  708       2.556305561102e-10       5.031342739304e-12      -1.489357035308e-11       0.000000000000e+00       2.092231362794e-14       5.101821427134e-15      -6.192220286596e-16 
  709       2.564681443874e-10       5.014940831468e-12      -1.507381399456e-11       0.000000000000e+00       2.081441665991e-14       5.112148909216e-15      -6.170228695696e-16 
  710       2.573241296793e-10       4.997791766580e-12      -1.525076814766e-11       0.000000000000e+00       2.070722632996e-14       5.122117878446e-15      -6.147653271639e-16 
  711       2.581980899235e-10       4.979902364445e-12      -1.542433850245e-11       0.000000000000e+00       2.060073579007e-14       5.131728447211e-15      -6.124494160860e-16 
  712       2.590895971004e-10       4.961279568107e-12      -1.559442996373e-11       0.000000000000e+00       2.049493802591e-14       5.140980755084e-15      -6.100751544242e-16 
  713       2.599982172111e-10       4.941930444327e-12      -1.576094664861e-11       0.000000000000e+00       2.038982585613e-14       5.149874968948e-15      -6.076425637277e-16 
  714       2.609235102542e-10       4.921862184067e-12      -1.592379188412e-11       0.000000000000e+00       2.028539193168e-14       5.158411283121e-15      -6.051516690212e-16 
  715       2.618650302044e-10       4.901082102968e-12      -1.608286820477e-11       0.000000000000e+00       2.018162873506e-14       5.166589919482e-15      -6.026024988209e-16 
  716       2.628223249899e-10       4.879597641841e-12      -1.623807735013e-11       0.000000000000e+00       2.007852857962e-14       5.174411127599e-15      -5.999950851491e-16 
  717       2.637949364699e-10       4.857416367141e-12      -1.638932026245e-11       0.000000000000e+00       1.997608360884e-14       5.181875184848e-15      -5.973294635501e-16 
  718       2.647824004123e-10       4.834545971452e-12      -1.653649708423e-11       0.000000000000e+00       1.987428579562e-14       5.188982396544e-15      -5.946056731054e-16 
  719       2.657842464718e-10       4.810994273972e-12      -1.667950715581e-11       0.000000000000e+00       1.977312694156e-14       5.195733096062e-15      -5.918237564487e-16 
  720       2.667999981670e-10       4.786769220991e-12      -1.681824901293e-11       0.000000000000e+00       1.967259867627e-14       5.202127644963e-15      -5.889837597816e-16 
  721       2.678291728586e-10       4.761878886378e-12      -1.695262038438e-11       0.000000000000e+00       1.957269245661e-14       5.208166433124e-15      -5.860857328886e-16 
  722       2.688712856858e-10       4.736332264548e-12      -1.708253186455e-11       0.000000000000e+00       1.947340071007e-14       5.213850476594e-15      -5.831298490398e-16 
  723       2.699258615086e-10       4.710141665972e-12      -1.720794823916e-11       0.000000000000e+00       1.937472029156e-14       5.219183224195e-15      -5.801167673240e-16 
  724       2.709924231630e-10       4.683320371013e-12      -1.732884798953e-11       0.000000000000e+00       1.927664909504e-14       5.224168787663e-15      -5.770472776648e-16 
  725       2.720704875018e-10       4.655881842480e-12      -1.744520969390e-11       0.000000000000e+00       1.917918491529e-14       5.228811347481e-15      -5.739221816388e-16 
  726       2.731595653737e-10       4.627839726294e-12      -1.755701202813e-11       0.000000000000e+00       1.908232544750e-14       5.233115153135e-15      -5.707422925189e-16 
  727       2.742591616014e-10       4.599207852152e-12      -1.766423376644e-11       0.000000000000e+00       1.898606828680e-14       5.237084523383e-15      -5.675084353169e-16 
  728       2.753687749608e-10       4.570000234191e-12      -1.776685378217e-11       0.000000000000e+00       1.889041092779e-14       5.240723846513e-15      -5.642214468264e-16 
  729       2.764878981592e-10       4.540231071654e-12      -1.786485104847e-11       0.000000000000e+00       1.879535076413e-14       5.244037580606e-15      -5.608821756660e-16 
  730       2.776160178139e-10       4.509914749552e-12      -1.795820463907e-11       0.000000000000e+00       1.870088508806e-14       5.247030253802e-15      -5.574914823216e-16 
  731       2.787526144308e-10       4.479065839333e-12      -1.804689372897e-11       0.000000000000e+00       1.860701108995e-14       5.249706464560e-15      -5.540502391898e-16 
  732       2.798971623834e-10       4.447699099541e-12      -1.813089759520e-11       0.000000000000e+00       1.851372585786e-14       5.252070881919e-15      -5.505593306205e-16 
  733       2.810491298907e-10       4.415829476485e-12      -1.821019561756e-11       0.000000000000e+00       1.842102637708e-14       5.254128245765e-15      -5.470196529599e-16 
  734       2.822079789964e-10       4.383472104899e-12      -1.828476727930e-11       0.000000000000e+00       1.832890952967e-14       5.255883367088e-15      -5.434321145933e-16 
  735       2.833731655471e-10       4.350642308613e-12      -1.835459216792e-11       0.000000000000e+00       1.823737209403e-14       5.257341128249e-15      -5.397976359879e-16 
  736       2.845441391712e-10       4.317355601209e-12      -1.841964997584e-11       0.000000000000e+00       1.814641074443e-14       5.258506483242e-15      -5.361171497360e-16 
  737       2.857203432574e-10       4.283627686696e-12      -1.847992050118e-11       0.000000000000e+00       1.805602205057e-14       5.259384457955e-15      -5.323916005975e-16 
  738       2.869012149330e-10       4.249474460162e-12      -1.853538364844e-11       0.000000000000e+00       1.796620247713e-14       5.259980150431e-15      -5.286219455429e-16 
  739       2.880861850430e-10       4.214912008451e-12      -1.858601942928e-11       0.000000000000e+00       1.787694838330e-14       5.260298731137e-15      -5.248091537962e-16 
  740       2.892746781282e-10       4.179956610819e-12      -1.863180796322e-11       0.000000000000e+00       1.778825602234e-14       5.260345443218e-15      -5.209542068781e-16 
  741       2.904661124044e-10       4.144624739600e-12      -1.867272947839e-11       0.000000000000e+00       1.770012154115e-14       5.260125602767e-15      -5.170580986481e-16 
  742       2.916598997403e-10       4.108933060874e-12      -1.870876431225e-11       0.000000000000e+00       1.761254097976e-14       5.259644599083e-15      -5.131218353481e-16 
  743       2.928554456365e-10       4.072898435129e-12      -1.873989291231e-11       0.000000000000e+00       1.752551027096e-14       5.258907894936e-15      -5.091464356449e-16 
  744       2.940521492043e-10       4.036537917925e-12      -1.876609583688e-11       0.000000000000e+00       1.743902523976e-14       5.257921026826e-15      -5.051329306735e-16 
  745       2.952494031436e-10       3.999868760559e-12      -1.878735375580e-11       0.000000000000e+00       1.735308160303e-14       5.256689605252e-15      -5.010823640792e-16 
  746       2.964465937223e-10       3.962908410730e-12      -1.880364745116e-11       0.000000000000e+00       1.726767496897e-14       5.255219314968e-15      -4.969957920612e-16 
  747       2.976431007542e-10       3.925674513204e-12      -1.881495781804e-11       0.000000000000e+00       1.718280083668e-14       5.253515915248e-15      -4.928742834153e-16 
  748       2.988382975782e-10       3.888184910476e-12      -1.882126586524e-11       0.000000000000e+00       1.709845459575e-14       5.251585240152e-15      -4.887189195764e-16 
  749       3.000315510365e-10       3.850457643439e-12      -1.882255271600e-11       0.000000000000e+00       1.701463152576e-14       5.249433198781e-15      -4.845307946621e-16 
  750       3.012222214532e-10       3.812510952042e-12      -1.881879960874e-11       0.000000000000e+00       1.693132679585e-14       5.247065775547e-15      -4.803110155148e-16 
  751       3.024096626132e-10       3.774363275962e-12      -1.880998789780e-11       0.000000000000e+00       1.684853546425e-14       5.244489030431e-15      -4.760607017450e-16 
  752       3.035932217404e-10       3.736033255263e-12      -1.879609905415e-11       0.000000000000e+00       1.676625247786e-14       5.241709099249e-15      -4.717809857742e-16 
  753       3.047722394767e-10       3.697539731063e-12      -1.877711466613e-11       0.000000000000e+00       1.668447267177e-14       5.238732193910e-15      -4.674730128776e-16 
  754       3.059460498603e-10       3.658901746196e-12      -1.875301644020e-11       0.000000000000e+00       1.660319076882e-14       5.235564602683e-15      -4.631379412270e-16 
  755       3.071139803044e-10       3.620138545880e-12      -1.872378620165e-11       0.000000000000e+00       1.652240137915e-14       5.232212690457e-15      -4.587769419340e-16 
  756       3.082753515757e-10       3.581269578380e-12      -1.868940589530e-11       0.000000000000e+00       1.644209899975e-14       5.228682899005e-15      -4.543911990924e-16 
  757       3.094294777733e-10       3.542314495671e-12      -1.864985758633e-11       0.000000000000e+00       1.636227801399e-14       5.224981747245e-15      -4.499819098211e-16 
  758       3.105756663068e-10       3.503293154106e-12      -1.860512346088e-11       0.000000000000e+00       1.628293269119e-14       5.221115831504e-15      -4.455502843076e-16 
  759       3.117132178754e-10       3.464225615075e-12      -1.855518582690e-11       0.000000000000e+00       1.620405718616e-14       5.217091825779e-15      -4.410975458502e-16 
  760       3.128414264462e-10       3.425132145677e-12      -1.850002711479e-11       0.000000000000e+00       1.612564553877e-14       5.212916482003e-15      -4.366249309009e-16 
  761       3.139596373492e-10       3.386032149291e-12      -1.843964014201e-11       0.000000000000e+00       1.604769245289e-14       5.208594509967e-15      -4.321335202078e-16 
  762       3.150674228268e-10       3.346940933498e-12      -1.837405912099e-11       0.000000000000e+00       1.597019565073e-14       5.204122171993e-15      -4.276237286023e-16 
  763       3.161644098071e-10       3.307872881518e-12      -1.830332924702e-11       0.000000000000e+00       1.589315356277e-14       5.199493565998e-15      -4.230958055157e-16 
  764       3.172502220831e-10       3.268842517132e-12      -1.822749649121e-11       0.000000000000e+00       1.581656455210e-14       5.194702734527e-15      -4.185500030027e-16 
  765       3.183244803033e-10       3.229864505117e-12      -1.814660760327e-11       0.000000000000e+00       1.574042691417e-14       5.189743664578e-15      -4.139865757488e-16 
  766       3.193868019623e-10       3.190953651699e-12      -1.806071011439e-11       0.000000000000e+00       1.566473887645e-14       5.184610287428e-15      -4.094057810783e-16 
  767       3.204368013915e-10       3.152124904986e-12      -1.796985234013e-11       0.000000000000e+00       1.558949859816e-14       5.179296478453e-15      -4.048078789625e-16 
  768       3.214740897496e-10       3.113393355418e-12      -1.787408338322e-11       0.000000000000e+00       1.551470416999e-14       5.173796056954e-15      -4.001931320274e-16 
  769       3.224982750134e-10       3.074774236206e-12      -1.777345313644e-11       0.000000000000e+00       1.544035361380e-14       5.168102785981e-15      -3.955618055617e-16 
  770       3.235089619682e-10       3.036282923780e-12      -1.766801228547e-11       0.000000000000e+00       1.536644488234e-14       5.162210372156e-15      -3.909141675247e-16 
  771       3.245057521986e-10       2.997934938225e-12      -1.755781231178e-11       0.000000000000e+00       1.529297585893e-14       5.156112465495e-15      -3.862504885543e-16 
  772       3.254882440790e-10       2.959745943730e-12      -1.744290549542e-11       0.000000000000e+00       1.521994435721e-14       5.149802659238e-15      -3.815710419747e-16 
  773       3.264560327644e-10       2.921731749029e-12      -1.732334491793e-11       0.000000000000e+00       1.514734812082e-14       5.143274489664e-15      -3.768761038046e-16 
  774       3.274087101809e-10       2.883908307843e-12      -1.719918446516e-11       0.000000000000e+00       1.507518482312e-14       5.136521435923e-15      -3.721659527650e-16 
  775       3.283458650161e-10       2.846291719325e-12      -1.707047883014e-11       0.000000000000e+00       1.500345206691e-14       5.129536919853e-15      -3.674408702870e-16 
  776       3.292670827104e-10       2.808898228502e-12      -1.693728351594e-11       0.000000000000e+00       1.493214738411e-14       5.122314305810e-15      -3.627011405202e-16 
  777       3.301719454466e-10       2.771744226718e-12      -1.679965483853e-11       0.000000000000e+00       1.486126823551e-14       5.114846900486e-15      -3.579470503398e-16 
  778       3.310600321417e-10       2.734846252078e-12      -1.665764992960e-11       0.000000000000e+00       1.479081201045e-14       5.107127952737e-15      -3.531788893553e-16 
  779       3.319309184364e-10       2.698220989889e-12      -1.651132673946e-11       0.000000000000e+00       1.472077602654e-14       5.099150653404e-15      -3.483969499182e-16 
  780       3.327841766866e-10       2.661885273105e-12      -1.636074403985e-11       0.000000000000e+00       1.465115752936e-14       5.090908135140e-15      -3.436015271296e-16 
  781       3.336193759536e-10       2.625856082771e-12      -1.620596142685e-11       0.000000000000e+00       1.458195369219e-14       5.082393472230e-15      -3.387929188485e-16 
  782       3.344360819947e-10       2.590150548463e-12      -1.604703932366e-11       0.000000000000e+00       1.451316161570e-14       5.073599680417e-15      -3.339714256997e-16 
  783       3.352338572539e-10       2.554785948732e-12      -1.588403898355e-11       0.000000000000e+00       1.444477832768e-14       5.064519716726e-15      -3.291373510814e-16 
  784       3.360122608526e-10       2.519779711550e-12      -1.571702249263e-11       0.000000000000e+00       1.437680078272e-14       5.055146479287e-15      -3.242910011736e-16 
  785       3.367708485802e-10       2.485149414748e-12      -1.554605277273e-11       0.000000000000e+00       1.430922586195e-14       5.045472807157e-15      -3.194326849456e-16 
  786       3.375091728847e-10       2.450912786464e-12      -1.537119358430e-11       0.000000000000e+00       1.424205037273e-14       5.035491480149e-15      -3.145627141642e-16 
  787       3.382267828632e-10       2.417087705584e-12      -1.519250952920e-11       0.000000000000e+00       1.417527104837e-14       5.025195218651e-15      -3.096814034013e-16 
  788       3.389232242527e-10       2.383692202182e-12      -1.501006605359e-11       0.000000000000e+00       1.410888454784e-14       5.014576683450e-15      -3.047890700424e-16 
  789       3.395980394206e-10       2.350744457970e-12      -1.482392945077e-11       0.000000000000e+00       1.404288745546e-14       5.003628475558e-15      -2.998860342939e-16 
  790       3.402507673554e-10       2.318262806734e-12      -1.463416686406e-11       0.000000000000e+00       1.397727628064e-14       4.992343136036e-15      -2.949726191915e-16 
  791       3.408809436573e-10       2.286265734782e-12      -1.444084628962e-11       0.000000000000e+00       1.391204745758e-14       4.980713145816e-15      -2.900491506077e-16 
  792       3.414881005290e-10       2.254771881384e-12      -1.424403657934e-11       0.000000000000e+00       1.384719734497e-14       4.968730925525e-15      -2.851159572600e-16 
  793       3.420717667657e-10       2.223800039218e-12      -1.404380744367e-11       0.000000000000e+00       1.378272222569e-14       4.956388835308e-15      -2.801733707190e-16 
  794       3.426314677467e-10       2.193369154810e-12      -1.384022945447e-11       0.000000000000e+00       1.371861830656e-14       4.943679174655e-15      -2.752217254157e-16 
  795       3.431667254251e-10       2.163498328978e-12      -1.363337404790e-11       0.000000000000e+00       1.365488171801e-14       4.930594182223e-15      -2.702613586502e-16 
  796       3.436770583191e-10       2.134206817276e-12      -1.342331352723e-11       0.000000000000e+00       1.359150851380e-14       4.917126035657e-15      -2.652926105990e-16 
  797       3.441619815020e-10       2.105514030438e-12      -1.321012106575e-11       0.000000000000e+00       1.352849467074e-14       4.903266851419e-15      -2.603158243233e-16 
  798       3.446210065934e-10       2.077439534817e-12      -1.299387070955e-11       0.000000000000e+00       1.346583608841e-14       4.889008684607e-15      -2.553313457767e-16 
  799       3.450536417496e-10       2.050003052833e-12      -1.277463738045e-11       0.000000000000e+00       1.340352858882e-14       4.874343528783e-15      -2.503395238132e-16 
  800       3.454594661920e-10       2.023222153295e-12      -1.255249778138e-11       0.000000000000e+00       1.334156844811e-14       4.859266222314e-15      -2.453408189728e-16 
  801       3.458383553024e-10       1.997105275296e-12      -1.232753312508e-11       0.000000000000e+00       1.327995400270e-14       4.843783225886e-15      -2.403361319977e-16 
  802       3.461902596149e-10       1.971658577955e-12      -1.209982646085e-11       0.000000000000e+00       1.321868407180e-14       4.827904004746e-15      -2.353264813236e-16 
  803       3.465151306546e-10       1.946888239012e-12      -1.186946177948e-11       0.000000000000e+00       1.315775742803e-14       4.811638137047e-15      -2.303128948738e-16 
  804       3.468129209422e-10       1.922800454846e-12      -1.163652401631e-11       0.000000000000e+00       1.309717279713e-14       4.794995314223e-15      -2.252964100869e-16 
  805       3.470835839984e-10       1.899401440479e-12      -1.140109905423e-11       0.000000000000e+00       1.303692885785e-14       4.777985341354e-15      -2.202780739455e-16 
  806       3.473270743488e-10       1.876697429589e-12      -1.116327372671e-11       0.000000000000e+00       1.297702424171e-14       4.760618137534e-15      -2.152589430045e-16 
  807       3.475433475284e-10       1.854694674521e-12      -1.092313582082e-11       0.000000000000e+00       1.291745753282e-14       4.742903736240e-15      -2.102400834189e-16 
  808       3.477323600858e-10       1.833399446295e-12      -1.068077408027e-11       0.000000000000e+00       1.285822726772e-14       4.724852285699e-15      -2.052225709729e-16 
  809       3.478940695884e-10       1.812818034619e-12      -1.043627820842e-11       0.000000000000e+00       1.279933193513e-14       4.706474049258e-15      -2.002074911073e-16 
  810       3.480284346264e-10       1.792956747899e-12      -1.018973887129e-11       0.000000000000e+00       1.274076997582e-14       4.687779405748e-15      -1.951959389487e-16 
  811       3.481354148179e-10       1.773821913248e-12      -9.941247700621e-12       0.000000000000e+00       1.268253978239e-14       4.668778849857e-15      -1.901890193371e-16 
  812       3.482149708129e-10       1.755419876499e-12      -9.690897296863e-12       0.000000000000e+00       1.262463969907e-14       4.649482992497e-15      -1.851878468544e-16 
  813       3.482670642984e-10       1.737757002210e-12      -9.438781232223e-12       0.000000000000e+00       1.256706802155e-14       4.629902561169e-15      -1.801935458528e-16 
  814       3.482916580030e-10       1.720839673684e-12      -9.184994053677e-12       0.000000000000e+00       1.250982299677e-14       4.610048400333e-15      -1.752072504831e-16 
  815       3.482887157007e-10       1.704674292970e-12      -8.929631285995e-12       0.000000000000e+00       1.245290282276e-14       4.589931471777e-15      -1.702301047228e-16 
  816       3.482582022167e-10       1.689267280878e-12      -8.672789434769e-12       0.000000000000e+00       1.239630564842e-14       4.569562854984e-15      -1.652632624046e-16 
  817       3.482000834308e-10       1.674625076989e-12      -8.414565989434e-12       0.000000000000e+00       1.234002957332e-14       4.548953747501e-15      -1.603078872446e-16 
  818       3.481143262829e-10       1.660754139665e-12      -8.155059426295e-12       0.000000000000e+00       1.228407264756e-14       4.528115465304e-15      -1.553651528706e-16 
  819       3.480008987769e-10       1.647660946060e-12      -7.894369211544e-12       0.000000000000e+00       1.222843287154e-14       4.507059443172e-15      -1.504362428504e-16 
  820       3.478597699857e-10       1.635351992131e-12      -7.632595804293e-12       0.000000000000e+00       1.217310819575e-14       4.485797235048e-15      -1.455223507200e-16 
  821       3.476909100558e-10       1.623833792645e-12      -7.369840659592e-12       0.000000000000e+00       1.211809652064e-14       4.464340514413e-15      -1.406246800122e-16 
  822       3.474942902114e-10       1.613112881194e-12      -7.106206231454e-12       0.000000000000e+00       1.206339569639e-14       4.442701074651e-15      -1.357444442844e-16 
  823       3.472698827597e-10       1.603195810203e-12      -6.841795975879e-12       0.000000000000e+00       1.200900352269e-14       4.420890829417e-15      -1.308828671476e-16 
  824       3.470176610948e-10       1.594089150942e-12      -6.576714353881e-12       0.000000000000e+00       1.195491774864e-14       4.398921813006e-15      -1.260411822938e-16 
  825       3.467375997027e-10       1.585799493533e-12      -6.311066834506e-12       0.000000000000e+00       1.190113607246e-14       4.376806180722e-15      -1.212206335252e-16 
  826       3.464296741658e-10       1.578333446965e-12      -6.044959897863e-12       0.000000000000e+00       1.184765614137e-14       4.354556209245e-15      -1.164224747817e-16 
  827       3.460938611673e-10       1.571697639102e-12      -5.778501038141e-12       0.000000000000e+00       1.179447555135e-14       4.332184296997e-15      -1.116479701697e-16 
  828       3.457301384963e-10       1.565898716693e-12      -5.511798766638e-12       0.000000000000e+00       1.174159184698e-14       4.309702964514e-15      -1.068983939904e-16 
  829       3.453384850514e-10       1.560943345384e-12      -5.244962614783e-12       0.000000000000e+00       1.168900252126e-14       4.287124854811e-15      -1.021750307677e-16 
  830       3.449188808465e-10       1.556838209727e-12      -4.978103137159e-12       0.000000000000e+00       1.163670501537e-14       4.264462733752e-15      -9.747917527697e-17 
  831       3.444713070143e-10       1.553590013192e-12      -4.711331914530e-12       0.000000000000e+00       1.158469671853e-14       4.241729490418e-15      -9.281213257295e-17 
  832       3.439957458117e-10       1.551205478176e-12      -4.444761556861e-12       0.000000000000e+00       1.153297496778e-14       4.218938137472e-15      -8.817521801830e-17 
  833       3.434921806238e-10       1.549691346014e-12      -4.178505706346e-12       0.000000000000e+00       1.148153704780e-14       4.196101811533e-15      -8.356975731178e-17 
  834       3.429605959688e-10       1.549054376991e-12      -3.912679040428e-12       0.000000000000e+00       1.143038019073e-14       4.173233773537e-15      -7.899708651657e-17 
  835       3.424009775025e-10       1.549301350349e-12      -3.647397274826e-12       0.000000000000e+00       1.137950157595e-14       4.150347409112e-15      -7.445855208857e-17 
  836       3.418133120229e-10       1.550439064300e-12      -3.382777166558e-12       0.000000000000e+00       1.132889832991e-14       4.127456228939e-15      -6.995551090471e-17 
  837       3.411975874746e-10       1.552474336038e-12      -3.118936516964e-12       0.000000000000e+00       1.127856752595e-14       4.104573869127e-15      -6.548933029120e-17 
  838       3.405537929539e-10       1.555414001744e-12      -2.855994174731e-12       0.000000000000e+00       1.122850618407e-14       4.081714091576e-15      -6.106138805186e-17 
  839       3.398819661935e-10       1.559262772521e-12      -2.594061489057e-12       0.000000000000e+00       1.117871164085e-14       4.058888048582e-15      -5.667274320305e-17 
  840       3.391823369161e-10       1.564016761274e-12      -2.333216500043e-12       0.000000000000e+00       1.112918266640e-14       4.036096023731e-15      -5.232314184204e-17 
  841       3.384551859837e-10       1.569669843240e-12      -2.073529305311e-12       0.000000000000e+00       1.107991836644e-14       4.013335548058e-15      -4.801199404075e-17 
  842       3.377007981561e-10       1.576215789514e-12      -1.815070570740e-12       0.000000000000e+00       1.103091781388e-14       3.990604122695e-15      -4.373870154418e-17 
  843       3.369194621029e-10       1.583648266691e-12      -1.557911532038e-12       0.000000000000e+00       1.098218004867e-14       3.967899218774e-15      -3.950265774264e-17 
  844       3.361114704165e-10       1.591960836515e-12      -1.302123996306e-12       0.000000000000e+00       1.093370407772e-14       3.945218277329e-15      -3.530324764399e-17 
  845       3.352771196250e-10       1.601146955519e-12      -1.047780343609e-12       0.000000000000e+00       1.088548887468e-14       3.922558709195e-15      -3.113984784586e-17 
  846       3.344167102040e-10       1.611199974677e-12      -7.949535285424e-13       0.000000000000e+00       1.083753337993e-14       3.899917894917e-15      -2.701182650787e-17 
  847       3.335305465905e-10       1.622113139045e-12      -5.437170818029e-13       0.000000000000e+00       1.078983650037e-14       3.877293184647e-15      -2.291854332387e-17 
  848       3.326189371944e-10       1.633879587408e-12      -2.941451117533e-13       0.000000000000e+00       1.074239710929e-14       3.854681898046e-15      -1.885934949414e-17 
  849       3.316821944119e-10       1.646492351924e-12      -4.631230599236e-14       0.000000000000e+00       1.069521404632e-14       3.832081324191e-15      -1.483358769764e-17 
  850       3.307206346378e-10       1.659944357770e-12       1.997060670769e-13       0.000000000000e+00       1.064828611722e-14       3.809488721472e-15      -1.084059206422e-17 
  851       3.297345782786e-10       1.674228422789e-12       4.438341566797e-13       0.000000000000e+00       1.060161209377e-14       3.786901317497e-15      -6.879688146861e-18 
  852       3.287243497646e-10       1.689337257134e-12       6.859955281008e-13       0.000000000000e+00       1.055519071369e-14       3.764316308994e-15      -2.950192893892e-18 
  853       3.276902775629e-10       1.705263462912e-12       9.261131611167e-13       0.000000000000e+00       1.050902068045e-14       3.741730861713e-15       9.485853787901e-19 
  854       3.266326941901e-10       1.721999533832e-12       1.164109448427e-12       0.000000000000e+00       1.046310066318e-14       3.719142110328e-15       4.817347015485e-18 
  855       3.255519362246e-10       1.739537854850e-12       1.399906194088e-12       0.000000000000e+00       1.041742929655e-14       3.696547158338e-15       8.656801048469e-18 
  856       3.244483443200e-10       1.757870701811e-12       1.633424611940e-12       0.000000000000e+00       1.037200518059e-14       3.673943077974e-15       1.246766522577e-17 
  857       3.233222632168e-10       1.776990241100e-12       1.864585324047e-12       0.000000000000e+00       1.032682688062e-14       3.651326910096e-15       1.625066603892e-17 
  858       3.221740417559e-10       1.796888529282e-12       2.093308359119e-12       0.000000000000e+00       1.028189292710e-14       3.628695664097e-15       2.000653875079e-17 
  859       3.210040328909e-10       1.817557512751e-12       2.319513150951e-12       0.000000000000e+00       1.023720181549e-14       3.606046317805e-15       2.373602742328e-17 
  860       3.198125937006e-10       1.838989027375e-12       2.543118536853e-12       0.000000000000e+00       1.019275200614e-14       3.583375817388e-15       2.743988494515e-17 
  861       3.186000854022e-10       1.861174798138e-12       2.764042756080e-12       0.000000000000e+00       1.014854192416e-14       3.560681077253e-15       3.111887305980e-17 
  862       3.173668733632e-10       1.884106438789e-12       2.982203448267e-12       0.000000000000e+00       1.010456995929e-14       3.537958979947e-15       3.477376239300e-17 
  863       3.161133271149e-10       1.907775451488e-12       3.197517651856e-12       0.000000000000e+00       1.006083446577e-14       3.515206376065e-15       3.840533248070e-17 
  864       3.148398203645e-10       1.932173226448e-12       3.409901802534e-12       0.000000000000e+00       1.001733376220e-14       3.492420084146e-15       4.201437179679e-17 
  865       3.135467310079e-10       1.957291041582e-12       3.619271731660e-12       0.000000000000e+00       9.974066131455e-15       3.469596890580e-15       4.560167778089e-17 
  866       3.122344411424e-10       1.983120062150e-12       3.825542664699e-12       0.000000000000e+00       9.931029820497e-15       3.446733549507e-15       4.916805686609e-17 
  867       3.109033370793e-10       2.009651340400e-12       4.028629219653e-12       0.000000000000e+00       9.888223040298e-15       3.423826782721e-15       5.271432450676e-17 
  868       3.095538093569e-10       2.036875815219e-12       4.228445405494e-12       0.000000000000e+00       9.845643965689e-15       3.400873279572e-15       5.624130520632e-17 
  869       3.081862527527e-10       2.064784311775e-12       4.424904620594e-12       0.000000000000e+00       9.803290735234e-15       3.377869696867e-15       5.974983254498e-17 
  870       3.068010662962e-10       2.093367541162e-12       4.617919651160e-12       0.000000000000e+00       9.761161451109e-15       3.354812658775e-15       6.324074920757e-17 
  871       3.053986532817e-10       2.122616100048e-12       4.807402669661e-12       0.000000000000e+00       9.719254178967e-15       3.331698756726e-15       6.671490701126e-17 
  872       3.039794212809e-10       2.152520470316e-12       4.993265233264e-12       0.000000000000e+00       9.677566947815e-15       3.308524549314e-15       7.017316693336e-17 
  873       3.025437821555e-10       2.183071018715e-12       5.175418282264e-12       0.000000000000e+00       9.636097749884e-15       3.285286562204e-15       7.361639913911e-17 
  874       3.010921520701e-10       2.214257996502e-12       5.353772138517e-12       0.000000000000e+00       9.594844540504e-15       3.261981288026e-15       7.704548300943e-17 
  875       2.996249515045e-10       2.246071539087e-12       5.528236503872e-12       0.000000000000e+00       9.553805237972e-15       3.238605186283e-15       8.046130716867e-17 
  876       2.981426052667e-10       2.278501665680e-12       5.698720458599e-12       0.000000000000e+00       9.512977723430e-15       3.215154683253e-15       8.386476951247e-17 
  877       2.966455425052e-10       2.311538278935e-12       5.865132459826e-12       0.000000000000e+00       9.472359840732e-15       3.191626171889e-15       8.725677723544e-17 
  878       2.951341939830e-10       2.345170478851e-12       6.027392971379e-12       0.000000000000e+00       9.431949656728e-15       3.168017218875e-15       9.063792327780e-17 
  879       2.936089838223e-10       2.379384492688e-12       6.185472586637e-12       0.000000000000e+00       9.391746247094e-15       3.144330207994e-15       9.400750971295e-17 
  880       2.920703376477e-10       2.414165709924e-12       6.339354536434e-12       0.000000000000e+00       9.351748923317e-15       3.120568757142e-15       9.736450817688e-17 
  881       2.905186853244e-10       2.449499364429e-12       6.489022115492e-12       0.000000000000e+00       9.311956973377e-15       3.096736516760e-15       1.007078819551e-16 
  882       2.889544609714e-10       2.485370533995e-12       6.634458682817e-12       0.000000000000e+00       9.272369661666e-15       3.072837169921e-15       1.040365859604e-16 
  883       2.873781029728e-10       2.521764139884e-12       6.775647662096e-12       0.000000000000e+00       9.232986228898e-15       3.048874432420e-15       1.073495667096e-16 
  884       2.857900539906e-10       2.558664946356e-12       6.912572542091e-12       0.000000000000e+00       9.193805892022e-15       3.024852052865e-15       1.106457623021e-16 
  885       2.841907609769e-10       2.596057560219e-12       7.045216877037e-12       0.000000000000e+00       9.154827844134e-15       3.000773812766e-15       1.139241023962e-16 
  886       2.825806751860e-10       2.633926430358e-12       7.173564287037e-12       0.000000000000e+00       9.116051254395e-15       2.976643526626e-15       1.171835081873e-16 
  887       2.809602521865e-10       2.672255847280e-12       7.297598458455e-12       0.000000000000e+00       9.077475267936e-15       2.952465042029e-15       1.204228923853e-16 
  888       2.793299518740e-10       2.711029942652e-12       7.417303144318e-12       0.000000000000e+00       9.039099005777e-15       2.928242239732e-15       1.236411591916e-16 
  889       2.776902384828e-10       2.750232688836e-12       7.532662164706e-12       0.000000000000e+00       9.000921564736e-15       2.903979033756e-15       1.268372042770e-16 
  890       2.760415805987e-10       2.789847898432e-12       7.643659407151e-12       0.000000000000e+00       8.962942017346e-15       2.879679371471e-15       1.300099147592e-16 
  891       2.743844511706e-10       2.829859223815e-12       7.750278827032e-12       0.000000000000e+00       8.925159411763e-15       2.855347233692e-15       1.331581691799e-16 
  892       2.727193275233e-10       2.870250156673e-12       7.852504447971e-12       0.000000000000e+00       8.887572771683e-15       2.830986634764e-15       1.362808374825e-16 
  893       2.710466913695e-10       2.911004027547e-12       7.950320362230e-12       0.000000000000e+00       8.850181096250e-15       2.806601622654e-15       1.393767809894e-16 
  894       2.693670288220e-10       2.952104005369e-12       8.043710731104e-12       0.000000000000e+00       8.812983359977e-15       2.782196279044e-15       1.424448523799e-16 
  895       2.676808304060e-10       2.993533097004e-12       8.132659785319e-12       0.000000000000e+00       8.775978512648e-15       2.757774719414e-15       1.454838956670e-16 
  896       2.659885910715e-10       3.035274146780e-12       8.217151825429e-12       0.000000000000e+00       8.739165479241e-15       2.733341093137e-15       1.484927461754e-16 
  897       2.642908102052e-10       3.077309836040e-12       8.297171222210e-12       0.000000000000e+00       8.702543159835e-15       2.708899583571e-15       1.514702305187e-16 
  898       2.625879916429e-10       3.119622682666e-12       8.372702417054e-12       0.000000000000e+00       8.666110429523e-15       2.684454408141e-15       1.544151665769e-16 
  899       2.608806436819e-10       3.162195040632e-12       8.443729922370e-12       0.000000000000e+00       8.629866138328e-15       2.660009818437e-15       1.573263634739e-16 
  900       2.591692790931e-10       3.205009099530e-12       8.510238321976e-12       0.000000000000e+00       8.593809111113e-15       2.635570100299e-15       1.602026215550e-16 
  901       2.574544151332e-10       3.248046884119e-12       8.572212271495e-12       0.000000000000e+00       8.557938147496e-15       2.611139573911e-15       1.630427323641e-16 
  902       2.557365735568e-10       3.291290253857e-12       8.629636498753e-12       0.000000000000e+00       8.522252021760e-15       2.586722593885e-15       1.658454786217e-16 
  903       2.540162806292e-10       3.334720902445e-12       8.682495804174e-12       0.000000000000e+00       8.486749482768e-15       2.562323549358e-15       1.686096342017e-16 
  904       2.522940671379e-10       3.378320357358e-12       8.730775061175e-12       0.000000000000e+00       8.451429253877e-15       2.537946864075e-15       1.713339641095e-16 
  905       2.505704684055e-10       3.422069979394e-12       8.774459216562e-12       0.000000000000e+00       8.416290032847e-15       2.513596996487e-15       1.740172244589e-16 
  906       2.488460243014e-10       3.465950962205e-12       8.813533290926e-12       0.000000000000e+00       8.381330491757e-15       2.489278439833e-15       1.766581624498e-16 
  907       2.471212792544e-10       3.509944331838e-12       8.847982379041e-12       0.000000000000e+00       8.346549276918e-15       2.464995722233e-15       1.792555163460e-16 
  908       2.453967822648e-10       3.554030946276e-12       8.877791650256e-12       0.000000000000e+00       8.311945008784e-15       2.440753406782e-15       1.818080154519e-16 
  909       2.436730869168e-10       3.598191494971e-12       8.902946348895e-12       0.000000000000e+00       8.277516281864e-15       2.416556091631e-15       1.843143800907e-16 
  910       2.419507513902e-10       3.642406498390e-12       8.923431794649e-12       0.000000000000e+00       8.243261664639e-15       2.392408410087e-15       1.867733215815e-16 
  911       2.402303384736e-10       3.686656307550e-12       8.939233382975e-12       0.000000000000e+00       8.209179699470e-15       2.368315030696e-15       1.891835422167e-16 
  912       2.385124155757e-10       3.730921103556e-12       8.950336585490e-12       0.000000000000e+00       8.175268902517e-15       2.344280657336e-15       1.915437352396e-16 
  913       2.367975547379e-10       3.775180897140e-12       8.956726950367e-12       0.000000000000e+00       8.141527763643e-15       2.320310029303e-15       1.938525848221e-16 
  914       2.350863326469e-10       3.819415528202e-12       8.958390102733e-12       0.000000000000e+00       8.107954746336e-15       2.296407921409e-15       1.961087660415e-16 
  915       2.333793306462e-10       3.863604665348e-12       8.955311745061e-12       0.000000000000e+00       8.074548287616e-15       2.272579144063e-15       1.983109448586e-16 
  916       2.316771347491e-10       3.907727805426e-12       8.947477657570e-12       0.000000000000e+00       8.041306797948e-15       2.248828543368e-15       2.004577780950e-16 
  917       2.299802896983e-10       3.951765433673e-12       8.934882996739e-12       0.000000000000e+00       8.008228850071e-15       2.225160521240e-15       2.025483011564e-16 
  918       2.282891603204e-10       3.995702525318e-12       8.917560352303e-12       0.000000000000e+00       7.975313748933e-15       2.201577587237e-15       2.045830980144e-16 
  919       2.266040679885e-10       4.039525098816e-12       8.895552137790e-12       0.000000000000e+00       7.942560970655e-15       2.178081783853e-15       2.065631498096e-16 
  920       2.249253363793e-10       4.083219060007e-12       8.868901334623e-12       0.000000000000e+00       7.909969974383e-15       2.154675164412e-15       2.084894488272e-16 
  921       2.232532914793e-10       4.126770201815e-12       8.837651493833e-12       0.000000000000e+00       7.877540202227e-15       2.131359793091e-15       2.103629985292e-16 
  922       2.215882615902e-10       4.170164203956e-12       8.801846737782e-12       0.000000000000e+00       7.845271079198e-15       2.108137744943e-15       2.121848135878e-16 
  923       2.199305773347e-10       4.213386632640e-12       8.761531761889e-12       0.000000000000e+00       7.813162013154e-15       2.085011105915e-15       2.139559199175e-16 
  924       2.182805716620e-10       4.256422940277e-12       8.716751836347e-12       0.000000000000e+00       7.781212394735e-15       2.061981972873e-15       2.156773547081e-16 
  925       2.166385798537e-10       4.299258465179e-12       8.667552807843e-12       0.000000000000e+00       7.749421597303e-15       2.039052453623e-15       2.173501664577e-16 
  926       2.150049395296e-10       4.341878431266e-12       8.613981101285e-12       0.000000000000e+00       7.717788976884e-15       2.016224666928e-15       2.189754150049e-16 
  927       2.133799906530e-10       4.384267947770e-12       8.556083721518e-12       0.000000000000e+00       7.686313872106e-15       1.993500742536e-15       2.205541715619e-16 
  928       2.117640755368e-10       4.426412008937e-12       8.493908255048e-12       0.000000000000e+00       7.654995604141e-15       1.970882821199e-15       2.220875187473e-16 
  929       2.101575388488e-10       4.468295493736e-12       8.427502871762e-12       0.000000000000e+00       7.623833476640e-15       1.948373054693e-15       2.235765506185e-16 
  930       2.085607276177e-10       4.509903165557e-12       8.356916326651e-12       0.000000000000e+00       7.592826775678e-15       1.925973605841e-15       2.250223727046e-16 
  931       2.069739912387e-10       4.551219671920e-12       8.282197961531e-12       0.000000000000e+00       7.561974769691e-15       1.903686648534e-15       2.264261020393e-16 
  932       2.053976814791e-10       4.592229544179e-12       8.203397706761e-12       0.000000000000e+00       7.531276709419e-15       1.881514367754e-15       2.277888671933e-16 
  933       2.038321524841e-10       4.632917197223e-12       8.120566082970e-12       0.000000000000e+00       7.500731827838e-15       1.859458959592e-15       2.291118083074e-16 
  934       2.022777607823e-10       4.673266929182e-12       8.033754202773e-12       0.000000000000e+00       7.470339340111e-15       1.837522631275e-15       2.303960771251e-16 
  935       2.007348652919e-10       4.713262921131e-12       7.943013772497e-12       0.000000000000e+00       7.440098443517e-15       1.815707601182e-15       2.316428370249e-16 
  936       1.992038273256e-10       4.752889236796e-12       7.848397093897e-12       0.000000000000e+00       7.410008317398e-15       1.794016098868e-15       2.328532630539e-16 
  937       1.976850105969e-10       4.792129822255e-12       7.749957065883e-12       0.000000000000e+00       7.380068123097e-15       1.772450365088e-15       2.340285419598e-16 
  938       1.961787812257e-10       4.830968505646e-12       7.647747186237e-12       0.000000000000e+00       7.350277003894e-15       1.751012651812e-15       2.351698722240e-16 
  939       1.946855077438e-10       4.869388996867e-12       7.541821553338e-12       0.000000000000e+00       7.320634084953e-15       1.729705222255e-15       2.362784640940e-16 
  940       1.932055611006e-10       4.907374887282e-12       7.432234867878e-12       0.000000000000e+00       7.291138473255e-15       1.708530350891e-15       2.373555396167e-16 
  941       1.917393146690e-10       4.944909649428e-12       7.319042434591e-12       0.000000000000e+00       7.261789257541e-15       1.687490323478e-15       2.384023326706e-16 
  942       1.902871442510e-10       4.981976636713e-12       7.202300163967e-12       0.000000000000e+00       7.232585508251e-15       1.666587437079e-15       2.394200889987e-16 
  943       1.888494280831e-10       5.018559083129e-12       7.082064573976e-12       0.000000000000e+00       7.203526277466e-15       1.645824000086e-15       2.404100662414e-16 
  944       1.874265468425e-10       5.054640102945e-12       6.958392791792e-12       0.000000000000e+00       7.174610598843e-15       1.625202332237e-15       2.413735339691e-16 
  945       1.860188836525e-10       5.090202690422e-12       6.831342555510e-12       0.000000000000e+00       7.145837487559e-15       1.604724764639e-15       2.423117737147e-16 
  946       1.846268240881e-10       5.125229719511e-12       6.700972215871e-12       0.000000000000e+00       7.117205940249e-15       1.584393639793e-15       2.432260790069e-16 
  947       1.832507561818e-10       5.159703943557e-12       6.567340737979e-12       0.000000000000e+00       7.088714934948e-15       1.564211311611e-15       2.441177554023e-16 
  948       1.818910704295e-10       5.193607995008e-12       6.430507703028e-12       0.000000000000e+00       7.060363431026e-15       1.544180145438e-15       2.449881205187e-16 
  949       1.805481597959e-10       5.226924385114e-12       6.290533310019e-12       0.000000000000e+00       7.032150369133e-15       1.524302518079e-15       2.458385040675e-16 
  950       1.792224197200e-10       5.259635503635e-12       6.147478377483e-12       0.000000000000e+00       7.004074671135e-15       1.504580817812e-15       2.466702478864e-16 
  951       1.779142481216e-10       5.291723618540e-12       6.001404345200e-12       0.000000000000e+00       6.976135240055e-15       1.485017444417e-15       2.474847059723e-16 
  952       1.766240454060e-10       5.323170875719e-12       5.852373275926e-12       0.000000000000e+00       6.948330960016e-15       1.465614809193e-15       2.482832445141e-16 
  953       1.753522144703e-10       5.353959298680e-12       5.700447857108e-12       0.000000000000e+00       6.920660696174e-15       1.446375334981e-15       2.490672419251e-16 
  954       1.740991607091e-10       5.384070788258e-12       5.545691402608e-12       0.000000000000e+00       6.893123294663e-15       1.427301456186e-15       2.498380888761e-16 
  955       1.728652920197e-10       5.413487122316e-12       5.388167854426e-12       0.000000000000e+00       6.865717582536e-15       1.408395618799e-15       2.505971883279e-16 
  956       1.716509597406e-10       5.442192227811e-12       5.227942837214e-12       0.000000000000e+00       6.838442501247e-15       1.389659531172e-15       2.513455821565e-16 
  957       1.704562804647e-10       5.470179035604e-12       5.065086836012e-12       0.000000000000e+00       6.811297509477e-15       1.371091903774e-15       2.520828247131e-16 
  958       1.692813115149e-10       5.497442729778e-12       4.899672070473e-12       0.000000000000e+00       6.784282186350e-15       1.352690674954e-15       2.528080921211e-16 
  959       1.681261097636e-10       5.523978484774e-12       4.731771448324e-12       0.000000000000e+00       6.757396098389e-15       1.334453756973e-15       2.535205541080e-16 
  960       1.669907316302e-10       5.549781465388e-12       4.561458567229e-12       0.000000000000e+00       6.730638799485e-15       1.316379035932e-15       2.542193739891e-16 
  961       1.658752330791e-10       5.574846826782e-12       4.388807716643e-12       0.000000000000e+00       6.704009830847e-15       1.298464371692e-15       2.549037086509e-16 
  962       1.647796696177e-10       5.599169714479e-12       4.213893879677e-12       0.000000000000e+00       6.677508720961e-15       1.280707597799e-15       2.555727085354e-16 
  963       1.637040962946e-10       5.622745264367e-12       4.036792734953e-12       0.000000000000e+00       6.651134985547e-15       1.263106521407e-15       2.562255176233e-16 
  964       1.626485676970e-10       5.645568602705e-12       3.857580658465e-12       0.000000000000e+00       6.624888127519e-15       1.245658923200e-15       2.568612734184e-16 
  965       1.616131379492e-10       5.667634846119e-12       3.676334725441e-12       0.000000000000e+00       6.598767636939e-15       1.228362557317e-15       2.574791069306e-16 
  966       1.605978607100e-10       5.688939101611e-12       3.493132712196e-12       0.000000000000e+00       6.572772990975e-15       1.211215151276e-15       2.580781426603e-16 
  967       1.596027891712e-10       5.709476466555e-12       3.308053097999e-12       0.000000000000e+00       6.546903653859e-15       1.194214405892e-15       2.586574985819e-16 
  968       1.586279760552e-10       5.729242028702e-12       3.121175066927e-12       0.000000000000e+00       6.521159076844e-15       1.177357995209e-15       2.592162861274e-16 
  969       1.576734736129e-10       5.748230866185e-12       2.932578509727e-12       0.000000000000e+00       6.495538698162e-15       1.160643566413e-15       2.597536101705e-16 
  970       1.567393336218e-10       5.766438047516e-12       2.742344025675e-12       0.000000000000e+00       6.470041942980e-15       1.144068739765e-15       2.602685690100e-16 
  971       1.558256073839e-10       5.783858631593e-12       2.550552924433e-12       0.000000000000e+00       6.444668223358e-15       1.127631108518e-15       2.607602543540e-16 
  972       1.549323457238e-10       5.800487667698e-12       2.357287227913e-12       0.000000000000e+00       6.419416938207e-15       1.111328238841e-15       2.612277513032e-16 
  973       1.540595989862e-10       5.816320195502e-12       2.162629672132e-12       0.000000000000e+00       6.394287473245e-15       1.095157669746e-15       2.616701383348e-16 
  974       1.532074170343e-10       5.831351245067e-12       1.966663709075e-12       0.000000000000e+00       6.369279200954e-15       1.079116913007e-15       2.620864872865e-16 
  975       1.523758492475e-10       5.845575836848e-12       1.769473508553e-12       0.000000000000e+00       6.344391480538e-15       1.063203453084e-15       2.624758633400e-16 
  976       1.515649445195e-10       5.858988981695e-12       1.571143960059e-12       0.000000000000e+00       6.319623657883e-15       1.047414747049e-15       2.628373250047e-16 
  977       1.507747512559e-10       5.871585680855e-12       1.371760674635e-12       0.000000000000e+00       6.294975065510e-15       1.031748224506e-15       2.631699241017e-16 
  978       1.500053173728e-10       5.883360925974e-12       1.171409986724e-12       0.000000000000e+00       6.270445022532e-15       1.016201287517e-15       2.634727057474e-16 
  979       1.492566902939e-10       5.894309699102e-12       9.701789560333e-13       0.000000000000e+00       6.246032834617e-15       1.000771310522e-15       2.637447083374e-16 
  980       1.485289169492e-10       5.904426972692e-12       7.681553693930e-13       0.000000000000e+00       6.221737793940e-15       9.854556402671e-16       2.639849635301e-16 
  981       1.478220437723e-10       5.913707709601e-12       5.654277426160e-13       0.000000000000e+00       6.197559179140e-15       9.702515957216e-16       2.641924962303e-16 
  982       1.471361166991e-10       5.922146863099e-12       3.620853223562e-13       0.000000000000e+00       6.173496255282e-15       9.551564680065e-16       2.643663245735e-16 
  983       1.464711811648e-10       5.929739376864e-12       1.582180879692e-13       0.000000000000e+00       6.149548273811e-15       9.401675203150e-16       2.645054599092e-16 
  984       1.458272821028e-10       5.936480184988e-12      -4.608324662908e-14       0.000000000000e+00       6.125714472509e-15       9.252819878369e-16       2.646089067847e-16 
  985       1.452044639418e-10       5.942364211978e-12      -2.507272311029e-13       0.000000000000e+00       6.101994075452e-15       9.104970776812e-16       2.646756629289e-16 
  986       1.446027706043e-10       5.947386372759e-12      -4.556216768368e-13       0.000000000000e+00       6.078386292970e-15       8.958099687997e-16       2.647047192364e-16 
  987       1.440222455045e-10       5.951541572676e-12      -6.606736550767e-13       0.000000000000e+00       6.054890321603e-15       8.812178119104e-16       2.646950597507e-16 
  988       1.434629315458e-10       5.954824707496e-12      -8.657894950704e-13       0.000000000000e+00       6.031505344057e-15       8.667177294202e-16       2.646456616482e-16 
  989       1.429248711194e-10       5.957230663411e-12      -1.070874782208e-12       0.000000000000e+00       6.008230529163e-15       8.523068153489e-16       2.645554952220e-16 
  990       1.424081061016e-10       5.958754317038e-12      -1.275834356162e-12       0.000000000000e+00       5.985065031831e-15       8.379821352517e-16       2.644235238659e-16 
  991       1.419126778522e-10       5.959390535425e-12      -1.480572309029e-12       0.000000000000e+00       5.962007993014e-15       8.237407261432e-16       2.642487040574e-16 
  992       1.414386272122e-10       5.959134176050e-12      -1.684991983469e-12       0.000000000000e+00       5.939058539658e-15       8.095795964199e-16       2.640299853424e-16 
  993       1.409859945020e-10       5.957980086825e-12      -1.888995970849e-12       0.000000000000e+00       5.916215784663e-15       7.954957257842e-16       2.637663103182e-16 
  994       1.405548195188e-10       5.955923106096e-12      -2.092486109377e-12       0.000000000000e+00       5.893478826841e-15       7.814860651671e-16       2.634566146176e-16 
  995       1.401451027171e-10       5.952960063657e-12      -2.295370528529e-12       0.000000000000e+00       5.870846851214e-15       7.675481265991e-16       2.631001689018e-16 
  996       1.397566881277e-10       5.949095815947e-12      -2.497584899320e-12       0.000000000000e+00       5.848319431622e-15       7.536817624620e-16       2.626976103705e-16 
  997       1.393893787156e-10       5.944337299451e-12      -2.699071492290e-12       0.000000000000e+00       5.825896232472e-15       7.398874122036e-16       2.622499263619e-16 
  998       1.390429750353e-10       5.938691537968e-12      -2.899772158501e-12       0.000000000000e+00       5.803576908770e-15       7.261655147534e-16       2.617581137414e-16 
  999       1.387172752245e-10       5.932165642857e-12      -3.099628328532e-12       0.000000000000e+00       5.781361106088e-15       7.125165085173e-16       2.612231789271e-16 
 1000       1.384120749970e-10       5.924766813282e-12      -3.298581011474e-12       0.000000000000e+00       5.759248460536e-15       6.989408313722e-16       2.606461379149e-16 
 1001       1.381271676360e-10       5.916502336455e-12      -3.496570793919e-12       0.000000000000e+00       5.737238598729e-15       6.854389206607e-16       2.600280163035e-16 
 1002       1.378623439876e-10       5.907379587880e-12      -3.693537838960e-12       0.000000000000e+00       5.715331137757e-15       6.720112131858e-16       2.593698493197e-16 
 1003       1.376173924536e-10       5.897406031599e-12      -3.889421885181e-12       0.000000000000e+00       5.693525685155e-15       6.586581452056e-16       2.586726818435e-16 
 1004       1.373920989850e-10       5.886589220439e-12      -4.084162245652e-12       0.000000000000e+00       5.671821838874e-15       6.453801524280e-16       2.579375684334e-16 
 1005       1.371862470752e-10       5.874936796251e-12      -4.277697806923e-12       0.000000000000e+00       5.650219187247e-15       6.321776700055e-16       2.571655733514e-16 
 1006       1.369996177534e-10       5.862456490157e-12      -4.469967028016e-12       0.000000000000e+00       5.628717308961e-15       6.190511325298e-16       2.563577705884e-16 
 1007       1.368319895776e-10       5.849156122796e-12      -4.660907939421e-12       0.000000000000e+00       5.607315773024e-15       6.060009740262e-16       2.555152438890e-16 
 1008       1.366831386279e-10       5.835043604569e-12      -4.850458142090e-12       0.000000000000e+00       5.586014138739e-15       5.930276279490e-16       2.546390867771e-16 
 1009       1.365528384997e-10       5.820126935879e-12      -5.038554806427e-12       0.000000000000e+00       5.564811955667e-15       5.801315271755e-16       2.537304025808e-16 
 1010       1.364408602973e-10       5.804414207380e-12      -5.225134671287e-12       0.000000000000e+00       5.543708763604e-15       5.673131040011e-16       2.527903044576e-16 
 1011       1.363469726266e-10       5.787913600220e-12      -5.410134042966e-12       0.000000000000e+00       5.522704092543e-15       5.545727901338e-16       2.518199154197e-16 
 1012       1.362709415886e-10       5.770633386287e-12      -5.593488794197e-12       0.000000000000e+00       5.501797462649e-15       5.419110166889e-16       2.508203683589e-16 
 1013       1.362125307729e-10       5.752581928449e-12      -5.775134363142e-12       0.000000000000e+00       5.480988384225e-15       5.293282141841e-16       2.497928060720e-16 
 1014       1.361715012503e-10       5.733767680805e-12      -5.955005752388e-12       0.000000000000e+00       5.460276357683e-15       5.168248125334e-16       2.487383812862e-16 
 1015       1.361476115669e-10       5.714199188925e-12      -6.133037527938e-12       0.000000000000e+00       5.439660873514e-15       5.044012410425e-16       2.476582566837e-16 
 1016       1.361406177364e-10       5.693885090095e-12      -6.309163818207e-12       0.000000000000e+00       5.419141412256e-15       4.920579284033e-16       2.465536049271e-16 
 1017       1.361502732340e-10       5.672834113563e-12      -6.483318313016e-12       0.000000000000e+00       5.398717444464e-15       4.797953026884e-16       2.454256086849e-16 
 1018       1.361763289897e-10       5.651055080785e-12      -6.655434262583e-12       0.000000000000e+00       5.378388430680e-15       4.676137913460e-16       2.442754606561e-16 
 1019       1.362185333808e-10       5.628556905664e-12      -6.825444476520e-12       0.000000000000e+00       5.358153821402e-15       4.555138211945e-16       2.431043635960e-16 
 1020       1.362766322260e-10       5.605348594801e-12      -6.993281322826e-12       0.000000000000e+00       5.338013057052e-15       4.434958184173e-16       2.419135303408e-16 
 1021       1.363503687782e-10       5.581439247734e-12      -7.158876726877e-12       0.000000000000e+00       5.317965567949e-15       4.315602085573e-16       2.407041838331e-16 
 1022       1.364394837178e-10       5.556838057189e-12      -7.322162170428e-12       0.000000000000e+00       5.298010774276e-15       4.197074165119e-16       2.394775571469e-16 
 1023       1.365437151459e-10       5.531554309316e-12      -7.483068690599e-12       0.000000000000e+00       5.278148086047e-15       4.079378665273e-16       2.382348935129e-16 
 1024       1.366627985777e-10       5.505597383941e-12      -7.641526878871e-12       0.000000000000e+00       5.258376903084e-15       3.962519821936e-16       2.369774463438e-16 
 1025       1.367964669356e-10       5.478976754808e-12      -7.797466880082e-12       0.000000000000e+00       5.238696614976e-15       3.846501864391e-16       2.357064792590e-16 
 1026       1.369444505424e-10       5.451701989823e-12      -7.950818391418e-12       0.000000000000e+00       5.219106601060e-15       3.731329015254e-16       2.344232661101e-16 
 1027       1.371064771148e-10       5.423782751298e-12      -8.101510661411e-12       0.000000000000e+00       5.199606230380e-15       3.617005490417e-16       2.331290910063e-16 
 1028       1.372822717563e-10       5.395228796198e-12      -8.249472488925e-12       0.000000000000e+00       5.180194861663e-15       3.503535498999e-16       2.318252483391e-16 
 1029       1.374715569508e-10       5.366049976383e-12      -8.394632222158e-12       0.000000000000e+00       5.160871843286e-15       3.390923243290e-16       2.305130428077e-16 
 1030       1.376740525554e-10       5.336256238853e-12      -8.536917757633e-12       0.000000000000e+00       5.141636513247e-15       3.279172918698e-16       2.291937894440e-16 
 1031       1.378894757942e-10       5.305857625995e-12      -8.676256539189e-12       0.000000000000e+00       5.122488199130e-15       3.168288713697e-16       2.278688136383e-16 
 1032       1.381175412509e-10       5.274864275824e-12      -8.812575556977e-12       0.000000000000e+00       5.103426218082e-15       3.058274809774e-16       2.265394511636e-16 
 1033       1.383579608626e-10       5.243286422230e-12      -8.945801346456e-12       0.000000000000e+00       5.084449876776e-15       2.949135381376e-16       2.252070482017e-16 
 1034       1.386104429351e-10       5.211134978402e-12      -9.075870405638e-12       0.000000000000e+00       5.065558547560e-15       2.840878377405e-16       2.238726901154e-16 
 1035       1.388746891872e-10       5.178423295637e-12      -9.202760610056e-12       0.000000000000e+00       5.046751898136e-15       2.733526924334e-16       2.225363835196e-16 
 1036       1.391503976516e-10       5.145165429864e-12      -9.326460239640e-12       0.000000000000e+00       5.028029665065e-15       2.627108084089e-16       2.211978627048e-16 
 1037       1.394372636413e-10       5.111375561031e-12      -9.446957600872e-12       0.000000000000e+00       5.009391577864e-15       2.521649087488e-16       2.198568598355e-16 
 1038       1.397349797430e-10       5.077067993409e-12      -9.564241026942e-12       0.000000000000e+00       4.990837358981e-15       2.417177334603e-16       2.185131049459e-16 
 1039       1.400432358106e-10       5.042257155908e-12      -9.678298877914e-12       0.000000000000e+00       4.972366723773e-15       2.313720395138e-16       2.171663259337e-16 
 1040       1.403617189576e-10       5.006957602381e-12      -9.789119540888e-12       0.000000000000e+00       4.953979380487e-15       2.211306008794e-16       2.158162485559e-16 
 1041       1.406901135509e-10       4.971184011940e-12      -9.896691430161e-12       0.000000000000e+00       4.935675030235e-15       2.109962085646e-16       2.144625964224e-16 
 1042       1.410281012035e-10       4.934951189260e-12      -1.000100298739e-11       0.000000000000e+00       4.917453366974e-15       2.009716706506e-16       2.131050909918e-16 
 1043       1.413753607679e-10       4.898274064895e-12      -1.010204268175e-11       0.000000000000e+00       4.899314077484e-15       1.910598123305e-16       2.117434515655e-16 
 1044       1.417315683290e-10       4.861167695582e-12      -1.019979901010e-11       0.000000000000e+00       4.881256841342e-15       1.812634759452e-16       2.103773952827e-16 
 1045       1.420963971975e-10       4.823647264556e-12      -1.029426049715e-11       0.000000000000e+00       4.863281330906e-15       1.715855210214e-16       2.090066371150e-16 
 1046       1.424695179028e-10       4.785728081855e-12      -1.038541569560e-11       0.000000000000e+00       4.845387211290e-15       1.620288243083e-16       2.076308898615e-16 
 1047       1.428505981863e-10       4.747425584634e-12      -1.047325318635e-11       0.000000000000e+00       4.827574140340e-15       1.525962798146e-16       2.062498641432e-16 
 1048       1.432393029943e-10       4.708755337475e-12      -1.055776157859e-11       0.000000000000e+00       4.809841768616e-15       1.432907988462e-16       2.048632683978e-16 
 1049       1.436352944715e-10       4.669733032693e-12      -1.063892951005e-11       0.000000000000e+00       4.792189739368e-15       1.341153100422e-16       2.034708088747e-16 
 1050       1.440382319536e-10       4.630374490650e-12      -1.071674564707e-11       0.000000000000e+00       4.774617688512e-15       1.250727594133e-16       2.020721896294e-16 
 1051       1.444477719611e-10       4.590695660064e-12      -1.079119868483e-11       0.000000000000e+00       4.757125244613e-15       1.161661103779e-16       2.006671125185e-16 
 1052       1.448635681919e-10       4.550712618315e-12      -1.086227734750e-11       0.000000000000e+00       4.739712028858e-15       1.073983437997e-16       1.992552771945e-16 
 1053       1.452852715147e-10       4.510441571763e-12      -1.092997038837e-11       0.000000000000e+00       4.722377655037e-15       9.877245802441e-17       1.978363811004e-16 
 1054       1.457125299618e-10       4.469898856049e-12      -1.099426659004e-11       0.000000000000e+00       4.705121729520e-15       9.029146891739e-17       1.964101194645e-16 
 1055       1.461449887227e-10       4.429100936412e-12      -1.105515476457e-11       0.000000000000e+00       4.687943851233e-15       8.195840990029e-17       1.949761852951e-16 
 1056       1.465822901371e-10       4.388064407995e-12      -1.111262375366e-11       0.000000000000e+00       4.670843611642e-15       7.377633198833e-17       1.935342693753e-16 
 1057       1.470240736877e-10       4.346805996156e-12      -1.116666242878e-11       0.000000000000e+00       4.653820594722e-15       6.574830382738e-17       1.920840602580e-16 
 1058       1.474699759937e-10       4.305342556777e-12      -1.121725969138e-11       0.000000000000e+00       4.636874376945e-15       5.787741173102e-17       1.906252442602e-16 
 1059       1.479196308038e-10       4.263691076578e-12      -1.126440447299e-11       0.000000000000e+00       4.620004527249e-15       5.016675971769e-17       1.891575054581e-16 
 1060       1.483726689893e-10       4.221868673420e-12      -1.130808573544e-11       0.000000000000e+00       4.603210607022e-15       4.261946954777e-17       1.876805256815e-16 
 1061       1.488287185373e-10       4.179892596622e-12      -1.134829247098e-11       0.000000000000e+00       4.586492170077e-15       3.523868076064e-17       1.861939845092e-16 
 1062       1.492874045438e-10       4.137780227266e-12      -1.138501370248e-11       0.000000000000e+00       4.569848762632e-15       2.802755071183e-17       1.846975592630e-16 
 1063       1.497483492068e-10       4.095549078509e-12      -1.141823848353e-11       0.000000000000e+00       4.553279923285e-15       2.098925461009e-17       1.831909250030e-16 
 1064       1.502111718195e-10       4.053216795894e-12      -1.144795589870e-11       0.000000000000e+00       4.536785182996e-15       1.412698555449e-17       1.816737545220e-16 
 1065       1.506754887634e-10       4.010801157655e-12      -1.147415506359e-11       0.000000000000e+00       4.520364065061e-15       7.443954571529e-18       1.801457183405e-16 
 1066       1.511409135013e-10       3.968320075035e-12      -1.149682512509e-11       0.000000000000e+00       4.504016085094e-15       9.433906522130e-19       1.786064847015e-16 
 1067       1.516070565708e-10       3.925791592590e-12      -1.151595526147e-11       0.000000000000e+00       4.487740751001e-15      -5.371459210832e-18       1.770557195648e-16 
 1068       1.520735255771e-10       3.883233888497e-12      -1.153153468259e-11       0.000000000000e+00       4.471537562960e-15      -1.149732998627e-17       1.754930866023e-16 
 1069       1.525399251861e-10       3.840665274873e-12      -1.154355263002e-11       0.000000000000e+00       4.455406013400e-15      -1.743093856694e-17       1.739182471926e-16 
 1070       1.530058571178e-10       3.798104198075e-12      -1.155199837726e-11       0.000000000000e+00       4.439345586977e-15      -2.316898373280e-17       1.723308604155e-16 
 1071       1.534709201392e-10       3.755569239017e-12      -1.155686122982e-11       0.000000000000e+00       4.423355760552e-15      -2.870814611379e-17       1.707305830470e-16 
 1072       1.539347100575e-10       3.713079113474e-12      -1.155813052548e-11       0.000000000000e+00       4.407436003171e-15      -3.404508815273e-17       1.691170695540e-16 
 1073       1.543968514761e-10       3.670651581558e-12      -1.155580328502e-11       0.000000000000e+00       4.391585830745e-15      -3.917758044414e-17       1.674900797841e-16 
 1074       1.548570935484e-10       3.628300159233e-12      -1.154990727853e-11       0.000000000000e+00       4.375804970948e-15      -4.410789762065e-17       1.658498036515e-16 
 1075       1.553152155140e-10       3.586037362635e-12      -1.154047827356e-11       0.000000000000e+00       4.360093200524e-15      -4.883946863390e-17       1.641965408617e-16 
 1076       1.557709950511e-10       3.543875795045e-12      -1.152755241388e-11       0.000000000000e+00       4.344450290764e-15      -5.337575465201e-17       1.625305936236e-16 
 1077       1.562242082723e-10       3.501828147090e-12      -1.151116622043e-11       0.000000000000e+00       4.328876007496e-15      -5.772024913970e-17       1.608522666553e-16 
 1078       1.566746297213e-10       3.459907196933e-12      -1.149135659234e-11       0.000000000000e+00       4.313370111066e-15      -6.187647793856e-17       1.591618671901e-16 
 1079       1.571220323695e-10       3.418125810476e-12      -1.146816080780e-11       0.000000000000e+00       4.297932356320e-15      -6.584799934720e-17       1.574597049825e-16 
 1080       1.575661876123e-10       3.376496941552e-12      -1.144161652510e-11       0.000000000000e+00       4.282562492592e-15      -6.963840420143e-17       1.557460923143e-16 
 1081       1.580068652657e-10       3.335033632122e-12      -1.141176178354e-11       0.000000000000e+00       4.267260263683e-15      -7.325131595449e-17       1.540213440003e-16 
 1082       1.584438335622e-10       3.293749012473e-12      -1.137863500439e-11       0.000000000000e+00       4.252025407848e-15      -7.669039075723e-17       1.522857773944e-16 
 1083       1.588768591481e-10       3.252656301413e-12      -1.134227499188e-11       0.000000000000e+00       4.236857657779e-15      -7.995931753829e-17       1.505397123957e-16 
 1084       1.593057070791e-10       3.211768806467e-12      -1.130272093414e-11       0.000000000000e+00       4.221756740587e-15      -8.306181808429e-17       1.487834714541e-16 
 1085       1.597301408173e-10       3.171099924075e-12      -1.126001240413e-11       0.000000000000e+00       4.206722377788e-15      -8.600164712005e-17       1.470173795769e-16 
 1086       1.601499222275e-10       3.130663139787e-12      -1.121418936066e-11       0.000000000000e+00       4.191754285285e-15      -8.878259238875e-17       1.452417643339e-16 
 1087       1.605648115735e-10       3.090472028460e-12      -1.116529214929e-11       0.000000000000e+00       4.176852173353e-15      -9.140847473214e-17       1.434569558642e-16 
 1088       1.609745675146e-10       3.050540254454e-12      -1.111336150333e-11       0.000000000000e+00       4.162015746620e-15      -9.388314817073e-17       1.416632868818e-16 
 1089       1.613789471022e-10       3.010881571827e-12      -1.105843854478e-11       0.000000000000e+00       4.147244704056e-15      -9.621049998400e-17       1.398610926814e-16 
 1090       1.617777057760e-10       2.971509824535e-12      -1.100056478529e-11       0.000000000000e+00       4.132538738951e-15      -9.839445079053e-17       1.380507111447e-16 
 1091       1.621705973606e-10       2.932438946625e-12      -1.093978212710e-11       0.000000000000e+00       4.117897538901e-15      -1.004389546283e-16       1.362324827461e-16 
 1092       1.625573740618e-10       2.893682962432e-12      -1.087613286406e-11       0.000000000000e+00       4.103320785794e-15      -1.023479990347e-16       1.344067505591e-16 
 1093       1.629377864633e-10       2.855255986778e-12      -1.080965968251e-11       0.000000000000e+00       4.088808155787e-15      -1.041256051271e-16       1.325738602615e-16 
 1094       1.633115835229e-10       2.817172225163e-12      -1.074040566229e-11       0.000000000000e+00       4.074359319299e-15      -1.057758276824e-16       1.307341601423e-16 
 1095       1.636785125689e-10       2.779445973967e-12      -1.066841427768e-11       0.000000000000e+00       4.059973940986e-15      -1.073027552179e-16       1.288880011069e-16 
 1096       1.640383192969e-10       2.742091620644e-12      -1.059372939838e-11       0.000000000000e+00       4.045651679732e-15      -1.087105100711e-16       1.270357366834e-16 
 1097       1.643907477656e-10       2.705123643916e-12      -1.051639529042e-11       0.000000000000e+00       4.031392188625e-15      -1.100032484800e-16       1.251777230287e-16 
 1098       1.647355403940e-10       2.668556613975e-12      -1.043645661718e-11       0.000000000000e+00       4.017195114949e-15      -1.111851606634e-16       1.233143189342e-16 
 1099       1.650724379573e-10       2.632405192672e-12      -1.035395844031e-11       0.000000000000e+00       4.003060100159e-15      -1.122604709007e-16       1.214458858319e-16 
 1100       1.654011795836e-10       2.596684133720e-12      -1.026894622069e-11       0.000000000000e+00       3.988986779874e-15      -1.132334376126e-16       1.195727878004e-16 
 1101       1.657215027501e-10       2.561408282887e-12      -1.018146581940e-11       0.000000000000e+00       3.974974783853e-15      -1.141083534409e-16       1.176953915707e-16 
 1102       1.660331432797e-10       2.526592578193e-12      -1.009156349869e-11       0.000000000000e+00       3.961023735982e-15      -1.148895453291e-16       1.158140665324e-16 
 1103       1.663358353376e-10       2.492252050108e-12      -9.999285922888e-12       0.000000000000e+00       3.947133254256e-15      -1.155813746021e-16       1.139291847395e-16 
 1104       1.666293114275e-10       2.458401821743e-12      -9.904680159432e-12       0.000000000000e+00       3.933302950767e-15      -1.161882370467e-16       1.120411209164e-16 
 1105       1.669133023879e-10       2.425057109053e-12      -9.807793679772e-12       0.000000000000e+00       3.919532431682e-15      -1.167145629917e-16       1.101502524641e-16 
 1106       1.671875373890e-10       2.392233221031e-12      -9.708674360351e-12       0.000000000000e+00       3.905821297231e-15      -1.171648173884e-16       1.082569594656e-16 
 1107       1.674517439287e-10       2.359945559901e-12      -9.607370483560e-12       0.000000000000e+00       3.892169141686e-15      -1.175434998901e-16       1.063616246927e-16 
 1108       1.677056478295e-10       2.328209621319e-12      -9.503930738699e-12       0.000000000000e+00       3.878575553353e-15      -1.178551449329e-16       1.044646336110e-16 
 1109       1.679489732343e-10       2.297040994568e-12      -9.398404222931e-12       0.000000000000e+00       3.865040114544e-15      -1.181043218158e-16       1.025663743868e-16 
 1110       1.681814426034e-10       2.266455362752e-12      -9.290840442243e-12       0.000000000000e+00       3.851562401572e-15      -1.182956347806e-16       1.006672378924e-16 
 1111       1.684027767108e-10       2.236468502995e-12      -9.181289312409e-12       0.000000000000e+00       3.838141984728e-15      -1.184337230924e-16       9.876761771246e-17 
 1112       1.686127368848e-10       2.207094259513e-12      -9.069802131867e-12       0.000000000000e+00       3.824778472720e-15      -1.185225968790e-16       9.686789449435e-17 
 1113       1.688112523460e-10       2.178338433263e-12      -8.956434512457e-12       0.000000000000e+00       3.811471646666e-15      -1.185636349315e-16       9.496838876337e-17 
 1114       1.689982945356e-10       2.150204812388e-12      -8.841243489100e-12       0.000000000000e+00       3.798221327832e-15      -1.185575607524e-16       9.306940749948e-17 
 1115       1.691738350235e-10       2.122697192056e-12      -8.724286552427e-12       0.000000000000e+00       3.785027333320e-15      -1.185051044255e-16       9.117125974082e-17 
 1116       1.693378455088e-10       2.095819374467e-12      -8.605621649818e-12       0.000000000000e+00       3.771889476062e-15      -1.184070026320e-16       8.927425658819e-17 
 1117       1.694902978202e-10       2.069575168844e-12      -8.485307186468e-12       0.000000000000e+00       3.758807564805e-15      -1.182639986663e-16       8.737871120950e-17 
 1118       1.696311639168e-10       2.043968391438e-12      -8.363402026431e-12       0.000000000000e+00       3.745781404099e-15      -1.180768424516e-16       8.548493884419e-17 
 1119       1.697604158883e-10       2.019002865530e-12      -8.239965493674e-12       0.000000000000e+00       3.732810794285e-15      -1.178462905558e-16       8.359325680772e-17 
 1120       1.698780259558e-10       1.994682421424e-12      -8.115057373137e-12       0.000000000000e+00       3.719895531485e-15      -1.175731062072e-16       8.170398449598e-17 
 1121       1.699839664723e-10       1.971010896451e-12      -7.988737911774e-12       0.000000000000e+00       3.707035407586e-15      -1.172580593107e-16       7.981744338981e-17 
 1122       1.700782099231e-10       1.947992134971e-12      -7.861067819618e-12       0.000000000000e+00       3.694230210232e-15      -1.169019264627e-16       7.793395705936e-17 
 1123       1.701607289264e-10       1.925629988367e-12      -7.732108270824e-12       0.000000000000e+00       3.681479722810e-15      -1.165054909680e-16       7.605385116861e-17 
 1124       1.702314962339e-10       1.903928315049e-12      -7.601920904731e-12       0.000000000000e+00       3.668783724438e-15      -1.160695428546e-16       7.417745347979e-17 
 1125       1.702904847314e-10       1.882890980454e-12      -7.470567826904e-12       0.000000000000e+00       3.656141989954e-15      -1.155948788903e-16       7.230509385786e-17 
 1126       1.703376674390e-10       1.862521857043e-12      -7.338111610199e-12       0.000000000000e+00       3.643554289903e-15      -1.150823025978e-16       7.043710427493e-17 
 1127       1.703730175119e-10       1.842824824303e-12      -7.204615295806e-12       0.000000000000e+00       3.631020390525e-15      -1.145326242709e-16       6.857381881471e-17 
 1128       1.703965082411e-10       1.823803768745e-12      -7.070142394306e-12       0.000000000000e+00       3.618540053743e-15      -1.139466609903e-16       6.671557367700e-17 
 1129       1.704081130535e-10       1.805462583908e-12      -6.934756886727e-12       0.000000000000e+00       3.606113037154e-15      -1.133252366391e-16       6.486270718210e-17 
 1130       1.704078055129e-10       1.787805170352e-12      -6.798523225589e-12       0.000000000000e+00       3.593739094010e-15      -1.126691819189e-16       6.301555977529e-17 
 1131       1.703955593199e-10       1.770835435664e-12      -6.661506335965e-12       0.000000000000e+00       3.581417973213e-15      -1.119793343655e-16       6.117447403125e-17 
 1132       1.703713483134e-10       1.754557294454e-12      -6.523771616529e-12       0.000000000000e+00       3.569149419301e-15      -1.112565383644e-16       5.933979465854e-17 
 1133       1.703351464700e-10       1.738974668359e-12      -6.385384940610e-12       0.000000000000e+00       3.556933172433e-15      -1.105016451672e-16       5.751186850406e-17 
 1134       1.702869279055e-10       1.724091486036e-12      -6.246412657244e-12       0.000000000000e+00       3.544768968381e-15      -1.097155129067e-16       5.569104455746e-17 
 1135       1.702266668749e-10       1.709911683168e-12      -6.106921592231e-12       0.000000000000e+00       3.532656538515e-15      -1.088990066132e-16       5.387767395561e-17 
 1136       1.701543377732e-10       1.696439202462e-12      -5.966979049184e-12       0.000000000000e+00       3.520595609794e-15      -1.080529982301e-16       5.207210998708e-17 
 1137       1.700699151355e-10       1.683677993648e-12      -5.826652810580e-12       0.000000000000e+00       3.508585904750e-15      -1.071783666295e-16       5.027470809656e-17 
 1138       1.699733736381e-10       1.671632013479e-12      -5.686011138819e-12       0.000000000000e+00       3.496627141481e-15      -1.062759976284e-16       4.848582588930e-17 
 1139       1.698646880989e-10       1.660305225730e-12      -5.545122777272e-12       0.000000000000e+00       3.484719033633e-15      -1.053467840043e-16       4.670582313560e-17 
 1140       1.697438334775e-10       1.649701601202e-12      -5.404056951337e-12       0.000000000000e+00       3.472861290394e-15      -1.043916255108e-16       4.493506177524e-17 
 1141       1.696107848763e-10       1.639825117716e-12      -5.262883369488e-12       0.000000000000e+00       3.461053616478e-15      -1.034114288936e-16       4.317390592192e-17 
 1142       1.694655175407e-10       1.630679760116e-12      -5.121672224332e-12       0.000000000000e+00       3.449295712114e-15      -1.024071079063e-16       4.142272186774e-17 
 1143       1.693080068597e-10       1.622269520268e-12      -4.980494193659e-12       0.000000000000e+00       3.437587273036e-15      -1.013795833260e-16       3.968187808762e-17 
 1144       1.691382283665e-10       1.614598397061e-12      -4.839420441498e-12       0.000000000000e+00       3.425927990466e-15      -1.003297829694e-16       3.795174524378e-17 
 1145       1.689561577390e-10       1.607670396407e-12      -4.698522619167e-12       0.000000000000e+00       3.414317551109e-15      -9.925864170828e-17       3.623269619017e-17 
 1146       1.687617708003e-10       1.601489531236e-12      -4.557872866324e-12       0.000000000000e+00       3.402755637133e-15      -9.816710148548e-17       3.452510597694e-17 
 1147       1.685550435193e-10       1.596059821502e-12      -4.417543812028e-12       0.000000000000e+00       3.391241926166e-15      -9.705611133059e-17       3.282935185486e-17 
 1148       1.683359520111e-10       1.591385294182e-12      -4.277608575783e-12       0.000000000000e+00       3.379776091276e-15      -9.592662737579e-17       3.114581327983e-17 
 1149       1.681044725379e-10       1.587469983271e-12      -4.138140768594e-12       0.000000000000e+00       3.368357800961e-15      -9.477961287164e-17       2.947487191725e-17 
 1150       1.678605815091e-10       1.584317929786e-12      -3.999214494024e-12       0.000000000000e+00       3.356986719143e-15      -9.361603820282e-17       2.781691164654e-17 
 1151       1.676042837028e-10       1.581931441628e-12      -3.860898918234e-12       0.000000000000e+00       3.345662539015e-15      -9.243625619716e-17       2.617222901429e-17 
 1152       1.673356973216e-10       1.580305848985e-12      -3.723241902528e-12       0.000000000000e+00       3.334385085118e-15      -9.123811933684e-17       2.454076334000e-17 
 1153       1.670549700181e-10       1.579434682333e-12      -3.586286165082e-12       0.000000000000e+00       3.323154212538e-15      -9.001883867225e-17       2.292236319227e-17 
 1154       1.667622507748e-10       1.579311406383e-12      -3.450074693661e-12       0.000000000000e+00       3.311969773151e-15      -8.877560631986e-17       2.131687562562e-17 
 1155       1.664576899071e-10       1.579929419916e-12      -3.314650746181e-12       0.000000000000e+00       3.300831615611e-15      -8.750559542149e-17       1.972414617681e-17 
 1156       1.661414390667e-10       1.581282055630e-12      -3.180057851270e-12       0.000000000000e+00       3.289739585343e-15      -8.620596010356e-17       1.814401886120e-17 
 1157       1.658136512447e-10       1.583362579982e-12      -3.046339808829e-12       0.000000000000e+00       3.278693524532e-15      -8.487383543635e-17       1.657633616911e-17 
 1158       1.654744807743e-10       1.586164193027e-12      -2.913540690594e-12       0.000000000000e+00       3.267693272115e-15      -8.350633739325e-17       1.502093906216e-17 
 1159       1.651240833342e-10       1.589680028265e-12      -2.781704840697e-12       0.000000000000e+00       3.256738663774e-15      -8.210056280999e-17       1.347766696961e-17 
 1160       1.647626159517e-10       1.593903152480e-12      -2.650876876230e-12       0.000000000000e+00       3.245829531923e-15      -8.065358934393e-17       1.194635778471e-17 
 1161       1.643902370057e-10       1.598826565583e-12      -2.521101687801e-12       0.000000000000e+00       3.234965705703e-15      -7.916247543328e-17       1.042684786104e-17 
 1162       1.640071062297e-10       1.604443200456e-12      -2.392424440099e-12       0.000000000000e+00       3.224147010970e-15      -7.762426025637e-17       8.918972008866e-18 
 1163       1.636133847150e-10       1.610745922790e-12      -2.264890572457e-12       0.000000000000e+00       3.213373270289e-15      -7.603596369092e-17       7.422563491503e-18 
 1164       1.632092349139e-10       1.617727530932e-12      -2.138545799407e-12       0.000000000000e+00       3.202644302921e-15      -7.439458627324e-17       5.937454021627e-18 
 1165       1.627948206426e-10       1.625380755728e-12      -2.013436111250e-12       0.000000000000e+00       3.191959924820e-15      -7.269710915754e-17       4.463473757643e-18 
 1166       1.623703070843e-10       1.633698260359e-12      -1.889607774611e-12       0.000000000000e+00       3.181319948618e-15      -7.094049407514e-17       3.000451300029e-18 
 1167       1.619358607924e-10       1.642672640189e-12      -1.767107333000e-12       0.000000000000e+00       3.170724183619e-15      -6.912168329375e-17       1.548213687682e-18 
 1168       1.614916496936e-10       1.652296422606e-12      -1.645981607380e-12       0.000000000000e+00       3.160172435790e-15      -6.723759957671e-17       1.065863942635e-19 
 1169       1.610378430907e-10       1.662562066864e-12      -1.526277696722e-12       0.000000000000e+00       3.149664507752e-15      -6.528514614225e-17      -1.324606675451e-18 
 1170       1.605746116663e-10       1.673461963922e-12      -1.408042978567e-12       0.000000000000e+00       3.139200198771e-15      -6.326120662273e-17      -2.745543189227e-18 
 1171       1.601021274851e-10       1.684988436295e-12      -1.291325109590e-12       0.000000000000e+00       3.128779304749e-15      -6.116264502392e-17      -4.156402391023e-18 
 1172       1.596205639977e-10       1.697133737886e-12      -1.176172026162e-12       0.000000000000e+00       3.118401618214e-15      -5.898630568420e-17      -5.557365104646e-18 
 1173       1.591300960431e-10       1.709890053837e-12      -1.062631944907e-12       0.000000000000e+00       3.108066928312e-15      -5.672901323388e-17      -6.948613737400e-18 
 1174       1.586308998524e-10       1.723249500364e-12      -9.507533632671e-13       0.000000000000e+00       3.097775020800e-15      -5.438757255440e-17      -8.330332283745e-18 
 1175       1.581231530513e-10       1.737204124605e-12      -8.405850600624e-13       0.000000000000e+00       3.087525678032e-15      -5.195876873761e-17      -9.702706328943e-18 
 1176       1.576070346635e-10       1.751745904461e-12      -7.321760960530e-13       0.000000000000e+00       3.077318678957e-15      -4.943936704502e-17      -1.106592305272e-17 
 1177       1.570827251139e-10       1.766866748434e-12      -6.255758144999e-13       0.000000000000e+00       3.067153799103e-15      -4.682611286702e-17      -1.242017123291e-17 
 1178       1.565504062313e-10       1.782558495477e-12      -5.208338417267e-13       0.000000000000e+00       3.057030810572e-15      -4.411573168220e-17      -1.376564124911e-17 
 1179       1.560102612518e-10       1.798812914829e-12      -4.180000876808e-13       0.000000000000e+00       3.046949482032e-15      -4.130492901653e-17      -1.510252508635e-17 
 1180       1.554624748220e-10       1.815621705862e-12      -3.171247464948e-13       0.000000000000e+00       3.036909578704e-15      -3.839039040266e-17      -1.643101633871e-17 
 1181       1.549072330017e-10       1.832976497922e-12      -2.182582970480e-13       0.000000000000e+00       3.026910862358e-15      -3.536878133915e-17      -1.775131021301e-17 
 1182       1.543447232671e-10       1.850868850169e-12      -1.214515035277e-13       0.000000000000e+00       3.016953091300e-15      -3.223674724975e-17      -1.906360353245e-17 
 1183       1.537751345143e-10       1.869290251424e-12      -2.675541599053e-14       0.000000000000e+00       3.007036020365e-15      -2.899091344261e-17      -2.036809474024e-17 
 1184       1.531986570617e-10       1.888232120008e-12       6.577862907611e-14       0.000000000000e+00       2.997159400907e-15      -2.562788506957e-17      -2.166498390329e-17 
 1185       1.526154826537e-10       1.907685803585e-12       1.560990081927e-13       0.000000000000e+00       2.987322980792e-15      -2.214424708540e-17      -2.295447271586e-17 
 1186       1.520258044636e-10       1.927642579003e-12       2.441538103260e-13       0.000000000000e+00       2.977526504386e-15      -1.853656420703e-17      -2.423676450317e-17 
 1187       1.514298170962e-10       1.948093652139e-12       3.298908363282e-13       0.000000000000e+00       2.967769712550e-15      -1.480138087285e-17      -2.551206422511e-17 
 1188       1.508277165920e-10       1.969030157741e-12       4.132575983750e-13       0.000000000000e+00       2.958052342627e-15      -1.093522120194e-17      -2.678057847985e-17 
 1189       1.502197004290e-10       1.990443159269e-12       4.942013194044e-13       0.000000000000e+00       2.948374128436e-15      -6.934588953288e-18      -2.804251550751e-17 
 1190       1.496059688875e-10       2.012323157150e-12       5.726769426353e-13       0.000000000000e+00       2.938734825198e-15      -2.797583246460e-18      -2.929802900867e-17 
 1191       1.489867291535e-10       2.034658607263e-12       6.486712689441e-13       0.000000000000e+00       2.929134284667e-15       1.471232470596e-18      -3.054704883710e-17 
 1192       1.483621912716e-10       2.057437383944e-12       7.221791148414e-13       0.000000000000e+00       2.919572380907e-15       5.865639666878e-18      -3.178944823476e-17 
 1193       1.477325667917e-10       2.080647269724e-12       7.931953293999e-13       0.000000000000e+00       2.910048985426e-15       1.037937496934e-17      -3.302509982722e-17 
 1194       1.470980687726e-10       2.104275955129e-12       8.617147943708e-13       0.000000000000e+00       2.900563967176e-15       1.500613006683e-17      -3.425387562256e-17 
 1195       1.464589117850e-10       2.128311038484e-12       9.277324243012e-13       0.000000000000e+00       2.891117192542e-15       1.973955161405e-17      -3.547564701024e-17 
 1196       1.458153119148e-10       2.152740025708e-12       9.912431666504e-13       0.000000000000e+00       2.881708525338e-15       2.457324113548e-17      -3.669028476005e-17 
 1197       1.451674867662e-10       2.177550330117e-12       1.052242001907e-12       0.000000000000e+00       2.872337826796e-15       2.950075492933e-17      -3.789765902094e-17 
 1198       1.445156554647e-10       2.202729272229e-12       1.110723943706e-12       0.000000000000e+00       2.863004955564e-15       3.451560397147e-17      -3.909763931998e-17 
 1199       1.438600386610e-10       2.228264079558e-12       1.166684038945e-12       0.000000000000e+00       2.853709767696e-15       3.961125381941e-17      -4.029009456121e-17 
 1200       1.432008585334e-10       2.254141886417e-12       1.220117367901e-12       0.000000000000e+00       2.844452116647e-15       4.478112451619e-17      -4.147489302455e-17 
 1201       1.425383387916e-10       2.280349733723e-12       1.271019044347e-12       0.000000000000e+00       2.835231853264e-15       5.001859049436e-17      -4.265190236471e-17 
 1202       1.418727046794e-10       2.306874568790e-12       1.319384215672e-12       0.000000000000e+00       2.826048825781e-15       5.531698047992e-17      -4.382098961007e-17 
 1203       1.412041829784e-10       2.333703245137e-12       1.365208062992e-12       0.000000000000e+00       2.816902879813e-15       6.066957739624e-17      -4.498202116156e-17 
 1204       1.405330020109e-10       2.360822522284e-12       1.408485801272e-12       0.000000000000e+00       2.807793858346e-15       6.606961826805e-17      -4.613486279161e-17 
 1205       1.398593916431e-10       2.388219065555e-12       1.449212679440e-12       0.000000000000e+00       2.798721601732e-15       7.151029412533e-17      -4.727937964298e-17 
 1206       1.391835832886e-10       2.415879445875e-12       1.487383980504e-12       0.000000000000e+00       2.789685947684e-15       7.698474990726e-17      -4.841543622772e-17 
 1207       1.385058099110e-10       2.443790139579e-12       1.522995021672e-12       0.000000000000e+00       2.780686731265e-15       8.248608436621e-17      -4.954289642601e-17 
 1208       1.378263060280e-10       2.471937528202e-12       1.556041154463e-12       0.000000000000e+00       2.771723784886e-15       8.800734997164e-17      -5.066162348507e-17 
 1209       1.371453077136e-10       2.500307898289e-12       1.586517764829e-12       0.000000000000e+00       2.762796938294e-15       9.354155281404e-17      -5.177148001811e-17 
 1210       1.364630526021e-10       2.528887441189e-12       1.614420273270e-12       0.000000000000e+00       2.753906018569e-15       9.908165250891e-17      -5.287232800313e-17 
 1211       1.357797798910e-10       2.557662252859e-12       1.639744134951e-12       0.000000000000e+00       2.745050850118e-15       1.046205621007e-16      -5.396402878190e-17 
 1212       1.350957303440e-10       2.586618333666e-12       1.662484839816e-12       0.000000000000e+00       2.736231254662e-15       1.101511479666e-16      -5.504644305882e-17 
 1213       1.344111462947e-10       2.615741588184e-12       1.682637912711e-12       0.000000000000e+00       2.727447051238e-15       1.156662297208e-16      -5.611943089981e-17 
 1214       1.337262716494e-10       2.645017824996e-12       1.700198913494e-12       0.000000000000e+00       2.718698056183e-15       1.211585801182e-16      -5.718285173122e-17 
 1215       1.330413518903e-10       2.674432756497e-12       1.715163437159e-12       0.000000000000e+00       2.709984083136e-15       1.266209249583e-16      -5.823656433873e-17 
 1216       1.323566340789e-10       2.703971998693e-12       1.727527113944e-12       0.000000000000e+00       2.701304943023e-15       1.320459429893e-16      -5.928042686622e-17 
 1217       1.316723668593e-10       2.733621070998e-12       1.737285609456e-12       0.000000000000e+00       2.692660444057e-15       1.374262658121e-16      -6.031429681470e-17 
 1218       1.309888004610e-10       2.763365396044e-12       1.744434624783e-12       0.000000000000e+00       2.684050391726e-15       1.427544777840e-16      -6.133803104119e-17 
 1219       1.303061867025e-10       2.793190299472e-12       1.748969896615e-12       0.000000000000e+00       2.675474588791e-15       1.480231159227e-16      -6.235148575760e-17 
 1220       1.296247789943e-10       2.823081009737e-12       1.750887197354e-12       0.000000000000e+00       2.666932835273e-15       1.532246698106e-16      -6.335451652965e-17 
 1221       1.289448323421e-10       2.853022657911e-12       1.750182335237e-12       0.000000000000e+00       2.658424928453e-15       1.583515814982e-16      -6.434697827577e-17 
 1222       1.282666033501e-10       2.883000277479e-12       1.746851154453e-12       0.000000000000e+00       2.649950662859e-15       1.633962454083e-16      -6.532872526596e-17 
 1223       1.275903502243e-10       2.912998804141e-12       1.740889535253e-12       0.000000000000e+00       2.641509830265e-15       1.683510082402e-16      -6.629961112073e-17 
 1224       1.269163327752e-10       2.943003075617e-12       1.732293394076e-12       0.000000000000e+00       2.633102219680e-15       1.732081688732e-16      -6.725948880997e-17 
 1225       1.262448124218e-10       2.972997831441e-12       1.721058683657e-12       0.000000000000e+00       2.624727617341e-15       1.779599782707e-16      -6.820821065184e-17 
 1226       1.255760521942e-10       3.002967712766e-12       1.707181393152e-12       0.000000000000e+00       2.616385806709e-15       1.825986393842e-16      -6.914562831170e-17 
 1227       1.249103167367e-10       3.032897262165e-12       1.690657548248e-12       0.000000000000e+00       2.608076568461e-15       1.871163070574e-16      -7.007159280096e-17 
 1228       1.242478723118e-10       3.062770923428e-12       1.671483211285e-12       0.000000000000e+00       2.599799680482e-15       1.915050879297e-16      -7.098595447602e-17 
 1229       1.235889651632e-10       3.092573965193e-12       1.649660254366e-12       0.000000000000e+00       2.591554939635e-15       1.957592831626e-16      -7.188857473043e-17 
 1230       1.229337563193e-10       3.122295264255e-12       1.625213753621e-12       0.000000000000e+00       2.583342227361e-15       1.998821460091e-16      -7.277936122597e-17 
 1231       1.222823860209e-10       3.151924554961e-12       1.598174802069e-12       0.000000000000e+00       2.575161444848e-15       2.038792044281e-16      -7.365823307841e-17 
 1232       1.216349952920e-10       3.181451508268e-12       1.568574755956e-12       0.000000000000e+00       2.567012491315e-15       2.077560256359e-16      -7.452510920209e-17 
 1233       1.209917259407e-10       3.210865731609e-12       1.536445235338e-12       0.000000000000e+00       2.558895264013e-15       2.115182161876e-16      -7.537990830973e-17 
 1234       1.203527205613e-10       3.240156768775e-12       1.501818124647e-12       0.000000000000e+00       2.550809658216e-15       2.151714220591e-16      -7.622254891222e-17 
 1235       1.197181225353e-10       3.269314099782e-12       1.464725573274e-12       0.000000000000e+00       2.542755567217e-15       2.187213287295e-16      -7.705294931848e-17 
 1236       1.190880760331e-10       3.298327140750e-12       1.425199996141e-12       0.000000000000e+00       2.534732882323e-15       2.221736612625e-16      -7.787102763529e-17 
 1237       1.184627260157e-10       3.327185243774e-12       1.383274074275e-12       0.000000000000e+00       2.526741492851e-15       2.255341843890e-16      -7.867670176708e-17 
 1238       1.178422182358e-10       3.355877696800e-12       1.338980755383e-12       0.000000000000e+00       2.518781286122e-15       2.288087025885e-16      -7.946988941580e-17 
 1239       1.172266992394e-10       3.384393723498e-12       1.292353254431e-12       0.000000000000e+00       2.510852147454e-15       2.320030601716e-16      -8.025050808068e-17 
 1240       1.166163163674e-10       3.412722483135e-12       1.243425054214e-12       0.000000000000e+00       2.502953960159e-15       2.351231413616e-16      -8.101847505813e-17 
 1241       1.160112177572e-10       3.440853070453e-12       1.192229905936e-12       0.000000000000e+00       2.495086605539e-15       2.381748703766e-16      -8.177370744150e-17 
 1242       1.154115523437e-10       3.468774515538e-12       1.138801829780e-12       0.000000000000e+00       2.487249962879e-15       2.411642115116e-16      -8.251612212094e-17 
 1243       1.148174698614e-10       3.496475783697e-12       1.083175115486e-12       0.000000000000e+00       2.479443909441e-15       2.440971692204e-16      -8.324563578323e-17 
 1244       1.142291208454e-10       3.523945775332e-12       1.025384322927e-12       0.000000000000e+00       2.471668320462e-15       2.469797881976e-16      -8.396216491156e-17 
 1245       1.136466566331e-10       3.551173325813e-12       9.654642826832e-13       0.000000000000e+00       2.463923069146e-15       2.498181534603e-16      -8.466562578540e-17 
 1246       1.130702293657e-10       3.578147205352e-12       9.034500966144e-13       0.000000000000e+00       2.456208026660e-15       2.526183904308e-16      -8.535593448032e-17 
 1247       1.124999919897e-10       3.604856118879e-12       8.393771384393e-13       0.000000000000e+00       2.448523062130e-15       2.553866650176e-16      -8.603300686777e-17 
 1248       1.119360982582e-10       3.631288705914e-12       7.732810543082e-13       0.000000000000e+00       2.440868042633e-15       2.581291836984e-16      -8.669675861497e-17 
 1249       1.113787027327e-10       3.657433540441e-12       7.051977633786e-13       0.000000000000e+00       2.433242833196e-15       2.608521936013e-16      -8.734710518467e-17 
 1250       1.108279607842e-10       3.683279130782e-12       6.351634583904e-13       0.000000000000e+00       2.425647296787e-15       2.635619825872e-16      -8.798396183503e-17 
 1251       1.102840285951e-10       3.708813919473e-12       5.632146062409e-13       0.000000000000e+00       2.418081294312e-15       2.662648793315e-16      -8.860724361941e-17 
 1252       1.097470631604e-10       3.734026283137e-12       4.893879485597e-13       0.000000000000e+00       2.410544684610e-15       2.689672534065e-16      -8.921686538619e-17 
 1253       1.092172222892e-10       3.758904532358e-12       4.137205022844e-13       0.000000000000e+00       2.403037324446e-15       2.716755153630e-16      -8.981274177862e-17 
 1254       1.086946646063e-10       3.783436911552e-12       3.362495602350e-13       0.000000000000e+00       2.395559068508e-15       2.743961168124e-16      -9.039478723464e-17 
 1255       1.081795495538e-10       3.807611598846e-12       2.570126916894e-13       0.000000000000e+00       2.388109769402e-15       2.771355505086e-16      -9.096291598668e-17 
 1256       1.076720373922e-10       3.831416705951e-12       1.760477429584e-13       0.000000000000e+00       2.380689277645e-15       2.799003504303e-16      -9.151704206150e-17 
 1257       1.071722892023e-10       3.854840278033e-12       9.339283796076e-14       0.000000000000e+00       2.373297441660e-15       2.826970918627e-16      -9.205707928003e-17 
 1258       1.066804668863e-10       3.877870293590e-12       9.086378798395e-15       0.000000000000e+00       2.365934107774e-15       2.855323914794e-16      -9.258294125717e-17 
 1259       1.061967331698e-10       3.900494664324e-12      -7.683295366865e-14       0.000000000000e+00       2.358599120210e-15       2.884129074246e-16      -9.309454140161e-17 
 1260       1.057212516026e-10       3.922701235017e-12      -1.643261992470e-13       0.000000000000e+00       2.351292321081e-15       2.913453393952e-16      -9.359179291568e-17 
 1261       1.052541865608e-10       3.944477783403e-12      -2.533541178350e-13       0.000000000000e+00       2.344013550388e-15       2.943364287224e-16      -9.407460879516e-17 
 1262       1.047957032481e-10       3.965812020044e-12      -3.438771888474e-13       0.000000000000e+00       2.336762646013e-15       2.973929584539e-16      -9.454290182912e-17 
 1263       1.043459676971e-10       3.986691588204e-12      -4.358556106405e-13       0.000000000000e+00       2.329539443716e-15       3.005217534359e-16      -9.499658459969e-17 
 1264       1.039051467710e-10       4.007104063719e-12      -5.292492999367e-13       0.000000000000e+00       2.322343777125e-15       3.037296803951e-16      -9.543556948196e-17 
 1265       1.034734081650e-10       4.027036954879e-12      -6.240178912500e-13       0.000000000000e+00       2.315175477737e-15       3.070236480205e-16      -9.585976864376e-17 
 1266       1.030509204078e-10       4.046477702293e-12      -7.201207363102e-13       0.000000000000e+00       2.308034374908e-15       3.104106070456e-16      -9.626909404548e-17 
 1267       1.026378528630e-10       4.065413678769e-12      -8.175169034883e-13       0.000000000000e+00       2.300920295852e-15       3.138975503305e-16      -9.666345743992e-17 
 1268       1.022343469508e-10       4.083833870723e-12      -9.161645824249e-13       0.000000000000e+00       2.293833081581e-15       3.174893670566e-16      -9.704279470850e-17 
 1269       1.018404294458e-10       4.101733943879e-12      -1.016019291560e-12       0.000000000000e+00       2.286772634965e-15       3.211823780723e-16      -9.740713917739e-17 
 1270       1.014560981824e-10       4.119111235721e-12      -1.117035648795e-12       0.000000000000e+00       2.279738873213e-15       3.249707261767e-16      -9.775654914633e-17 
 1271       1.010813507435e-10       4.135963079259e-12      -1.219167963791e-12       0.000000000000e+00       2.272731711981e-15       3.288485151666e-16      -9.809108363056e-17 
 1272       1.007161844599e-10       4.152286803024e-12      -1.322370237355e-12       0.000000000000e+00       2.265751065358e-15       3.328098097592e-16      -9.841080236243e-17 
 1273       1.003605964092e-10       4.168079731070e-12      -1.426596160816e-12       0.000000000000e+00       2.258796845867e-15       3.368486355133e-16      -9.871576579307e-17 
 1274       1.000145834158e-10       4.183339182973e-12      -1.531799115408e-12       0.000000000000e+00       2.251868964463e-15       3.409589787515e-16      -9.900603509398e-17 
 1275       9.967814204989e-11       4.198062473830e-12      -1.637932171651e-12       0.000000000000e+00       2.244967330522e-15       3.451347864824e-16      -9.928167215875e-17 
 1276       9.935126862673e-11       4.212246914258e-12      -1.744948088726e-12       0.000000000000e+00       2.238091851844e-15       3.493699663223e-16      -9.954273960461e-17 
 1277       9.903395920613e-11       4.225889810394e-12      -1.852799313866e-12       0.000000000000e+00       2.231242434647e-15       3.536583864170e-16      -9.978930077415e-17 
 1278       9.872620959174e-11       4.238988463896e-12      -1.961437981726e-12       0.000000000000e+00       2.224418983561e-15       3.579938753642e-16      -1.000214197369e-16 
 1279       9.842801533042e-11       4.251540171938e-12      -2.070815913768e-12       0.000000000000e+00       2.217621401626e-15       3.623702221351e-16      -1.002391612909e-16 
 1280       9.813937171154e-11       4.263542227216e-12      -2.180884617645e-12       0.000000000000e+00       2.210849590290e-15       3.667811759964e-16      -1.004425909647e-16 
 1281       9.786027376633e-11       4.274991917941e-12      -2.291595286575e-12       0.000000000000e+00       2.204103449400e-15       3.712204464325e-16      -1.006317750184e-16 
 1282       9.759071626725e-11       4.285886527843e-12      -2.402898798725e-12       0.000000000000e+00       2.197382877202e-15       3.756817030669e-16      -1.008067804458e-16 
 1283       9.733069372730e-11       4.296223336167e-12      -2.514745716591e-12       0.000000000000e+00       2.190687770337e-15       3.801585755849e-16      -1.009676749759e-16 
 1284       9.708020039937e-11       4.305999617675e-12      -2.627086286381e-12       0.000000000000e+00       2.184018023834e-15       3.846446536549e-16      -1.011145270742e-16 
 1285       9.683923027560e-11       4.315212642645e-12      -2.739870437391e-12       0.000000000000e+00       2.177373531111e-15       3.891334868508e-16      -1.012474059451e-16 
 1286       9.660777708667e-11       4.323859676869e-12      -2.853047781387e-12       0.000000000000e+00       2.170754183965e-15       3.936185845736e-16      -1.013663815327e-16 
 1287       9.638583430119e-11       4.331937981655e-12      -2.966567611990e-12       0.000000000000e+00       2.164159872575e-15       3.980934159735e-16      -1.014715245229e-16 
 1288       9.617339512503e-11       4.339444813823e-12      -3.080378904048e-12       0.000000000000e+00       2.157590485492e-15       4.025514098720e-16      -1.015629063450e-16 
 1289       9.597045250065e-11       4.346377425707e-12      -3.194430313026e-12       0.000000000000e+00       2.151045909639e-15       4.069859546837e-16      -1.016405991734e-16 
 1290       9.577699910642e-11       4.352733065155e-12      -3.308670174380e-12       0.000000000000e+00       2.144526030304e-15       4.113903983381e-16      -1.017046759289e-16 
 1291       9.559302735602e-11       4.358508975525e-12      -3.423046502938e-12       0.000000000000e+00       2.138030731139e-15       4.157580482020e-16      -1.017552102806e-16 
 1292       9.541852939773e-11       4.363702395688e-12      -3.537506992284e-12       0.000000000000e+00       2.131559894156e-15       4.200821710010e-16      -1.017922766478e-16 
 1293       9.525349711379e-11       4.368310560026e-12      -3.651999014137e-12       0.000000000000e+00       2.125113399719e-15       4.243559927416e-16      -1.018159502009e-16 
 1294       9.509792211971e-11       4.372330698432e-12      -3.766469617730e-12       0.000000000000e+00       2.118691126545e-15       4.285726986331e-16      -1.018263068639e-16 
 1295       9.495179576369e-11       4.375760036308e-12      -3.880865529192e-12       0.000000000000e+00       2.112292951698e-15       4.327254330099e-16      -1.018234233154e-16 
 1296       9.481510912585e-11       4.378595794566e-12      -3.995133150929e-12       0.000000000000e+00       2.105918750585e-15       4.368072992530e-16      -1.018073769904e-16 
 1297       9.468785301767e-11       4.380835189626e-12      -4.109218561001e-12       0.000000000000e+00       2.099568396952e-15       4.408113597122e-16      -1.017782460822e-16 
 1298       9.457001798127e-11       4.382475433418e-12      -4.223067512510e-12       0.000000000000e+00       2.093241762881e-15       4.447306356277e-16      -1.017361095438e-16 
 1299       9.446159428878e-11       4.383513733377e-12      -4.336625432972e-12       0.000000000000e+00       2.086938718784e-15       4.485581070528e-16      -1.016810470895e-16 
 1300       9.436257194165e-11       4.383947292448e-12      -4.449837423702e-12       0.000000000000e+00       2.080659133403e-15       4.522867127751e-16      -1.016131391967e-16 
 1301       9.427294067002e-11       4.383773309082e-12      -4.562648259197e-12       0.000000000000e+00       2.074402873802e-15       4.559093502387e-16      -1.015324671073e-16 
 1302       9.419268993207e-11       4.382988977234e-12      -4.675002386509e-12       0.000000000000e+00       2.068169805364e-15       4.594188754663e-16      -1.014391128298e-16 
 1303       9.412180891332e-11       4.381591486367e-12      -4.786843924634e-12       0.000000000000e+00       2.061959791789e-15       4.628081029811e-16      -1.013331591403e-16 
 1304       9.406028652599e-11       4.379578021447e-12      -4.898116663886e-12       0.000000000000e+00       2.055772695090e-15       4.660698057285e-16      -1.012146895847e-16 
 1305       9.400811140835e-11       4.376945762947e-12      -5.008764065282e-12       0.000000000000e+00       2.049608375586e-15       4.691967149983e-16      -1.010837884800e-16 
 1306       9.396527192406e-11       4.373691886841e-12      -5.118729259919e-12       0.000000000000e+00       2.043466691901e-15       4.721815203468e-16      -1.009405409163e-16 
 1307       9.393173758358e-11       4.369814984559e-12      -5.227959333055e-12       0.000000000000e+00       2.037347513914e-15       4.750188879135e-16      -1.007850380680e-16 
 1308       9.390740308238e-11       4.365319340226e-12      -5.336418230033e-12       0.000000000000e+00       2.031250761779e-15       4.777115402383e-16      -1.006173931918e-16 
 1309       9.389214363540e-11       4.360210701267e-12      -5.444073993496e-12       0.000000000000e+00       2.025176367333e-15       4.802642443011e-16      -1.004377258112e-16 
 1310       9.388583349623e-11       4.354494862898e-12      -5.550894491467e-12       0.000000000000e+00       2.019124261181e-15       4.826817993606e-16      -1.002461564246e-16 
 1311       9.388834595514e-11       4.348177668222e-12      -5.656847417036e-12       0.000000000000e+00       2.013094372689e-15       4.849690370178e-16      -1.000428065074e-16 
 1312       9.389955333711e-11       4.341265008331e-12      -5.761900288034e-12       0.000000000000e+00       2.007086629982e-15       4.871308212796e-16      -9.982779851401e-17 
 1313       9.391932699986e-11       4.333762822401e-12      -5.866020446719e-12       0.000000000000e+00       2.001100959942e-15       4.891720486225e-16      -9.960125587986e-17 
 1314       9.394753733191e-11       4.325677097796e-12      -5.969175059456e-12       0.000000000000e+00       1.995137288204e-15       4.910976480561e-16      -9.936330302330e-17 
 1315       9.398405375058e-11       4.317013870165e-12      -6.071331116399e-12       0.000000000000e+00       1.989195539155e-15       4.929125811870e-16      -9.911406534774e-17 
 1316       9.402874470009e-11       4.307779223540e-12      -6.172455431172e-12       0.000000000000e+00       1.983275635928e-15       4.946218422821e-16      -9.885366924359e-17 
 1317       9.408147764951e-11       4.297979290437e-12      -6.272514640548e-12       0.000000000000e+00       1.977377500400e-15       4.962304583323e-16      -9.858224209032e-17 
 1318       9.414211909086e-11       4.287620251953e-12      -6.371475204133e-12       0.000000000000e+00       1.971501053191e-15       4.977434891165e-16      -9.829991225844e-17 
 1319       9.421053453714e-11       4.276708337868e-12      -6.469303404049e-12       0.000000000000e+00       1.965646213660e-15       4.991660272647e-16      -9.800680911151e-17 
 1320       9.428658852034e-11       4.265249826740e-12      -6.565965344610e-12       0.000000000000e+00       1.959812899899e-15       5.005031983220e-16      -9.770306300819e-17 
 1321       9.437014458949e-11       4.253251046009e-12      -6.661426952007e-12       0.000000000000e+00       1.954001028733e-15       5.017601608120e-16      -9.738880530419e-17 
 1322       9.446106530872e-11       4.240718372093e-12      -6.755653973990e-12       0.000000000000e+00       1.948210515719e-15       5.029421063007e-16      -9.706416835435e-17 
 1323       9.455921225524e-11       4.227658230487e-12      -6.848611979545e-12       0.000000000000e+00       1.942441275138e-15       5.040542594597e-16      -9.672928551460e-17 
 1324       9.466444601744e-11       4.214077095863e-12      -6.940266358580e-12       0.000000000000e+00       1.936693219995e-15       5.051018781303e-16      -9.638429114400e-17 
 1325       9.477662619288e-11       4.199981492170e-12      -7.030582321606e-12       0.000000000000e+00       1.930966262016e-15       5.060902533869e-16      -9.602932060672e-17 
 1326       9.489561138635e-11       4.185377992732e-12      -7.119524899413e-12       0.000000000000e+00       1.925260311643e-15       5.070247096007e-16      -9.566451027410e-17 
 1327       9.502125920791e-11       4.170273220346e-12      -7.207058942757e-12       0.000000000000e+00       1.919575278034e-15       5.079106045030e-16      -9.528999752663e-17 
 1328       9.515342627089e-11       4.154673847383e-12      -7.293149122041e-12       0.000000000000e+00       1.913911069059e-15       5.087533292495e-16      -9.490592075596e-17 
 1329       9.529196818999e-11       4.138586595888e-12      -7.377759926991e-12       0.000000000000e+00       1.908267591293e-15       5.095583084833e-16      -9.451241936693e-17 
 1330       9.543673957925e-11       4.122018237674e-12      -7.460855666344e-12       0.000000000000e+00       1.902644750022e-15       5.103310003989e-16      -9.410963377956e-17 
 1331       9.558759405013e-11       4.104975594429e-12      -7.542400467525e-12       0.000000000000e+00       1.897042449228e-15       5.110768968055e-16      -9.369770543108e-17 
 1332       9.574438420953e-11       4.087465537807e-12      -7.622358276330e-12       0.000000000000e+00       1.891460591598e-15       5.118015231912e-16      -9.327677677793e-17 
 1333       9.590696165782e-11       4.069494989533e-12      -7.700692856606e-12       0.000000000000e+00       1.885899078513e-15       5.125104387858e-16      -9.284699129780e-17 
 1334       9.607517698691e-11       4.051070921500e-12      -7.777367789935e-12       0.000000000000e+00       1.880357810046e-15       5.132092366252e-16      -9.240849349159e-17 
 1335       9.624887977823e-11       4.032200355868e-12      -7.852346475311e-12       0.000000000000e+00       1.874836684963e-15       5.139035436148e-16      -9.196142888547e-17 
 1336       9.642791860084e-11       4.012890365162e-12      -7.925592128825e-12       0.000000000000e+00       1.869335600717e-15       5.145990205928e-16      -9.150594403285e-17 
 1337       9.661214100938e-11       3.993148072373e-12      -7.997067783347e-12       0.000000000000e+00       1.863854453443e-15       5.153013623941e-16      -9.104218651646e-17 
 1338       9.680139354218e-11       3.972980651059e-12      -8.066736288201e-12       0.000000000000e+00       1.858393137961e-15       5.160162979142e-16      -9.057030495026e-17 
 1339       9.699552171927e-11       3.952395325437e-12      -8.134560308856e-12       0.000000000000e+00       1.852951547768e-15       5.167495901723e-16      -9.009044898156e-17 
 1340       9.719437004039e-11       3.931399370490e-12      -8.200502326597e-12       0.000000000000e+00       1.847529575034e-15       5.175070363752e-16      -8.960276929294e-17 
 1341       9.739778198309e-11       3.910000112062e-12      -8.264524638215e-12       0.000000000000e+00       1.842127110605e-15       5.182944679809e-16      -8.910741760433e-17 
 1342       9.760560000069e-11       3.888204926958e-12      -8.326589355682e-12       0.000000000000e+00       1.836744043995e-15       5.191177507624e-16      -8.860454667499e-17 
 1343       9.781766552038e-11       3.866021243042e-12      -8.386658405837e-12       0.000000000000e+00       1.831380263384e-15       5.199827848709e-16      -8.809431030550e-17 
 1344       9.803381894121e-11       3.843456539339e-12      -8.444693530064e-12       0.000000000000e+00       1.826035655616e-15       5.208955048998e-16      -8.757686333985e-17 
 1345       9.825389963217e-11       3.820518346130e-12      -8.500656283976e-12       0.000000000000e+00       1.820710106194e-15       5.218618799484e-16      -8.705236166735e-17 
 1346       9.847774644492e-11       3.797214634679e-12      -8.554514183455e-12       0.000000000000e+00       1.815403509504e-15       5.228862868532e-16      -8.652095241467e-17 
 1347       9.870519926213e-11       3.773554990824e-12      -8.606259216490e-12       0.000000000000e+00       1.810115799599e-15       5.239666104172e-16      -8.598274440110e-17 
 1348       9.893609746209e-11       3.749549454331e-12      -8.655889531810e-12       0.000000000000e+00       1.804846919741e-15       5.250990900795e-16      -8.543783736633e-17 
 1349       9.917027940352e-11       3.725208130552e-12      -8.703403310851e-12       0.000000000000e+00       1.799596812208e-15       5.262799418739e-16      -8.488633175270e-17 
 1350       9.940758242372e-11       3.700541190548e-12      -8.748798767846e-12       0.000000000000e+00       1.794365418286e-15       5.275053583848e-16      -8.432832870659e-17 
 1351       9.964784283657e-11       3.675558871215e-12      -8.792074149915e-12       0.000000000000e+00       1.789152678273e-15       5.287715087032e-16      -8.376393007978e-17 
 1352       9.989089593064e-11       3.650271475410e-12      -8.833227737151e-12       0.000000000000e+00       1.783958531473e-15       5.300745383825e-16      -8.319323843080e-17 
 1353       1.001365759672e-10       3.624689372073e-12      -8.872257842707e-12       0.000000000000e+00       1.778782916195e-15       5.314105693949e-16      -8.261635702631e-17 
 1354       1.003847161785e-10       3.598822996355e-12      -8.909162812887e-12       0.000000000000e+00       1.773625769750e-15       5.327757000870e-16      -8.203338984246e-17 
 1355       1.006351487655e-10       3.572682849741e-12      -8.943941027233e-12       0.000000000000e+00       1.768487028449e-15       5.341660051356e-16      -8.144444156622e-17 
 1356       1.008877048961e-10       3.546279500177e-12      -8.976590898612e-12       0.000000000000e+00       1.763366627600e-15       5.355775355041e-16      -8.084961759680e-17 
 1357       1.011422147035e-10       3.519623582191e-12      -9.007110873305e-12       0.000000000000e+00       1.758264501508e-15       5.370063183981e-16      -8.024902404696e-17 
 1358       1.013985072836e-10       3.492725797023e-12      -9.035499431095e-12       0.000000000000e+00       1.753180583470e-15       5.384483572217e-16      -7.964276774440e-17 
 1359       1.016564106939e-10       3.465596912745e-12      -9.061755085356e-12       0.000000000000e+00       1.748114805773e-15       5.398996315331e-16      -7.903095623312e-17 
 1360       1.019157519508e-10       3.438247764389e-12      -9.085876383140e-12       0.000000000000e+00       1.743067099692e-15       5.413560970007e-16      -7.841369777478e-17 
 1361       1.021763570282e-10       3.410689254072e-12      -9.107861905264e-12       0.000000000000e+00       1.738037395490e-15       5.428136853590e-16      -7.779110135006e-17 
 1362       1.024380508554e-10       3.382932351118e-12      -9.127710266401e-12       0.000000000000e+00       1.733025622413e-15       5.442683043648e-16      -7.716327666002e-17 
 1363       1.027006573150e-10       3.354988092185e-12      -9.145420115167e-12       0.000000000000e+00       1.728031708688e-15       5.457158377529e-16      -7.653033412747e-17 
 1364       1.029639992412e-10       3.326867581393e-12      -9.160990134208e-12       0.000000000000e+00       1.723055581519e-15       5.471521451920e-16      -7.589238489833e-17 
 1365       1.032278984178e-10       3.298581990441e-12      -9.174419040288e-12       0.000000000000e+00       1.718097167091e-15       5.485730622410e-16      -7.524954084300e-17 
 1366       1.034921755764e-10       3.270142558739e-12      -9.185705584379e-12       0.000000000000e+00       1.713156390560e-15       5.499744003045e-16      -7.460191455770e-17 
 1367       1.037566503941e-10       3.241560593531e-12      -9.194848551747e-12       0.000000000000e+00       1.708233176055e-15       5.513519465892e-16      -7.394961936585e-17 
 1368       1.040211414920e-10       3.212847470017e-12      -9.201846762044e-12       0.000000000000e+00       1.703327446675e-15       5.527014640596e-16      -7.329276931945e-17 
 1369       1.042854664329e-10       3.184014631483e-12      -9.206699069389e-12       0.000000000000e+00       1.698439124486e-15       5.540186913940e-16      -7.263147920040e-17 
 1370       1.045494417198e-10       3.155073589422e-12      -9.209404362465e-12       0.000000000000e+00       1.693568130520e-15       5.552993429404e-16      -7.196586452189e-17 
 1371       1.048128827934e-10       3.126035923658e-12      -9.209961564597e-12       0.000000000000e+00       1.688714384770e-15       5.565391086726e-16      -7.129604152976e-17 
 1372       1.050756040308e-10       3.096913282476e-12      -9.208369633852e-12       0.000000000000e+00       1.683877806191e-15       5.577336541460e-16      -7.062212720387e-17 
 1373       1.053374187430e-10       3.067717382743e-12      -9.204627563115e-12       0.000000000000e+00       1.679058312696e-15       5.588786204537e-16      -6.994423925944e-17 
 1374       1.055981391734e-10       3.038460010032e-12      -9.198734380186e-12       0.000000000000e+00       1.674255821152e-15       5.599696241825e-16      -6.926249614843e-17 
 1375       1.058575764957e-10       3.009153018751e-12      -9.190689147864e-12       0.000000000000e+00       1.669470247383e-15       5.610022573684e-16      -6.857701706089e-17 
 1376       1.061155408119e-10       2.979808332264e-12      -9.180490964037e-12       0.000000000000e+00       1.664701506159e-15       5.619720874533e-16      -6.788792192636e-17 
 1377       1.063718411504e-10       2.950437943018e-12      -9.168138961768e-12       0.000000000000e+00       1.659949511204e-15       5.628746572403e-16      -6.719533141516e-17 
 1378       1.066262854642e-10       2.921053912667e-12      -9.153632309384e-12       0.000000000000e+00       1.655214175185e-15       5.637054848500e-16      -6.649936693984e-17 
 1379       1.068786806290e-10       2.891668372198e-12      -9.136970210566e-12       0.000000000000e+00       1.650495409715e-15       5.644600636763e-16      -6.580015065646e-17 
 1380       1.071288324409e-10       2.862293522054e-12      -9.118151904434e-12       0.000000000000e+00       1.645793125347e-15       5.651338623425e-16      -6.509780546601e-17 
 1381       1.073765456148e-10       2.832941632260e-12      -9.097176665637e-12       0.000000000000e+00       1.641107231575e-15       5.657223246572e-16      -6.439245501577e-17 
 1382       1.076216237825e-10       2.803625042550e-12      -9.074043804440e-12       0.000000000000e+00       1.636437636831e-15       5.662208695702e-16      -6.368422370062e-17 
 1383       1.078638694907e-10       2.774356162488e-12      -9.048752666815e-12       0.000000000000e+00       1.631784248479e-15       5.666248911284e-16      -6.297323666447e-17 
 1384       1.081030841988e-10       2.745147471594e-12      -9.021302634526e-12       0.000000000000e+00       1.627146972817e-15       5.669297584320e-16      -6.225961980157e-17 
 1385       1.083390849002e-10       2.716010774494e-12      -8.991697501943e-12       0.000000000000e+00       1.622525723345e-15       5.671319603178e-16      -6.154349155807e-17 
 1386       1.085717541804e-10       2.686954957496e-12      -8.959958656879e-12       0.000000000000e+00       1.617920445674e-15       5.672325527217e-16      -6.082493823909e-17 
 1387       1.088009906837e-10       2.657988208578e-12      -8.926112039097e-12       0.000000000000e+00       1.613331092872e-15       5.672337476273e-16      -6.010403844362e-17 
 1388       1.090266925367e-10       2.629118760285e-12      -8.890183776574e-12       0.000000000000e+00       1.608757617219e-15       5.671377716681e-16      -5.938087124159e-17 
 1389       1.092487573483e-10       2.600354889816e-12      -8.852200185861e-12       0.000000000000e+00       1.604199970205e-15       5.669468661554e-16      -5.865551617465e-17 
 1390       1.094670822081e-10       2.571704919099e-12      -8.812187772446e-12       0.000000000000e+00       1.599658102525e-15       5.666632871052e-16      -5.792805325710e-17 
 1391       1.096815636861e-10       2.543177214868e-12      -8.770173231112e-12       0.000000000000e+00       1.595131964080e-15       5.662893052662e-16      -5.719856297668e-17 
 1392       1.098920978312e-10       2.514780188743e-12      -8.726183446306e-12       0.000000000000e+00       1.590621503975e-15       5.658272061473e-16      -5.646712629545e-17 
 1393       1.100985801707e-10       2.486522297309e-12      -8.680245492493e-12       0.000000000000e+00       1.586126670516e-15       5.652792900448e-16      -5.573382465063e-17 
 1394       1.103009057095e-10       2.458412042192e-12      -8.632386634523e-12       0.000000000000e+00       1.581647411209e-15       5.646478720704e-16      -5.499873995546e-17 
 1395       1.104989689288e-10       2.430457970140e-12      -8.582634327990e-12       0.000000000000e+00       1.577183672757e-15       5.639352821782e-16      -5.426195460002e-17 
 1396       1.106926637857e-10       2.402668673099e-12      -8.531016219594e-12       0.000000000000e+00       1.572735401060e-15       5.631438651924e-16      -5.352355145213e-17 
 1397       1.108818837118e-10       2.375052788293e-12      -8.477560147504e-12       0.000000000000e+00       1.568302541212e-15       5.622759808352e-16      -5.278361385816e-17 
 1398       1.110665216128e-10       2.347618998302e-12      -8.422294141720e-12       0.000000000000e+00       1.563885037499e-15       5.613340037535e-16      -5.204222564389e-17 
 1399       1.112464698671e-10       2.320376031138e-12      -8.365246424431e-12       0.000000000000e+00       1.559482833401e-15       5.603203235474e-16      -5.129947111535e-17 
 1400       1.114216203256e-10       2.293332660329e-12      -8.306445410381e-12       0.000000000000e+00       1.555095871581e-15       5.592373447968e-16      -5.055543505972e-17 
 1401       1.115918643099e-10       2.266497704989e-12      -8.245919707229e-12       0.000000000000e+00       1.550724093894e-15       5.580874870896e-16      -4.981020274610e-17 
 1402       1.117570926123e-10       2.239880029905e-12      -8.183698115910e-12       0.000000000000e+00       1.546367441379e-15       5.568731850489e-16      -4.906385992643e-17 
 1403       1.119171954944e-10       2.213488545610e-12      -8.119809631000e-12       0.000000000000e+00       1.542025854256e-15       5.555968883603e-16      -4.831649283630e-17 
 1404       1.120720626862e-10       2.187332208461e-12      -8.054283441071e-12       0.000000000000e+00       1.537699271931e-15       5.542610618001e-16      -4.756818819581e-17 
 1405       1.122215833855e-10       2.161420020722e-12      -7.987148929061e-12       0.000000000000e+00       1.533387632987e-15       5.528681852622e-16      -4.681903321043e-17 
 1406       1.123656462567e-10       2.135761030636e-12      -7.918435672628e-12       0.000000000000e+00       1.529090875185e-15       5.514207537856e-16      -4.606911557185e-17 
 1407       1.125041394303e-10       2.110364332510e-12      -7.848173444518e-12       0.000000000000e+00       1.524808935463e-15       5.499212775824e-16      -4.531852345880e-17 
 1408       1.126369505014e-10       2.085239066788e-12      -7.776392212924e-12       0.000000000000e+00       1.520541749933e-15       5.483722820650e-16      -4.456734553793e-17 
 1409       1.127639665295e-10       2.060394420131e-12      -7.703122141846e-12       0.000000000000e+00       1.516289253881e-15       5.467763078736e-16      -4.381567096467e-17 
 1410       1.128850740371e-10       2.035839625497e-12      -7.628393591456e-12       0.000000000000e+00       1.512051381762e-15       5.451359109038e-16      -4.306358938404e-17 
 1411       1.130001590091e-10       2.011583962217e-12      -7.552237118456e-12       0.000000000000e+00       1.507828067200e-15       5.434536623340e-16      -4.231119093153e-17 
 1412       1.131091068918e-10       1.987636756075e-12      -7.474683476446e-12       0.000000000000e+00       1.503619242988e-15       5.417321486532e-16      -4.155856623394e-17 
 1413       1.132118025918e-10       1.964007379384e-12      -7.395763616276e-12       0.000000000000e+00       1.499424841082e-15       5.399739716881e-16      -4.080580641025e-17 
 1414       1.133081304756e-10       1.940705251069e-12      -7.315508686419e-12       0.000000000000e+00       1.495244792604e-15       5.381817486310e-16      -4.005300307242e-17 
 1415       1.133979743684e-10       1.917739836738e-12      -7.233950033323e-12       0.000000000000e+00       1.491079027837e-15       5.363581120671e-16      -3.930024832630e-17 
 1416       1.134812175530e-10       1.895120648769e-12      -7.151119201779e-12       0.000000000000e+00       1.486927476222e-15       5.345057100021e-16      -3.854763477244e-17 
 1417       1.135577427694e-10       1.872857246381e-12      -7.067047935279e-12       0.000000000000e+00       1.482790066361e-15       5.326272058895e-16      -3.779525550696e-17 
 1418       1.136274322137e-10       1.850959235717e-12      -6.981768176379e-12       0.000000000000e+00       1.478666726009e-15       5.307252786586e-16      -3.704320412237e-17 
 1419       1.136901675368e-10       1.829436269919e-12      -6.895312067062e-12       0.000000000000e+00       1.474557382080e-15       5.288026227415e-16      -3.629157470847e-17 
 1420       1.137458298443e-10       1.808298049209e-12      -6.807711949099e-12       0.000000000000e+00       1.470461960638e-15       5.268619481009e-16      -3.554046185316e-17 
 1421       1.137942996950e-10       1.787554320966e-12      -6.719000364409e-12       0.000000000000e+00       1.466380386896e-15       5.249059802576e-16      -3.478996064331e-17 
 1422       1.138354571002e-10       1.767214879805e-12      -6.629210055422e-12       0.000000000000e+00       1.462312585221e-15       5.229374603178e-16      -3.404016666558e-17 
 1423       1.138691815228e-10       1.747289567655e-12      -6.538373965441e-12       0.000000000000e+00       1.458258479123e-15       5.209591450011e-16      -3.329117600733e-17 
 1424       1.138953730880e-10       1.727786935037e-12      -6.446525642876e-12       0.000000000000e+00       1.454217997969e-15       5.189734250872e-16      -3.254307928696e-17 
 1425       1.139140164554e-10       1.708710209707e-12      -6.353700457759e-12       0.000000000000e+00       1.450191097186e-15       5.169811764171e-16      -3.179594367651e-17 
 1426       1.139251176007e-10       1.690061286767e-12      -6.259934398442e-12       0.000000000000e+00       1.446177738260e-15       5.149828971464e-16      -3.104983069614e-17 
 1427       1.139286826646e-10       1.671842063709e-12      -6.165263669245e-12       0.000000000000e+00       1.442177882044e-15       5.129790882602e-16      -3.030480216834e-17 
 1428       1.139247179530e-10       1.654054440411e-12      -6.069724690837e-12       0.000000000000e+00       1.438191488756e-15       5.109702535779e-16      -2.956092021841e-17 
 1429       1.139132299374e-10       1.636700319139e-12      -5.973354100628e-12       0.000000000000e+00       1.434218517978e-15       5.089568997580e-16      -2.881824727496e-17 
 1430       1.138942252549e-10       1.619781604543e-12      -5.876188753149e-12       0.000000000000e+00       1.430258928654e-15       5.069395363034e-16      -2.807684607041e-17 
 1431       1.138677107091e-10       1.603300203660e-12      -5.778265720443e-12       0.000000000000e+00       1.426312679091e-15       5.049186755656e-16      -2.733677964149e-17 
 1432       1.138336932701e-10       1.587258025910e-12      -5.679622292445e-12       0.000000000000e+00       1.422379726955e-15       5.028948327508e-16      -2.659811132973e-17 
 1433       1.137921800752e-10       1.571656983096e-12      -5.580295977371e-12       0.000000000000e+00       1.418460029268e-15       5.008685259237e-16      -2.586090478196e-17 
 1434       1.137431784288e-10       1.556498989405e-12      -5.480324502104e-12       0.000000000000e+00       1.414553542412e-15       4.988402760132e-16      -2.512522395080e-17 
 1435       1.136866958030e-10       1.541785961403e-12      -5.379745812576e-12       0.000000000000e+00       1.410660222124e-15       4.968106068170e-16      -2.439113309518e-17 
 1436       1.136227398382e-10       1.527519818039e-12      -5.278598074158e-12       0.000000000000e+00       1.406780023493e-15       4.947800450069e-16      -2.365869678080e-17 
 1437       1.135513183431e-10       1.513702480642e-12      -5.176919672043e-12       0.000000000000e+00       1.402912900963e-15       4.927491201332e-16      -2.292797988065e-17 
 1438       1.134724392952e-10       1.500335872918e-12      -5.074749211632e-12       0.000000000000e+00       1.399058808327e-15       4.907183646300e-16      -2.219904757553e-17 
 1439       1.133861108412e-10       1.487421920953e-12      -4.972125518920e-12       0.000000000000e+00       1.395217698732e-15       4.886883138205e-16      -2.147196535449e-17 
 1440       1.132923412974e-10       1.474962553211e-12      -4.869087640882e-12       0.000000000000e+00       1.391389524667e-15       4.866595059210e-16      -2.074679901536e-17 
 1441       1.131911391498e-10       1.462959700531e-12      -4.765674845856e-12       0.000000000000e+00       1.387574237975e-15       4.846324820468e-16      -2.002361466527e-17 
 1442       1.130825130549e-10       1.451415296128e-12      -4.661926623933e-12       0.000000000000e+00       1.383771789839e-15       4.826077862167e-16      -1.930247872111e-17 
 1443       1.129664718397e-10       1.440331275591e-12      -4.557882687339e-12       0.000000000000e+00       1.379982130790e-15       4.805859653579e-16      -1.858345791001e-17 
 1444       1.128430245021e-10       1.429709576887e-12      -4.453582970821e-12       0.000000000000e+00       1.376205210700e-15       4.785675693112e-16      -1.786661926992e-17 
 1445       1.127121802115e-10       1.419552140351e-12      -4.349067632036e-12       0.000000000000e+00       1.372440978781e-15       4.765531508357e-16      -1.715203015000e-17 
 1446       1.125739483090e-10       1.409860908693e-12      -4.244377051930e-12       0.000000000000e+00       1.368689383589e-15       4.745432656139e-16      -1.643975821121e-17 
 1447       1.124283383078e-10       1.400637826995e-12      -4.139551835131e-12       0.000000000000e+00       1.364950373014e-15       4.725384722568e-16      -1.572987142674e-17 
 1448       1.122753598935e-10       1.391884842708e-12      -4.034632810330e-12       0.000000000000e+00       1.361223894288e-15       4.705393323083e-16      -1.502243808255e-17 
 1449       1.121150229245e-10       1.383603905654e-12      -3.929661030667e-12       0.000000000000e+00       1.357509893973e-15       4.685464102508e-16      -1.431752677783e-17 
 1450       1.119473374323e-10       1.375796968024e-12      -3.824677774118e-12       0.000000000000e+00       1.353808317971e-15       4.665602735099e-16      -1.361520642555e-17 
 1451       1.117723136221e-10       1.368465984377e-12      -3.719724543880e-12       0.000000000000e+00       1.350119111513e-15       4.645814924592e-16      -1.291554625289e-17 
 1452       1.115899618729e-10       1.361612911638e-12      -3.614843068757e-12       0.000000000000e+00       1.346442219163e-15       4.626106404253e-16      -1.221861580180e-17 
 1453       1.114002927380e-10       1.355239709101e-12      -3.510075303543e-12       0.000000000000e+00       1.342777584815e-15       4.606482936929e-16      -1.152448492944e-17 
 1454       1.112033169454e-10       1.349348338422e-12      -3.405463429413e-12       0.000000000000e+00       1.339125151691e-15       4.586950315098e-16      -1.083322380873e-17 
 1455       1.109990453979e-10       1.343940763626e-12      -3.301049854303e-12       0.000000000000e+00       1.335484862341e-15       4.567514360915e-16      -1.014490292881e-17 
 1456       1.107874891739e-10       1.339018951099e-12      -3.196877213297e-12       0.000000000000e+00       1.331856658642e-15       4.548180926266e-16      -9.459593095549e-18 
 1457       1.105686595274e-10       1.334584869591e-12      -3.092988369017e-12       0.000000000000e+00       1.328240481793e-15       4.528955892814e-16      -8.777365432043e-18 
 1458       1.103425678883e-10       1.330640490213e-12      -2.989426412002e-12       0.000000000000e+00       1.324636272316e-15       4.509845172049e-16      -8.098291379113e-18 
 1459       1.101092258634e-10       1.327187786441e-12      -2.886234661097e-12       0.000000000000e+00       1.321043970058e-15       4.490854705339e-16      -7.422442695797e-18 
 1460       1.098686452359e-10       1.324228734107e-12      -2.783456663841e-12       0.000000000000e+00       1.317463514183e-15       4.471990463980e-16      -6.749891459852e-18 
 1461       1.096208379663e-10       1.321765311405e-12      -2.681136196846e-12       0.000000000000e+00       1.313894843174e-15       4.453258449242e-16      -6.080710068247e-18 
 1462       1.093658161928e-10       1.319799498888e-12      -2.579317266189e-12       0.000000000000e+00       1.310337894834e-15       4.434664692423e-16      -5.414971237663e-18 
 1463       1.091036060159e-10       1.318332159296e-12      -2.478040863348e-12       0.000000000000e+00       1.306792611552e-15       4.416211554530e-16      -4.752740137766e-18 
 1464       1.088342890033e-10       1.317359664787e-12      -2.377335196764e-12       0.000000000000e+00       1.303258956194e-15       4.397886584774e-16      -4.094050704008e-18 
 1465       1.085579611009e-10       1.316877235987e-12      -2.277225363391e-12       0.000000000000e+00       1.299736896368e-15       4.379673550790e-16      -3.438929089016e-18 
 1466       1.082747188868e-10       1.316880059038e-12      -2.177736584487e-12       0.000000000000e+00       1.296226399168e-15       4.361556128744e-16      -2.787401508378e-18 
 1467       1.079846595727e-10       1.317363285534e-12      -2.078894205816e-12       0.000000000000e+00       1.292727431175e-15       4.343517903168e-16      -2.139494240703e-18 
 1468       1.076878810048e-10       1.318322032457e-12      -1.980723697849e-12       0.000000000000e+00       1.289239958450e-15       4.325542366809e-16      -1.495233627676e-18 
 1469       1.073844816653e-10       1.319751382114e-12      -1.883250655975e-12       0.000000000000e+00       1.285763946536e-15       4.307612920465e-16      -8.546460741123e-19 
 1470       1.070745606729e-10       1.321646382072e-12      -1.786500800697e-12       0.000000000000e+00       1.282299360458e-15       4.289712872831e-16      -2.177580480166e-19 
 1471       1.067582177847e-10       1.324002045099e-12      -1.690499977842e-12       0.000000000000e+00       1.278846164721e-15       4.271825440341e-16       4.154039193633e-19 
 1472       1.064355533968e-10       1.326813349092e-12      -1.595274158762e-12       0.000000000000e+00       1.275404323307e-15       4.253933747008e-16       1.044813233479e-18 
 1473       1.061066685454e-10       1.330075237023e-12      -1.500849440536e-12       0.000000000000e+00       1.271973799676e-15       4.236020824268e-16       1.670443236426e-18 
 1474       1.057716649085e-10       1.333782616868e-12      -1.407252046177e-12       0.000000000000e+00       1.268554556763e-15       4.218069610823e-16       2.292267206887e-18 
 1475       1.054306448065e-10       1.337930361547e-12      -1.314508324837e-12       0.000000000000e+00       1.265146556982e-15       4.200062952479e-16       2.910258360076e-18 
 1476       1.050837112035e-10       1.342513308860e-12      -1.222644752005e-12       0.000000000000e+00       1.261749762216e-15       4.181983601993e-16       3.524389847682e-18 
 1477       1.047309677083e-10       1.347526261421e-12      -1.131687929717e-12       0.000000000000e+00       1.258364133826e-15       4.163814218914e-16       4.134634757813e-18 
 1478       1.043725185759e-10       1.352963986600e-12      -1.041664586755e-12       0.000000000000e+00       1.254989632640e-15       4.145537369423e-16       4.740966114940e-18 
 1479       1.040084687085e-10       1.358821216452e-12      -9.526015788539e-13       0.000000000000e+00       1.251626218959e-15       4.127135526177e-16       5.343356879842e-18 
 1480       1.036389236561e-10       1.365092647660e-12      -8.645258889057e-13       0.000000000000e+00       1.248273852555e-15       4.108591068152e-16       5.941779949545e-18 
 1481       1.032639896186e-10       1.371772941467e-12      -7.774646271604e-13       0.000000000000e+00       1.244932492666e-15       4.089886280481e-16       6.536208157273e-18 
 1482       1.028837734462e-10       1.378856723614e-12      -6.914450314319e-13       0.000000000000e+00       1.241602097998e-15       4.071003354303e-16       7.126614272385e-18 
 1483       1.024983826406e-10       1.386338584276e-12      -6.064944673016e-13       0.000000000000e+00       1.238282626724e-15       4.051924386600e-16       7.712971000326e-18 
 1484       1.021079253566e-10       1.394213078001e-12      -5.226404283216e-13       0.000000000000e+00       1.234974036482e-15       4.032631380038e-16       8.295250982562e-18 
 1485       1.017125104028e-10       1.402474723642e-12      -4.399105362193e-13       0.000000000000e+00       1.231676284373e-15       4.013106242816e-16       8.873426796533e-18 
 1486       1.013122472428e-10       1.411118004296e-12      -3.583325411005e-13       0.000000000000e+00       1.228389326962e-15       3.993330788500e-16       9.447470955589e-18 
 1487       1.009072459964e-10       1.420137367240e-12      -2.779343216538e-13       0.000000000000e+00       1.225113120274e-15       3.973286735873e-16       1.001735590894e-17 
 1488       1.004976174410e-10       1.429527223868e-12      -1.987438853540e-13       0.000000000000e+00       1.221847619798e-15       3.952955708771e-16       1.058305404160e-17 
 1489       1.000834730121e-10       1.439281949625e-12      -1.207893686661e-13       0.000000000000e+00       1.218592780478e-15       3.932319235927e-16       1.114453767431e-17 
 1490       9.966492480513e-11       1.449395883948e-12      -4.409903724909e-14       0.000000000000e+00       1.215348556721e-15       3.911358750815e-16       1.170177906354e-17 
 1491       9.924208557613e-11       1.459863330196e-12       3.129871384008e-14       0.000000000000e+00       1.212114902388e-15       3.890055591491e-16       1.225475040134e-17 
 1492       9.881506874302e-11       1.470678555593e-12       1.053753599430e-13       0.000000000000e+00       1.208891770797e-15       3.868391000433e-16       1.280342381538e-17 
 1493       9.838398838679e-11       1.481835791160e-12       1.781022465957e-13       0.000000000000e+00       1.205679114723e-15       3.846346124389e-16       1.334777136883e-17 
 1494       9.794895925257e-11       1.493329231653e-12       2.494505893251e-13       0.000000000000e+00       1.202476886391e-15       3.823902014212e-16       1.388776506032e-17 
 1495       9.751009675078e-11       1.505153035499e-12       3.193914734448e-13       0.000000000000e+00       1.199285037483e-15       3.801039624707e-16       1.442337682391e-17 
 1496       9.706751695829e-11       1.517301324732e-12       3.878958538515e-13       0.000000000000e+00       1.196103519130e-15       3.777739814472e-16       1.495457852900e-17 
 1497       9.662133661953e-11       1.529768184931e-12       4.549345548215e-13       0.000000000000e+00       1.192932281915e-15       3.753983345740e-16       1.548134198026e-17 
 1498       9.617167314765e-11       1.542547665154e-12       5.204782698062e-13       0.000000000000e+00       1.189771275869e-15       3.729750884220e-16       1.600363891765e-17 
 1499       9.571864462562e-11       1.555633777877e-12       5.844975612287e-13       0.000000000000e+00       1.186620450474e-15       3.705022998942e-16       1.652144101628e-17 
 1500       9.526236980741e-11       1.569020498930e-12       6.469628602800e-13       0.000000000000e+00       1.183479754656e-15       3.679780162097e-16       1.703471988638e-17 
 1501       9.480296811910e-11       1.582701767429e-12       7.078444667151e-13       0.000000000000e+00       1.180349136789e-15       3.654002748878e-16       1.754344707328e-17 
 1502       9.434055952407e-11       1.596671179097e-12       7.671172148881e-13       0.000000000000e+00       1.177228549005e-15       3.627678695386e-16       1.804759593316e-17 
 1503       9.387526411485e-11       1.610921063064e-12       8.247745219725e-13       0.000000000000e+00       1.174117960182e-15       3.600826554216e-16       1.854714728054e-17 
 1504       9.340720251958e-11       1.625443395948e-12       8.808144761390e-13       0.000000000000e+00       1.171017343078e-15       3.573472663072e-16       1.904208379570e-17 
 1505       9.293649603869e-11       1.640230107579e-12       9.352351827750e-13       0.000000000000e+00       1.167926670034e-15       3.545643507333e-16       1.953238815385e-17 
 1506       9.246326664605e-11       1.655273080921e-12       9.880347645291e-13       0.000000000000e+00       1.164845912967e-15       3.517365720301e-16       2.001804302516e-17 
 1507       9.198763699010e-11       1.670564151993e-12       1.039211361355e-12       0.000000000000e+00       1.161775043374e-15       3.488666083450e-16       2.049903107485e-17 
 1508       9.150973039497e-11       1.686095109787e-12       1.088763130556e-12       0.000000000000e+00       1.158714032328e-15       3.459571526676e-16       2.097533496319e-17 
 1509       9.102967086161e-11       1.701857696186e-12       1.136688246829e-12       0.000000000000e+00       1.155662850480e-15       3.430109128547e-16       2.144693734554e-17 
 1510       9.054758306893e-11       1.717843605893e-12       1.182984902309e-12       0.000000000000e+00       1.152621468055e-15       3.400306116549e-16       2.191382087245e-17 
 1511       9.006359237491e-11       1.734044486339e-12       1.227651306612e-12       0.000000000000e+00       1.149589854852e-15       3.370189867339e-16       2.237596818963e-17 
 1512       8.957782481776e-11       1.750451937613e-12       1.270685686882e-12       0.000000000000e+00       1.146567980245e-15       3.339787906993e-16       2.283336193804e-17 
 1513       8.909040711701e-11       1.767057512376e-12       1.312086287833e-12       0.000000000000e+00       1.143555813180e-15       3.309127911255e-16       2.328598475394e-17 
 1514       8.860146667467e-11       1.783852715785e-12       1.351851371792e-12       0.000000000000e+00       1.140553322176e-15       3.278237705784e-16       2.373381926887e-17 
 1515       8.811113157635e-11       1.800829005410e-12       1.389979218749e-12       0.000000000000e+00       1.137560475320e-15       3.247145266409e-16       2.417684810979e-17 
 1516       8.761953059237e-11       1.817977791158e-12       1.426468126393e-12       0.000000000000e+00       1.134577240273e-15       3.215878719372e-16       2.461505389905e-17 
 1517       8.712679317893e-11       1.835290435187e-12       1.461316410162e-12       0.000000000000e+00       1.131603584263e-15       3.184466341581e-16       2.504841925444e-17 
 1518       8.663304947920e-11       1.852758251833e-12       1.494522403287e-12       0.000000000000e+00       1.128639474085e-15       3.152936560860e-16       2.547692678927e-17 
 1519       8.613843032447e-11       1.870372507525e-12       1.526084456833e-12       0.000000000000e+00       1.125684876105e-15       3.121317956193e-16       2.590055911240e-17 
 1520       8.564306723527e-11       1.888124420708e-12       1.556000939746e-12       0.000000000000e+00       1.122739756252e-15       3.089639257981e-16       2.631929882825e-17 
 1521       8.514709242252e-11       1.906005161760e-12       1.584270238896e-12       0.000000000000e+00       1.119804080023e-15       3.057929348283e-16       2.673312853690e-17 
 1522       8.465063878862e-11       1.924005852917e-12       1.610890759122e-12       0.000000000000e+00       1.116877812479e-15       3.026217261073e-16       2.714203083408e-17 
 1523       8.415383992861e-11       1.942117568189e-12       1.635860923276e-12       0.000000000000e+00       1.113960918245e-15       2.994532182482e-16       2.754598831124e-17 
 1524       8.365683013130e-11       1.960331333281e-12       1.659179172264e-12       0.000000000000e+00       1.111053361508e-15       2.962903451054e-16       2.794498355562e-17 
 1525       8.315974438037e-11       1.978638125513e-12       1.680843965098e-12       0.000000000000e+00       1.108155106018e-15       2.931360557991e-16       2.833899915021e-17 
 1526       8.266271835553e-11       1.997028873742e-12       1.700853778932e-12       0.000000000000e+00       1.105266115087e-15       2.899933147402e-16       2.872801767391e-17 
 1527       8.216588843365e-11       2.015494458279e-12       1.719207109111e-12       0.000000000000e+00       1.102386351586e-15       2.868651016556e-16       2.911202170146e-17 
 1528       8.166939168985e-11       2.034025710813e-12       1.735902469213e-12       0.000000000000e+00       1.099515777945e-15       2.837544116127e-16       2.949099380357e-17 
 1529       8.117336589869e-11       2.052613414326e-12       1.750938391095e-12       0.000000000000e+00       1.096654356154e-15       2.806642550446e-16       2.986491654691e-17 
 1530       8.067794953523e-11       2.071248303018e-12       1.764313424936e-12       0.000000000000e+00       1.093802047761e-15       2.775976577750e-16       3.023377249418e-17 
 1531       8.018328177623e-11       2.089921062224e-12       1.776026139280e-12       0.000000000000e+00       1.090958813868e-15       2.745576610429e-16       3.059754420413e-17 
 1532       7.968950250122e-11       2.108622328337e-12       1.786075121085e-12       0.000000000000e+00       1.088124615136e-15       2.715473215279e-16       3.095621423165e-17 
 1533       7.919675229365e-11       2.127342688722e-12       1.794458975760e-12       0.000000000000e+00       1.085299411780e-15       2.685697113747e-16       3.130976512776e-17 
 1534       7.870517244204e-11       2.146072681646e-12       1.801176327217e-12       0.000000000000e+00       1.082483163568e-15       2.656279182184e-16       3.165817943968e-17 
 1535       7.821490494108e-11       2.164802796187e-12       1.806225817909e-12       0.000000000000e+00       1.079675829822e-15       2.627250452091e-16       3.200143971086e-17 
 1536       7.772609249278e-11       2.183523472164e-12       1.809606108877e-12       0.000000000000e+00       1.076877369417e-15       2.598642110373e-16       3.233952848107e-17 
 1537       7.723887850758e-11       2.202225100049e-12       1.811315879794e-12       0.000000000000e+00       1.074087740779e-15       2.570485499583e-16       3.267242828636e-17 
 1538       7.675340710549e-11       2.220898020894e-12       1.811353829009e-12       0.000000000000e+00       1.071306901883e-15       2.542812118173e-16       3.300012165918e-17 
 1539       7.626982311722e-11       2.239532526245e-12       1.809718673592e-12       0.000000000000e+00       1.068534810257e-15       2.515653620745e-16       3.332259112839e-17 
 1540       7.578827208531e-11       2.258118858066e-12       1.806409149377e-12       0.000000000000e+00       1.065771422975e-15       2.489041818299e-16       3.363981921931e-17 
 1541       7.530888869647e-11       2.276647783962e-12       1.801427354584e-12       0.000000000000e+00       1.063016700162e-15       2.462999900235e-16       3.395179186452e-17 
 1542       7.483176195626e-11       2.295112328979e-12       1.794788815322e-12       0.000000000000e+00       1.060270615538e-15       2.437516008729e-16       3.425850867169e-17 
 1543       7.435696968605e-11       2.313506060081e-12       1.786512515717e-12       0.000000000000e+00       1.057533145971e-15       2.412569414009e-16       3.455997275333e-17 
 1544       7.388459006244e-11       2.331822512293e-12       1.776617563225e-12       0.000000000000e+00       1.054804267983e-15       2.388139269652e-16       3.485618732504e-17 
 1545       7.341470161769e-11       2.350055188644e-12       1.765123188836e-12       0.000000000000e+00       1.052083957750e-15       2.364204612382e-16       3.514715570576e-17 
 1546       7.294738324038e-11       2.368197560121e-12       1.752048747295e-12       0.000000000000e+00       1.049372191102e-15       2.340744361879e-16       3.543288131798e-17 
 1547       7.248271417585e-11       2.386243065616e-12       1.737413717310e-12       0.000000000000e+00       1.046668943521e-15       2.317737320588e-16       3.571336768796e-17 
 1548       7.202077402683e-11       2.404185111875e-12       1.721237701769e-12       0.000000000000e+00       1.043974190141e-15       2.295162173520e-16       3.598861844591e-17 
 1549       7.156164275393e-11       2.422017073449e-12       1.703540427948e-12       0.000000000000e+00       1.041287905747e-15       2.272997488061e-16       3.625863732625e-17 
 1550       7.110540067622e-11       2.439732292640e-12       1.684341747730e-12       0.000000000000e+00       1.038610064774e-15       2.251221713775e-16       3.652342816782e-17 
 1551       7.065212847174e-11       2.457324079453e-12       1.663661637813e-12       0.000000000000e+00       1.035940641307e-15       2.229813182216e-16       3.678299491407e-17 
 1552       7.020190717807e-11       2.474785711543e-12       1.641520199927e-12       0.000000000000e+00       1.033279609079e-15       2.208750106725e-16       3.703734161328e-17 
 1553       6.975481819289e-11       2.492110434168e-12       1.617937661042e-12       0.000000000000e+00       1.030626941473e-15       2.188010582245e-16       3.728647241881e-17 
 1554       6.931094327447e-11       2.509291460132e-12       1.592934373587e-12       0.000000000000e+00       1.027982611517e-15       2.167572585121e-16       3.753039158928e-17 
 1555       6.887036454226e-11       2.526321969739e-12       1.566530815661e-12       0.000000000000e+00       1.025346591888e-15       2.147413972907e-16       3.776910348880e-17 
 1556       6.843316447745e-11       2.543195110741e-12       1.538747591243e-12       0.000000000000e+00       1.022718854908e-15       2.127512484176e-16       3.800261258719e-17 
 1557       6.799942592345e-11       2.559903998288e-12       1.509605430410e-12       0.000000000000e+00       1.020099372545e-15       2.107845738319e-16       3.823092346016e-17 
 1558       6.756923208650e-11       2.576441714872e-12       1.479125189545e-12       0.000000000000e+00       1.017488116411e-15       2.088391235356e-16       3.845404078960e-17 
 1559       6.714266653617e-11       2.592801310284e-12       1.447327851554e-12       0.000000000000e+00       1.014885057762e-15       2.069126355741e-16       3.867196936372e-17 
 1560       6.671981320594e-11       2.608975801559e-12       1.414234526079e-12       0.000000000000e+00       1.012290167497e-15       2.050028360167e-16       3.888471407730e-17 
 1561       6.630075639371e-11       2.624958172923e-12       1.379866449708e-12       0.000000000000e+00       1.009703416159e-15       2.031074389375e-16       3.909227993192e-17 
 1562       6.588558076239e-11       2.640741375747e-12       1.344244986189e-12       0.000000000000e+00       1.007124773931e-15       2.012241463953e-16       3.929467203613e-17 
 1563       6.547437134040e-11       2.656318328492e-12       1.307391626648e-12       0.000000000000e+00       1.004554210638e-15       1.993506484149e-16       3.949189560573e-17 
 1564       6.506721352223e-11       2.671681916663e-12       1.269327989793e-12       0.000000000000e+00       1.001991695745e-15       1.974846229676e-16       3.968395596392e-17 
 1565       6.466419306899e-11       2.686824992750e-12       1.230075822135e-12       0.000000000000e+00       9.994371983572e-16       1.956237359513e-16       3.987085854156e-17 
 1566       6.426539610897e-11       2.701740376187e-12       1.189656998199e-12       0.000000000000e+00       9.968906872182e-16       1.937656411716e-16       4.005260887737e-17 
 1567       6.387090913814e-11       2.716420853295e-12       1.148093520733e-12       0.000000000000e+00       9.943521307103e-16       1.919079803222e-16       4.022921261813e-17 
 1568       6.348081902075e-11       2.730859177230e-12       1.105407520928e-12       0.000000000000e+00       9.918214968530e-16       1.900483829656e-16       4.040067551896e-17 
 1569       6.309521298983e-11       2.745048067938e-12       1.061621258624e-12       0.000000000000e+00       9.892987533028e-16       1.881844665134e-16       4.056700344343e-17 
 1570       6.271417864776e-11       2.758980212099e-12       1.016757122529e-12       0.000000000000e+00       9.867838673524e-16       1.863138362075e-16       4.072820236387e-17 
 1571       6.233780396680e-11       2.772648263080e-12       9.708376304285e-13       0.000000000000e+00       9.842768059297e-16       1.844340850998e-16       4.088427836155e-17 
 1572       6.196617728966e-11       2.786044840878e-12       9.238854293991e-13       0.000000000000e+00       9.817775355975e-16       1.825427940338e-16       4.103523762689e-17 
 1573       6.159938733001e-11       2.799162532079e-12       8.759232960229e-13       0.000000000000e+00       9.792860225525e-16       1.806375316242e-16       4.118108645967e-17 
 1574       6.123752317304e-11       2.811993889796e-12       8.269741365994e-13       0.000000000000e+00       9.768022326247e-16       1.787158542385e-16       4.132183126928e-17 
 1575       6.088067427603e-11       2.824531433627e-12       7.770609873590e-13       0.000000000000e+00       9.743261312767e-16       1.767753059767e-16       4.145747857491e-17 
 1576       6.052893046886e-11       2.836767649599e-12       7.262070146759e-13       0.000000000000e+00       9.718576836029e-16       1.748134186525e-16       4.158803500575e-17 
 1577       6.018238195456e-11       2.848694990121e-12       6.744355152814e-13       0.000000000000e+00       9.693968543289e-16       1.728277117735e-16       4.171350730125e-17 
 1578       5.984111930986e-11       2.860305873929e-12       6.217699164766e-13       0.000000000000e+00       9.669436078108e-16       1.708156925222e-16       4.183390231129e-17 
 1579       5.950523348576e-11       2.871592686037e-12       5.682337763458e-13       0.000000000000e+00       9.644979080344e-16       1.687748557361e-16       4.194922699644e-17 
 1580       5.917480073087e-11       2.882548806451e-12       5.138512088426e-13       0.000000000000e+00       9.620597214887e-16       1.667033557920e-16       4.205949082453e-17 
 1581       5.884983720778e-11       2.893171706817e-12       4.586481629245e-13       0.000000000000e+00       9.596290258179e-16       1.646020290992e-16       4.216471298440e-17 
 1582       5.853034395762e-11       2.903459882341e-12       4.026511556854e-13       0.000000000000e+00       9.572058012480e-16       1.624723902931e-16       4.226491523939e-17 
 1583       5.821632193889e-11       2.913411825627e-12       3.458868487907e-13       0.000000000000e+00       9.547900277196e-16       1.603159620440e-16       4.236011953734e-17 
 1584       5.790777202727e-11       2.923026026675e-12       2.883820487107e-13       0.000000000000e+00       9.523816848870e-16       1.581342750704e-16       4.245034801088e-17 
 1585       5.760469501546e-11       2.932300972879e-12       2.301637069544e-13       0.000000000000e+00       9.499807521178e-16       1.559288681514e-16       4.253562297785e-17 
 1586       5.730709161301e-11       2.941235149028e-12       1.712589203026e-13       0.000000000000e+00       9.475872084925e-16       1.537012881400e-16       4.261596694153e-17 
 1587       5.701496244609e-11       2.949827037300e-12       1.116949310414e-13       0.000000000000e+00       9.452010328033e-16       1.514530899755e-16       4.269140259105e-17 
 1588       5.672830805738e-11       2.958075117267e-12       5.149912719597e-14       0.000000000000e+00       9.428222035543e-16       1.491858366971e-16       4.276195280166e-17 
 1589       5.644712890584e-11       2.965977865885e-12      -9.300957236149e-15       0.000000000000e+00       9.404506989604e-16       1.469010994559e-16       4.282764063511e-17 
 1590       5.617142536654e-11       2.973533757503e-12      -7.067764205159e-14       0.000000000000e+00       9.380864969471e-16       1.446004575283e-16       4.288848933995e-17 
 1591       5.590119773051e-11       2.980741263852e-12      -1.326031006076e-13       0.000000000000e+00       9.357295751494e-16       1.422854983289e-16       4.294452235188e-17 
 1592       5.563644620452e-11       2.987598854050e-12      -1.950493595887e-13       0.000000000000e+00       9.333799109119e-16       1.399578174231e-16       4.299576329405e-17 
 1593       5.537717091093e-11       2.994104994598e-12      -2.579882987729e-13       0.000000000000e+00       9.310374812876e-16       1.376190185403e-16       4.304223597744e-17 
 1594       5.512337188749e-11       3.000258149377e-12      -3.213916507985e-13       0.000000000000e+00       9.287022630378e-16       1.352707135863e-16       4.308396440116e-17 
 1595       5.487504908716e-11       3.006056779651e-12      -3.852310009307e-13       0.000000000000e+00       9.263742326314e-16       1.329145226566e-16       4.312097275275e-17 
 1596       5.463220237797e-11       3.011499344062e-12      -4.494777868276e-13       0.000000000000e+00       9.240533662440e-16       1.305520740494e-16       4.315328540860e-17 
 1597       5.439483154280e-11       3.016584298627e-12      -5.141032983073e-13       0.000000000000e+00       9.217396397578e-16       1.281850042776e-16       4.318092693418e-17 
 1598       5.416293627919e-11       3.021310096744e-12      -5.790786771142e-13       0.000000000000e+00       9.194330287609e-16       1.258149580829e-16       4.320392208445e-17 
 1599       5.393651619922e-11       3.025675189181e-12      -6.443749166852e-13       0.000000000000e+00       9.171335085464e-16       1.234435884477e-16       4.322229580412e-17 
 1600       5.371557082926e-11       3.029678024083e-12      -7.099628619169e-13       0.000000000000e+00       9.148410541122e-16       1.210725566084e-16       4.323607322807e-17 
 1601       5.350009960985e-11       3.033317046965e-12      -7.758132089313e-13       0.000000000000e+00       9.125556401605e-16       1.187035320682e-16       4.324527968159e-17 
 1602       5.329010189547e-11       3.036590700711e-12      -8.418965048432e-13       0.000000000000e+00       9.102772410967e-16       1.163381926100e-16       4.324994068077e-17 
 1603       5.308557695440e-11       3.039497425578e-12      -9.081831475260e-13       0.000000000000e+00       9.080058310294e-16       1.139782243092e-16       4.325008193280e-17 
 1604       5.288652396854e-11       3.042035659186e-12      -9.746433853784e-13       0.000000000000e+00       9.057413837695e-16       1.116253215465e-16       4.324572933632e-17 
 1605       5.269294203318e-11       3.044203836524e-12      -1.041247317091e-12       0.000000000000e+00       9.034838728298e-16       1.092811870212e-16       4.323690898174e-17 
 1606       5.250483015689e-11       3.046000389946e-12      -1.107964891414e-12       0.000000000000e+00       9.012332714243e-16       1.069475317635e-16       4.322364715159e-17 
 1607       5.232218726129e-11       3.047423749167e-12      -1.174765906919e-12       0.000000000000e+00       8.989895524676e-16       1.046260751478e-16       4.320597032081e-17 
 1608       5.214501218089e-11       3.048472341265e-12      -1.241620011774e-12       0.000000000000e+00       8.967526885745e-16       1.023185449051e-16       4.318390515712e-17 
 1609       5.197330366293e-11       3.049144590680e-12      -1.308496703502e-12       0.000000000000e+00       8.945226520593e-16       1.000266771366e-16       4.315747852134e-17 
 1610       5.180706036714e-11       3.049438919207e-12      -1.375365328750e-12       0.000000000000e+00       8.922994149353e-16       9.775221632585e-17       4.312671746773e-17 
 1611       5.164628086565e-11       3.049353746004e-12      -1.442195083058e-12       0.000000000000e+00       8.900829489141e-16       9.549691535204e-17       4.309164924427e-17 
 1612       5.149096364271e-11       3.048887487580e-12      -1.508955010622e-12       0.000000000000e+00       8.878732254052e-16       9.326253550274e-17       4.305230129307e-17 
 1613       5.134110709460e-11       3.048038557802e-12      -1.575614004062e-12       0.000000000000e+00       8.856702155153e-16       9.105084648679e-17       4.300870125064e-17 
 1614       5.119670952940e-11       3.046805367889e-12      -1.642140804190e-12       0.000000000000e+00       8.834738900479e-16       8.886362644718e-17       4.296087694825e-17 
 1615       5.105776916681e-11       3.045186326411e-12      -1.708503999774e-12       0.000000000000e+00       8.812842195023e-16       8.670266197389e-17       4.290885641225e-17 
 1616       5.092428413801e-11       3.043179839292e-12      -1.774672027306e-12       0.000000000000e+00       8.791011740737e-16       8.456974811683e-17       4.285266786441e-17 
 1617       5.079625248543e-11       3.040784309800e-12      -1.840613170767e-12       0.000000000000e+00       8.769247236519e-16       8.246668839863e-17       4.279233972223e-17 
 1618       5.067367216261e-11       3.037998138554e-12      -1.906295561396e-12       0.000000000000e+00       8.747548378214e-16       8.039529482758e-17       4.272790059930e-17 
 1619       5.055653104814e-11       3.034820595763e-12      -1.971689454094e-12       0.000000000000e+00       8.725914882312e-16       7.835705236848e-17       4.265937987889e-17 
 1620       5.044477688923e-11       3.031254446577e-12      -2.036774079605e-12       0.000000000000e+00       8.704346557309e-16       7.635210901355e-17       4.258680943972e-17 
 1621       5.033834708621e-11       3.027303349458e-12      -2.101530853789e-12       0.000000000000e+00       8.682843232981e-16       7.438027661123e-17       4.251022194645e-17 
 1622       5.023717865306e-11       3.022970986125e-12      -2.165941106472e-12       0.000000000000e+00       8.661404736731e-16       7.244136557749e-17       4.242965027819e-17 
 1623       5.014120821684e-11       3.018261061596e-12      -2.229986081316e-12       0.000000000000e+00       8.640030893581e-16       7.053518489330e-17       4.234512752881e-17 
 1624       5.005037201698e-11       3.013177304220e-12      -2.293646935692e-12       0.000000000000e+00       8.618721526171e-16       6.866154210221e-17       4.225668700735e-17 
 1625       4.996460590469e-11       3.007723465723e-12      -2.356904740547e-12       0.000000000000e+00       8.597476454750e-16       6.682024330781e-17       4.216436223833e-17 
 1626       4.988384534233e-11       3.001903321239e-12      -2.419740480279e-12       0.000000000000e+00       8.576295497176e-16       6.501109317132e-17       4.206818696216e-17 
 1627       4.980802540273e-11       2.995720669357e-12      -2.482135052605e-12       0.000000000000e+00       8.555178468908e-16       6.323389490903e-17       4.196819513544e-17 
 1628       4.973708076861e-11       2.989179332152e-12      -2.544069268431e-12       0.000000000000e+00       8.534125183003e-16       6.148845028989e-17       4.186442093137e-17 
 1629       4.967094573188e-11       2.982283155227e-12      -2.605523851726e-12       0.000000000000e+00       8.513135450111e-16       5.977455963298e-17       4.175689874006e-17 
 1630       4.960955419306e-11       2.975036007750e-12      -2.666479439389e-12       0.000000000000e+00       8.492209078470e-16       5.809202180508e-17       4.164566316893e-17 
 1631       4.955283966062e-11       2.967441782494e-12      -2.726916581122e-12       0.000000000000e+00       8.471345873903e-16       5.644063421815e-17       4.153074904303e-17 
 1632       4.950073525034e-11       2.959504395875e-12      -2.786815739300e-12       0.000000000000e+00       8.450545639810e-16       5.482019282686e-17       4.141219140542e-17 
 1633       4.945317368469e-11       2.951227787991e-12      -2.846157288841e-12       0.000000000000e+00       8.429808177167e-16       5.323049212612e-17       4.129002551753e-17 
 1634       4.941008729217e-11       2.942615922658e-12      -2.904921517077e-12       0.000000000000e+00       8.409133284519e-16       5.167132514862e-17       4.116428685948e-17 
 1635       4.937140800669e-11       2.933672787450e-12      -2.963088623628e-12       0.000000000000e+00       8.388520757975e-16       5.014248346228e-17       4.103501113051e-17 
 1636       4.933706736694e-11       2.924402393741e-12      -3.020638720265e-12       0.000000000000e+00       8.367970391208e-16       4.864375716787e-17       4.090223424924e-17 
 1637       4.930699651572e-11       2.914808776736e-12      -3.077551830790e-12       0.000000000000e+00       8.347481975442e-16       4.717493489644e-17       4.076599235413e-17 
 1638       4.928112619936e-11       2.904895995517e-12      -3.133807890899e-12       0.000000000000e+00       8.327055299457e-16       4.573580380691e-17       4.062632180376e-17 
 1639       4.925938676704e-11       2.894668133075e-12      -3.189386748056e-12       0.000000000000e+00       8.306690149577e-16       4.432614958353e-17       4.048325917720e-17 
 1640       4.924170817015e-11       2.884129296355e-12      -3.244268161365e-12       0.000000000000e+00       8.286386309667e-16       4.294575643346e-17       4.033684127441e-17 
 1641       4.922801996168e-11       2.873283616288e-12      -3.298431801437e-12       0.000000000000e+00       8.266143561132e-16       4.159440708425e-17       4.018710511656e-17 
 1642       4.921825129559e-11       2.862135247836e-12      -3.351857250266e-12       0.000000000000e+00       8.245961682908e-16       4.027188278137e-17       4.003408794639e-17 
 1643       4.921233092613e-11       2.850688370023e-12      -3.404524001093e-12       0.000000000000e+00       8.225840451459e-16       3.897796328574e-17       3.987782722856e-17 
 1644       4.921018720725e-11       2.838947185980e-12      -3.456411458281e-12       0.000000000000e+00       8.205779640773e-16       3.771242687124e-17       3.971836065005e-17 
 1645       4.921174809193e-11       2.826915922982e-12      -3.507498937187e-12       0.000000000000e+00       8.185779022356e-16       3.647505032224e-17       3.955572612047e-17 
 1646       4.921694113156e-11       2.814598832483e-12      -3.557765664027e-12       0.000000000000e+00       8.165838365230e-16       3.526560893112e-17       3.938996177242e-17 
 1647       4.922569347532e-11       2.802000190158e-12      -3.607190775754e-12       0.000000000000e+00       8.145957435923e-16       3.408387649577e-17       3.922110596188e-17 
 1648       4.923793186951e-11       2.789124295941e-12      -3.655753319922e-12       0.000000000000e+00       8.126135998472e-16       3.292962531716e-17       3.904919726855e-17 
 1649       4.925358265693e-11       2.775975474063e-12      -3.703432254560e-12       0.000000000000e+00       8.106373814411e-16       3.180262619679e-17       3.887427449620e-17 
 1650       4.927257177624e-11       2.762558073089e-12      -3.750206448043e-12       0.000000000000e+00       8.086670642770e-16       3.070264843428e-17       3.869637667302e-17 
 1651       4.929482476133e-11       2.748876465960e-12      -3.796054678962e-12       0.000000000000e+00       8.067026240073e-16       2.962945982484e-17       3.851554305201e-17 
 1652       4.932026674069e-11       2.734935050028e-12      -3.840955635993e-12       0.000000000000e+00       8.047440360326e-16       2.858282665683e-17       3.833181311130e-17 
 1653       4.934882243676e-11       2.720738247095e-12      -3.884887917772e-12       0.000000000000e+00       8.027912755019e-16       2.756251370925e-17       3.814522655453e-17 
 1654       4.938041616530e-11       2.706290503455e-12      -3.927830032761e-12       0.000000000000e+00       8.008443173120e-16       2.656828424927e-17       3.795582331121e-17 
 1655       4.941497183473e-11       2.691596289928e-12      -3.969760399121e-12       0.000000000000e+00       7.989031361066e-16       2.559990002976e-17       3.776364353706e-17 
 1656       4.945241294554e-11       2.676660101900e-12      -4.010657344581e-12       0.000000000000e+00       7.969677062766e-16       2.465712128681e-17       3.756872761437e-17 
 1657       4.949266258963e-11       2.661486459362e-12      -4.050499106314e-12       0.000000000000e+00       7.950380019588e-16       2.373970673723e-17       3.737111615237e-17 
 1658       4.953564298585e-11       2.646080160902e-12      -4.089267165046e-12       0.000000000000e+00       7.931139990069e-16       2.284741292909e-17       3.717084842714e-17 
 1659       4.958127408348e-11       2.630447048041e-12      -4.126956279857e-12       0.000000000000e+00       7.911956809220e-16       2.197999229198e-17       3.696795768564e-17 
 1660       4.962947494515e-11       2.614593247720e-12      -4.163564541673e-12       0.000000000000e+00       7.892830329733e-16       2.113719506459e-17       3.676247580094e-17 
 1661       4.968016420893e-11       2.598524919003e-12      -4.199090047078e-12       0.000000000000e+00       7.873760402314e-16       2.031876993767e-17       3.655443482920e-17 
 1662       4.973326008762e-11       2.582248253132e-12      -4.233530898324e-12       0.000000000000e+00       7.854746875683e-16       1.952446405151e-17       3.634386700998e-17 
 1663       4.978868036811e-11       2.565769473574e-12      -4.266885203351e-12       0.000000000000e+00       7.835789596571e-16       1.875402299341e-17       3.613080476648e-17 
 1664       4.984634241075e-11       2.549094836069e-12      -4.299151075802e-12       0.000000000000e+00       7.816888409710e-16       1.800719079523e-17       3.591528070588e-17 
 1665       4.990616314867e-11       2.532230628684e-12      -4.330326635040e-12       0.000000000000e+00       7.798043157835e-16       1.728370993082e-17       3.569732761960e-17 
 1666       4.996805908711e-11       2.515183171859e-12      -4.360410006161e-12       0.000000000000e+00       7.779253681680e-16       1.658332131356e-17       3.547697848360e-17 
 1667       5.003194630280e-11       2.497958818458e-12      -4.389399320015e-12       0.000000000000e+00       7.760519819970e-16       1.590576429381e-17       3.525426645865e-17 
 1668       5.009774044325e-11       2.480563953816e-12      -4.417292713220e-12       0.000000000000e+00       7.741841409422e-16       1.525077665645e-17       3.502922489064e-17 
 1669       5.016535672618e-11       2.463004995795e-12      -4.444088328174e-12       0.000000000000e+00       7.723218284737e-16       1.461809461834e-17       3.480188731088e-17 
 1670       5.023470993876e-11       2.445288394825e-12      -4.469784313080e-12       0.000000000000e+00       7.704650278601e-16       1.400745282581e-17       3.457228743636e-17 
 1671       5.030571443703e-11       2.427420633961e-12      -4.494378821953e-12       0.000000000000e+00       7.686137221675e-16       1.341858435217e-17       3.434045917004e-17 
 1672       5.037828414522e-11       2.409408228927e-12      -4.517870014642e-12       0.000000000000e+00       7.667678942599e-16       1.285122069521e-17       3.410643660116e-17 
 1673       5.045233255506e-11       2.391257728170e-12      -4.540256056844e-12       0.000000000000e+00       7.649275267981e-16       1.230509177466e-17       3.387025400552e-17 
 1674       5.052777272521e-11       2.372975712905e-12      -4.561535120121e-12       0.000000000000e+00       7.630926022398e-16       1.177992592970e-17       3.363194584578e-17 
 1675       5.060451728048e-11       2.354568797170e-12      -4.581705381916e-12       0.000000000000e+00       7.612631028387e-16       1.127544991647e-17       3.339154677171e-17 
 1676       5.068247841131e-11       2.336043627871e-12      -4.600765025566e-12       0.000000000000e+00       7.594390106450e-16       1.079138890554e-17       3.314909162053e-17 
 1677       5.076156787299e-11       2.317406884833e-12      -4.618712240325e-12       0.000000000000e+00       7.576203075041e-16       1.032746647939e-17       3.290461541716e-17 
 1678       5.084169698508e-11       2.298665280850e-12      -4.635545221373e-12       0.000000000000e+00       7.558069750568e-16       9.883404629943e-18       3.265815337454e-17 
 1679       5.092277663075e-11       2.279825561736e-12      -4.651262169836e-12       0.000000000000e+00       7.539989947385e-16       9.458923756034e-18       3.240974089390e-17 
 1680       5.100471725607e-11       2.260894506370e-12      -4.665861292803e-12       0.000000000000e+00       7.521963477793e-16       9.053742660897e-18       3.215941356503e-17 
 1681       5.108742886942e-11       2.241878926750e-12      -4.679340803337e-12       0.000000000000e+00       7.503990152033e-16       8.667578549667e-18       3.190720716662e-17 
 1682       5.117082104079e-11       2.222785668041e-12      -4.691698920499e-12       0.000000000000e+00       7.486069778284e-16       8.300147026872e-18       3.165315766652e-17 
 1683       5.125480290113e-11       2.203621608625e-12      -4.702933869356e-12       0.000000000000e+00       7.468202162655e-16       7.951162093923e-18       3.139730122201e-17 
 1684       5.133928314172e-11       2.184393660150e-12      -4.713043881003e-12       0.000000000000e+00       7.450387109189e-16       7.620336146606e-18       3.113967418012e-17 
 1685       5.142417001346e-11       2.165108767577e-12      -4.722027192577e-12       0.000000000000e+00       7.432624419851e-16       7.307379972581e-18       3.088031307791e-17 
 1686       5.150937132628e-11       2.145773909236e-12      -4.729882047271e-12       0.000000000000e+00       7.414913894529e-16       7.012002748864e-18       3.061925464275e-17 
 1687       5.159479444843e-11       2.126396096870e-12      -4.736606694356e-12       0.000000000000e+00       7.397255331030e-16       6.733912039330e-18       3.035653579264e-17 
 1688       5.168034630586e-11       2.106982375687e-12      -4.742199389191e-12       0.000000000000e+00       7.379648525074e-16       6.472813792198e-18       3.009219363644e-17 
 1689       5.176593338154e-11       2.087539824407e-12      -4.746658393241e-12       0.000000000000e+00       7.362093270294e-16       6.228412337527e-18       2.982626547421e-17 
 1690       5.185146171479e-11       2.068075555317e-12      -4.749981974097e-12       0.000000000000e+00       7.344589358227e-16       6.000410384710e-18       2.955878879750e-17 
 1691       5.193683690069e-11       2.048596714313e-12      -4.752168405486e-12       0.000000000000e+00       7.327136578313e-16       5.788509019960e-18       2.928980128959e-17 
 1692       5.202196408933e-11       2.029110480957e-12      -4.753215967290e-12       0.000000000000e+00       7.309734717895e-16       5.592407703813e-18       2.901934082585e-17 
 1693       5.210674798524e-11       2.009624068521e-12      -4.753122945565e-12       0.000000000000e+00       7.292383562206e-16       5.411804268610e-18       2.874744547394e-17 
 1694       5.219109284667e-11       1.990144724041e-12      -4.751887632551e-12       0.000000000000e+00       7.275082894376e-16       5.246394915997e-18       2.847415349421e-17 
 1695       5.227490248497e-11       1.970679728360e-12      -4.749508326694e-12       0.000000000000e+00       7.257832495419e-16       5.095874214413e-18       2.819950333988e-17 
 1696       5.235808026391e-11       1.951236396187e-12      -4.745983332658e-12       0.000000000000e+00       7.240632144234e-16       4.959935096585e-18       2.792353365740e-17 
 1697       5.244053664251e-11       1.931821676922e-12      -4.741313412942e-12       0.000000000000e+00       7.223481634075e-16       4.838263932173e-18       2.764628206985e-17 
 1698       5.252221187584e-11       1.912440953306e-12      -4.735509165803e-12       0.000000000000e+00       7.206380822110e-16       4.730525704281e-18       2.736778151517e-17 
 1699       5.260305350860e-11       1.893099232514e-12      -4.728583710975e-12       0.000000000000e+00       7.189329580280e-16       4.636378700147e-18       2.708806387691e-17 
 1700       5.268300884911e-11       1.873801544464e-12      -4.720550243965e-12       0.000000000000e+00       7.172327778864e-16       4.555479421680e-18       2.680716119854e-17 
 1701       5.276202496898e-11       1.854552941854e-12      -4.711422036166e-12       0.000000000000e+00       7.155375286473e-16       4.487482582743e-18       2.652510568361e-17 
 1702       5.284004870273e-11       1.835358500188e-12      -4.701212434983e-12       0.000000000000e+00       7.138471970044e-16       4.432041106448e-18       2.624192969602e-17 
 1703       5.291702664748e-11       1.816223317816e-12      -4.689934863942e-12       0.000000000000e+00       7.121617694847e-16       4.388806122438e-18       2.595766576028e-17 
 1704       5.299290516257e-11       1.797152515962e-12      -4.677602822817e-12       0.000000000000e+00       7.104812324470e-16       4.357426964176e-18       2.567234656170e-17 
 1705       5.306763036928e-11       1.778151238759e-12      -4.664229887741e-12       0.000000000000e+00       7.088055720825e-16       4.337551166232e-18       2.538600494668e-17 
 1706       5.314114815042e-11       1.759224653281e-12      -4.649829711332e-12       0.000000000000e+00       7.071347744139e-16       4.328824461572e-18       2.509867392291e-17 
 1707       5.321340415004e-11       1.740377949578e-12      -4.634416022802e-12       0.000000000000e+00       7.054688252955e-16       4.330890778843e-18       2.481038665963e-17 
 1708       5.328434377305e-11       1.721616340704e-12      -4.618002628082e-12       0.000000000000e+00       7.038077104126e-16       4.343392239664e-18       2.452117648787e-17 
 1709       5.335391218489e-11       1.702945062758e-12      -4.600603409939e-12       0.000000000000e+00       7.021514152813e-16       4.365969155909e-18       2.423107690065e-17 
 1710       5.342205431120e-11       1.684369374909e-12      -4.582232328093e-12       0.000000000000e+00       7.004999252483e-16       4.398260026999e-18       2.394012155328e-17 
 1711       5.348871483748e-11       1.665894559433e-12      -4.562903419335e-12       0.000000000000e+00       6.988532254905e-16       4.439901537186e-18       2.364834426355e-17 
 1712       5.355383820871e-11       1.647525921745e-12      -4.542630797647e-12       0.000000000000e+00       6.972113010145e-16       4.490528552843e-18       2.335577901198e-17 
 1713       5.361736862906e-11       1.629268790432e-12      -4.521428654318e-12       0.000000000000e+00       6.955741366567e-16       4.549774119747e-18       2.306245994208e-17 
 1714       5.367925006149e-11       1.611128517287e-12      -4.499311258064e-12       0.000000000000e+00       6.939417170825e-16       4.617269460374e-18       2.276842136056e-17 
 1715       5.373942622748e-11       1.593110477339e-12      -4.476292955147e-12       0.000000000000e+00       6.923140267866e-16       4.692643971180e-18       2.247369773758e-17 
 1716       5.379784060662e-11       1.575220068891e-12      -4.452388169490e-12       0.000000000000e+00       6.906910500920e-16       4.775525219891e-18       2.217832370699e-17 
 1717       5.385443643630e-11       1.557462713546e-12      -4.427611402798e-12       0.000000000000e+00       6.890727711502e-16       4.865538942789e-18       2.188233406657e-17 
 1718       5.390915671135e-11       1.539843856247e-12      -4.401977234675e-12       0.000000000000e+00       6.874591739408e-16       4.962309042002e-18       2.158576377826e-17 
 1719       5.396194418374e-11       1.522368965303e-12      -4.375500322744e-12       0.000000000000e+00       6.858502422710e-16       5.065457582790e-18       2.128864796840e-17 
 1720       5.401274136218e-11       1.505043532430e-12      -4.348195402762e-12       0.000000000000e+00       6.842459597753e-16       5.174604790832e-18       2.099102192799e-17 
 1721       5.406149051182e-11       1.487873072777e-12      -4.320077288741e-12       0.000000000000e+00       6.826463099156e-16       5.289369049514e-18       2.069292111289e-17 
 1722       5.410813365389e-11       1.470863124962e-12      -4.291160873065e-12       0.000000000000e+00       6.810512759803e-16       5.409366897217e-18       2.039438114409e-17 
 1723       5.415261256535e-11       1.454019251103e-12      -4.261461126610e-12       0.000000000000e+00       6.794608410845e-16       5.534213024603e-18       2.009543780793e-17 
 1724       5.419486877858e-11       1.437347036854e-12      -4.230993098859e-12       0.000000000000e+00       6.778749881694e-16       5.663520271905e-18       1.979612705635e-17 
 1725       5.423484358100e-11       1.420852091436e-12      -4.199771918023e-12       0.000000000000e+00       6.762937000018e-16       5.796899626211e-18       1.949648500712e-17 
 1726       5.427247801474e-11       1.404540047671e-12      -4.167812791158e-12       0.000000000000e+00       6.747169591746e-16       5.933960218754e-18       1.919654794410e-17 
 1727       5.430771287632e-11       1.388416562012e-12      -4.135131004285e-12       0.000000000000e+00       6.731447481054e-16       6.074309322200e-18       1.889635231743e-17 
 1728       5.434048871626e-11       1.372487314580e-12      -4.101741922503e-12       0.000000000000e+00       6.715770490371e-16       6.217552347932e-18       1.859593474381e-17 
 1729       5.437074583881e-11       1.356758009194e-12      -4.067660990115e-12       0.000000000000e+00       6.700138440371e-16       6.363292843342e-18       1.829533200675e-17 
 1730       5.439842430152e-11       1.341234373405e-12      -4.032903730741e-12       0.000000000000e+00       6.684551149970e-16       6.511132489114e-18       1.799458105676e-17 
 1731       5.442346391497e-11       1.325922158529e-12      -3.997485747437e-12       0.000000000000e+00       6.669008436326e-16       6.660671096517e-18       1.769371901162e-17 
 1732       5.444580424239e-11       1.310827139681e-12      -3.961422722815e-12       0.000000000000e+00       6.653510114833e-16       6.811506604685e-18       1.739278315662e-17 
 1733       5.446538459932e-11       1.295955115804e-12      -3.924730419157e-12       0.000000000000e+00       6.638055999119e-16       6.963235077912e-18       1.709181094478e-17 
 1734       5.448214405329e-11       1.281311909707e-12      -3.887424678540e-12       0.000000000000e+00       6.622645901043e-16       7.115450702935e-18       1.679083999710e-17 
 1735       5.449602142346e-11       1.266903368096e-12      -3.849521422947e-12       0.000000000000e+00       6.607279630691e-16       7.267745786221e-18       1.648990810282e-17 
 1736       5.450696537384e-11       1.252734597911e-12      -3.811037042604e-12       0.000000000000e+00       6.591957010268e-16       7.419813167598e-18       1.618905052243e-17 
 1737       5.451496478668e-11       1.238807668248e-12      -3.771989564299e-12       0.000000000000e+00       6.576677915895e-16       7.571754410488e-18       1.588829187148e-17 
 1738       5.452001864441e-11       1.225123889132e-12      -3.732397493146e-12       0.000000000000e+00       6.561442236157e-16       7.723774203888e-18       1.558765416888e-17 
 1739       5.452212595938e-11       1.211684573460e-12      -3.692279425395e-12       0.000000000000e+00       6.546249858240e-16       7.876078183169e-18       1.528715952798e-17 
 1740       5.452128577389e-11       1.198491037001e-12      -3.651654048567e-12       0.000000000000e+00       6.531100667928e-16       8.028872931441e-18       1.498683015670e-17 
 1741       5.451749716030e-11       1.185544598400e-12      -3.610540141589e-12       0.000000000000e+00       6.515994549597e-16       8.182365980918e-18       1.468668835766e-17 
 1742       5.451075922102e-11       1.172846579177e-12      -3.568956574929e-12       0.000000000000e+00       6.500931386220e-16       8.336765814275e-18       1.438675652833e-17 
 1743       5.450107108865e-11       1.160398303735e-12      -3.526922310725e-12       0.000000000000e+00       6.485911059358e-16       8.492281866020e-18       1.408705716115e-17 
 1744       5.448843192596e-11       1.148201099356e-12      -3.484456402922e-12       0.000000000000e+00       6.470933449158e-16       8.649124523848e-18       1.378761284365e-17 
 1745       5.447284092600e-11       1.136256296211e-12      -3.441577997407e-12       0.000000000000e+00       6.455998434355e-16       8.807505130013e-18       1.348844625859e-17 
 1746       5.445429731217e-11       1.124565227357e-12      -3.398306332138e-12       0.000000000000e+00       6.441105892265e-16       8.967635982682e-18       1.318958018410e-17 
 1747       5.443280033821e-11       1.113129228740e-12      -3.354660737282e-12       0.000000000000e+00       6.426255698784e-16       9.129730337306e-18       1.289103749380e-17 
 1748       5.440834928834e-11       1.101949639200e-12      -3.310660635348e-12       0.000000000000e+00       6.411447728385e-16       9.294002407979e-18       1.259284115694e-17 
 1749       5.438094347728e-11       1.091027800473e-12      -3.266325541318e-12       0.000000000000e+00       6.396681854117e-16       9.460667368803e-18       1.229501423851e-17 
 1750       5.435058225029e-11       1.080365057191e-12      -3.221675062785e-12       0.000000000000e+00       6.381957947600e-16       9.629941355249e-18       1.199757989939e-17 
 1751       5.431726498328e-11       1.069962756888e-12      -3.176728900081e-12       0.000000000000e+00       6.367275879024e-16       9.802041465522e-18       1.170056139650e-17 
 1752       5.428099108282e-11       1.059822250001e-12      -3.131506846416e-12       0.000000000000e+00       6.352635517148e-16       9.977185761924e-18       1.140398208287e-17 
 1753       5.424175998625e-11       1.049944889870e-12      -3.086028788010e-12       0.000000000000e+00       6.338036729293e-16       1.015559327222e-17       1.110786540784e-17 
 1754       5.419957116168e-11       1.040332032746e-12      -3.040314704225e-12       0.000000000000e+00       6.323479381345e-16       1.033748399099e-17       1.081223491715e-17 
 1755       5.415442410810e-11       1.030985037789e-12      -2.994384667701e-12       0.000000000000e+00       6.308963337747e-16       1.052307888100e-17       1.051711425307e-17 
 1756       5.410631835541e-11       1.021905267073e-12      -2.948258844489e-12       0.000000000000e+00       6.294488461501e-16       1.071259987458e-17       1.022252715457e-17 
 1757       5.405525346449e-11       1.013094085586e-12      -2.901957494182e-12       0.000000000000e+00       6.280054614162e-16       1.090626987496e-17       9.928497457404e-18 
 1758       5.400122902726e-11       1.004552861237e-12      -2.855500970053e-12       0.000000000000e+00       6.265661655839e-16       1.110431275764e-17       9.635049094254e-18 
 1759       5.394424466675e-11       9.962829648519e-13      -2.808909719188e-12       0.000000000000e+00       6.251309445189e-16       1.130695337178e-17       9.342206094884e-18 
 1760       5.388430003712e-11       9.882857701834e-13      -2.762204282616e-12       0.000000000000e+00       6.236997839416e-16       1.151441754152e-17       9.049992586246e-18 
 1761       5.382139482377e-11       9.805626539082e-13      -2.715405295446e-12       0.000000000000e+00       6.222726694268e-16       1.172693206737e-17       8.758432792623e-18 
 1762       5.375552874336e-11       9.731149956318e-13      -2.668533486999e-12       0.000000000000e+00       6.208495864037e-16       1.194472472759e-17       8.467551035755e-18 
 1763       5.368670154390e-11       9.659441778904e-13      -2.621609680945e-12       0.000000000000e+00       6.194305201552e-16       1.216802427949e-17       8.177371734973e-18 
 1764       5.361491300477e-11       9.590515861539e-13      -2.574654795432e-12       0.000000000000e+00       6.180154558181e-16       1.239706046087e-17       7.887919407329e-18 
 1765       5.354016293684e-11       9.524386088280e-13      -2.527689843222e-12       0.000000000000e+00       6.166043783823e-16       1.263206399133e-17       7.599218667725e-18 
 1766       5.346245118246e-11       9.461066372571e-13      -2.480735931825e-12       0.000000000000e+00       6.151972726912e-16       1.287326657366e-17       7.311294229049e-18 
 1767       5.338177761557e-11       9.400570657264e-13      -2.433814263632e-12       0.000000000000e+00       6.137941234409e-16       1.312090089520e-17       7.024170902300e-18 
 1768       5.329814214173e-11       9.342912914650e-13      -2.386946136051e-12       0.000000000000e+00       6.123949151804e-16       1.337520062917e-17       6.737873596726e-18 
 1769       5.321154469821e-11       9.288107146480e-13      -2.340152941634e-12       0.000000000000e+00       6.109996323108e-16       1.363640043608e-17       6.452427319948e-18 
 1770       5.312198525400e-11       9.236167383992e-13      -2.293456168220e-12       0.000000000000e+00       6.096082590856e-16       1.390473596509e-17       6.167857178096e-18 
 1771       5.302946380994e-11       9.187107687936e-13      -2.246877399062e-12       0.000000000000e+00       6.082207796101e-16       1.418044385532e-17       5.884188375937e-18 
 1772       5.293398039870e-11       9.140942148601e-13      -2.200438312963e-12       0.000000000000e+00       6.068371778412e-16       1.446376173727e-17       5.601446217008e-18 
 1773       5.283553508491e-11       9.097684885840e-13      -2.154160684408e-12       0.000000000000e+00       6.054574375874e-16       1.475492823416e-17       5.319656103748e-18 
 1774       5.273412796516e-11       9.057350049092e-13      -2.108066383701e-12       0.000000000000e+00       6.040815425081e-16       1.505418296331e-17       5.038843537626e-18 
 1775       5.262976595402e-11       9.019945232596e-13      -2.062175835607e-12       0.000000000000e+00       6.027094773160e-16       1.536170286623e-17       4.759032377331e-18 
 1776       5.252248320300e-11       8.985451661614e-13      -2.016503381119e-12       0.000000000000e+00       6.013412313944e-16       1.567741062240e-17       4.480239597378e-18 
 1777       5.241232085002e-11       8.953843842913e-13      -1.971061877725e-12       0.000000000000e+00       5.999767952089e-16       1.600116465883e-17       4.202480486554e-18 
 1778       5.229932024910e-11       8.925096134533e-13      -1.925864237494e-12       0.000000000000e+00       5.986161591080e-16       1.633282267685e-17       3.925770386005e-18 
 1779       5.218352297065e-11       8.899182745560e-13      -1.880923427154e-12       0.000000000000e+00       5.972593133226e-16       1.667224165107e-17       3.650124689294e-18 
 1780       5.206497080184e-11       8.876077735900e-13      -1.836252468170e-12       0.000000000000e+00       5.959062479659e-16       1.701927782831e-17       3.375558842475e-18 
 1781       5.194370574685e-11       8.855755016055e-13      -1.791864436814e-12       0.000000000000e+00       5.945569530331e-16       1.737378672653e-17       3.102088344151e-18 
 1782       5.181977002726e-11       8.838188346896e-13      -1.747772464243e-12       0.000000000000e+00       5.932114184015e-16       1.773562313379e-17       2.829728745541e-18 
 1783       5.169320608231e-11       8.823351339442e-13      -1.703989736574e-12       0.000000000000e+00       5.918696338297e-16       1.810464110718e-17       2.558495650545e-18 
 1784       5.156405656924e-11       8.811217454629e-13      -1.660529494958e-12       0.000000000000e+00       5.905315889582e-16       1.848069397175e-17       2.288404715808e-18 
 1785       5.143236436361e-11       8.801760003090e-13      -1.617405035655e-12       0.000000000000e+00       5.891972733084e-16       1.886363431946e-17       2.019471650787e-18 
 1786       5.129817255963e-11       8.794952144924e-13      -1.574629710110e-12       0.000000000000e+00       5.878666762828e-16       1.925331400814e-17       1.751712217811e-18 
 1787       5.116152447043e-11       8.790766889477e-13      -1.532216925027e-12       0.000000000000e+00       5.865397871649e-16       1.964958416037e-17       1.485142232150e-18 
 1788       5.102246362844e-11       8.789177095114e-13      -1.490180142444e-12       0.000000000000e+00       5.852165951186e-16       2.005229516247e-17       1.219777562080e-18 
 1789       5.088103378567e-11       8.790155468991e-13      -1.448532879809e-12       0.000000000000e+00       5.838970891883e-16       2.046129666345e-17       9.556341289437e-19 
 1790       5.073727891402e-11       8.793674566837e-13      -1.407288710054e-12       0.000000000000e+00       5.825812582987e-16       2.087643757388e-17       6.927279072191e-19 
 1791       5.059124320563e-11       8.799706792719e-13      -1.366461261672e-12       0.000000000000e+00       5.812690912544e-16       2.129756606492e-17       4.310749245824e-19 
 1792       5.044297107317e-11       8.808224398825e-13      -1.326064218788e-12       0.000000000000e+00       5.799605767398e-16       2.172452956718e-17       1.706912619734e-19 
 1793       5.029250715018e-11       8.819199485236e-13      -1.286111321239e-12       0.000000000000e+00       5.786557033189e-16       2.215717476971e-17      -8.840694633988e-20 
 1794       5.013989629137e-11       8.832603999699e-13      -1.246616364644e-12       0.000000000000e+00       5.773544594350e-16       2.259534761892e-17      -3.462035126966e-19 
 1795       4.998518357293e-11       8.848409737405e-13      -1.207593200482e-12       0.000000000000e+00       5.760568334108e-16       2.303889331752e-17      -6.026821959783e-19 
 1796       4.982841429289e-11       8.866588340760e-13      -1.169055736169e-12       0.000000000000e+00       5.747628134476e-16       2.348765632347e-17      -8.578267015439e-19 
 1797       4.966963397138e-11       8.887111299163e-13      -1.131017935127e-12       0.000000000000e+00       5.734723876257e-16       2.394148034890e-17      -1.111620681165e-18 
 1798       4.950888835100e-11       8.909949948781e-13      -1.093493816864e-12       0.000000000000e+00       5.721855439040e-16       2.440020835906e-17      -1.364047732962e-18 
 1799       4.934622339709e-11       8.935075472319e-13      -1.056497457049e-12       0.000000000000e+00       5.709022701194e-16       2.486368257128e-17      -1.615091401338e-18 
 1800       4.918168529810e-11       8.962458898802e-13      -1.020042987583e-12       0.000000000000e+00       5.696225539873e-16       2.533174445387e-17      -1.864735176915e-18 
 1801       4.901532046586e-11       8.992071103343e-13      -9.841445966781e-13       0.000000000000e+00       5.683463831008e-16       2.580423472507e-17      -2.112962496468e-18 
 1802       4.884717553593e-11       9.023882806921e-13      -9.488165289300e-13       0.000000000000e+00       5.670737449308e-16       2.628099335203e-17      -2.359756742862e-18 
 1803       4.867729736788e-11       9.057864576157e-13      -9.140730853946e-13       0.000000000000e+00       5.658046268257e-16       2.676185954969e-17      -2.605101244986e-18 
 1804       4.850573304566e-11       9.093986823086e-13      -8.799286236621e-13       0.000000000000e+00       5.645390160111e-16       2.724667177976e-17      -2.848979277689e-18 
 1805       4.833252987789e-11       9.132219804934e-13      -8.463975579325e-13       0.000000000000e+00       5.632768995897e-16       2.773526774965e-17      -3.091374061714e-18 
 1806       4.815773539815e-11       9.172533623890e-13      -8.134943590901e-13       0.000000000000e+00       5.620182645412e-16       2.822748441139e-17      -3.332268763634e-18 
 1807       4.798139736536e-11       9.214898226885e-13      -7.812335547789e-13       0.000000000000e+00       5.607630977219e-16       2.872315796060e-17      -3.571646495789e-18 
 1808       4.780356376404e-11       9.259283405361e-13      -7.496297294775e-13       0.000000000000e+00       5.595113858646e-16       2.922212383541e-17      -3.809490316217e-18 
 1809       4.762428280466e-11       9.305658795053e-13      -7.186975245739e-13       0.000000000000e+00       5.582631155782e-16       2.972421671541e-17      -4.045783228594e-18 
 1810       4.744360292394e-11       9.353993875756e-13      -6.884516384411e-13       0.000000000000e+00       5.570182733479e-16       3.022927052057e-17      -4.280508182167e-18 
 1811       4.726157278519e-11       9.404257971107e-13      -6.589068265114e-13       0.000000000000e+00       5.557768455344e-16       3.073711841021e-17      -4.513648071686e-18 
 1812       4.707824127860e-11       9.456420248353e-13      -6.300779013519e-13       0.000000000000e+00       5.545388183744e-16       3.124759278191e-17      -4.745185737347e-18 
 1813       4.689365752159e-11       9.510449718132e-13      -6.019797327392e-13       0.000000000000e+00       5.533041779797e-16       3.176052527047e-17      -4.975103964721e-18 
 1814       4.670787128410e-11       9.566313066058e-13      -5.746249295268e-13       0.000000000000e+00       5.520729112893e-16       3.227577815818e-17      -5.203386538720e-18 
 1815       4.652093426772e-11       9.623968128817e-13      -5.480168646494e-13       0.000000000000e+00       5.508450089317e-16       3.279333888487e-17      -5.430021414915e-18 
 1816       4.633289883753e-11       9.683370364996e-13      -5.221565940004e-13       0.000000000000e+00       5.496204623854e-16       3.331322629814e-17      -5.654997573673e-18 
 1817       4.614381759836e-11       9.744475018184e-13      -4.970451695229e-13       0.000000000000e+00       5.483992630283e-16       3.383545931137e-17      -5.878303968425e-18 
 1818       4.595374339512e-11       9.807237116673e-13      -4.726836392002e-13       0.000000000000e+00       5.471814021384e-16       3.436005690373e-17      -6.099929525635e-18 
 1819       4.576272931315e-11       9.871611473150e-13      -4.490730470462e-13       0.000000000000e+00       5.459668708927e-16       3.488703812035e-17      -6.319863144777e-18 
 1820       4.557082867851e-11       9.937552684394e-13      -4.262144330958e-13       0.000000000000e+00       5.447556603678e-16       3.541642207231e-17      -6.538093698309e-18 
 1821       4.537809505838e-11       1.000501513097e-12      -4.041088333958e-13       0.000000000000e+00       5.435477615394e-16       3.594822793679e-17      -6.754610031646e-18 
 1822       4.518458226132e-11       1.007395297693e-12      -3.827572799951e-13       0.000000000000e+00       5.423431652821e-16       3.648247495715e-17      -6.969400963132e-18 
 1823       4.499034433767e-11       1.014432016950e-12      -3.621608009354e-13       0.000000000000e+00       5.411418623692e-16       3.701918244297e-17      -7.182455284017e-18 
 1824       4.479543557983e-11       1.021607043878e-12      -3.423204202414e-13       0.000000000000e+00       5.399438434727e-16       3.755836977019e-17      -7.393761758426e-18 
 1825       4.459991052263e-11       1.028915729746e-12      -3.232371579118e-13       0.000000000000e+00       5.387490991630e-16       3.810005638115e-17      -7.603309123339e-18 
 1826       4.440382394364e-11       1.036353404046e-12      -3.049120299095e-13       0.000000000000e+00       5.375576199089e-16       3.864426178470e-17      -7.811086088557e-18 
 1827       4.420723086352e-11       1.043915374469e-12      -2.873460481519e-13       0.000000000000e+00       5.363693960770e-16       3.919100555629e-17      -8.017081336684e-18 
 1828       4.401018654632e-11       1.051596926871e-12      -2.705402205022e-13       0.000000000000e+00       5.351844179321e-16       3.974030733802e-17      -8.221283523094e-18 
 1829       4.381274649987e-11       1.059393325243e-12      -2.544955507590e-13       0.000000000000e+00       5.340026756365e-16       4.029218683874e-17      -8.423681275906e-18 
 1830       4.361496647607e-11       1.067299811681e-12      -2.392130386473e-13       0.000000000000e+00       5.328241592503e-16       4.084666383418e-17      -8.624263195962e-18 
 1831       4.341690247123e-11       1.075311606357e-12      -2.246936798091e-13       0.000000000000e+00       5.316488587308e-16       4.140375816695e-17      -8.823017856796e-18 
 1832       4.321861072641e-11       1.083423907485e-12      -2.109384657937e-13       0.000000000000e+00       5.304767639325e-16       4.196348974668e-17      -9.019933804607e-18 
 1833       4.302014772774e-11       1.091631891293e-12      -1.979483840481e-13       0.000000000000e+00       5.293078646072e-16       4.252587855012e-17      -9.214999558238e-18 
 1834       4.282157020678e-11       1.099930711993e-12      -1.857244179079e-13       0.000000000000e+00       5.281421504033e-16       4.309094462115e-17      -9.408203609145e-18 
 1835       4.262293514083e-11       1.108315501750e-12      -1.742675465876e-13       0.000000000000e+00       5.269796108660e-16       4.365870807096e-17      -9.599534421371e-18 
 1836       4.242429975327e-11       1.116781370650e-12      -1.635787451710e-13       0.000000000000e+00       5.258202354371e-16       4.422918907804e-17      -9.788980431523e-18 
 1837       4.222572151390e-11       1.125323406672e-12      -1.536589846018e-13       0.000000000000e+00       5.246640134546e-16       4.480240788835e-17      -9.976530048742e-18 
 1838       4.202725813925e-11       1.133936675656e-12      -1.445092316744e-13       0.000000000000e+00       5.235109341528e-16       4.537838481534e-17      -1.016217165468e-17 
 1839       4.182896759295e-11       1.142616221274e-12      -1.361304490241e-13       0.000000000000e+00       5.223609866620e-16       4.595714024006e-17      -1.034589360347e-17 
 1840       4.163090808602e-11       1.151357064997e-12      -1.285235951174e-13       0.000000000000e+00       5.212141600083e-16       4.653869461125e-17      -1.052768422169e-17 
 1841       4.143313807725e-11       1.160154206068e-12      -1.216896242432e-13       0.000000000000e+00       5.200704431133e-16       4.712306844542e-17      -1.070753180838e-17 
 1842       4.123571627348e-11       1.169002621470e-12      -1.156294865027e-13       0.000000000000e+00       5.189298247944e-16       4.771028232691e-17      -1.088542463495e-17 
 1843       4.103870163000e-11       1.177897265892e-12      -1.103441278001e-13       0.000000000000e+00       5.177922937641e-16       4.830035690802e-17      -1.106135094520e-17 
 1844       4.084215335080e-11       1.186833071707e-12      -1.058344898334e-13       0.000000000000e+00       5.166578386302e-16       4.889331290907e-17      -1.123529895530e-17 
 1845       4.064613088899e-11       1.195804948932e-12      -1.021015100845e-13       0.000000000000e+00       5.155264478951e-16       4.948917111846e-17      -1.140725685370e-17 
 1846       4.045069394707e-11       1.204807785204e-12      -9.914612180989e-14       0.000000000000e+00       5.143981099565e-16       5.008795239279e-17      -1.157721280119e-17 
 1847       4.025590247729e-11       1.213836445750e-12      -9.696925403114e-14       0.000000000000e+00       5.132728131063e-16       5.068967765696e-17      -1.174515493082e-17 
 1848       4.006181668197e-11       1.222885773350e-12      -9.557183152552e-14       0.000000000000e+00       5.121505455311e-16       5.129436790418e-17      -1.191107134787e-17 
 1849       3.986849701386e-11       1.231950588313e-12      -9.495477481641e-14       0.000000000000e+00       5.110312953117e-16       5.190204419614e-17      -1.207495012987e-17 
 1850       3.967600417643e-11       1.241025688445e-12      -9.511900016383e-14       0.000000000000e+00       5.099150504229e-16       5.251272766303e-17      -1.223677932651e-17 
 1851       3.948439912424e-11       1.250105849016e-12      -9.606541955498e-14       0.000000000000e+00       5.088017987336e-16       5.312643950366e-17      -1.239654695967e-17 
 1852       3.929374306326e-11       1.259185822734e-12      -9.779494069475e-14       0.000000000000e+00       5.076915280063e-16       5.374320098554e-17      -1.255424102337e-17 
 1853       3.910409251244e-11       1.268260612596e-12      -1.003067524074e-13       0.000000000000e+00       5.065842267536e-16       5.436299543309e-17      -1.270984990665e-17 
 1854       3.891548444508e-11       1.277326292873e-12      -1.035931660560e-13       0.000000000000e+00       5.054798868148e-16       5.498565386394e-17      -1.286336366608e-17 
 1855       3.872795103077e-11       1.286379194548e-12      -1.076447333636e-13       0.000000000000e+00       5.043785007994e-16       5.561096844959e-17      -1.301477276323e-17 
 1856       3.854152456367e-11       1.295415633002e-12      -1.124519572344e-13       0.000000000000e+00       5.032800612321e-16       5.623873044407e-17      -1.316406764272e-17 
 1857       3.835623746269e-11       1.304431907990e-12      -1.180052916849e-13       0.000000000000e+00       5.021845605526e-16       5.686873018268e-17      -1.331123873214e-17 
 1858       3.817212227158e-11       1.313424303622e-12      -1.242951417739e-13       0.000000000000e+00       5.010919911157e-16       5.750075708075e-17      -1.345627644209e-17 
 1859       3.798921165920e-11       1.322389088341e-12      -1.313118635333e-13       0.000000000000e+00       5.000023451912e-16       5.813459963238e-17      -1.359917116614e-17 
 1860       3.780753841957e-11       1.331322514903e-12      -1.390457638992e-13       0.000000000000e+00       4.989156149635e-16       5.877004540923e-17      -1.373991328080e-17 
 1861       3.762713547210e-11       1.340220820353e-12      -1.474871006416e-13       0.000000000000e+00       4.978317925315e-16       5.940688105926e-17      -1.387849314559e-17 
 1862       3.744803586175e-11       1.349080226010e-12      -1.566260822960e-13       0.000000000000e+00       4.967508699086e-16       6.004489230546e-17      -1.401490110291e-17 
 1863       3.727027275915e-11       1.357896937440e-12      -1.664528680934e-13       0.000000000000e+00       4.956728390224e-16       6.068386394467e-17      -1.414912747814e-17 
 1864       3.709387946079e-11       1.366667144441e-12      -1.769575678911e-13       0.000000000000e+00       4.945976917148e-16       6.132357984626e-17      -1.428116257954e-17 
 1865       3.691888938916e-11       1.375387021016e-12      -1.881302421034e-13       0.000000000000e+00       4.935254197416e-16       6.196382295096e-17      -1.441099669831e-17 
 1866       3.674533609296e-11       1.384052725357e-12      -1.999609016321e-13       0.000000000000e+00       4.924560147724e-16       6.260437526954e-17      -1.453862010852e-17 
 1867       3.657325324718e-11       1.392660399820e-12      -2.124395077973e-13       0.000000000000e+00       4.913894683907e-16       6.324501788164e-17      -1.466402306715e-17 
 1868       3.640267465334e-11       1.401206170908e-12      -2.255559722677e-13       0.000000000000e+00       4.903257720932e-16       6.388553093450e-17      -1.478719581403e-17 
 1869       3.623363423961e-11       1.409686149249e-12      -2.393001569916e-13       0.000000000000e+00       4.892649172904e-16       6.452569364167e-17      -1.490812857186e-17 
 1870       3.606616606097e-11       1.418096429573e-12      -2.536618741275e-13       0.000000000000e+00       4.882068953060e-16       6.516528428185e-17      -1.502681154619e-17 
 1871       3.590030429937e-11       1.426433090693e-12      -2.686308859743e-13       0.000000000000e+00       4.871516973766e-16       6.580408019758e-17      -1.514323492541e-17 
 1872       3.573608326391e-11       1.434692195484e-12      -2.841969049024e-13       0.000000000000e+00       4.860993146520e-16       6.644185779403e-17      -1.525738888073e-17 
 1873       3.557353739100e-11       1.442869790861e-12      -3.003495932842e-13       0.000000000000e+00       4.850497381949e-16       6.707839253774e-17      -1.536926356618e-17 
 1874       3.541270124448e-11       1.450961907761e-12      -3.170785634244e-13       0.000000000000e+00       4.840029589805e-16       6.771345895540e-17      -1.547884911859e-17 
 1875       3.525360951584e-11       1.458964561117e-12      -3.343733774913e-13       0.000000000000e+00       4.829589678967e-16       6.834683063256e-17      -1.558613565759e-17 
 1876       3.509629702433e-11       1.466873749843e-12      -3.522235474466e-13       0.000000000000e+00       4.819177557438e-16       6.897828021245e-17      -1.569111328558e-17 
 1877       3.494079871716e-11       1.474685456808e-12      -3.706185349768e-13       0.000000000000e+00       4.808793132344e-16       6.960757939468e-17      -1.579377208773e-17 
 1878       3.478714966962e-11       1.482395648819e-12      -3.895477514234e-13       0.000000000000e+00       4.798436309932e-16       7.023449893404e-17      -1.589410213197e-17 
 1879       3.463538508527e-11       1.490000276598e-12      -4.090005577134e-13       0.000000000000e+00       4.788106995568e-16       7.085880863920e-17      -1.599209346899e-17 
 1880       3.448554029611e-11       1.497495274760e-12      -4.289662642903e-13       0.000000000000e+00       4.777805093737e-16       7.148027737155e-17      -1.608773613218e-17 
 1881       3.433765076271e-11       1.504876561796e-12      -4.494341310445e-13       0.000000000000e+00       4.767530508042e-16       7.209867304388e-17      -1.618102013769e-17 
 1882       3.419175207438e-11       1.512140040049e-12      -4.703933672442e-13       0.000000000000e+00       4.757283141202e-16       7.271376261916e-17      -1.627193548435e-17 
 1883       3.404787994935e-11       1.519281595693e-12      -4.918331314654e-13       0.000000000000e+00       4.747062895046e-16       7.332531210933e-17      -1.636047215371e-17 
 1884       3.390607023491e-11       1.526297098714e-12      -5.137425315233e-13       0.000000000000e+00       4.736869670521e-16       7.393308657401e-17      -1.644662010999e-17 
 1885       3.376635890756e-11       1.533182402887e-12      -5.361106244024e-13       0.000000000000e+00       4.726703367683e-16       7.453685011928e-17      -1.653036930011e-17 
 1886       3.362878207322e-11       1.539933345758e-12      -5.589264161872e-13       0.000000000000e+00       4.716563885696e-16       7.513636589643e-17      -1.661170965363e-17 
 1887       3.349337596733e-11       1.546545748619e-12      -5.821788619932e-13       0.000000000000e+00       4.706451122836e-16       7.573139610072e-17      -1.669063108278e-17 
 1888       3.336017695506e-11       1.553015416492e-12      -6.058568658969e-13       0.000000000000e+00       4.696364976483e-16       7.632170197014e-17      -1.676712348243e-17 
 1889       3.322922153142e-11       1.559338138103e-12      -6.299492808670e-13       0.000000000000e+00       4.686305343124e-16       7.690704378415e-17      -1.684117673006e-17 
 1890       3.310054632148e-11       1.565509685865e-12      -6.544449086947e-13       0.000000000000e+00       4.676272118349e-16       7.748718086246e-17      -1.691278068579e-17 
 1891       3.297418808049e-11       1.571525815856e-12      -6.793324999244e-13       0.000000000000e+00       4.666265196853e-16       7.806187156378e-17      -1.698192519236e-17 
 1892       3.285017706672e-11       1.577382809065e-12      -7.046004709882e-13       0.000000000000e+00       4.656284479648e-16       7.863092232235e-17      -1.704860199848e-17 
 1893       3.272851710359e-11       1.583079099759e-12      -7.302360533558e-13       0.000000000000e+00       4.646329895775e-16       7.919433517488e-17      -1.711281054547e-17 
 1894       3.260920536363e-11       1.588613659669e-12      -7.562261376651e-13       0.000000000000e+00       4.636401380763e-16       7.975216137228e-17      -1.717455222538e-17 
 1895       3.249223898177e-11       1.593985457867e-12      -7.825575558416e-13       0.000000000000e+00       4.626498869417e-16       8.030445244588e-17      -1.723382846170e-17 
 1896       3.237761505526e-11       1.599193460759e-12      -8.092170810201e-13       0.000000000000e+00       4.616622295824e-16       8.085126020781e-17      -1.729064070944e-17 
 1897       3.226533064362e-11       1.604236632085e-12      -8.361914274655e-13       0.000000000000e+00       4.606771593349e-16       8.139263675141e-17      -1.734499045515e-17 
 1898       3.215538276856e-11       1.609113932915e-12      -8.634672504941e-13       0.000000000000e+00       4.596946694632e-16       8.192863445165e-17      -1.739687921701e-17 
 1899       3.204776841395e-11       1.613824321646e-12      -8.910311463948e-13       0.000000000000e+00       4.587147531590e-16       8.245930596548e-17      -1.744630854483e-17 
 1900       3.194248452571e-11       1.618366754000e-12      -9.188696523502e-13       0.000000000000e+00       4.577374035413e-16       8.298470423226e-17      -1.749328002014e-17 
 1901       3.183952801182e-11       1.622740183021e-12      -9.469692463575e-13       0.000000000000e+00       4.567626136566e-16       8.350488247417e-17      -1.753779525626e-17 
 1902       3.173889574219e-11       1.626943559073e-12      -9.753163471502e-13       0.000000000000e+00       4.557903764786e-16       8.401989419660e-17      -1.757985589829e-17 
 1903       3.164058454862e-11       1.630975829834e-12      -1.003897314119e-12       0.000000000000e+00       4.548206849079e-16       8.452979318853e-17      -1.761946362323e-17 
 1904       3.154459122477e-11       1.634835940300e-12      -1.032698447232e-12       0.000000000000e+00       4.538535317721e-16       8.503463352295e-17      -1.765662013999e-17 
 1905       3.145091252605e-11       1.638522832773e-12      -1.061705986957e-12       0.000000000000e+00       4.528889098259e-16       8.553446955725e-17      -1.769132718947e-17 
 1906       3.135954516959e-11       1.642035446867e-12      -1.090906114184e-12       0.000000000000e+00       4.519268117505e-16       8.602935593365e-17      -1.772358654457e-17 
 1907       3.127048583417e-11       1.645372719499e-12      -1.120284950143e-12       0.000000000000e+00       4.509672301536e-16       8.651934757954e-17      -1.775340001032e-17 
 1908       3.118373116017e-11       1.648533584889e-12      -1.149828556328e-12       0.000000000000e+00       4.500101575697e-16       8.700449970795e-17      -1.778076942384e-17 
 1909       3.109927774947e-11       1.651516974560e-12      -1.179522934415e-12       0.000000000000e+00       4.490555864594e-16       8.748486781787e-17      -1.780569665447e-17 
 1910       3.101712216545e-11       1.654321817327e-12      -1.209354026188e-12       0.000000000000e+00       4.481035092096e-16       8.796050769473e-17      -1.782818360378e-17 
 1911       3.093726093287e-11       1.656947039303e-12      -1.239307713455e-12       0.000000000000e+00       4.471539181336e-16       8.843147541074e-17      -1.784823220562e-17 
 1912       3.085969053783e-11       1.659391563892e-12      -1.269369817973e-12       0.000000000000e+00       4.462068054702e-16       8.889782732533e-17      -1.786584442621e-17 
 1913       3.078440742774e-11       1.661654311786e-12      -1.299526101366e-12       0.000000000000e+00       4.452621633846e-16       8.935962008552e-17      -1.788102226415e-17 
 1914       3.071140801120e-11       1.663734200964e-12      -1.329762265051e-12       0.000000000000e+00       4.443199839675e-16       8.981691062633e-17      -1.789376775052e-17 
 1915       3.064068865799e-11       1.665630146687e-12      -1.360063950152e-12       0.000000000000e+00       4.433802592352e-16       9.026975617119e-17      -1.790408294888e-17 
 1916       3.057224569898e-11       1.667341061499e-12      -1.390416737427e-12       0.000000000000e+00       4.424429811298e-16       9.071821423232e-17      -1.791196995536e-17 
 1917       3.050607542607e-11       1.668865855219e-12      -1.420806147188e-12       0.000000000000e+00       4.415081415185e-16       9.116234261114e-17      -1.791743089870e-17 
 1918       3.044217409214e-11       1.670203434943e-12      -1.451217639221e-12       0.000000000000e+00       4.405757321940e-16       9.160219939868e-17      -1.792046794030e-17 
 1919       3.038053791098e-11       1.671352705038e-12      -1.481636612705e-12       0.000000000000e+00       4.396457448741e-16       9.203784297597e-17      -1.792108327428e-17 
 1920       3.032116305725e-11       1.672312567143e-12      -1.512048406140e-12       0.000000000000e+00       4.387181712017e-16       9.246933201442e-17      -1.791927912754e-17 
 1921       3.026404566638e-11       1.673081920161e-12      -1.542438297261e-12       0.000000000000e+00       4.377930027446e-16       9.289672547625e-17      -1.791505775978e-17 
 1922       3.020918183452e-11       1.673659660260e-12      -1.572791502962e-12       0.000000000000e+00       4.368702309955e-16       9.332008261488e-17      -1.790842146361e-17 
 1923       3.015656761853e-11       1.674044680870e-12      -1.603093179218e-12       0.000000000000e+00       4.359498473716e-16       9.373946297532e-17      -1.789937256453e-17 
 1924       3.010619903583e-11       1.674235872678e-12      -1.633328421006e-12       0.000000000000e+00       4.350318432148e-16       9.415492639459e-17      -1.788791342105e-17 
 1925       3.005807206441e-11       1.674232123629e-12      -1.663482262224e-12       0.000000000000e+00       4.341162097916e-16       9.456653300209e-17      -1.787404642471e-17 
 1926       3.001218264275e-11       1.674032318919e-12      -1.693539675613e-12       0.000000000000e+00       4.332029382927e-16       9.497434322003e-17      -1.785777400012e-17 
 1927       2.996852666972e-11       1.673635340994e-12      -1.723485572682e-12       0.000000000000e+00       4.322920198329e-16       9.537841776380e-17      -1.783909860505e-17 
 1928       2.992710000458e-11       1.673040069550e-12      -1.753304803623e-12       0.000000000000e+00       4.313834454513e-16       9.577881764239e-17      -1.781802273046e-17 
 1929       2.988789846688e-11       1.672245381525e-12      -1.782982157236e-12       0.000000000000e+00       4.304772061108e-16       9.617560415881e-17      -1.779454890055e-17 
 1930       2.985091783641e-11       1.671250151101e-12      -1.812502360848e-12       0.000000000000e+00       4.295732926985e-16       9.656883891042e-17      -1.776867967282e-17 
 1931       2.981614947553e-11       1.670053727710e-12      -1.841851147665e-12       0.000000000000e+00       4.286716966385e-16       9.695855196661e-17      -1.774041855653e-17 
 1932       2.978356716010e-11       1.668657374026e-12      -1.871018467812e-12       0.000000000000e+00       4.277724117386e-16       9.734464613708e-17      -1.770977277553e-17 
 1933       2.975314014858e-11       1.667062838868e-12      -1.899995301472e-12       0.000000000000e+00       4.268754323574e-16       9.772699197877e-17      -1.767675052647e-17 
 1934       2.972483755045e-11       1.665271880191e-12      -1.928772593621e-12       0.000000000000e+00       4.259807527927e-16       9.810545955213e-17      -1.764136006240e-17 
 1935       2.969862832594e-11       1.663286265096e-12      -1.957341253988e-12       0.000000000000e+00       4.250883672803e-16       9.847991842049e-17      -1.760360969282e-17 
 1936       2.967448128587e-11       1.661107769842e-12      -1.985692157004e-12       0.000000000000e+00       4.241982699948e-16       9.885023764949e-17      -1.756350778377e-17 
 1937       2.965236509142e-11       1.658738179865e-12      -2.013816141763e-12       0.000000000000e+00       4.233104550491e-16       9.921628580638e-17      -1.752106275792e-17 
 1938       2.963224825395e-11       1.656179289783e-12      -2.041704011976e-12       0.000000000000e+00       4.224249164944e-16       9.957793095946e-17      -1.747628309466e-17 
 1939       2.961409913479e-11       1.653432903411e-12      -2.069346535923e-12       0.000000000000e+00       4.215416483201e-16       9.993504067744e-17      -1.742917733018e-17 
 1940       2.959788594502e-11       1.650500833777e-12      -2.096734446416e-12       0.000000000000e+00       4.206606444535e-16       1.002874820288e-16      -1.737975405751e-17 
 1941       2.958357674530e-11       1.647384903131e-12      -2.123858440745e-12       0.000000000000e+00       4.197818987600e-16       1.006351215811e-16      -1.732802192668e-17 
 1942       2.957113944563e-11       1.644086942958e-12      -2.150709180642e-12       0.000000000000e+00       4.189054050428e-16       1.009778254006e-16      -1.727398964474e-17 
 1943       2.956054180520e-11       1.640608793991e-12      -2.177277292232e-12       0.000000000000e+00       4.180311570431e-16       1.013154590512e-16      -1.721766597587e-17 
 1944       2.955175143213e-11       1.636952306226e-12      -2.203553365988e-12       0.000000000000e+00       4.171591484394e-16       1.016478875944e-16      -1.715905974143e-17 
 1945       2.954473578331e-11       1.633119338929e-12      -2.229527956691e-12       0.000000000000e+00       4.162893728482e-16       1.019749755882e-16      -1.709817982011e-17 
 1946       2.953946216416e-11       1.629111760655e-12      -2.255191583378e-12       0.000000000000e+00       4.154218238230e-16       1.022965870865e-16      -1.703503514794e-17 
 1947       2.953589772849e-11       1.624931449257e-12      -2.280534729306e-12       0.000000000000e+00       4.145564948551e-16       1.026125856388e-16      -1.696963471841e-17 
 1948       2.953400947821e-11       1.620580291899e-12      -2.305547841900e-12       0.000000000000e+00       4.136933793729e-16       1.029228342894e-16      -1.690198758255e-17 
 1949       2.953376426321e-11       1.616060185068e-12      -2.330221332715e-12       0.000000000000e+00       4.128324707418e-16       1.032271955766e-16      -1.683210284901e-17 
 1950       2.953512878112e-11       1.611373034589e-12      -2.354545577385e-12       0.000000000000e+00       4.119737622647e-16       1.035255315323e-16      -1.675998968412e-17 
 1951       2.953806957709e-11       1.606520755636e-12      -2.378510915585e-12       0.000000000000e+00       4.111172471810e-16       1.038177036814e-16      -1.668565731201e-17 
 1952       2.954255304362e-11       1.601505272744e-12      -2.402107650980e-12       0.000000000000e+00       4.102629186673e-16       1.041035730410e-16      -1.660911501467e-17 
 1953       2.954854542037e-11       1.596328519823e-12      -2.425326051187e-12       0.000000000000e+00       4.094107698369e-16       1.043830001199e-16      -1.653037213205e-17 
 1954       2.955601279390e-11       1.590992440169e-12      -2.448156347725e-12       0.000000000000e+00       4.085607937397e-16       1.046558449180e-16      -1.644943806210e-17 
 1955       2.956492109751e-11       1.585498986480e-12      -2.470588735974e-12       0.000000000000e+00       4.077129833623e-16       1.049219669254e-16      -1.636632226091e-17 
 1956       2.957523611105e-11       1.579850120863e-12      -2.492613375129e-12       0.000000000000e+00       4.068673316277e-16       1.051812251222e-16      -1.628103424275e-17 
 1957       2.958692346068e-11       1.574047814852e-12      -2.514220388153e-12       0.000000000000e+00       4.060238313952e-16       1.054334779776e-16      -1.619358358017e-17 
 1958       2.959994861868e-11       1.568094049419e-12      -2.535399861741e-12       0.000000000000e+00       4.051824754607e-16       1.056785834494e-16      -1.610397990408e-17 
 1959       2.961427690328e-11       1.561990814985e-12      -2.556141846263e-12       0.000000000000e+00       4.043432565558e-16       1.059163989832e-16      -1.601223290384e-17 
 1960       2.962987347840e-11       1.555740111432e-12      -2.576436355732e-12       0.000000000000e+00       4.035061673487e-16       1.061467815121e-16      -1.591835232731e-17 
 1961       2.964670335350e-11       1.549343948121e-12      -2.596273367749e-12       0.000000000000e+00       4.026712004431e-16       1.063695874555e-16      -1.582234798099e-17 
 1962       2.966473138335e-11       1.542804343899e-12      -2.615642823467e-12       0.000000000000e+00       4.018383483788e-16       1.065846727194e-16      -1.572422973003e-17 
 1963       2.968392226783e-11       1.536123327113e-12      -2.634534627539e-12       0.000000000000e+00       4.010076036316e-16       1.067918926946e-16      -1.562400749839e-17 
 1964       2.970424055175e-11       1.529302935624e-12      -2.652938648080e-12       0.000000000000e+00       4.001789586126e-16       1.069911022573e-16      -1.552169126886e-17 
 1965       2.972565062460e-11       1.522345216819e-12      -2.670844716619e-12       0.000000000000e+00       3.993524056686e-16       1.071821557674e-16      -1.541729108318e-17 
 1966       2.974811672041e-11       1.515252227623e-12      -2.688242628053e-12       0.000000000000e+00       3.985279370821e-16       1.073649070686e-16      -1.531081704209e-17 
 1967       2.977160291749e-11       1.508026034512e-12      -2.705122140607e-12       0.000000000000e+00       3.977055450707e-16       1.075392094875e-16      -1.520227930544e-17 
 1968       2.979607313827e-11       1.500668713525e-12      -2.721472975786e-12       0.000000000000e+00       3.968852217875e-16       1.077049158329e-16      -1.509168809228e-17 
 1969       2.982149114908e-11       1.493182350279e-12      -2.737284818332e-12       0.000000000000e+00       3.960669593206e-16       1.078618783954e-16      -1.497905368090e-17 
 1970       2.984782044900e-11       1.485569211140e-12      -2.752548931621e-12       0.000000000000e+00       3.952507502397e-16       1.080099975330e-16      -1.486440073756e-17 
 1971       2.987502393589e-11       1.477832258112e-12      -2.767263017068e-12       0.000000000000e+00       3.944365892400e-16       1.081493678244e-16      -1.474781141868e-17 
 1972       2.990306423752e-11       1.469974637797e-12      -2.781426390738e-12       0.000000000000e+00       3.936244715099e-16       1.082801330003e-16      -1.462938258906e-17 
 1973       2.993190382201e-11       1.461999510605e-12      -2.795038371184e-12       0.000000000000e+00       3.928143921861e-16       1.084024374564e-16      -1.450921152281e-17 
 1974       2.996150499768e-11       1.453910050766e-12      -2.808098279454e-12       0.000000000000e+00       3.920063463535e-16       1.085164262547e-16      -1.438739590392e-17 
 1975       2.999182991280e-11       1.445709446351e-12      -2.820605439097e-12       0.000000000000e+00       3.912003290447e-16       1.086222451238e-16      -1.426403382675e-17 
 1976       3.002284055544e-11       1.437400899290e-12      -2.832559176168e-12       0.000000000000e+00       3.903963352403e-16       1.087200404602e-16      -1.413922379659e-17 
 1977       3.005449875319e-11       1.428987625390e-12      -2.843958819232e-12       0.000000000000e+00       3.895943598686e-16       1.088099593289e-16      -1.401306473017e-17 
 1978       3.008676617304e-11       1.420472854349e-12      -2.854803699370e-12       0.000000000000e+00       3.887943978059e-16       1.088921494645e-16      -1.388565595619e-17 
 1979       3.011960432110e-11       1.411859829779e-12      -2.865093150187e-12       0.000000000000e+00       3.879964438757e-16       1.089667592720e-16      -1.375709721581e-17 
 1980       3.015297454244e-11       1.403151809223e-12      -2.874826507813e-12       0.000000000000e+00       3.872004928494e-16       1.090339378276e-16      -1.362748866324e-17 
 1981       3.018683802086e-11       1.394352064170e-12      -2.884003110912e-12       0.000000000000e+00       3.864065394457e-16       1.090938348796e-16      -1.349693086622e-17 
 1982       3.022115577869e-11       1.385463880075e-12      -2.892622300686e-12       0.000000000000e+00       3.856145783308e-16       1.091466008495e-16      -1.336552480655e-17 
 1983       3.025588867661e-11       1.376490556377e-12      -2.900683420880e-12       0.000000000000e+00       3.848246041179e-16       1.091923868324e-16      -1.323337188063e-17 
 1984       3.029099741340e-11       1.367435406516e-12      -2.908185817789e-12       0.000000000000e+00       3.840366113679e-16       1.092313445985e-16      -1.310057389996e-17 
 1985       3.032644252576e-11       1.358301757954e-12      -2.915128840260e-12       0.000000000000e+00       3.832505945884e-16       1.092636265933e-16      -1.296723309170e-17 
 1986       3.036218438812e-11       1.349092952186e-12      -2.921511839702e-12       0.000000000000e+00       3.824665482342e-16       1.092893859392e-16      -1.283345209917e-17 
 1987       3.039818321238e-11       1.339812344766e-12      -2.927334170089e-12       0.000000000000e+00       3.816844667072e-16       1.093087764357e-16      -1.269933398239e-17 
 1988       3.043439904778e-11       1.330463305319e-12      -2.932595187964e-12       0.000000000000e+00       3.809043443560e-16       1.093219525607e-16      -1.256498221858e-17 
 1989       3.047079178063e-11       1.321049217562e-12      -2.937294252448e-12       0.000000000000e+00       3.801261754761e-16       1.093290694713e-16      -1.243050070272e-17 
 1990       3.050732113413e-11       1.311573479321e-12      -2.941430725242e-12       0.000000000000e+00       3.793499543098e-16       1.093302830045e-16      -1.229599374805e-17 
 1991       3.054394666817e-11       1.302039502549e-12      -2.945003970634e-12       0.000000000000e+00       3.785756750457e-16       1.093257496783e-16      -1.216156608659e-17 
 1992       3.058062777911e-11       1.292450713342e-12      -2.948013355505e-12       0.000000000000e+00       3.778033318195e-16       1.093156266925e-16      -1.202732286971e-17 
 1993       3.061732369958e-11       1.282810551962e-12      -2.950458249332e-12       0.000000000000e+00       3.770329187128e-16       1.093000719296e-16      -1.189336966860e-17 
 1994       3.065399349829e-11       1.273122472848e-12      -2.952338024197e-12       0.000000000000e+00       3.762644297540e-16       1.092792439556e-16      -1.175981247483e-17 
 1995       3.069059607979e-11       1.263389944641e-12      -2.953652054788e-12       0.000000000000e+00       3.754978589177e-16       1.092533020208e-16      -1.162675770086e-17 
 1996       3.072709018431e-11       1.253616450196e-12      -2.954399718411e-12       0.000000000000e+00       3.747332001245e-16       1.092224060611e-16      -1.149431218055e-17 
 1997       3.076343438751e-11       1.243805486603e-12      -2.954580394986e-12       0.000000000000e+00       3.739704472416e-16       1.091867166983e-16      -1.136258316975e-17 
 1998       3.079958710029e-11       1.233960565204e-12      -2.954193467062e-12       0.000000000000e+00       3.732095940819e-16       1.091463952413e-16      -1.123167834674e-17 
 1999       3.083550656861e-11       1.224085211612e-12      -2.953238319816e-12       0.000000000000e+00       3.724506344042e-16       1.091016036870e-16      -1.110170581281e-17 
 2000       3.087115087323e-11       1.214182965727e-12      -2.951714341060e-12       0.000000000000e+00       3.716935619136e-16       1.090525047212e-16      -1.097277409278e-17 
 2001       3.090647792957e-11       1.204257381756e-12      -2.949620921248e-12       0.000000000000e+00       3.709383702607e-16       1.089992617193e-16      -1.084499213549e-17 
 2002       3.094144548745e-11       1.194312028228e-12      -2.946957453481e-12       0.000000000000e+00       3.701850530420e-16       1.089420387471e-16      -1.071846931437e-17 
 2003       3.097601113090e-11       1.184350488017e-12      -2.943723333510e-12       0.000000000000e+00       3.694336037993e-16       1.088810005620e-16      -1.059331542795e-17 
 2004       3.101013227799e-11       1.174376358354e-12      -2.939917959745e-12       0.000000000000e+00       3.686840160205e-16       1.088163126138e-16      -1.046964070037e-17 
 2005       3.104376618055e-11       1.164393250847e-12      -2.935540733256e-12       0.000000000000e+00       3.679362831386e-16       1.087481410455e-16      -1.034755578192e-17 
 2006       3.107686992405e-11       1.154404791503e-12      -2.930591057784e-12       0.000000000000e+00       3.671903985321e-16       1.086766526939e-16      -1.022717174956e-17 
 2007       3.110940042733e-11       1.144414620738e-12      -2.925068339740e-12       0.000000000000e+00       3.664463555248e-16       1.086020150910e-16      -1.010860010746e-17 
 2008       3.114131444242e-11       1.134426393403e-12      -2.918971988218e-12       0.000000000000e+00       3.657041473859e-16       1.085243964646e-16      -9.991952787497e-18 
 2009       3.117257205991e-11       1.124443602101e-12      -2.912302634268e-12       0.000000000000e+00       3.649637678076e-16       1.084439040200e-16      -9.877304690659e-18 
 2010       3.120314725341e-11       1.114469045713e-12      -2.905065798449e-12       0.000000000000e+00       3.642252123440e-16       1.083603982919e-16      -9.764581011822e-18 
 2011       3.123301741149e-11       1.104505357035e-12      -2.897268250010e-12       0.000000000000e+00       3.634884769829e-16       1.082736774416e-16      -9.653669095109e-18 
 2012       3.126215983900e-11       1.094555179142e-12      -2.888916790083e-12       0.000000000000e+00       3.627535576683e-16       1.081835388528e-16      -9.544455817914e-18 
 2013       3.129055175695e-11       1.084621165390e-12      -2.880018251725e-12       0.000000000000e+00       3.620204503006e-16       1.080897791302e-16      -9.436827590319e-18 
 2014       3.131817030242e-11       1.074705979437e-12      -2.870579499957e-12       0.000000000000e+00       3.612891507362e-16       1.079921940988e-16      -9.330670354502e-18 
 2015       3.134499252844e-11       1.064812295252e-12      -2.860607431810e-12       0.000000000000e+00       3.605596547879e-16       1.078905788029e-16      -9.225869584150e-18 
 2016       3.137099540392e-11       1.054942797131e-12      -2.850108976362e-12       0.000000000000e+00       3.598319582246e-16       1.077847275050e-16      -9.122310283872e-18 
 2017       3.139615581351e-11       1.045100179703e-12      -2.839091094785e-12       0.000000000000e+00       3.591060567708e-16       1.076744336851e-16      -9.019876988609e-18 
 2018       3.142045055753e-11       1.035287147949e-12      -2.827560780381e-12       0.000000000000e+00       3.583819461074e-16       1.075594900396e-16      -8.918453763052e-18 
 2019       3.144385635186e-11       1.025506417214e-12      -2.815525058627e-12       0.000000000000e+00       3.576596218709e-16       1.074396884802e-16      -8.817924201043e-18 
 2020       3.146634982782e-11       1.015760713215e-12      -2.802990987215e-12       0.000000000000e+00       3.569390796538e-16       1.073148201334e-16      -8.718171425001e-18 
 2021       3.148790753211e-11       1.006052772058e-12      -2.789965656095e-12       0.000000000000e+00       3.562203150041e-16       1.071846753389e-16      -8.619078085321e-18 
 2022       3.150850592666e-11       9.963853402516e-13      -2.776456187518e-12       0.000000000000e+00       3.555033234256e-16       1.070490436492e-16      -8.520526359794e-18 
 2023       3.152812138855e-11       9.867611747141e-13      -2.762469736073e-12       0.000000000000e+00       3.547881003777e-16       1.069077138283e-16      -8.422397953019e-18 
 2024       3.154673020993e-11       9.771830427914e-13      -2.748013488733e-12       0.000000000000e+00       3.540746412754e-16       1.067604738510e-16      -8.324574095809e-18 
 2025       3.156430859787e-11       9.676537222675e-13      -2.733094664894e-12       0.000000000000e+00       3.533629414889e-16       1.066071109017e-16      -8.226935544612e-18 
 2026       3.158083267432e-11       9.581760013776e-13      -2.717720516420e-12       0.000000000000e+00       3.526529963441e-16       1.064474113737e-16      -8.129362580913e-18 
 2027       3.159627847595e-11       9.487526788203e-13      -2.701898327678e-12       0.000000000000e+00       3.519448011220e-16       1.062811608678e-16      -8.031735010655e-18 
 2028       3.161062195409e-11       9.393865637708e-13      -2.685635415589e-12       0.000000000000e+00       3.512383510589e-16       1.061081441920e-16      -7.933932163646e-18 
 2029       3.162383897459e-11       9.300804758933e-13      -2.668939129662e-12       0.000000000000e+00       3.505336413464e-16       1.059281453601e-16      -7.835832892973e-18 
 2030       3.163590531775e-11       9.208372453537e-13      -2.651816852038e-12       0.000000000000e+00       3.498306671311e-16       1.057409475905e-16      -7.737315574413e-18 
 2031       3.164679667824e-11       9.116597128321e-13      -2.634275997532e-12       0.000000000000e+00       3.491294235147e-16       1.055463333061e-16      -7.638258105845e-18 
 2032       3.165648866492e-11       9.025507295357e-13      -2.616324013677e-12       0.000000000000e+00       3.484299055539e-16       1.053440841324e-16      -7.538537906665e-18 
 2033       3.166495680082e-11       8.935131572115e-13      -2.597968380759e-12       0.000000000000e+00       3.477321082602e-16       1.051339808971e-16      -7.438031917193e-18 
 2034       3.167217652298e-11       8.845498681585e-13      -2.579216611867e-12       0.000000000000e+00       3.470360266001e-16       1.049158036291e-16      -7.336616598089e-18 
 2035       3.167812318240e-11       8.756637452410e-13      -2.560076252929e-12       0.000000000000e+00       3.463416554947e-16       1.046893315573e-16      -7.234167929764e-18 
 2036       3.168277204390e-11       8.668576819006e-13      -2.540554882753e-12       0.000000000000e+00       3.456489898200e-16       1.044543431099e-16      -7.130561411792e-18 
 2037       3.168609828602e-11       8.581345821694e-13      -2.520660113074e-12       0.000000000000e+00       3.449580244065e-16       1.042106159132e-16      -7.025672062322e-18 
 2038       3.168807700094e-11       8.494973606825e-13      -2.500399588591e-12       0.000000000000e+00       3.442687540394e-16       1.039579267910e-16      -6.919374417489e-18 
 2039       3.168868319437e-11       8.409489426902e-13      -2.479780987009e-12       0.000000000000e+00       3.435811734582e-16       1.036960517632e-16      -6.811542530829e-18 
 2040       3.168789178545e-11       8.324922640715e-13      -2.458812019085e-12       0.000000000000e+00       3.428952773569e-16       1.034247660451e-16      -6.702049972689e-18 
 2041       3.168567760662e-11       8.241302713460e-13      -2.437500428662e-12       0.000000000000e+00       3.422110603841e-16       1.031438440466e-16      -6.590769829637e-18 
 2042       3.168201540358e-11       8.158659216871e-13      -2.415853992719e-12       0.000000000000e+00       3.415285171424e-16       1.028530593707e-16      -6.477574703880e-18 
 2043       3.167687983511e-11       8.077021829341e-13      -2.393880521406e-12       0.000000000000e+00       3.408476421887e-16       1.025521848133e-16      -6.362336712670e-18 
 2044       3.167024547305e-11       7.996420336055e-13      -2.371587858090e-12       0.000000000000e+00       3.401684300342e-16       1.022409923616e-16      -6.244927487719e-18 
 2045       3.166208680213e-11       7.916884629111e-13      -2.348983879394e-12       0.000000000000e+00       3.394908751440e-16       1.019192531933e-16      -6.125218174612e-18 
 2046       3.165237821992e-11       7.838444707649e-13      -2.326076495239e-12       0.000000000000e+00       3.388149719373e-16       1.015867376759e-16      -6.003079432214e-18 
 2047       3.164109403669e-11       7.761130677979e-13      -2.302873648887e-12       0.000000000000e+00       3.381407147874e-16       1.012432153656e-16      -5.878381432091e-18 
 2048       3.162821310485e-11       7.684969013118e-13      -2.279383538865e-12       0.000000000000e+00       3.374680983279e-16       1.008885576398e-16      -5.751035884093e-18 
 2049       3.161373274354e-11       7.609971301943e-13      -2.255615286384e-12       0.000000000000e+00       3.367971183755e-16       1.005230463992e-16      -5.621122442638e-18 
 2050       3.159765491337e-11       7.536145419877e-13      -2.231578272772e-12       0.000000000000e+00       3.361277710140e-16       1.001470675704e-16      -5.488763202703e-18 
 2051       3.157998159593e-11       7.463499262203e-13      -2.207281918073e-12       0.000000000000e+00       3.354600522880e-16       9.976100867416e-17      -5.354080756280e-18 
 2052       3.156071479387e-11       7.392040744073e-13      -2.182735681096e-12       0.000000000000e+00       3.347939582029e-16       9.936525882795e-17      -5.217198192990e-18 
 2053       3.153985653088e-11       7.321777800538e-13      -2.157949059462e-12       0.000000000000e+00       3.341294847249e-16       9.896020874745e-17      -5.078239100697e-18 
 2054       3.151740885173e-11       7.252718386560e-13      -2.132931589651e-12       0.000000000000e+00       3.334666277808e-16       9.854625074873e-17      -4.937327566121e-18 
 2055       3.149337382234e-11       7.184870477034e-13      -2.107692847052e-12       0.000000000000e+00       3.328053832583e-16       9.812377875022e-17      -4.794588175454e-18 
 2056       3.146775352978e-11       7.118242066809e-13      -2.082242446009e-12       0.000000000000e+00       3.321457470054e-16       9.769318827465e-17      -4.650146014973e-18 
 2057       3.144055008229e-11       7.052841170706e-13      -2.056590039870e-12       0.000000000000e+00       3.314877148308e-16       9.725487645106e-17      -4.504126671650e-18 
 2058       3.141176560933e-11       6.988675823538e-13      -2.030745321037e-12       0.000000000000e+00       3.308312825036e-16       9.680924201676e-17      -4.356656233773e-18 
 2059       3.138140226162e-11       6.925754080130e-13      -2.004718021009e-12       0.000000000000e+00       3.301764457533e-16       9.635668531932e-17      -4.207861291555e-18 
 2060       3.134946221115e-11       6.864084015337e-13      -1.978517910436e-12       0.000000000000e+00       3.295232002697e-16       9.589760831854e-17      -4.057868937748e-18 
 2061       3.131594765122e-11       6.803673724066e-13      -1.952154799161e-12       0.000000000000e+00       3.288715417030e-16       9.543241458842e-17      -3.906806768258e-18 
 2062       3.128086079646e-11       6.744531321295e-13      -1.925638536272e-12       0.000000000000e+00       3.282214656635e-16       9.496150931917e-17      -3.754802882761e-18 
 2063       3.124420388288e-11       6.686664942089e-13      -1.898979010151e-12       0.000000000000e+00       3.275729677217e-16       9.448529931914e-17      -3.601985885311e-18 
 2064       3.120597916790e-11       6.630082741625e-13      -1.872186148516e-12       0.000000000000e+00       3.269260434084e-16       9.400419301684e-17      -3.448484884960e-18 
 2065       3.116618893036e-11       6.574792895210e-13      -1.845269918477e-12       0.000000000000e+00       3.262806882142e-16       9.351860046292e-17      -3.294429496369e-18 
 2066       3.112483547057e-11       6.520803598297e-13      -1.818240326576e-12       0.000000000000e+00       3.256368975896e-16       9.302893333211e-17      -3.139949840422e-18 
 2067       3.108192111032e-11       6.468123066509e-13      -1.791107418843e-12       0.000000000000e+00       3.249946669454e-16       9.253560492522e-17      -2.985176544839e-18 
 2068       3.103744819295e-11       6.416759535658e-13      -1.763881280836e-12       0.000000000000e+00       3.243539916520e-16       9.203903017113e-17      -2.830240744792e-18 
 2069       3.099141908333e-11       6.366721261760e-13      -1.736572037695e-12       0.000000000000e+00       3.237148670397e-16       9.153962562876e-17      -2.675274083518e-18 
 2070       3.094383616794e-11       6.318016521062e-13      -1.709189854187e-12       0.000000000000e+00       3.230772883984e-16       9.103780948904e-17      -2.520408712932e-18 
 2071       3.089470185487e-11       6.270653610056e-13      -1.681744934756e-12       0.000000000000e+00       3.224412509778e-16       9.053400157688e-17      -2.365777294241e-18 
 2072       3.084401857386e-11       6.224640845500e-13      -1.654247523568e-12       0.000000000000e+00       3.218067499874e-16       9.002862335319e-17      -2.211512998561e-18 
 2073       3.079178877631e-11       6.179986564438e-13      -1.626707904563e-12       0.000000000000e+00       3.211737805959e-16       8.952209791682e-17      -2.057749507526e-18 
 2074       3.073801493536e-11       6.136699124219e-13      -1.599136401498e-12       0.000000000000e+00       3.205423379318e-16       8.901485000653e-17      -1.904621013904e-18 
 2075       3.068269954588e-11       6.094786902520e-13      -1.571543378002e-12       0.000000000000e+00       3.199124170830e-16       8.850730600302e-17      -1.752262222211e-18 
 2076       3.062584512451e-11       6.054258297358e-13      -1.543939237614e-12       0.000000000000e+00       3.192840130967e-16       8.799989393085e-17      -1.600808349327e-18 
 2077       3.056745420971e-11       6.015121727118e-13      -1.516334423843e-12       0.000000000000e+00       3.186571209795e-16       8.749304346045e-17      -1.450395125105e-18 
 2078       3.050752936174e-11       5.977385630567e-13      -1.488739420204e-12       0.000000000000e+00       3.180317356972e-16       8.698718591011e-17      -1.301158792989e-18 
 2079       3.044607316275e-11       5.941058466877e-13      -1.461164750276e-12       0.000000000000e+00       3.174078521748e-16       8.648275424792e-17      -1.153236110627e-18 
 2080       3.038308821680e-11       5.906148715641e-13      -1.433620977745e-12       0.000000000000e+00       3.167854652967e-16       8.598018309378e-17      -1.006764350483e-18 
 2081       3.031857714984e-11       5.872664876896e-13      -1.406118706450e-12       0.000000000000e+00       3.161645699061e-16       8.547990872136e-17      -8.618813004524e-19 
 2082       3.025254260982e-11       5.840615471141e-13      -1.378668580437e-12       0.000000000000e+00       3.155451608052e-16       8.498236906010e-17      -7.187252644767e-19 
 2083       3.018498726663e-11       5.810009039356e-13      -1.351281284001e-12       0.000000000000e+00       3.149272327556e-16       8.448800369715e-17      -5.774350631555e-19 
 2084       3.011591381223e-11       5.780854143024e-13      -1.323967541740e-12       0.000000000000e+00       3.143107804772e-16       8.399725387940e-17      -4.381500343614e-19 
 2085       3.004532496061e-11       5.753159364147e-13      -1.296738118596e-12       0.000000000000e+00       3.136957986493e-16       8.351056251541e-17      -3.010100338537e-19 
 2086       2.997322344782e-11       5.726933305270e-13      -1.269603819909e-12       0.000000000000e+00       3.130822819097e-16       8.302837417743e-17      -1.661554358922e-19 
 2087       2.989961512966e-11       5.702181192914e-13      -1.242574781947e-12       0.000000000000e+00       3.124702252129e-16       8.255102948272e-17      -3.369882183846e-20 
 2088       2.982451829824e-11       5.678894661814e-13      -1.215658337970e-12       0.000000000000e+00       3.118596249069e-16       8.207844742406e-17       9.636017232223e-20 
 2089       2.974795443076e-11       5.657061899072e-13      -1.188861137298e-12       0.000000000000e+00       3.112504776637e-16       8.161044081507e-17       2.240502995251e-19 
 2090       2.966994509802e-11       5.636671034156e-13      -1.162189853488e-12       0.000000000000e+00       3.106427801220e-16       8.114682170771e-17       3.494004440037e-19 
 2091       2.959051196451e-11       5.617710138830e-13      -1.135651184372e-12       0.000000000000e+00       3.100365288875e-16       8.068740139127e-17       4.724396214553e-19 
 2092       2.950967678848e-11       5.600167227078e-13      -1.109251852077e-12       0.000000000000e+00       3.094317205324e-16       8.023199039147e-17       5.931969792074e-19 
 2093       2.942746142215e-11       5.584030255030e-13      -1.082998603059e-12       0.000000000000e+00       3.088283515956e-16       7.978039846954e-17       7.117017963827e-19 
 2094       2.934388781173e-11       5.569287120890e-13      -1.056898208131e-12       0.000000000000e+00       3.082264185828e-16       7.933243462125e-17       8.279834840654e-19 
 2095       2.925897799760e-11       5.555925664857e-13      -1.030957462485e-12       0.000000000000e+00       3.076259179659e-16       7.888790707605e-17       9.420715854667e-19 
 2096       2.917275411440e-11       5.543933669058e-13      -1.005183185732e-12       0.000000000000e+00       3.070268461836e-16       7.844662329605e-17       1.053995776091e-18 
 2097       2.908523839116e-11       5.533298857470e-13      -9.795822219185e-13       0.000000000000e+00       3.064291996409e-16       7.800838997516e-17       1.163785863901e-18 
 2098       2.899645315141e-11       5.524008895846e-13      -9.541614395633e-13       0.000000000000e+00       3.058329747092e-16       7.757301303814e-17       1.271471789485e-18 
 2099       2.890642081327e-11       5.516051391642e-13      -9.289277316822e-13       0.000000000000e+00       3.052381677264e-16       7.714029763966e-17       1.377083626219e-18 
 2100       2.881516388961e-11       5.509413893942e-13      -9.038880158172e-13       0.000000000000e+00       3.046447749965e-16       7.671004816336e-17       1.480651580438e-18 
 2101       2.872270498815e-11       5.504083893387e-13      -8.790492340653e-13       0.000000000000e+00       3.040527927900e-16       7.628206822096e-17       1.582205991597e-18 
 2102       2.862906681158e-11       5.500048822096e-13      -8.544183531063e-13       0.000000000000e+00       3.034622173433e-16       7.585616065129e-17       1.681777332440e-18 
 2103       2.853427215763e-11       5.497296053599e-13      -8.300023642321e-13       0.000000000000e+00       3.028730448591e-16       7.543212751938e-17       1.779396209163e-18 
 2104       2.843834391928e-11       5.495812902754e-13      -8.058082833742e-13       0.000000000000e+00       3.022852715064e-16       7.500977011553e-17       1.875093361581e-18 
 2105       2.834130508477e-11       5.495586625682e-13      -7.818431511329e-13       0.000000000000e+00       3.016988934199e-16       7.458888895436e-17       1.968899663295e-18 
 2106       2.824317873781e-11       5.496604419689e-13      -7.581140328055e-13       0.000000000000e+00       3.011139067006e-16       7.416928377391e-17       2.060846121857e-18 
 2107       2.814398805763e-11       5.498853423189e-13      -7.346280184146e-13       0.000000000000e+00       3.005303074153e-16       7.375075353469e-17       2.150963878934e-18 
 2108       2.804375631913e-11       5.502320715638e-13      -7.113922227366e-13       0.000000000000e+00       2.999480915967e-16       7.333309641874e-17       2.239284210477e-18 
 2109       2.794250689298e-11       5.506993317450e-13      -6.884137853305e-13       0.000000000000e+00       2.993672552435e-16       7.291610982873e-17       2.325838526884e-18 
 2110       2.784026324575e-11       5.512858189934e-13      -6.656998705659e-13       0.000000000000e+00       2.987877943200e-16       7.249959038702e-17       2.410658373167e-18 
 2111       2.773704894002e-11       5.519902235209e-13      -6.432576676517e-13       0.000000000000e+00       2.982097047564e-16       7.208333393469e-17       2.493775429118e-18 
 2112       2.763288763448e-11       5.528112296140e-13      -6.210943906643e-13       0.000000000000e+00       2.976329824485e-16       7.166713553068e-17       2.575221509474e-18 
 2113       2.752780308408e-11       5.537475156257e-13      -5.992172785765e-13       0.000000000000e+00       2.970576232580e-16       7.125078945081e-17       2.655028564083e-18 
 2114       2.742181914012e-11       5.547977539684e-13      -5.776335952855e-13       0.000000000000e+00       2.964836230118e-16       7.083408918686e-17       2.733228678071e-18 
 2115       2.731495975037e-11       5.559606111066e-13      -5.563506296415e-13       0.000000000000e+00       2.959109775028e-16       7.041682744563e-17       2.809854072006e-18 
 2116       2.720724895921e-11       5.572347475492e-13      -5.353756954764e-13       0.000000000000e+00       2.953396824891e-16       6.999879614805e-17       2.884937102065e-18 
 2117       2.709871090769e-11       5.586188178424e-13      -5.147161316318e-13       0.000000000000e+00       2.947697336943e-16       6.957978642821e-17       2.958510260199e-18 
 2118       2.698936983372e-11       5.601114705622e-13      -4.943793019879e-13       0.000000000000e+00       2.942011268076e-16       6.915958863243e-17       3.030606174298e-18 
 2119       2.687925007212e-11       5.617113483068e-13      -4.743725954915e-13       0.000000000000e+00       2.936338574833e-16       6.873799231835e-17       3.101257608360e-18 
 2120       2.676837605479e-11       5.634170876895e-13      -4.547034261848e-13       0.000000000000e+00       2.930679213412e-16       6.831478625401e-17       3.170497462654e-18 
 2121       2.665677231079e-11       5.652273193314e-13      -4.353792332338e-13       0.000000000000e+00       2.925033139663e-16       6.788975841686e-17       3.238358773885e-18 
 2122       2.654446346645e-11       5.671406678536e-13      -4.164074809566e-13       0.000000000000e+00       2.919400309087e-16       6.746269599292e-17       3.304874715364e-18 
 2123       2.643147424554e-11       5.691557518700e-13      -3.977956588519e-13       0.000000000000e+00       2.913780676838e-16       6.703338537577e-17       3.370078597168e-18 
 2124       2.631782946932e-11       5.712711839800e-13      -3.795512816276e-13       0.000000000000e+00       2.908174197721e-16       6.660161216565e-17       3.434003866311e-18 
 2125       2.620355405671e-11       5.734855707610e-13      -3.616818892291e-13       0.000000000000e+00       2.902580826191e-16       6.616716116855e-17       3.496684106907e-18 
 2126       2.608867321872e-11       5.757973808344e-13      -3.441939221326e-13       0.000000000000e+00       2.897000519304e-16       6.572987735454e-17       3.558153729710e-18 
 2127       2.597321304322e-11       5.782045480862e-13      -3.270893387044e-13       0.000000000000e+00       2.891433245585e-16       6.528984919356e-17       3.618450045593e-18 
 2128       2.585719991443e-11       5.807048656994e-13      -3.103689746073e-13       0.000000000000e+00       2.885878976223e-16       6.484722658013e-17       3.677611206678e-18 
 2129       2.574066031910e-11       5.832961178221e-13      -2.940336654200e-13       0.000000000000e+00       2.880337682119e-16       6.440215998938e-17       3.735675518437e-18 
 2130       2.562362084656e-11       5.859760795564e-13      -2.780842466353e-13       0.000000000000e+00       2.874809333891e-16       6.395480047771e-17       3.792681439885e-18 
 2131       2.550610818890e-11       5.887425169478e-13      -2.625215536591e-13       0.000000000000e+00       2.869293901870e-16       6.350529968346e-17       3.848667583755e-18 
 2132       2.538814914108e-11       5.915931869738e-13      -2.473464218089e-13       0.000000000000e+00       2.863791356103e-16       6.305380982766e-17       3.903672716687e-18 
 2133       2.526977060103e-11       5.945258375335e-13      -2.325596863122e-13       0.000000000000e+00       2.858301666348e-16       6.260048371465e-17       3.957735759413e-18 
 2134       2.515099956978e-11       5.975382074362e-13      -2.181621823053e-13       0.000000000000e+00       2.852824802079e-16       6.214547473281e-17       4.010895786935e-18 
 2135       2.503186315159e-11       6.006280263912e-13      -2.041547448318e-13       0.000000000000e+00       2.847360732480e-16       6.168893685525e-17       4.063192028718e-18 
 2136       2.491238855407e-11       6.037930149961e-13      -1.905382088413e-13       0.000000000000e+00       2.841909426450e-16       6.123102464044e-17       4.114663868866e-18 
 2137       2.479260308830e-11       6.070308847265e-13      -1.773134091879e-13       0.000000000000e+00       2.836470852598e-16       6.077189323299e-17       4.165350846311e-18 
 2138       2.467253416894e-11       6.103393379249e-13      -1.644811806290e-13       0.000000000000e+00       2.831044979245e-16       6.031169836426e-17       4.215292654993e-18 
 2139       2.455220931435e-11       6.137160677898e-13      -1.520423578235e-13       0.000000000000e+00       2.825631774424e-16       5.985059635307e-17       4.264529144050e-18 
 2140       2.443165614676e-11       6.171587583647e-13      -1.399977753310e-13       0.000000000000e+00       2.820231205879e-16       5.938874410640e-17       4.313100317996e-18 
 2141       2.431090239232e-11       6.206650845275e-13      -1.283482676097e-13       0.000000000000e+00       2.814843241061e-16       5.892629912007e-17       4.361046336908e-18 
 2142       2.418997588126e-11       6.242327119794e-13      -1.170946690157e-13       0.000000000000e+00       2.809467847136e-16       5.846341947943e-17       4.408407516612e-18 
 2143       2.406890454802e-11       6.278592972338e-13      -1.062378138011e-13       0.000000000000e+00       2.804104990975e-16       5.800026386004e-17       4.455224328861e-18 
 2144       2.394771643135e-11       6.315424876060e-13      -9.577853611268e-14       0.000000000000e+00       2.798754639159e-16       5.753699152837e-17       4.501537401527e-18 
 2145       2.382643967442e-11       6.352799212015e-13      -8.571766999088e-14       0.000000000000e+00       2.793416757981e-16       5.707376234246e-17       4.547387518777e-18 
 2146       2.370510252499e-11       6.390692269060e-13      -7.605604936791e-14       0.000000000000e+00       2.788091313437e-16       5.661073675265e-17       4.592815621263e-18 
 2147       2.358373333550e-11       6.429080243738e-13      -6.679450806665e-14       0.000000000000e+00       2.782778271235e-16       5.614807580223e-17       4.637862806306e-18 
 2148       2.346236056316e-11       6.467939240171e-13      -5.793387979915e-14       0.000000000000e+00       2.777477596787e-16       5.568594112814e-17       4.682570328074e-18 
 2149       2.334101277014e-11       6.507245269953e-13      -4.947499816525e-14       0.000000000000e+00       2.772189255215e-16       5.522449496168e-17       4.726979597773e-18 
 2150       2.321971862364e-11       6.546974252039e-13      -4.141869665122e-14       0.000000000000e+00       2.766913211345e-16       5.476390012915e-17       4.771132183829e-18 
 2151       2.309850689603e-11       6.587102012637e-13      -3.376580862830e-14       0.000000000000e+00       2.761649429710e-16       5.430432005258e-17       4.815069812069e-18 
 2152       2.297740646496e-11       6.627604285098e-13      -2.651716735135e-14       0.000000000000e+00       2.756397874550e-16       5.384591875040e-17       4.858834365909e-18 
 2153       2.285644631352e-11       6.668456709809e-13      -1.967360595744e-14       0.000000000000e+00       2.751158509809e-16       5.338886083812e-17       4.902467886536e-18 
 2154       2.273565553029e-11       6.709634834081e-13      -1.323595746445e-14       0.000000000000e+00       2.745931299134e-16       5.293331152905e-17       4.946012573093e-18 
 2155       2.261506330952e-11       6.751114112043e-13      -7.205054769688e-15       0.000000000000e+00       2.740716205880e-16       5.247943663493e-17       4.989510782863e-18 
 2156       2.249469895125e-11       6.792869904533e-13      -1.581730648470e-15       0.000000000000e+00       2.735513193104e-16       5.202740256669e-17       5.033005031453e-18 
 2157       2.237459186140e-11       6.834877478986e-13       3.633182247258e-15       0.000000000000e+00       2.730322223567e-16       5.157737633506e-17       5.076537992976e-18 
 2158       2.225477155190e-11       6.877112009328e-13       8.438851390325e-15       0.000000000000e+00       2.725143259732e-16       5.112952555133e-17       5.120152500238e-18 
 2159       2.213526764083e-11       6.919548575867e-13       1.283444437973e-14       0.000000000000e+00       2.719976263767e-16       5.068401842798e-17       5.163891544923e-18 
 2160       2.201610985252e-11       6.962162165180e-13       1.681912894202e-14       0.000000000000e+00       2.714821197540e-16       5.024102377940e-17       5.207798277772e-18 
 2161       2.189732801770e-11       7.004927670010e-13       2.039207293273e-14       0.000000000000e+00       2.709678022622e-16       4.980071102259e-17       5.251916008771e-18 
 2162       2.177895207359e-11       7.047819889153e-13       2.355244433774e-14       0.000000000000e+00       2.704546700286e-16       4.936325017778e-17       5.296288207337e-18 
 2163       2.166101206402e-11       7.090813527352e-13       2.629941127469e-14       0.000000000000e+00       2.699427191504e-16       4.892881186922e-17       5.340958502494e-18 
 2164       2.154353813959e-11       7.133883195183e-13       2.863214199435e-14       0.000000000000e+00       2.694319456952e-16       4.849756732576e-17       5.385970683068e-18 
 2165       2.142655826564e-11       7.177004520827e-13       3.055066755504e-14       0.000000000000e+00       2.689223459873e-16       4.806964997602e-17       5.431357970208e-18 
 2166       2.131009132916e-11       7.220157493791e-13       3.205847621831e-14       0.000000000000e+00       2.684139174708e-16       4.764503994840e-17       5.477110755341e-18 
 2167       2.119415398551e-11       7.263323143577e-13       3.315993659836e-14       0.000000000000e+00       2.679066578526e-16       4.722367879144e-17       5.523208644440e-18 
 2168       2.107876294640e-11       7.306482429778e-13       3.385943660526e-14       0.000000000000e+00       2.674005648159e-16       4.680550780823e-17       5.569631165787e-18 
 2169       2.096393497992e-11       7.349616241997e-13       3.416138346844e-14       0.000000000000e+00       2.668956360200e-16       4.639046805610e-17       5.616357769880e-18 
 2170       2.084968691062e-11       7.392705399770e-13       3.407020376013e-14       0.000000000000e+00       2.663918691004e-16       4.597850034632e-17       5.663367829344e-18 
 2171       2.073603561957e-11       7.435730652481e-13       3.359034341888e-14       0.000000000000e+00       2.658892616689e-16       4.556954524381e-17       5.710640638837e-18 
 2172       2.062299804442e-11       7.478672679284e-13       3.272626777300e-14       0.000000000000e+00       2.653878113134e-16       4.516354306686e-17       5.758155414963e-18 
 2173       2.051059117948e-11       7.521512089022e-13       3.148246156403e-14       0.000000000000e+00       2.648875155978e-16       4.476043388681e-17       5.805891296181e-18 
 2174       2.039883207573e-11       7.564229420148e-13       2.986342897024e-14       0.000000000000e+00       2.643883720622e-16       4.436015752779e-17       5.853827342712e-18 
 2175       2.028773784095e-11       7.606805140641e-13       2.787369363006e-14       0.000000000000e+00       2.638903782224e-16       4.396265356637e-17       5.901942536453e-18 
 2176       2.017732563975e-11       7.649219647929e-13       2.551779866559e-14       0.000000000000e+00       2.633935315707e-16       4.356786133131e-17       5.950215780883e-18 
 2177       2.006761269363e-11       7.691453268807e-13       2.280030670604e-14       0.000000000000e+00       2.628978295749e-16       4.317571990326e-17       5.998625900974e-18 
 2178       1.995861628103e-11       7.733486259354e-13       1.972579991126e-14       0.000000000000e+00       2.624032696790e-16       4.278616811445e-17       6.047151643099e-18 
 2179       1.985035373744e-11       7.775298804860e-13       1.629887999511e-14       0.000000000000e+00       2.619098493028e-16       4.239914454838e-17       6.095771674945e-18 
 2180       1.974284245542e-11       7.816871019736e-13       1.252416824905e-14       0.000000000000e+00       2.614175658418e-16       4.201458753958e-17       6.144464585418e-18 
 2181       1.963609988468e-11       7.858182947441e-13       8.406305565513e-15       0.000000000000e+00       2.609264166676e-16       4.163243517326e-17       6.193208884557e-18 
 2182       1.953014353212e-11       7.899214560396e-13       3.949952461445e-15       0.000000000000e+00       2.604363991274e-16       4.125262528502e-17       6.241983003439e-18 
 2183       1.942499096194e-11       7.939945759909e-13      -8.402108982626e-16       0.000000000000e+00       2.599475105441e-16       4.087509546060e-17       6.290765294094e-18 
 2184       1.932065979566e-11       7.980356376090e-13      -5.959484677283e-15       0.000000000000e+00       2.594597482166e-16       4.049978303554e-17       6.339534029409e-18 
 2185       1.921716771218e-11       8.020426167771e-13      -1.140314934439e-14       0.000000000000e+00       2.589731094190e-16       4.012662509489e-17       6.388267403043e-18 
 2186       1.911453244790e-11       8.060134822428e-13      -1.716646564998e-14       0.000000000000e+00       2.584875914016e-16       3.975555847293e-17       6.436943529329e-18 
 2187       1.901277179671e-11       8.099461956100e-13      -2.324467460260e-14       0.000000000000e+00       2.580031913899e-16       3.938651975287e-17       6.485540443194e-18 
 2188       1.891190361009e-11       8.138387113306e-13      -2.963299744549e-14       0.000000000000e+00       2.575199065850e-16       3.901944526656e-17       6.534036100059e-18 
 2189       1.881194579717e-11       8.176889766966e-13      -3.632663563308e-14       0.000000000000e+00       2.570377341639e-16       3.865427109416e-17       6.582408375753e-18 
 2190       1.871291632480e-11       8.214949318321e-13      -4.332077080756e-14       0.000000000000e+00       2.565566712787e-16       3.829093306389e-17       6.630635066422e-18 
 2191       1.861483321759e-11       8.252545096852e-13      -5.061056477537e-14       0.000000000000e+00       2.560767150571e-16       3.792936675173e-17       6.678693888440e-18 
 2192       1.851771455800e-11       8.289656360201e-13      -5.819115948375e-14       0.000000000000e+00       2.555978626023e-16       3.756950748109e-17       6.726562478315e-18 
 2193       1.842157848636e-11       8.326262294087e-13      -6.605767699726e-14       0.000000000000e+00       2.551201109929e-16       3.721129032254e-17       6.774218392601e-18 
 2194       1.832644320101e-11       8.362342012229e-13      -7.420521947431e-14       0.000000000000e+00       2.546434572827e-16       3.685465009351e-17       6.821639107809e-18 
 2195       1.823232695826e-11       8.397874556262e-13      -8.262886914369e-14       0.000000000000e+00       2.541678985011e-16       3.649952135800e-17       6.868802020312e-18 
 2196       1.813924807254e-11       8.432838895662e-13      -9.132368828109e-14       0.000000000000e+00       2.536934316527e-16       3.614583842628e-17       6.915684446259e-18 
 2197       1.804722491643e-11       8.467213927659e-13      -1.002847191856e-13       0.000000000000e+00       2.532200537172e-16       3.579353535459e-17       6.962263621483e-18 
 2198       1.795627592070e-11       8.500978477161e-13      -1.095069841564e-13       0.000000000000e+00       2.527477616496e-16       3.544254594486e-17       7.008516701410e-18 
 2199       1.786641957442e-11       8.534111296672e-13      -1.189854854690e-13       0.000000000000e+00       2.522765523803e-16       3.509280374438e-17       7.054420760968e-18 
 2200       1.777767442498e-11       8.566591066212e-13      -1.287152053520e-13       0.000000000000e+00       2.518064228146e-16       3.474424204556e-17       7.099952794499e-18 
 2201       1.769005907818e-11       8.598396393234e-13      -1.386911059636e-13       0.000000000000e+00       2.513373698331e-16       3.439679388558e-17       7.145089715665e-18 
 2202       1.760359219829e-11       8.629505812548e-13      -1.489081293679e-13       0.000000000000e+00       2.508693902914e-16       3.405039204613e-17       7.189808357363e-18 
 2203       1.751829250808e-11       8.659897786238e-13      -1.593611975119e-13       0.000000000000e+00       2.504024810202e-16       3.370496905308e-17       7.234085471628e-18 
 2204       1.743417566457e-11       8.689553251380e-13      -1.700450038234e-13       0.000000000000e+00       2.499366389497e-16       3.336048201614e-17       7.277893768076e-18 
 2205       1.735124486334e-11       8.718463281862e-13      -1.809533865418e-13       0.000000000000e+00       2.494718614849e-16       3.301698732846e-17       7.321190000643e-18 
 2206       1.726950017190e-11       8.746621477297e-13      -1.920799511780e-13       0.000000000000e+00       2.490081461325e-16       3.267456646258e-17       7.363926801530e-18 
 2207       1.718894164839e-11       8.774021419826e-13      -2.034182784867e-13       0.000000000000e+00       2.485454903771e-16       3.233330117590e-17       7.406056635309e-18 
 2208       1.710956934157e-11       8.800656674097e-13      -2.149619244370e-13       0.000000000000e+00       2.480838916809e-16       3.199327351101e-17       7.447531798730e-18 
 2209       1.703138329078e-11       8.826520787255e-13      -2.267044201842e-13       0.000000000000e+00       2.476233474836e-16       3.165456579597e-17       7.488304420533e-18 
 2210       1.695438352596e-11       8.851607288917e-13      -2.386392720411e-13       0.000000000000e+00       2.471638552022e-16       3.131726064466e-17       7.528326461261e-18 
 2211       1.687857006760e-11       8.875909691158e-13      -2.507599614492e-13       0.000000000000e+00       2.467054122318e-16       3.098144095709e-17       7.567549713072e-18 
 2212       1.680394292675e-11       8.899421488492e-13      -2.630599449505e-13       0.000000000000e+00       2.462480159443e-16       3.064718991973e-17       7.605925799548e-18 
 2213       1.673050210501e-11       8.922136157857e-13      -2.755326541585e-13       0.000000000000e+00       2.457916636897e-16       3.031459100579e-17       7.643406175510e-18 
 2214       1.665824759447e-11       8.944047158594e-13      -2.881714957297e-13       0.000000000000e+00       2.453363527948e-16       2.998372797559e-17       7.679942126829e-18 
 2215       1.658717937777e-11       8.965147932431e-13      -3.009698513351e-13       0.000000000000e+00       2.448820805642e-16       2.965468487683e-17       7.715484770237e-18 
 2216       1.651729742802e-11       8.985431903466e-13      -3.139210776313e-13       0.000000000000e+00       2.444288442797e-16       2.932754604495e-17       7.749985053136e-18 
 2217       1.644860170882e-11       9.004892478148e-13      -3.270185062322e-13       0.000000000000e+00       2.439766412005e-16       2.900239610341e-17       7.783393753417e-18 
 2218       1.638109217422e-11       9.023523045261e-13      -3.402554436802e-13       0.000000000000e+00       2.435254685631e-16       2.867931996405e-17       7.815661479265e-18 
 2219       1.631476876875e-11       9.041316975905e-13      -3.536251714177e-13       0.000000000000e+00       2.430753235810e-16       2.835840282735e-17       7.846738668973e-18 
 2220       1.624963142736e-11       9.058267623479e-13      -3.671209457582e-13       0.000000000000e+00       2.426262034452e-16       2.803973018282e-17       7.876575590755e-18 
 2221       1.618568007541e-11       9.074368323665e-13      -3.807359978582e-13       0.000000000000e+00       2.421781053239e-16       2.772338780925e-17       7.905122342556e-18 
 2222       1.612291462870e-11       9.089612394406e-13      -3.944635336880e-13       0.000000000000e+00       2.417310263622e-16       2.740946177507e-17       7.932328851864e-18 
 2223       1.606133499341e-11       9.103993135893e-13      -4.082967340035e-13       0.000000000000e+00       2.412849636827e-16       2.709803843865e-17       7.958144875523e-18 
 2224       1.600094106608e-11       9.117503830546e-13      -4.222287543174e-13       0.000000000000e+00       2.408399143848e-16       2.678920444865e-17       7.982519999543e-18 
 2225       1.594173273364e-11       9.130137742995e-13      -4.362527248706e-13       0.000000000000e+00       2.403958755451e-16       2.648304674427e-17       8.005403638913e-18 
 2226       1.588370987336e-11       9.141888120064e-13      -4.503617506037e-13       0.000000000000e+00       2.399528442173e-16       2.617965255565e-17       8.026745037412e-18 
 2227       1.582687235286e-11       9.152748190753e-13      -4.645489111283e-13       0.000000000000e+00       2.395108174318e-16       2.587910940412e-17       8.046493267421e-18 
 2228       1.577122003005e-11       9.162711166220e-13      -4.788072606981e-13       0.000000000000e+00       2.390697921964e-16       2.558150510257e-17       8.064597229737e-18 
 2229       1.571675275319e-11       9.171770239763e-13      -4.931298281808e-13       0.000000000000e+00       2.386297654956e-16       2.528692775572e-17       8.081005653378e-18 
 2230       1.566347036080e-11       9.179918586806e-13      -5.075096170293e-13       0.000000000000e+00       2.381907342907e-16       2.499546576047e-17       8.095667095404e-18 
 2231       1.561137268170e-11       9.187149364874e-13      -5.219396052528e-13       0.000000000000e+00       2.377526955202e-16       2.470720780624e-17       8.108529940721e-18 
 2232       1.556045953495e-11       9.193455713584e-13      -5.364127453886e-13       0.000000000000e+00       2.373156460992e-16       2.442224287521e-17       8.119542401897e-18 
 2233       1.551073072988e-11       9.198830754621e-13      -5.509219644731e-13       0.000000000000e+00       2.368795829197e-16       2.414066024273e-17       8.128652518972e-18 
 2234       1.546218606605e-11       9.203267591724e-13      -5.654601640135e-13       0.000000000000e+00       2.364445028504e-16       2.386254947756e-17       8.135808159270e-18 
 2235       1.541482533325e-11       9.206759310667e-13      -5.800202199590e-13       0.000000000000e+00       2.360104027370e-16       2.358800044224e-17       8.140957017213e-18 
 2236       1.536864831145e-11       9.209298979241e-13      -5.945949826722e-13       0.000000000000e+00       2.355772794016e-16       2.331710329339e-17       8.144046614128e-18 
 2237       1.532365477084e-11       9.210879647237e-13      -6.091772769007e-13       0.000000000000e+00       2.351451296431e-16       2.304994848204e-17       8.145024298063e-18 
 2238       1.527984447177e-11       9.211494346429e-13      -6.237599017480e-13       0.000000000000e+00       2.347139502373e-16       2.278662675391e-17       8.143837243596e-18 
 2239       1.523721716477e-11       9.211136090555e-13      -6.383356306454e-13       0.000000000000e+00       2.342837379362e-16       2.252722914978e-17       8.140432451650e-18 
 2240       1.519577259050e-11       9.209797875302e-13      -6.528972113231e-13       0.000000000000e+00       2.338544894687e-16       2.227184700577e-17       8.134756749301e-18 
 2241       1.515551047976e-11       9.207472678285e-13      -6.674373657817e-13       0.000000000000e+00       2.334262015403e-16       2.202057195366e-17       8.126756789592e-18 
 2242       1.511643055349e-11       9.204153459032e-13      -6.819487902633e-13       0.000000000000e+00       2.329988708327e-16       2.177349592125e-17       8.116379051344e-18 
 2243       1.507853035355e-11       9.199835560608e-13      -6.964246032671e-13       0.000000000000e+00       2.325724942078e-16       2.153068585696e-17       8.103588290260e-18 
 2244       1.504179871986e-11       9.194523931668e-13      -7.108596928470e-13       0.000000000000e+00       2.321470693188e-16       2.129210772286e-17       8.088423024225e-18 
 2245       1.500622227066e-11       9.188225951505e-13      -7.252493780504e-13       0.000000000000e+00       2.317225940027e-16       2.105770200622e-17       8.070940409782e-18 
 2246       1.497178756779e-11       9.180949032732e-13      -7.395889616551e-13       0.000000000000e+00       2.312990660771e-16       2.082740894982e-17       8.051197823968e-18 
 2247       1.493848111657e-11       9.172700621317e-13      -7.538737301509e-13       0.000000000000e+00       2.308764833406e-16       2.060116855169e-17       8.029252864570e-18 
 2248       1.490628936577e-11       9.163488196624e-13      -7.680989537225e-13       0.000000000000e+00       2.304548435724e-16       2.037892056479e-17       8.005163350374e-18 
 2249       1.487519870753e-11       9.153319271453e-13      -7.822598862309e-13       0.000000000000e+00       2.300341445323e-16       2.016060449675e-17       7.978987321419e-18 
 2250       1.484519547730e-11       9.142201392081e-13      -7.963517651956e-13       0.000000000000e+00       2.296143839609e-16       1.994615960961e-17       7.950783039247e-18 
 2251       1.481626595377e-11       9.130142138297e-13      -8.103698117768e-13       0.000000000000e+00       2.291955595793e-16       1.973552491948e-17       7.920608987157e-18 
 2252       1.478839635878e-11       9.117149123448e-13      -8.243092307575e-13       0.000000000000e+00       2.287776690894e-16       1.952863919628e-17       7.888523870451e-18 
 2253       1.476157285731e-11       9.103229994475e-13      -8.381652105252e-13       0.000000000000e+00       2.283607101734e-16       1.932544096348e-17       7.854586616694e-18 
 2254       1.473578155737e-11       9.088392431951e-13      -8.519329230545e-13       0.000000000000e+00       2.279446804943e-16       1.912586849778e-17       7.818856375957e-18 
 2255       1.471100850994e-11       9.072644150125e-13      -8.656075238887e-13       0.000000000000e+00       2.275295776955e-16       1.892985982885e-17       7.781392521075e-18 
 2256       1.468723970890e-11       9.055992896960e-13      -8.791841521222e-13       0.000000000000e+00       2.271153994010e-16       1.873735273901e-17       7.742254647897e-18 
 2257       1.466446109100e-11       9.038446454170e-13      -8.926579303822e-13       0.000000000000e+00       2.267021432150e-16       1.854828476300e-17       7.701502575536e-18 
 2258       1.464265853575e-11       9.020012637264e-13      -9.060239648113e-13       0.000000000000e+00       2.262898067225e-16       1.836259318765e-17       7.659196346620e-18 
 2259       1.462181786536e-11       9.000699295582e-13      -9.192773450490e-13       0.000000000000e+00       2.258783874888e-16       1.818021505162e-17       7.615396227550e-18 
 2260       1.460192484470e-11       8.980514312337e-13      -9.324131442141e-13       0.000000000000e+00       2.254678830594e-16       1.800108714509e-17       7.570162708741e-18 
 2261       1.458296518123e-11       8.959465604654e-13      -9.454264188866e-13       0.000000000000e+00       2.250582909603e-16       1.782514600951e-17       7.523556504885e-18 
 2262       1.456492452488e-11       8.937561123610e-13      -9.583122090900e-13       0.000000000000e+00       2.246496086981e-16       1.765232793729e-17       7.475638555194e-18 
 2263       1.454778846807e-11       8.914808854271e-13      -9.710655382731e-13       0.000000000000e+00       2.242418337592e-16       1.748256897152e-17       7.426470023657e-18 
 2264       1.453154254558e-11       8.891216815736e-13      -9.836814132921e-13       0.000000000000e+00       2.238349636107e-16       1.731580490570e-17       7.376112299287e-18 
 2265       1.451617223451e-11       8.866793061175e-13      -9.961548243930e-13       0.000000000000e+00       2.234289956997e-16       1.715197128343e-17       7.324626996377e-18 
 2266       1.450166295419e-11       8.841545677867e-13      -1.008480745193e-12       0.000000000000e+00       2.230239274538e-16       1.699100339815e-17       7.272075954749e-18 
 2267       1.448800006616e-11       8.815482787241e-13      -1.020654132663e-12       0.000000000000e+00       2.226197562804e-16       1.683283629283e-17       7.218521240008e-18 
 2268       1.447516887405e-11       8.788612544915e-13      -1.032669927111e-12       0.000000000000e+00       2.222164795676e-16       1.667740475971e-17       7.164025143791e-18 
 2269       1.446315462356e-11       8.760943140739e-13      -1.044523052160e-12       0.000000000000e+00       2.218140946832e-16       1.652464334001e-17       7.108650184019e-18 
 2270       1.445194250235e-11       8.732482798828e-13      -1.056208414735e-12       0.000000000000e+00       2.214125989753e-16       1.637448632364e-17       7.052459105151e-18 
 2271       1.444151764001e-11       8.703239777609e-13      -1.067720905043e-12       0.000000000000e+00       2.210119897721e-16       1.622686774890e-17       6.995514878432e-18 
 2272       1.443186510799e-11       8.673222369855e-13      -1.079055396554e-12       0.000000000000e+00       2.206122643819e-16       1.608172140224e-17       6.937880702150e-18 
 2273       1.442296991952e-11       8.642438902729e-13      -1.090206745985e-12       0.000000000000e+00       2.202134200930e-16       1.593898081792e-17       6.879620001880e-18 
 2274       1.441481702952e-11       8.610897737819e-13      -1.101169793279e-12       0.000000000000e+00       2.198154541738e-16       1.579857927776e-17       6.820796430744e-18 
 2275       1.440739133461e-11       8.578607271182e-13      -1.111939361592e-12       0.000000000000e+00       2.194183638725e-16       1.566044981086e-17       6.761473869655e-18 
 2276       1.440067767296e-11       8.545575933383e-13      -1.122510257271e-12       0.000000000000e+00       2.190221464174e-16       1.552452519329e-17       6.701716427576e-18 
 2277       1.439466082428e-11       8.511812189531e-13      -1.132877269837e-12       0.000000000000e+00       2.186267990167e-16       1.539073794784e-17       6.641588441766e-18 
 2278       1.438932550971e-11       8.477324539322e-13      -1.143035171967e-12       0.000000000000e+00       2.182323188587e-16       1.525902034368e-17       6.581154478032e-18 
 2279       1.438465639181e-11       8.442121517080e-13      -1.152978719478e-12       0.000000000000e+00       2.178387031112e-16       1.512930439614e-17       6.520479330984e-18 
 2280       1.438063807444e-11       8.406211691792e-13      -1.162702651307e-12       0.000000000000e+00       2.174459489222e-16       1.500152186637e-17       6.459628024286e-18 
 2281       1.437725510271e-11       8.369603667152e-13      -1.172201689492e-12       0.000000000000e+00       2.170540534194e-16       1.487560426112e-17       6.398665810904e-18 
 2282       1.437449170224e-11       8.332307120721e-13      -1.181471282383e-12       0.000000000000e+00       2.166630139516e-16       1.475150039411e-17       6.337652638270e-18 
 2283       1.437233099507e-11       8.294335928617e-13      -1.190509839513e-12       0.000000000000e+00       2.162728288146e-16       1.462922919417e-17       6.276626504454e-18 
 2284       1.437075577855e-11       8.255705060954e-13      -1.199316511025e-12       0.000000000000e+00       2.158834965299e-16       1.450882723538e-17       6.215619995713e-18 
 2285       1.436974878554e-11       8.216429544598e-13      -1.207890445751e-12       0.000000000000e+00       2.154950156037e-16       1.439033120618e-17       6.154665812010e-18 
 2286       1.436929268434e-11       8.176524463234e-13      -1.216230791211e-12       0.000000000000e+00       2.151073845273e-16       1.427377790954e-17       6.093796767137e-18 
 2287       1.436937007858e-11       8.136004957430e-13      -1.224336693612e-12       0.000000000000e+00       2.147206017764e-16       1.415920426306e-17       6.033045788845e-18 
 2288       1.436996350719e-11       8.094886224697e-13      -1.232207297843e-12       0.000000000000e+00       2.143346658117e-16       1.404664729904e-17       5.972445918961e-18 
 2289       1.437105544430e-11       8.053183519558e-13      -1.239841747482e-12       0.000000000000e+00       2.139495750785e-16       1.393614416471e-17       5.912030313514e-18 
 2290       1.437262829918e-11       8.010912153605e-13      -1.247239184787e-12       0.000000000000e+00       2.135653280069e-16       1.382773212223e-17       5.851832242863e-18 
 2291       1.437466441616e-11       7.968087495569e-13      -1.254398750702e-12       0.000000000000e+00       2.131819230116e-16       1.372144854890e-17       5.791885091816e-18 
 2292       1.437714607459e-11       7.924724971380e-13      -1.261319584852e-12       0.000000000000e+00       2.127993584919e-16       1.361733093723e-17       5.732222359758e-18 
 2293       1.438005548871e-11       7.880840064231e-13      -1.268000825544e-12       0.000000000000e+00       2.124176328319e-16       1.351541689507e-17       5.672877660774e-18 
 2294       1.438337480763e-11       7.836448314643e-13      -1.274441609763e-12       0.000000000000e+00       2.120367444002e-16       1.341574414576e-17       5.613884723771e-18 
 2295       1.438708611521e-11       7.791565320526e-13      -1.280641073178e-12       0.000000000000e+00       2.116566915500e-16       1.331835052819e-17       5.555277392605e-18 
 2296       1.439117143006e-11       7.746206737245e-13      -1.286598350134e-12       0.000000000000e+00       2.112774726192e-16       1.322327399699e-17       5.497089626205e-18 
 2297       1.439561270538e-11       7.700388277684e-13      -1.292312573656e-12       0.000000000000e+00       2.108990859302e-16       1.313055262259e-17       5.439355498694e-18 
 2298       1.440039182895e-11       7.654125712306e-13      -1.297782875443e-12       0.000000000000e+00       2.105215297898e-16       1.304022459136e-17       5.382109199518e-18 
 2299       1.440549062305e-11       7.607434869221e-13      -1.303008385875e-12       0.000000000000e+00       2.101448024895e-16       1.295232820577e-17       5.325385033565e-18 
 2300       1.441089084435e-11       7.560331634248e-13      -1.307988234005e-12       0.000000000000e+00       2.097689023051e-16       1.286690188445e-17       5.269217421294e-18 
 2301       1.441657418388e-11       7.512831950975e-13      -1.312721547561e-12       0.000000000000e+00       2.093938274971e-16       1.278398416232e-17       5.213640898856e-18 
 2302       1.442252226694e-11       7.464951820831e-13      -1.317207452946e-12       0.000000000000e+00       2.090195763102e-16       1.270361369076e-17       5.158690118217e-18 
 2303       1.442871665304e-11       7.416707303139e-13      -1.321445075236e-12       0.000000000000e+00       2.086461469738e-16       1.262582923766e-17       5.104399847289e-18 
 2304       1.443513883581e-11       7.368114515189e-13      -1.325433538178e-12       0.000000000000e+00       2.082735377015e-16       1.255066968761e-17       5.050804970044e-18 
 2305       1.444177024291e-11       7.319189632295e-13      -1.329171964193e-12       0.000000000000e+00       2.079017466913e-16       1.247817404195e-17       4.997940486646e-18 
 2306       1.444859223604e-11       7.269948887864e-13      -1.332659474371e-12       0.000000000000e+00       2.075307721256e-16       1.240838141894e-17       4.945841513574e-18 
 2307       1.445558611076e-11       7.220408573455e-13      -1.335895188473e-12       0.000000000000e+00       2.071606121713e-16       1.234133105387e-17       4.894543283741e-18 
 2308       1.446273309649e-11       7.170585038844e-13      -1.338878224928e-12       0.000000000000e+00       2.067912649794e-16       1.227706229917e-17       4.844081146626e-18 
 2309       1.447001435643e-11       7.120494692090e-13      -1.341607700835e-12       0.000000000000e+00       2.064227286852e-16       1.221561462453e-17       4.794490568391e-18 
 2310       1.447741098745e-11       7.070153999595e-13      -1.344082731959e-12       0.000000000000e+00       2.060550014085e-16       1.215702761703e-17       4.745807132009e-18 
 2311       1.448490402006e-11       7.019579486170e-13      -1.346302432733e-12       0.000000000000e+00       2.056880812531e-16       1.210134098124e-17       4.698066537388e-18 
 2312       1.449247441831e-11       6.968787735098e-13      -1.348265916255e-12       0.000000000000e+00       2.053219663072e-16       1.204859453937e-17       4.651304601495e-18 
 2313       1.450010307974e-11       6.917795388197e-13      -1.349972294288e-12       0.000000000000e+00       2.049566546433e-16       1.199882823138e-17       4.605557258478e-18 
 2314       1.450777083529e-11       6.866619145885e-13      -1.351420677260e-12       0.000000000000e+00       2.045921443178e-16       1.195208211507e-17       4.560860559793e-18 
 2315       1.451545844923e-11       6.815275767241e-13      -1.352610174263e-12       0.000000000000e+00       2.042284333715e-16       1.190839636624e-17       4.517250674327e-18 
 2316       1.452314661911e-11       6.763782070071e-13      -1.353539893049e-12       0.000000000000e+00       2.038655198294e-16       1.186781127879e-17       4.474763888520e-18 
 2317       1.453081597565e-11       6.712154930973e-13      -1.354208940035e-12       0.000000000000e+00       2.035034017004e-16       1.183036726485e-17       4.433436606495e-18 
 2318       1.453844708270e-11       6.660411285396e-13      -1.354616420296e-12       0.000000000000e+00       2.031420769777e-16       1.179610485488e-17       4.393305350175e-18 
 2319       1.454602043715e-11       6.608568127707e-13      -1.354761437571e-12       0.000000000000e+00       2.027815436385e-16       1.176506469781e-17       4.354406759413e-18 
 2320       1.455351646886e-11       6.556642511253e-13      -1.354643094254e-12       0.000000000000e+00       2.024217996442e-16       1.173728756116e-17       4.316777592113e-18 
 2321       1.456091695115e-11       6.504650914681e-13      -1.354261089047e-12       0.000000000000e+00       2.020628429883e-16       1.171279580249e-17       4.280436636176e-18 
 2322       1.456820924203e-11       6.452607336394e-13      -1.353617514009e-12       0.000000000000e+00       2.017046718415e-16       1.169153765581e-17       4.245330320410e-18 
 2323       1.457538206957e-11       6.400525188202e-13      -1.352715068839e-12       0.000000000000e+00       2.013472844078e-16       1.167344259395e-17       4.211386760784e-18 
 2324       1.458242412375e-11       6.348417928023e-13      -1.351556464269e-12       0.000000000000e+00       2.009906788760e-16       1.165843982507e-17       4.178533817175e-18 
 2325       1.458932405640e-11       6.296299059932e-13      -1.350144422080e-12       0.000000000000e+00       2.006348534199e-16       1.164645829231e-17       4.146699093087e-18 
 2326       1.459607048117e-11       6.244182134215e-13      -1.348481675111e-12       0.000000000000e+00       2.002798061983e-16       1.163742667355e-17       4.115809935377e-18 
 2327       1.460265197349e-11       6.192080747414e-13      -1.346570967274e-12       0.000000000000e+00       1.999255353550e-16       1.163127338107e-17       4.085793433973e-18 
 2328       1.460905707051e-11       6.140008542378e-13      -1.344415053564e-12       0.000000000000e+00       1.995720390185e-16       1.162792656128e-17       4.056576421596e-18 
 2329       1.461527427111e-11       6.087979208312e-13      -1.342016700074e-12       0.000000000000e+00       1.992193153022e-16       1.162731409445e-17       4.028085473480e-18 
 2330       1.462129203580e-11       6.036006480829e-13      -1.339378684006e-12       0.000000000000e+00       1.988673623047e-16       1.162936359438e-17       4.000246907098e-18 
 2331       1.462709878672e-11       5.984104141996e-13      -1.336503793684e-12       0.000000000000e+00       1.985161781089e-16       1.163400240809e-17       3.972986781878e-18 
 2332       1.463268290756e-11       5.932286020386e-13      -1.333394828567e-12       0.000000000000e+00       1.981657607830e-16       1.164115761561e-17       3.946230898928e-18 
 2333       1.463803274357e-11       5.880565991124e-13      -1.330054599261e-12       0.000000000000e+00       1.978161083797e-16       1.165075602961e-17       3.919904800754e-18 
 2334       1.464313660149e-11       5.828957975941e-13      -1.326485927529e-12       0.000000000000e+00       1.974672189367e-16       1.166272419513e-17       3.893933770988e-18 
 2335       1.464798274950e-11       5.777475943223e-13      -1.322691646310e-12       0.000000000000e+00       1.971190904763e-16       1.167698838929e-17       3.868242834099e-18 
 2336       1.465255941720e-11       5.726133908055e-13      -1.318674599724e-12       0.000000000000e+00       1.967717210057e-16       1.169347462102e-17       3.842756755126e-18 
 2337       1.465685479554e-11       5.674945932279e-13      -1.314437643088e-12       0.000000000000e+00       1.964251085165e-16       1.171210863071e-17       3.817400039389e-18 
 2338       1.466085703684e-11       5.623926124535e-13      -1.309983642932e-12       0.000000000000e+00       1.960792509855e-16       1.173281588999e-17       3.792096932219e-18 
 2339       1.466455425467e-11       5.573088640317e-13      -1.305315477003e-12       0.000000000000e+00       1.957341463737e-16       1.175552160136e-17       3.766771418673e-18 
 2340       1.466793452388e-11       5.522447682019e-13      -1.300436034285e-12       0.000000000000e+00       1.953897926270e-16       1.178015069798e-17       3.741347223259e-18 
 2341       1.467098588050e-11       5.472017498984e-13      -1.295348215009e-12       0.000000000000e+00       1.950461876760e-16       1.180662784331e-17       3.715747809656e-18 
 2342       1.467369632175e-11       5.421812387559e-13      -1.290054930665e-12       0.000000000000e+00       1.947033294358e-16       1.183487743083e-17       3.689896380436e-18 
 2343       1.467605380595e-11       5.371846691136e-13      -1.284559104013e-12       0.000000000000e+00       1.943612158062e-16       1.186482358380e-17       3.663715876784e-18 
 2344       1.467804625253e-11       5.322134800209e-13      -1.278863669101e-12       0.000000000000e+00       1.940198446713e-16       1.189639015488e-17       3.637128978222e-18 
 2345       1.467966154196e-11       5.272691152419e-13      -1.272971571270e-12       0.000000000000e+00       1.936792139003e-16       1.192950072593e-17       3.610058102328e-18 
 2346       1.468088751571e-11       5.223530232605e-13      -1.266885767174e-12       0.000000000000e+00       1.933393213463e-16       1.196407860762e-17       3.582425404459e-18 
 2347       1.468171197620e-11       5.174666572853e-13      -1.260609224784e-12       0.000000000000e+00       1.930001648475e-16       1.200004683925e-17       3.554152777472e-18 
 2348       1.468212268680e-11       5.126114752547e-13      -1.254144923410e-12       0.000000000000e+00       1.926617422263e-16       1.203732818834e-17       3.525161851443e-18 
 2349       1.468210737175e-11       5.077889398418e-13      -1.247495853706e-12       0.000000000000e+00       1.923240512895e-16       1.207584515043e-17       3.495373993392e-18 
 2350       1.468165371611e-11       5.030005184590e-13      -1.240665017687e-12       0.000000000000e+00       1.919870898286e-16       1.211551994873e-17       3.464710307004e-18 
 2351       1.468074936578e-11       4.982476832635e-13      -1.233655428738e-12       0.000000000000e+00       1.916508556193e-16       1.215627453387e-17       3.433091632347e-18 
 2352       1.467938192738e-11       4.935319111619e-13      -1.226470111629e-12       0.000000000000e+00       1.913153464221e-16       1.219803058357e-17       3.400438545597e-18 
 2353       1.467753896828e-11       4.888546838152e-13      -1.219112102528e-12       0.000000000000e+00       1.909805599815e-16       1.224070950237e-17       3.366671358759e-18 
 2354       1.467520801651e-11       4.842174876438e-13      -1.211584449009e-12       0.000000000000e+00       1.906464940265e-16       1.228423242132e-17       3.331710119384e-18 
 2355       1.467237656075e-11       4.796218138326e-13      -1.203890210072e-12       0.000000000000e+00       1.903131462705e-16       1.232852019772e-17       3.295474610299e-18 
 2356       1.466903205026e-11       4.750691583356e-13      -1.196032456147e-12       0.000000000000e+00       1.899805144114e-16       1.237349341478e-17       3.257884349318e-18 
 2357       1.466516189487e-11       4.705610218810e-13      -1.188014269114e-12       0.000000000000e+00       1.896485961311e-16       1.241907238137e-17       3.218858588973e-18 
 2358       1.466075346492e-11       4.660989099763e-13      -1.179838742309e-12       0.000000000000e+00       1.893173890960e-16       1.246517713170e-17       3.178316316228e-18 
 2359       1.465579409123e-11       4.616843329131e-13      -1.171508980544e-12       0.000000000000e+00       1.889868909568e-16       1.251172742505e-17       3.136176252206e-18 
 2360       1.465027308059e-11       4.573186387833e-13      -1.163028268431e-12       0.000000000000e+00       1.886570994723e-16       1.255866108561e-17       3.092378362565e-18 
 2361       1.464418777605e-11       4.530025113858e-13      -1.154400576506e-12       0.000000000000e+00       1.883280128818e-16       1.260598914702e-17       3.046948535037e-18 
 2362       1.463753753414e-11       4.487364692143e-13      -1.145630058270e-12       0.000000000000e+00       1.879996295355e-16       1.265374104933e-17       2.999934302589e-18 
 2363       1.463032171278e-11       4.445210321656e-13      -1.136720882179e-12       0.000000000000e+00       1.876719477698e-16       1.270194633009e-17       2.951383369384e-18 
 2364       1.462253967123e-11       4.403567215399e-13      -1.127677231651e-12       0.000000000000e+00       1.873449659081e-16       1.275063462439e-17       2.901343610964e-18 
 2365       1.461419077015e-11       4.362440600429e-13      -1.118503305090e-12       0.000000000000e+00       1.870186822604e-16       1.279983566500e-17       2.849863074436e-18 
 2366       1.460527437156e-11       4.321835717867e-13      -1.109203315896e-12       0.000000000000e+00       1.866930951234e-16       1.284957928244e-17       2.796989978657e-18 
 2367       1.459578983886e-11       4.281757822914e-13      -1.099781492485e-12       0.000000000000e+00       1.863682027805e-16       1.289989540512e-17       2.742772714419e-18 
 2368       1.458573653683e-11       4.242212184864e-13      -1.090242078302e-12       0.000000000000e+00       1.860440035017e-16       1.295081405940e-17       2.687259844632e-18 
 2369       1.457511383163e-11       4.203204087117e-13      -1.080589331842e-12       0.000000000000e+00       1.857204955435e-16       1.300236536973e-17       2.630500104508e-18 
 2370       1.456392109081e-11       4.164738827193e-13      -1.070827526660e-12       0.000000000000e+00       1.853976771492e-16       1.305457955874e-17       2.572542401751e-18 
 2371       1.455215768330e-11       4.126821716746e-13      -1.060960951392e-12       0.000000000000e+00       1.850755465487e-16       1.310748694732e-17       2.513435816734e-18 
 2372       1.453982297943e-11       4.089458081575e-13      -1.050993909768e-12       0.000000000000e+00       1.847541019581e-16       1.316111795476e-17       2.453229602690e-18 
 2373       1.452691635091e-11       4.052653261641e-13      -1.040930720630e-12       0.000000000000e+00       1.844333415806e-16       1.321550309883e-17       2.391973185893e-18 
 2374       1.451343717087e-11       4.016412611079e-13      -1.030775717947e-12       0.000000000000e+00       1.841132636054e-16       1.327067299587e-17       2.329716165844e-18 
 2375       1.449938481381e-11       3.980741498210e-13      -1.020533250832e-12       0.000000000000e+00       1.837938662087e-16       1.332665836094e-17       2.266508315455e-18 
 2376       1.448475865565e-11       3.945645305559e-13      -1.010207683558e-12       0.000000000000e+00       1.834751475528e-16       1.338349000787e-17       2.202399581236e-18 
 2377       1.446955807370e-11       3.911129429862e-13      -9.998033955732e-13       0.000000000000e+00       1.831571057867e-16       1.344119884938e-17       2.137440083475e-18 
 2378       1.445378244670e-11       3.877199282086e-13      -9.893247815177e-13       0.000000000000e+00       1.828397390458e-16       1.349981589720e-17       2.071680116428e-18 
 2379       1.443743115478e-11       3.843860287438e-13      -9.787762512401e-13       0.000000000000e+00       1.825230454520e-16       1.355937226214e-17       2.005170148500e-18 
 2380       1.442050357948e-11       3.811117885380e-13      -9.681622298127e-13       0.000000000000e+00       1.822070231136e-16       1.361989915423e-17       1.937960822431e-18 
 2381       1.440299910376e-11       3.778977529643e-13      -9.574871575483e-13       0.000000000000e+00       1.818916701252e-16       1.368142788279e-17       1.870102955480e-18 
 2382       1.438491711200e-11       3.747444688242e-13      -9.467554900161e-13       0.000000000000e+00       1.815769845679e-16       1.374398985655e-17       1.801647539610e-18 
 2383       1.436625699000e-11       3.716524843485e-13      -9.359716980578e-13       0.000000000000e+00       1.812629645093e-16       1.380761658375e-17       1.732645741673e-18 
 2384       1.434701812498e-11       3.686223491991e-13      -9.251402678035e-13       0.000000000000e+00       1.809496080032e-16       1.387233967223e-17       1.663148903596e-18 
 2385       1.432719990559e-11       3.656546144701e-13      -9.142657006884e-13       0.000000000000e+00       1.806369130896e-16       1.393819082956e-17       1.593208542562e-18 
 2386       1.430680172190e-11       3.627498326892e-13      -9.033525134683e-13       0.000000000000e+00       1.803248777952e-16       1.400520186311e-17       1.522876351196e-18 
 2387       1.428582296541e-11       3.599085578192e-13      -8.924052382359e-13       0.000000000000e+00       1.800135001327e-16       1.407340468016e-17       1.452204197754e-18 
 2388       1.426426302906e-11       3.571313452592e-13      -8.814284224373e-13       0.000000000000e+00       1.797027781013e-16       1.414283128803e-17       1.381244126300e-18 
 2389       1.424212130722e-11       3.544187518460e-13      -8.704266288875e-13       0.000000000000e+00       1.793927096862e-16       1.421351379416e-17       1.310048356897e-18 
 2390       1.421939719572e-11       3.517713358553e-13      -8.594044357869e-13       0.000000000000e+00       1.790832928591e-16       1.428548440619e-17       1.238669285790e-18 
 2391       1.419609009179e-11       3.491896570034e-13      -8.483664367375e-13       0.000000000000e+00       1.787745255779e-16       1.435877543211e-17       1.167159485588e-18 
 2392       1.417219939414e-11       3.466742764483e-13      -8.373172407585e-13       0.000000000000e+00       1.784664057867e-16       1.443341928032e-17       1.095571705452e-18 
 2393       1.414772450292e-11       3.442257567911e-13      -8.262614723030e-13       0.000000000000e+00       1.781589314157e-16       1.450944845979e-17       1.023958871277e-18 
 2394       1.412266481971e-11       3.418446620771e-13      -8.152037712739e-13       0.000000000000e+00       1.778521003814e-16       1.458689558007e-17       9.523740858803e-19 
 2395       1.409701974756e-11       3.395315577979e-13      -8.041487930400e-13       0.000000000000e+00       1.775459105864e-16       1.466579335148e-17       8.808706291820e-19 
 2396       1.407078869098e-11       3.372870108919e-13      -7.931012084518e-13       0.000000000000e+00       1.772403599196e-16       1.474617458518e-17       8.095019583921e-19 
 2397       1.404397105592e-11       3.351115897461e-13      -7.820657038584e-13       0.000000000000e+00       1.769354462558e-16       1.482807219324e-17       7.383217081947e-19 
 2398       1.401656624980e-11       3.330058641975e-13      -7.710469811228e-13       0.000000000000e+00       1.766311674562e-16       1.491151918882e-17       6.673836909325e-19 
 2399       1.398857511633e-11       3.309702396369e-13      -7.600494857656e-13       0.000000000000e+00       1.763275215691e-16       1.499652787474e-17       5.967396652479e-19 
 2400       1.396000424965e-11       3.290044582128e-13      -7.490765895489e-13       0.000000000000e+00       1.760245074364e-16       1.508302727051e-17       5.264326267555e-19 
 2401       1.393086170652e-11       3.271080945864e-13      -7.381314029357e-13       0.000000000000e+00       1.757221240906e-16       1.517092530366e-17       4.565034767890e-19 
 2402       1.390115557393e-11       3.252807215497e-13      -7.272170465200e-13       0.000000000000e+00       1.754203705546e-16       1.526012958615e-17       3.869932503653e-19 
 2403       1.387089396911e-11       3.235219100239e-13      -7.163366510372e-13       0.000000000000e+00       1.751192458414e-16       1.535054741406e-17       3.179431163219e-19 
 2404       1.384008503958e-11       3.218312290569e-13      -7.054933573746e-13       0.000000000000e+00       1.748187489540e-16       1.544208576723e-17       2.493943774554e-19 
 2405       1.380873696320e-11       3.202082458217e-13      -6.946903165822e-13       0.000000000000e+00       1.745188788853e-16       1.553465130898e-17       1.813884706594e-19 
 2406       1.377685794816e-11       3.186525256138e-13      -6.839306898826e-13       0.000000000000e+00       1.742196346184e-16       1.562815038573e-17       1.139669670629e-19 
 2407       1.374445623304e-11       3.171636318493e-13      -6.732176486816e-13       0.000000000000e+00       1.739210151264e-16       1.572248902668e-17       4.717157216848e-20 
 2408       1.371154008684e-11       3.157411260629e-13      -6.625543745791e-13       0.000000000000e+00       1.736230193723e-16       1.581757294350e-17      -1.895587400986e-20 
 2409       1.367811780901e-11       3.143845679055e-13      -6.519440593788e-13       0.000000000000e+00       1.733256463091e-16       1.591330752997e-17      -8.437339680829e-20 
 2410       1.364419772947e-11       3.130935151424e-13      -6.413899050993e-13       0.000000000000e+00       1.730288948800e-16       1.600959786166e-17      -1.490388867751e-19 
 2411       1.360978820867e-11       3.118675236511e-13      -6.308951239843e-13       0.000000000000e+00       1.727327640178e-16       1.610634869562e-17      -2.129100995325e-19 
 2412       1.357489763760e-11       3.107061474191e-13      -6.204629385129e-13       0.000000000000e+00       1.724372526456e-16       1.620346447002e-17      -2.759446556386e-19 
 2413       1.353953443783e-11       3.096089385418e-13      -6.100965814102e-13       0.000000000000e+00       1.721423596762e-16       1.630084930380e-17      -3.381000404489e-19 
 2414       1.350370706155e-11       3.085754472207e-13      -5.997992956579e-13       0.000000000000e+00       1.718480840125e-16       1.639840699641e-17      -3.993336039788e-19 
 2415       1.346742399158e-11       3.076052217607e-13      -5.895743345045e-13       0.000000000000e+00       1.715544245471e-16       1.649604102741e-17      -4.596025607647e-19 
 2416       1.343069374142e-11       3.066978085687e-13      -5.794249614758e-13       0.000000000000e+00       1.712613801627e-16       1.659365455617e-17      -5.188639897264e-19 
 2417       1.339352485530e-11       3.058527521510e-13      -5.693544503855e-13       0.000000000000e+00       1.709689497317e-16       1.669115042153e-17      -5.770748340286e-19 
 2418       1.335592590816e-11       3.050695951112e-13      -5.593660853454e-13       0.000000000000e+00       1.706771321166e-16       1.678843114146e-17      -6.341919009430e-19 
 2419       1.331790550576e-11       3.043478781484e-13      -5.494631607761e-13       0.000000000000e+00       1.703859261695e-16       1.688539891276e-17      -6.901718617101e-19 
 2420       1.327947228461e-11       3.036871400550e-13      -5.396489814173e-13       0.000000000000e+00       1.700953307326e-16       1.698195561070e-17      -7.449712514008e-19 
 2421       1.324063491212e-11       3.030869177143e-13      -5.299268623383e-13       0.000000000000e+00       1.698053446377e-16       1.707800278870e-17      -7.985464687788e-19 
 2422       1.320140208652e-11       3.025467460988e-13      -5.203001289484e-13       0.000000000000e+00       1.695159667066e-16       1.717344167797e-17      -8.508537761617e-19 
 2423       1.316178253699e-11       3.020661582679e-13      -5.107721170075e-13       0.000000000000e+00       1.692271957508e-16       1.726817318723e-17      -9.018492992836e-19 
 2424       1.312178502362e-11       3.016446853658e-13      -5.013461726363e-13       0.000000000000e+00       1.689390305715e-16       1.736209790236e-17      -9.514890271563e-19 
 2425       1.308141833748e-11       3.012818566192e-13      -4.920256523270e-13       0.000000000000e+00       1.686514699601e-16       1.745511608603e-17      -9.997288119317e-19 
 2426       1.304069130064e-11       3.009771993358e-13      -4.828139229536e-13       0.000000000000e+00       1.683645126972e-16       1.754712767742e-17      -1.046524368763e-18 
 2427       1.299961276620e-11       3.007302389014e-13      -4.737143617823e-13       0.000000000000e+00       1.680781575535e-16       1.763803229187e-17      -1.091831275668e-18 
 2428       1.295819161835e-11       3.005404987785e-13      -4.647303564822e-13       0.000000000000e+00       1.677924032894e-16       1.772772922053e-17      -1.135604973389e-18 
 2429       1.291643677237e-11       3.004075005038e-13      -4.558653051354e-13       0.000000000000e+00       1.675072486549e-16       1.781611743007e-17      -1.177800765255e-18 
 2430       1.287435717466e-11       3.003307636860e-13      -4.471226162479e-13       0.000000000000e+00       1.672226923899e-16       1.790309556230e-17      -1.218373817045e-18 
 2431       1.283196180280e-11       3.003098060042e-13      -4.385057087595e-13       0.000000000000e+00       1.669387332238e-16       1.798856193387e-17      -1.257279156849e-18 
 2432       1.278925966556e-11       3.003441432052e-13      -4.300180120548e-13       0.000000000000e+00       1.666553698759e-16       1.807241453595e-17      -1.294471674930e-18 
 2433       1.274625980297e-11       3.004332891018e-13      -4.216629659731e-13       0.000000000000e+00       1.663726010549e-16       1.815455103385e-17      -1.329906123585e-18 
 2434       1.270297128627e-11       3.005767555706e-13      -4.134440208193e-13       0.000000000000e+00       1.660904254595e-16       1.823486876673e-17      -1.363537117007e-18 
 2435       1.265940321805e-11       3.007740525498e-13      -4.053646373743e-13       0.000000000000e+00       1.658088417777e-16       1.831326474727e-17      -1.395319131149e-18 
 2436       1.261556473220e-11       3.010246880371e-13      -3.974282869050e-13       0.000000000000e+00       1.655278486874e-16       1.838963566131e-17      -1.425206503583e-18 
 2437       1.257146499398e-11       3.013281680878e-13      -3.896384511755e-13       0.000000000000e+00       1.652474448560e-16       1.846387786753e-17      -1.453153433364e-18 
 2438       1.252711341893e-11       3.016839179440e-13      -3.819981401729e-13       0.000000000000e+00       1.649676289377e-16       1.853593489423e-17      -1.479136173204e-18 
 2439       1.248252033109e-11       3.020910449102e-13      -3.745084421020e-13       0.000000000000e+00       1.646883995645e-16       1.860594024187e-17      -1.503219751926e-18 
 2440       1.243769630877e-11       3.025485740494e-13      -3.671699647031e-13       0.000000000000e+00       1.644097553554e-16       1.867407543752e-17      -1.525491652455e-18 
 2441       1.239265196611e-11       3.030555269188e-13      -3.599833167464e-13       0.000000000000e+00       1.641316949185e-16       1.874052261622e-17      -1.546039656200e-18 
 2442       1.234739795310e-11       3.036109215658e-13      -3.529491080324e-13       0.000000000000e+00       1.638542168518e-16       1.880546452163e-17      -1.564951843363e-18 
 2443       1.230194495559e-11       3.042137725244e-13      -3.460679493925e-13       0.000000000000e+00       1.635773197424e-16       1.886908450668e-17      -1.582316593253e-18 
 2444       1.225630369538e-11       3.048630908117e-13      -3.393404526899e-13       0.000000000000e+00       1.633010021672e-16       1.893156653417e-17      -1.598222584590e-18 
 2445       1.221048493019e-11       3.055578839239e-13      -3.327672308206e-13       0.000000000000e+00       1.630252626924e-16       1.899309517739e-17      -1.612758795820e-18 
 2446       1.216449945377e-11       3.062971558327e-13      -3.263488977134e-13       0.000000000000e+00       1.627500998737e-16       1.905385562077e-17      -1.626014505421e-18 
 2447       1.211835809586e-11       3.070799069819e-13      -3.200860683312e-13       0.000000000000e+00       1.624755122561e-16       1.911403366052e-17      -1.638079292215e-18 
 2448       1.207207172231e-11       3.079051342831e-13      -3.139793586715e-13       0.000000000000e+00       1.622014983742e-16       1.917381570520e-17      -1.649043035674e-18 
 2449       1.202565123503e-11       3.087718311127e-13      -3.080293857673e-13       0.000000000000e+00       1.619280567518e-16       1.923338877640e-17      -1.658995916236e-18 
 2450       1.197910757211e-11       3.096789873075e-13      -3.022367676876e-13       0.000000000000e+00       1.616551859024e-16       1.929294050936e-17      -1.668028415608e-18 
 2451       1.193245170779e-11       3.106255891618e-13      -2.966021235379e-13       0.000000000000e+00       1.613828843286e-16       1.935265915358e-17      -1.676231317080e-18 
 2452       1.188569465255e-11       3.116106194228e-13      -2.911260734617e-13       0.000000000000e+00       1.611111505224e-16       1.941273357344e-17      -1.683695705836e-18 
 2453       1.183884745308e-11       3.126330572877e-13      -2.858092386404e-13       0.000000000000e+00       1.608399829653e-16       1.947335324885e-17      -1.690512969256e-18 
 2454       1.179192119241e-11       3.136918783996e-13      -2.806522412944e-13       0.000000000000e+00       1.605693801279e-16       1.953470827589e-17      -1.696774797235e-18 
 2455       1.174492698987e-11       3.147860548437e-13      -2.756557046838e-13       0.000000000000e+00       1.602993404705e-16       1.959698936738e-17      -1.702573182487e-18 
 2456       1.169787600114e-11       3.159145551440e-13      -2.708202531090e-13       0.000000000000e+00       1.600298624423e-16       1.966038785357e-17      -1.708000420857e-18 
 2457       1.165077941832e-11       3.170763442594e-13      -2.661465119117e-13       0.000000000000e+00       1.597609444821e-16       1.972509568272e-17      -1.713149111629e-18 
 2458       1.160364846995e-11       3.182703835797e-13      -2.616351074751e-13       0.000000000000e+00       1.594925850178e-16       1.979130542177e-17      -1.718112157838e-18 
 2459       1.155649442103e-11       3.194956309225e-13      -2.572866672252e-13       0.000000000000e+00       1.592247824666e-16       1.985921025693e-17      -1.722982766578e-18 
 2460       1.150932857308e-11       3.207510405291e-13      -2.531018196310e-13       0.000000000000e+00       1.589575352352e-16       1.992900399431e-17      -1.727854449312e-18 
 2461       1.146216226415e-11       3.220355630608e-13      -2.490811942056e-13       0.000000000000e+00       1.586908417191e-16       2.000088106059e-17      -1.732821022182e-18 
 2462       1.141500686890e-11       3.233481455954e-13      -2.452254215068e-13       0.000000000000e+00       1.584247003035e-16       2.007503650358e-17      -1.737976606318e-18 
 2463       1.136787379860e-11       3.246877316235e-13      -2.415351331377e-13       0.000000000000e+00       1.581591093624e-16       2.015166599292e-17      -1.743415628149e-18 
 2464       1.132077450118e-11       3.260532610445e-13      -2.380109617475e-13       0.000000000000e+00       1.578940672594e-16       2.023096582063e-17      -1.749232819711e-18 
 2465       1.127372046126e-11       3.274436701631e-13      -2.346535410324e-13       0.000000000000e+00       1.576295723469e-16       2.031313290181e-17      -1.755523218959e-18 
 2466       1.122672320019e-11       3.288578916860e-13      -2.314635057360e-13       0.000000000000e+00       1.573656229669e-16       2.039836477522e-17      -1.762382170075e-18 
 2467       1.117979427612e-11       3.302948547173e-13      -2.284414916501e-13       0.000000000000e+00       1.571022174502e-16       2.048685960392e-17      -1.769905323777e-18 
 2468       1.113294528397e-11       3.317534847558e-13      -2.255881356156e-13       0.000000000000e+00       1.568393541169e-16       2.057881617590e-17      -1.778188637631e-18 
 2469       1.108618785551e-11       3.332327036904e-13      -2.229040755230e-13       0.000000000000e+00       1.565770312763e-16       2.067443390471e-17      -1.787328376359e-18 
 2470       1.103953365941e-11       3.347314297972e-13      -2.203899503133e-13       0.000000000000e+00       1.563152472268e-16       2.077391283007e-17      -1.797421112150e-18 
 2471       1.099299440125e-11       3.362485777353e-13      -2.180463999786e-13       0.000000000000e+00       1.560540002558e-16       2.087745361854e-17      -1.808563724968e-18 
 2472       1.094658182355e-11       3.377830585430e-13      -2.158740655627e-13       0.000000000000e+00       1.557932886399e-16       2.098525756408e-17      -1.820853402862e-18 
 2473       1.090030770584e-11       3.393337796348e-13      -2.138735891622e-13       0.000000000000e+00       1.555331106448e-16       2.109752658873e-17      -1.834387642279e-18 
 2474       1.085418386468e-11       3.408996447969e-13      -2.120456139267e-13       0.000000000000e+00       1.552734645252e-16       2.121446324324e-17      -1.849264248368e-18 
 2475       1.080822215367e-11       3.424795541840e-13      -2.103907840602e-13       0.000000000000e+00       1.550143485250e-16       2.133627070764e-17      -1.865581335293e-18 
 2476       1.076243446353e-11       3.440724043154e-13      -2.089097448209e-13       0.000000000000e+00       1.547557608769e-16       2.146315279193e-17      -1.883437326546e-18 
 2477       1.071683185093e-11       3.456771209028e-13      -2.076027430147e-13       0.000000000000e+00       1.544976999070e-16       2.159523293819e-17      -1.902902000042e-18 
 2478       1.067142191922e-11       3.472927575526e-13      -2.064684258898e-13       0.000000000000e+00       1.542401643469e-16       2.173231070246e-17      -1.923929435782e-18 
 2479       1.062621142229e-11       3.489183976398e-13      -2.055050351433e-13       0.000000000000e+00       1.539831530235e-16       2.187410383459e-17      -1.946444554214e-18 
 2480       1.058120713436e-11       3.505531215264e-13      -2.047108057768e-13       0.000000000000e+00       1.537266647544e-16       2.202032914507e-17      -1.970372024456e-18 
 2481       1.053641585003e-11       3.521960065581e-13      -2.040839660900e-13       0.000000000000e+00       1.534706983484e-16       2.217070250404e-17      -1.995636264036e-18 
 2482       1.049184438428e-11       3.538461270617e-13      -2.036227376730e-13       0.000000000000e+00       1.532152526052e-16       2.232493884037e-17      -2.022161438642e-18 
 2483       1.044749957249e-11       3.555025543417e-13      -2.033253353997e-13       0.000000000000e+00       1.529603263155e-16       2.248275214067e-17      -2.049871461857e-18 
 2484       1.040338827046e-11       3.571643566774e-13      -2.031899674202e-13       0.000000000000e+00       1.527059182609e-16       2.264385544836e-17      -2.078689994909e-18 
 2485       1.035951735444e-11       3.588305993200e-13      -2.032148351544e-13       0.000000000000e+00       1.524520272140e-16       2.280796086270e-17      -2.108540446414e-18 
 2486       1.031589372115e-11       3.605003444889e-13      -2.033981332841e-13       0.000000000000e+00       1.521986519385e-16       2.297477953783e-17      -2.139345972117e-18 
 2487       1.027252428779e-11       3.621726513696e-13      -2.037380497464e-13       0.000000000000e+00       1.519457911889e-16       2.314402168183e-17      -2.171029474638e-18 
 2488       1.022941599205e-11       3.638465761099e-13      -2.042327657268e-13       0.000000000000e+00       1.516934437104e-16       2.331539655576e-17      -2.203513603212e-18 
 2489       1.018657579217e-11       3.655211718171e-13      -2.048804556515e-13       0.000000000000e+00       1.514416082396e-16       2.348861247269e-17      -2.236720753438e-18 
 2490       1.014401066692e-11       3.671954885550e-13      -2.056792871807e-13       0.000000000000e+00       1.511902835036e-16       2.366337679674e-17      -2.270573067019e-18 
 2491       1.010172761563e-11       3.688685733407e-13      -2.066274212014e-13       0.000000000000e+00       1.509394682205e-16       2.383939594215e-17      -2.304992431507e-18 
 2492       1.005973365821e-11       3.705394701417e-13      -2.077230118204e-13       0.000000000000e+00       1.506891610995e-16       2.401637537231e-17      -2.339900480046e-18 
 2493       1.001803583519e-11       3.722072198729e-13      -2.089642063572e-13       0.000000000000e+00       1.504393608402e-16       2.419401959880e-17      -2.375218591114e-18 
 2494       9.976641207716e-12       3.738708603932e-13      -2.103491453367e-13       0.000000000000e+00       1.501900661336e-16       2.437203218041e-17      -2.410867888270e-18 
 2495       9.935556857577e-12       3.755294265027e-13      -2.118759624824e-13       0.000000000000e+00       1.499412756611e-16       2.455011572226e-17      -2.446769239897e-18 
 2496       9.894789887226e-12       3.771819499398e-13      -2.135427847090e-13       0.000000000000e+00       1.496929880952e-16       2.472797187474e-17      -2.482843258943e-18 
 2497       9.854347419800e-12       3.788274593778e-13      -2.153477321156e-13       0.000000000000e+00       1.494452020991e-16       2.490530133265e-17      -2.519010302665e-18 
 2498       9.814236599139e-12       3.804649804220e-13      -2.172889179783e-13       0.000000000000e+00       1.491979163268e-16       2.508180383416e-17      -2.555190472378e-18 
 2499       9.774464589809e-12       3.820935356068e-13      -2.193644487436e-13       0.000000000000e+00       1.489511294232e-16       2.525717815994e-17      -2.591303613189e-18 
 2500       9.735038577116e-12       3.837121443924e-13      -2.215724240207e-13       0.000000000000e+00       1.487048400240e-16       2.543112213211e-17      -2.627269313752e-18 
 2501       9.695965767133e-12       3.853198231617e-13      -2.239109365747e-13       0.000000000000e+00       1.484590467555e-16       2.560333261336e-17      -2.663006906001e-18 
 2502       9.657253386715e-12       3.869155852176e-13      -2.263780723196e-13       0.000000000000e+00       1.482137482350e-16       2.577350550596e-17      -2.698435464900e-18 
 2503       9.618908683520e-12       3.884984407797e-13      -2.289719103112e-13       0.000000000000e+00       1.479689430703e-16       2.594133575080e-17      -2.733473808186e-18 
 2504       9.580938926029e-12       3.900673969812e-13      -2.316905227397e-13       0.000000000000e+00       1.477246298601e-16       2.610651732645e-17      -2.768040496110e-18 
 2505       9.543351403570e-12       3.916214578660e-13      -2.345319749229e-13       0.000000000000e+00       1.474808071940e-16       2.626874324818e-17      -2.802053831184e-18 
 2506       9.506153426330e-12       3.931596243855e-13      -2.374943252990e-13       0.000000000000e+00       1.472374736519e-16       2.642770556705e-17      -2.835431857920e-18 
 2507       9.469352325381e-12       3.946808943957e-13      -2.405756254197e-13       0.000000000000e+00       1.469946278048e-16       2.658309536889e-17      -2.868092362579e-18 
 2508       9.432955452699e-12       3.961842626540e-13      -2.437739199426e-13       0.000000000000e+00       1.467522682142e-16       2.673460277338e-17      -2.899952872911e-18 
 2509       9.396970181183e-12       3.976687208162e-13      -2.470872466247e-13       0.000000000000e+00       1.465103934323e-16       2.688191693312e-17      -2.930930657901e-18 
 2510       9.361403904675e-12       3.991332574335e-13      -2.505136363150e-13       0.000000000000e+00       1.462690020020e-16       2.702472603260e-17      -2.960942727510e-18 
 2511       9.326264037980e-12       4.005768579494e-13      -2.540511129475e-13       0.000000000000e+00       1.460280924570e-16       2.716271728732e-17      -2.989905832419e-18 
 2512       9.291558016887e-12       4.019985046966e-13      -2.576976935338e-13       0.000000000000e+00       1.457876633215e-16       2.729557694278e-17      -3.017736463776e-18 
 2513       9.257293298186e-12       4.033971768941e-13      -2.614513881567e-13       0.000000000000e+00       1.455477131102e-16       2.742299027356e-17      -3.044350852935e-18 
 2514       9.223477359692e-12       4.047718506438e-13      -2.653101999623e-13       0.000000000000e+00       1.453082403288e-16       2.754464158233e-17      -3.069664971205e-18 
 2515       9.190117700264e-12       4.061214989280e-13      -2.692721251534e-13       0.000000000000e+00       1.450692434734e-16       2.766021419893e-17      -3.093594529586e-18 
 2516       9.157220562945e-12       4.074451981608e-13      -2.733350304317e-13       0.000000000000e+00       1.448307211806e-16       2.776947071109e-17      -3.116074265832e-18 
 2517       9.124787096237e-12       4.087424485282e-13      -2.774962845593e-13       0.000000000000e+00       1.445926726779e-16       2.787249416891e-17      -3.137115928783e-18 
 2518       9.092817170526e-12       4.100128555066e-13      -2.817531246389e-13       0.000000000000e+00       1.443550973359e-16       2.796944828226e-17      -3.156750630976e-18 
 2519       9.061310652929e-12       4.112560234758e-13      -2.861027784600e-13       0.000000000000e+00       1.441179945188e-16       2.806049731710e-17      -3.175009592096e-18 
 2520       9.030267407286e-12       4.124715557183e-13      -2.905424644896e-13       0.000000000000e+00       1.438813635841e-16       2.814580609610e-17      -3.191924139077e-18 
 2521       8.999687294158e-12       4.136590544178e-13      -2.950693918630e-13       0.000000000000e+00       1.436452038827e-16       2.822553999912e-17      -3.207525706214e-18 
 2522       8.969570170822e-12       4.148181206586e-13      -2.996807603740e-13       0.000000000000e+00       1.434095147588e-16       2.829986496386e-17      -3.221845835274e-18 
 2523       8.939915891267e-12       4.159483544244e-13      -3.043737604657e-13       0.000000000000e+00       1.431742955503e-16       2.836894748635e-17      -3.234916175602e-18 
 2524       8.910724306191e-12       4.170493545972e-13      -3.091455732213e-13       0.000000000000e+00       1.429395455884e-16       2.843295462156e-17      -3.246768484233e-18 
 2525       8.881995262993e-12       4.181207189564e-13      -3.139933703541e-13       0.000000000000e+00       1.427052641975e-16       2.849205398395e-17      -3.257434625999e-18 
 2526       8.853728605773e-12       4.191620441776e-13      -3.189143141987e-13       0.000000000000e+00       1.424714506955e-16       2.854641374803e-17      -3.266946573637e-18 
 2527       8.825924175327e-12       4.201729258318e-13      -3.239055577012e-13       0.000000000000e+00       1.422381043938e-16       2.859620264894e-17      -3.275336407904e-18 
 2528       8.798581809139e-12       4.211529583840e-13      -3.289642444098e-13       0.000000000000e+00       1.420052245970e-16       2.864158998298e-17      -3.282636317677e-18 
 2529       8.771701341382e-12       4.221017351926e-13      -3.340875084658e-13       0.000000000000e+00       1.417728106031e-16       2.868274560821e-17      -3.288878600070e-18 
 2530       8.745282602911e-12       4.230188485080e-13      -3.392724745936e-13       0.000000000000e+00       1.415408617035e-16       2.871983994501e-17      -3.294095660541e-18 
 2531       8.719325421257e-12       4.239038894718e-13      -3.445162580915e-13       0.000000000000e+00       1.413093771828e-16       2.875304397661e-17      -3.298320012996e-18 
 2532       8.693829620628e-12       4.247564481156e-13      -3.498159648226e-13       0.000000000000e+00       1.410783563190e-16       2.878252924968e-17      -3.301584279908e-18 
 2533       8.668795021900e-12       4.255761133602e-13      -3.551686912050e-13       0.000000000000e+00       1.408477983836e-16       2.880846787492e-17      -3.303921192415e-18 
 2534       8.644221442614e-12       4.263624730142e-13      -3.605715242024e-13       0.000000000000e+00       1.406177026411e-16       2.883103252756e-17      -3.305363590438e-18 
 2535       8.620108696973e-12       4.271151137734e-13      -3.660215413148e-13       0.000000000000e+00       1.403880683496e-16       2.885039644799e-17      -3.305944422786e-18 
 2536       8.596456595837e-12       4.278336212193e-13      -3.715158105693e-13       0.000000000000e+00       1.401588947602e-16       2.886673344225e-17      -3.305696747265e-18 
 2537       8.573264946719e-12       4.285175798184e-13      -3.770513905102e-13       0.000000000000e+00       1.399301811176e-16       2.888021788269e-17      -3.304653730788e-18 
 2538       8.550533553779e-12       4.291665729213e-13      -3.826253301900e-13       0.000000000000e+00       1.397019266595e-16       2.889102470844e-17      -3.302848649484e-18 
 2539       8.528262217822e-12       4.297801827610e-13      -3.882346691597e-13       0.000000000000e+00       1.394741306171e-16       2.889932942603e-17      -3.300314888807e-18 
 2540       8.506450736295e-12       4.303579904526e-13      -3.938764374597e-13       0.000000000000e+00       1.392467922147e-16       2.890530810995e-17      -3.297085943646e-18 
 2541       8.485098903278e-12       4.308995759919e-13      -3.995476556099e-13       0.000000000000e+00       1.390199106699e-16       2.890913740318e-17      -3.293195418431e-18 
 2542       8.464206509483e-12       4.314045182543e-13      -4.052453346009e-13       0.000000000000e+00       1.387934851937e-16       2.891099451778e-17      -3.288677027248e-18 
 2543       8.443773342251e-12       4.318723949942e-13      -4.109664758840e-13       0.000000000000e+00       1.385675149900e-16       2.891105723548e-17      -3.283564593939e-18 
 2544       8.423799185545e-12       4.323027828433e-13      -4.167080713621e-13       0.000000000000e+00       1.383419992563e-16       2.890950390816e-17      -3.277892052223e-18 
 2545       8.404283819946e-12       4.326952573102e-13      -4.224671033804e-13       0.000000000000e+00       1.381169371831e-16       2.890651345853e-17      -3.271693445793e-18 
 2546       8.385227022652e-12       4.330493927788e-13      -4.282405447167e-13       0.000000000000e+00       1.378923279541e-16       2.890226538058e-17      -3.265002928433e-18 
 2547       8.366628567469e-12       4.333647625078e-13      -4.340253585720e-13       0.000000000000e+00       1.376681707463e-16       2.889693974023e-17      -3.257854764126e-18 
 2548       8.348488224811e-12       4.336409386294e-13      -4.398184985613e-13       0.000000000000e+00       1.374444647300e-16       2.889071717584e-17      -3.250283327160e-18 
 2549       8.330805761692e-12       4.338774921481e-13      -4.456169087040e-13       0.000000000000e+00       1.372212090684e-16       2.888377889881e-17      -3.242323102240e-18 
 2550       8.313580941726e-12       4.340739929400e-13      -4.514175234146e-13       0.000000000000e+00       1.369984029180e-16       2.887630669411e-17      -3.234008684595e-18 
 2551       8.296813525118e-12       4.342300097515e-13      -4.572172674932e-13       0.000000000000e+00       1.367760454287e-16       2.886848292086e-17      -3.225374780090e-18 
 2552       8.280503268665e-12       4.343451101986e-13      -4.630130561163e-13       0.000000000000e+00       1.365541357432e-16       2.886049051293e-17      -3.216456205331e-18 
 2553       8.264649925746e-12       4.344188607653e-13      -4.688017948268e-13       0.000000000000e+00       1.363326729976e-16       2.885251297943e-17      -3.207287887780e-18 
 2554       8.249253246323e-12       4.344508268032e-13      -4.745803795253e-13       0.000000000000e+00       1.361116563210e-16       2.884473440533e-17      -3.197904865856e-18 
 2555       8.234312060508e-12       4.344406839534e-13      -4.803458657193e-13       0.000000000000e+00       1.358910847857e-16       2.883730159414e-17      -3.188334685924e-18 
 2556       8.219821523538e-12       4.343885531141e-13      -4.860959773512e-13       0.000000000000e+00       1.356709572565e-16       2.883021025781e-17      -3.178574545412e-18 
 2557       8.205775855004e-12       4.342946673908e-13      -4.918286008675e-13       0.000000000000e+00       1.354512725405e-16       2.882341817569e-17      -3.168614018911e-18 
 2558       8.192169253820e-12       4.341592608483e-13      -4.975416162188e-13       0.000000000000e+00       1.352320294367e-16       2.881688299305e-17      -3.158442649375e-18 
 2559       8.178995898202e-12       4.339825685118e-13      -5.032328968532e-13       0.000000000000e+00       1.350132267365e-16       2.881056222090e-17      -3.148049948095e-18 
 2560       8.166249945647e-12       4.337648263678e-13      -5.089003097103e-13       0.000000000000e+00       1.347948632234e-16       2.880441323590e-17      -3.137425394665e-18 
 2561       8.153925532914e-12       4.335062713651e-13      -5.145417152143e-13       0.000000000000e+00       1.345769376730e-16       2.879839328022e-17      -3.126558436950e-18 
 2562       8.142016776002e-12       4.332071414158e-13      -5.201549672683e-13       0.000000000000e+00       1.343594488531e-16       2.879245946139e-17      -3.115438491060e-18 
 2563       8.130517770125e-12       4.328676753966e-13      -5.257379132478e-13       0.000000000000e+00       1.341423955236e-16       2.878656875221e-17      -3.104054941313e-18 
 2564       8.119422589697e-12       4.324881131493e-13      -5.312883939943e-13       0.000000000000e+00       1.339257764364e-16       2.878067799056e-17      -3.092397140212e-18 
 2565       8.108725288308e-12       4.320686954823e-13      -5.368042438090e-13       0.000000000000e+00       1.337095903358e-16       2.877474387932e-17      -3.080454408408e-18 
 2566       8.098419898702e-12       4.316096641713e-13      -5.422832904467e-13       0.000000000000e+00       1.334938359578e-16       2.876872298620e-17      -3.068216034672e-18 
 2567       8.088500432756e-12       4.311112619605e-13      -5.477233551090e-13       0.000000000000e+00       1.332785120308e-16       2.876257174363e-17      -3.055671275866e-18 
 2568       8.078960881464e-12       4.305737325634e-13      -5.531222524388e-13       0.000000000000e+00       1.330636172752e-16       2.875624644864e-17      -3.042809356908e-18 
 2569       8.069795214907e-12       4.299973206641e-13      -5.584777905132e-13       0.000000000000e+00       1.328491504033e-16       2.874970326270e-17      -3.029619470746e-18 
 2570       8.060997382240e-12       4.293822719181e-13      -5.637877708377e-13       0.000000000000e+00       1.326351101198e-16       2.874289821158e-17      -3.016090778325e-18 
 2571       8.052561311667e-12       4.287288329532e-13      -5.690499883395e-13       0.000000000000e+00       1.324214951210e-16       2.873578718527e-17      -3.002212408555e-18 
 2572       8.044480910419e-12       4.280372513709e-13      -5.742622313616e-13       0.000000000000e+00       1.322083040957e-16       2.872832593781e-17      -2.987973458285e-18 
 2573       8.036750064737e-12       4.273077757471e-13      -5.794222816563e-13       0.000000000000e+00       1.319955357244e-16       2.872047008714e-17      -2.973362992268e-18 
 2574       8.029362639848e-12       4.265406556332e-13      -5.845279143788e-13       0.000000000000e+00       1.317831886798e-16       2.871217511502e-17      -2.958370043131e-18 
 2575       8.022312479943e-12       4.257361415571e-13      -5.895768980812e-13       0.000000000000e+00       1.315712616266e-16       2.870339636687e-17      -2.942983611348e-18 
 2576       8.015593408157e-12       4.248944850242e-13      -5.945669947056e-13       0.000000000000e+00       1.313597532213e-16       2.869408905162e-17      -2.927192665205e-18 
 2577       8.009199226552e-12       4.240159385187e-13      -5.994959595786e-13       0.000000000000e+00       1.311486621127e-16       2.868420824162e-17      -2.910986140771e-18 
 2578       8.003123716088e-12       4.231007555039e-13      -6.043615414044e-13       0.000000000000e+00       1.309379869414e-16       2.867370887248e-17      -2.894352941867e-18 
 2579       7.997360636609e-12       4.221491904240e-13      -6.091614822586e-13       0.000000000000e+00       1.307277263399e-16       2.866254574292e-17      -2.877281940038e-18 
 2580       7.991903726817e-12       4.211614987047e-13      -6.138935175820e-13       0.000000000000e+00       1.305178789330e-16       2.865067351470e-17      -2.859761974519e-18 
 2581       7.986746704254e-12       4.201379367542e-13      -6.185553761745e-13       0.000000000000e+00       1.303084433370e-16       2.863804671243e-17      -2.841781852205e-18 
 2582       7.981883265279e-12       4.190787619644e-13      -6.231447801881e-13       0.000000000000e+00       1.300994181606e-16       2.862461972346e-17      -2.823330347622e-18 
 2583       7.977307085051e-12       4.179842327118e-13      -6.276594451214e-13       0.000000000000e+00       1.298908020040e-16       2.861034679775e-17      -2.804396202896e-18 
 2584       7.973011817501e-12       4.168546083584e-13      -6.320970798129e-13       0.000000000000e+00       1.296825934597e-16       2.859518204774e-17      -2.784968127720e-18 
 2585       7.968991095316e-12       4.156901492531e-13      -6.364553864346e-13       0.000000000000e+00       1.294747911120e-16       2.857907944821e-17      -2.765034799328e-18 
 2586       7.965238529917e-12       4.144911167321e-13      -6.407320604859e-13       0.000000000000e+00       1.292673935370e-16       2.856199283615e-17      -2.744584862458e-18 
 2587       7.961747711438e-12       4.132577731205e-13      -6.449247907873e-13       0.000000000000e+00       1.290603993028e-16       2.854387591063e-17      -2.723606929329e-18 
 2588       7.958512208704e-12       4.119903817331e-13      -6.490312594739e-13       0.000000000000e+00       1.288538069694e-16       2.852468223268e-17      -2.702089579604e-18 
 2589       7.955525569209e-12       4.106892068751e-13      -6.530491419893e-13       0.000000000000e+00       1.286476150886e-16       2.850436522512e-17      -2.680021360361e-18 
 2590       7.952781319098e-12       4.093545138438e-13      -6.569761070791e-13       0.000000000000e+00       1.284418222042e-16       2.848287817250e-17      -2.657390786066e-18 
 2591       7.950272963145e-12       4.079865689290e-13      -6.608098167849e-13       0.000000000000e+00       1.282364268518e-16       2.846017422087e-17      -2.634186338538e-18 
 2592       7.947993984729e-12       4.065856394140e-13      -6.645479264376e-13       0.000000000000e+00       1.280314275587e-16       2.843620637774e-17      -2.610396466919e-18 
 2593       7.945937845817e-12       4.051519935773e-13      -6.681880846513e-13       0.000000000000e+00       1.278268228444e-16       2.841092751191e-17      -2.586009587647e-18 
 2594       7.944097864440e-12       4.036859584727e-13      -6.717282501061e-13       0.000000000000e+00       1.276226113734e-16       2.838430734376e-17      -2.561023389799e-18 
 2595       7.942466846415e-12       4.021880936271e-13      -6.751676438628e-13       0.000000000000e+00       1.274187924171e-16       2.835638352137e-17      -2.535472808602e-18 
 2596       7.941037451507e-12       4.006590183255e-13      -6.785058024113e-13       0.000000000000e+00       1.272153653946e-16       2.832721083246e-17      -2.509402209776e-18 
 2597       7.939802315708e-12       3.990993539224e-13      -6.817422613694e-13       0.000000000000e+00       1.270123297199e-16       2.829684424036e-17      -2.482856098636e-18 
 2598       7.938754051221e-12       3.975097238436e-13      -6.848765554822e-13       0.000000000000e+00       1.268096848015e-16       2.826533888415e-17      -2.455879120221e-18 
 2599       7.937885246436e-12       3.958907535886e-13      -6.879082186211e-13       0.000000000000e+00       1.266074300424e-16       2.823275007884e-17      -2.428516059435e-18 
 2600       7.937188465903e-12       3.942430707322e-13      -6.908367837834e-13       0.000000000000e+00       1.264055648406e-16       2.819913331550e-17      -2.400811841179e-18 
 2601       7.936656250311e-12       3.925673049270e-13      -6.936617830916e-13       0.000000000000e+00       1.262040885884e-16       2.816454426153e-17      -2.372811530488e-18 
 2602       7.936281116466e-12       3.908640879049e-13      -6.963827477927e-13       0.000000000000e+00       1.260030006729e-16       2.812903876070e-17      -2.344560332666e-18 
 2603       7.936055557266e-12       3.891340534798e-13      -6.989992082575e-13       0.000000000000e+00       1.258023004757e-16       2.809267283344e-17      -2.316103593419e-18 
 2604       7.935972041678e-12       3.873778375490e-13      -7.015106939801e-13       0.000000000000e+00       1.256019873731e-16       2.805550267695e-17      -2.287486798993e-18 
 2605       7.936023014715e-12       3.855960780958e-13      -7.039167335773e-13       0.000000000000e+00       1.254020607360e-16       2.801758466535e-17      -2.258755576309e-18 
 2606       7.936200897414e-12       3.837894151909e-13      -7.062168547873e-13       0.000000000000e+00       1.252025199297e-16       2.797897534993e-17      -2.229955693098e-18 
 2607       7.936498086809e-12       3.819584909953e-13      -7.084105844701e-13       0.000000000000e+00       1.250033643144e-16       2.793973145924e-17      -2.201133058033e-18 
 2608       7.936906955913e-12       3.801039497615e-13      -7.104974486058e-13       0.000000000000e+00       1.248045932446e-16       2.789990989932e-17      -2.172333720871e-18 
 2609       7.937419853688e-12       3.782264378359e-13      -7.124769722947e-13       0.000000000000e+00       1.246062060695e-16       2.785956775381e-17      -2.143603872582e-18 
 2610       7.938029105031e-12       3.763266036612e-13      -7.143486797564e-13       0.000000000000e+00       1.244082021330e-16       2.781876228420e-17      -2.114989845488e-18 
 2611       7.938727010741e-12       3.744050977777e-13      -7.161120943287e-13       0.000000000000e+00       1.242105807732e-16       2.777755092994e-17      -2.086538113395e-18 
 2612       7.939505847501e-12       3.724625728260e-13      -7.177667384678e-13       0.000000000000e+00       1.240133413232e-16       2.773599130861e-17      -2.058295291734e-18 
 2613       7.940357867857e-12       3.704996835485e-13      -7.193121337469e-13       0.000000000000e+00       1.238164831102e-16       2.769414121614e-17      -2.030308137689e-18 
 2614       7.941275300188e-12       3.685170867919e-13      -7.207478008558e-13       0.000000000000e+00       1.236200054563e-16       2.765205862695e-17      -2.002623550337e-18 
 2615       7.942250348688e-12       3.665154415092e-13      -7.220732596006e-13       0.000000000000e+00       1.234239076780e-16       2.760980169411e-17      -1.975288570783e-18 
 2616       7.943275193341e-12       3.644954087612e-13      -7.232880289022e-13       0.000000000000e+00       1.232281890862e-16       2.756742874952e-17      -1.948350382294e-18 
 2617       7.944341989898e-12       3.624576517193e-13      -7.243916267966e-13       0.000000000000e+00       1.230328489866e-16       2.752499830411e-17      -1.921856310434e-18 
 2618       7.945442869853e-12       3.604028356670e-13      -7.253835704335e-13       0.000000000000e+00       1.228378866792e-16       2.748256904796e-17      -1.895853823200e-18 
 2619       7.946569940422e-12       3.583316280022e-13      -7.262633760760e-13       0.000000000000e+00       1.226433014585e-16       2.744019985052e-17      -1.870390531158e-18 
 2620       7.947715284516e-12       3.562446982391e-13      -7.270305590999e-13       0.000000000000e+00       1.224490926136e-16       2.739794976073e-17      -1.845514187577e-18 
 2621       7.948870960722e-12       3.541427180104e-13      -7.276846339929e-13       0.000000000000e+00       1.222552594282e-16       2.735587800725e-17      -1.821272688566e-18 
 2622       7.950029003275e-12       3.520263610692e-13      -7.282251143544e-13       0.000000000000e+00       1.220618011801e-16       2.731404399859e-17      -1.797714073206e-18 
 2623       7.951181422041e-12       3.498963032911e-13      -7.286515128939e-13       0.000000000000e+00       1.218687171421e-16       2.727250732330e-17      -1.774886523688e-18 
 2624       7.952320202486e-12       3.477532226763e-13      -7.289633414316e-13       0.000000000000e+00       1.216760065810e-16       2.723132775010e-17      -1.752838365448e-18 
 2625       7.953437305660e-12       3.455977993514e-13      -7.291601108965e-13       0.000000000000e+00       1.214836687583e-16       2.719056522814e-17      -1.731618067303e-18 
 2626       7.954524668169e-12       3.434307155718e-13      -7.292413313267e-13       0.000000000000e+00       1.212917029301e-16       2.715027988706e-17      -1.711274241583e-18 
 2627       7.955574202155e-12       3.412526557234e-13      -7.292065118681e-13       0.000000000000e+00       1.211001083466e-16       2.711053203726e-17      -1.691855644269e-18 
 2628       7.956577795269e-12       3.390643063251e-13      -7.290551607743e-13       0.000000000000e+00       1.209088842528e-16       2.707138217000e-17      -1.673411175129e-18 
 2629       7.957527310651e-12       3.368663560302e-13      -7.287867854053e-13       0.000000000000e+00       1.207180298879e-16       2.703289095762e-17      -1.655989877851e-18 
 2630       7.958414586905e-12       3.346594956290e-13      -7.284008922275e-13       0.000000000000e+00       1.205275444857e-16       2.699511925368e-17      -1.639640940179e-18 
 2631       7.959231438078e-12       3.324444180505e-13      -7.278969868124e-13       0.000000000000e+00       1.203374272742e-16       2.695812809313e-17      -1.624413694050e-18 
 2632       7.959969653632e-12       3.302218183648e-13      -7.272745738366e-13       0.000000000000e+00       1.201476774761e-16       2.692197869251e-17      -1.610357615725e-18 
 2633       7.960621588385e-12       3.279923781922e-13      -7.265334289265e-13       0.000000000000e+00       1.199582943259e-16       2.688671379236e-17      -1.597501352460e-18 
 2634       7.961181935942e-12       3.257567188333e-13      -7.256744158478e-13       0.000000000000e+00       1.197692771232e-16       2.685230157082e-17      -1.585789674770e-18 
 2635       7.961645965077e-12       3.235154478827e-13      -7.246986738597e-13       0.000000000000e+00       1.195806251797e-16       2.681869141841e-17      -1.575146173786e-18 
 2636       7.962008930659e-12       3.212691747993e-13      -7.236073462862e-13       0.000000000000e+00       1.193923378018e-16       2.678583256737e-17      -1.565494202644e-18 
 2637       7.962266073639e-12       3.190185109083e-13      -7.224015805196e-13       0.000000000000e+00       1.192044142909e-16       2.675367409142e-17      -1.556756876267e-18 
 2638       7.962412621035e-12       3.167640694026e-13      -7.210825280248e-13       0.000000000000e+00       1.190168539427e-16       2.672216490566e-17      -1.548857071131e-18 
 2639       7.962443785922e-12       3.145064653451e-13      -7.196513443435e-13       0.000000000000e+00       1.188296560479e-16       2.669125376642e-17      -1.541717425039e-18 
 2640       7.962354767415e-12       3.122463156701e-13      -7.181091890981e-13       0.000000000000e+00       1.186428198918e-16       2.666088927108e-17      -1.535260336895e-18 
 2641       7.962140750660e-12       3.099842391852e-13      -7.164572259955e-13       0.000000000000e+00       1.184563447544e-16       2.663101985793e-17      -1.529407966475e-18 
 2642       7.961796906817e-12       3.077208565729e-13      -7.146966228317e-13       0.000000000000e+00       1.182702299103e-16       2.660159380605e-17      -1.524082234198e-18 
 2643       7.961318393052e-12       3.054567903926e-13      -7.128285514952e-13       0.000000000000e+00       1.180844746289e-16       2.657255923509e-17      -1.519204820900e-18 
 2644       7.960700352518e-12       3.031926650825e-13      -7.108541879717e-13       0.000000000000e+00       1.178990781741e-16       2.654386410519e-17      -1.514697167609e-18 
 2645       7.959937914347e-12       3.009291069610e-13      -7.087747123475e-13       0.000000000000e+00       1.177140398047e-16       2.651545621679e-17      -1.510480475312e-18 
 2646       7.959026193634e-12       2.986667442284e-13      -7.065913088142e-13       0.000000000000e+00       1.175293587739e-16       2.648728321046e-17      -1.506475704730e-18 
 2647       7.957960291425e-12       2.964062069693e-13      -7.043051656722e-13       0.000000000000e+00       1.173450343298e-16       2.645929256681e-17      -1.502603576092e-18 
 2648       7.956735294703e-12       2.941481271538e-13      -7.019174753348e-13       0.000000000000e+00       1.171610657149e-16       2.643143160629e-17      -1.498784568905e-18 
 2649       7.955346276377e-12       2.918931386394e-13      -6.994294343329e-13       0.000000000000e+00       1.169774521665e-16       2.640364748903e-17      -1.494938921725e-18 
 2650       7.953788295267e-12       2.896418771730e-13      -6.968422433180e-13       0.000000000000e+00       1.167941929165e-16       2.637588721473e-17      -1.490986631936e-18 
 2651       7.952056396093e-12       2.873949803923e-13      -6.941571070671e-13       0.000000000000e+00       1.166112871913e-16       2.634809762247e-17      -1.486847455515e-18 
 2652       7.950145609458e-12       2.851530878278e-13      -6.913752344863e-13       0.000000000000e+00       1.164287342121e-16       2.632022539061e-17      -1.482440906806e-18 
 2653       7.948050951840e-12       2.829168409048e-13      -6.884978386152e-13       0.000000000000e+00       1.162465331946e-16       2.629221703655e-17      -1.477686258296e-18 
 2654       7.945767425574e-12       2.806868829445e-13      -6.855261366304e-13       0.000000000000e+00       1.160646833492e-16       2.626401891668e-17      -1.472502540386e-18 
 2655       7.943290018845e-12       2.784638591666e-13      -6.824613498501e-13       0.000000000000e+00       1.158831838808e-16       2.623557722615e-17      -1.466808541158e-18 
 2656       7.940613705668e-12       2.762484166903e-13      -6.793047037379e-13       0.000000000000e+00       1.157020339890e-16       2.620683799876e-17      -1.460522806157e-18 
 2657       7.937733445880e-12       2.740412045367e-13      -6.760574279067e-13       0.000000000000e+00       1.155212328677e-16       2.617774710679e-17      -1.453563638154e-18 
 2658       7.934644185126e-12       2.718428736301e-13      -6.727207561231e-13       0.000000000000e+00       1.153407797058e-16       2.614825026087e-17      -1.445849096925e-18 
 2659       7.931340854843e-12       2.696540768002e-13      -6.692959263112e-13       0.000000000000e+00       1.151606736866e-16       2.611829300978e-17      -1.437296999020e-18 
 2660       7.927818372252e-12       2.674754687835e-13      -6.657841805566e-13       0.000000000000e+00       1.149809139877e-16       2.608782074038e-17      -1.427824917536e-18 
 2661       7.924071640339e-12       2.653077062252e-13      -6.621867651106e-13       0.000000000000e+00       1.148014997817e-16       2.605677867737e-17      -1.417350181890e-18 
 2662       7.920095547848e-12       2.631514476811e-13      -6.585049303942e-13       0.000000000000e+00       1.146224302355e-16       2.602511188318e-17      -1.405789877592e-18 
 2663       7.915884969263e-12       2.610073536191e-13      -6.547399310023e-13       0.000000000000e+00       1.144437045106e-16       2.599276525785e-17      -1.393060846015e-18 
 2664       7.911434764800e-12       2.588760864213e-13      -6.508930257072e-13       0.000000000000e+00       1.142653217630e-16       2.595968353881e-17      -1.379079684170e-18 
 2665       7.906739780387e-12       2.567583103857e-13      -6.469654774632e-13       0.000000000000e+00       1.140872811434e-16       2.592581130077e-17      -1.363762744475e-18 
 2666       7.901794847657e-12       2.546546917275e-13      -6.429585534107e-13       0.000000000000e+00       1.139095817968e-16       2.589109295558e-17      -1.347026134532e-18 
 2667       7.896594783934e-12       2.525658985817e-13      -6.388735248797e-13       0.000000000000e+00       1.137322228629e-16       2.585547275204e-17      -1.328785716897e-18 
 2668       7.891134392216e-12       2.504926010041e-13      -6.347116673943e-13       0.000000000000e+00       1.135552034758e-16       2.581889477578e-17      -1.308957108850e-18 
 2669       7.885408461168e-12       2.484354709736e-13      -6.304742606766e-13       0.000000000000e+00       1.133785227643e-16       2.578130294907e-17      -1.287455682171e-18 
 2670       7.879411765103e-12       2.463951823937e-13      -6.261625886506e-13       0.000000000000e+00       1.132021798513e-16       2.574264103074e-17      -1.264196562912e-18 
 2671       7.873139063974e-12       2.443724110943e-13      -6.217779394466e-13       0.000000000000e+00       1.130261738547e-16       2.570285261594e-17      -1.239094631168e-18 
 2672       7.866585967245e-12       2.423677682967e-13      -6.173216982414e-13       0.000000000000e+00       1.128505038999e-16       2.566188999541e-17      -1.212095284486e-18 
 2673       7.859751530724e-12       2.403816006060e-13      -6.127956263276e-13       0.000000000000e+00       1.126751691598e-16       2.561974078635e-17      -1.183266912776e-18 
 2674       7.852635673936e-12       2.384141889260e-13      -6.082015835819e-13       0.000000000000e+00       1.125001688153e-16       2.557640144719e-17      -1.152708929763e-18 
 2675       7.845238317534e-12       2.364658148972e-13      -6.035414357732e-13       0.000000000000e+00       1.123255020422e-16       2.553186843146e-17      -1.120521055671e-18 
 2676       7.837559383295e-12       2.345367608975e-13      -5.988170545681e-13       0.000000000000e+00       1.121511680106e-16       2.548613818781e-17      -1.086803317509e-18 
 2677       7.829598794124e-12       2.326273100427e-13      -5.940303175367e-13       0.000000000000e+00       1.119771658857e-16       2.543920715999e-17      -1.051656049361e-18 
 2678       7.821356474055e-12       2.307377461873e-13      -5.891831081580e-13       0.000000000000e+00       1.118034948272e-16       2.539107178687e-17      -1.015179892678e-18 
 2679       7.812832348253e-12       2.288683539252e-13      -5.842773158258e-13       0.000000000000e+00       1.116301539895e-16       2.534172850242e-17      -9.774757965619e-19 
 2680       7.804026343016e-12       2.270194185902e-13      -5.793148358537e-13       0.000000000000e+00       1.114571425218e-16       2.529117373569e-17      -9.386450180587e-19 
 2681       7.794938385775e-12       2.251912262567e-13      -5.742975694817e-13       0.000000000000e+00       1.112844595678e-16       2.523940391085e-17      -8.987891224471e-19 
 2682       7.785568405096e-12       2.233840637403e-13      -5.692274238806e-13       0.000000000000e+00       1.111121042660e-16       2.518641544715e-17      -8.580099835268e-19 
 2683       7.775916330680e-12       2.215982185988e-13      -5.641063121585e-13       0.000000000000e+00       1.109400757494e-16       2.513220475896e-17      -8.164097839088e-19 
 2684       7.765982093369e-12       2.198339791323e-13      -5.589361533663e-13       0.000000000000e+00       1.107683731459e-16       2.507676825570e-17      -7.740910153037e-19 
 2685       7.755765625142e-12       2.180916343843e-13      -5.537188725029e-13       0.000000000000e+00       1.105969955779e-16       2.502010234190e-17      -7.311564788116e-19 
 2686       7.745266859119e-12       2.163714741421e-13      -5.484564005209e-13       0.000000000000e+00       1.104259421624e-16       2.496220341716e-17      -6.877092852113e-19 
 2687       7.734485729565e-12       2.146737889377e-13      -5.431506743328e-13       0.000000000000e+00       1.102552120112e-16       2.490306787618e-17      -6.438528552492e-19 
 2688       7.723422171886e-12       2.129988700482e-13      -5.378036368156e-13       0.000000000000e+00       1.100848042307e-16       2.484269210872e-17      -5.996909199288e-19 
 2689       7.712076122635e-12       2.113470094964e-13      -5.324172368174e-13       0.000000000000e+00       1.099147179217e-16       2.478107249963e-17      -5.553275208000e-19 
 2690       7.700447519511e-12       2.097185000521e-13      -5.269934291623e-13       0.000000000000e+00       1.097449521799e-16       2.471820542880e-17      -5.108670102481e-19 
 2691       7.688536301361e-12       2.081136352316e-13      -5.215341746562e-13       0.000000000000e+00       1.095755060955e-16       2.465408727123e-17      -4.664140517834e-19 
 2692       7.676342408182e-12       2.065327092996e-13      -5.160414400929e-13       0.000000000000e+00       1.094063787533e-16       2.458871439696e-17      -4.220736203300e-19 
 2693       7.663865781123e-12       2.049760172690e-13      -5.105171982586e-13       0.000000000000e+00       1.092375692328e-16       2.452208317111e-17      -3.779510025157e-19 
 2694       7.651106362485e-12       2.034438549018e-13      -5.049634279388e-13       0.000000000000e+00       1.090690766079e-16       2.445418995385e-17      -3.341517969605e-19 
 2695       7.638064095722e-12       2.019365187100e-13      -4.993821139229e-13       0.000000000000e+00       1.089008999474e-16       2.438503110040e-17      -2.907819145663e-19 
 2696       7.624738925447e-12       2.004543059558e-13      -4.937752470103e-13       0.000000000000e+00       1.087330383143e-16       2.431460296105e-17      -2.479475788062e-19 
 2697       7.611130797426e-12       1.989975146526e-13      -4.881448240159e-13       0.000000000000e+00       1.085654907664e-16       2.424290188114e-17      -2.057553260134e-19 
 2698       7.597239658585e-12       1.975664435656e-13      -4.824928477757e-13       0.000000000000e+00       1.083982563562e-16       2.416992420105e-17      -1.643120056709e-19 
 2699       7.583065457012e-12       1.961613922124e-13      -4.768213271523e-13       0.000000000000e+00       1.082313341305e-16       2.409566625621e-17      -1.237247807002e-19 
 2700       7.568608141954e-12       1.947826608635e-13      -4.711322770407e-13       0.000000000000e+00       1.080647231309e-16       2.402012437711e-17      -8.410112775128e-20 
 2701       7.553867663822e-12       1.934305505433e-13      -4.654277183738e-13       0.000000000000e+00       1.078984223932e-16       2.394329488926e-17      -4.554883749105e-20 
 2702       7.538843974191e-12       1.921053630304e-13      -4.597096781281e-13       0.000000000000e+00       1.077324309483e-16       2.386517411322e-17      -8.176014893168e-21 
 2703       7.523537025801e-12       1.908074008586e-13      -4.539801893289e-13       0.000000000000e+00       1.075667478211e-16       2.378575836456e-17       2.790892047293e-20 
 2704       7.507946772562e-12       1.895369673173e-13      -4.482412910567e-13       0.000000000000e+00       1.074013720313e-16       2.370504395392e-17       6.259723415275e-20 
 2705       7.492073169550e-12       1.882943664522e-13      -4.424950284519e-13       0.000000000000e+00       1.072363025932e-16       2.362302718696e-17       9.577987651747e-20 
 2706       7.475916173013e-12       1.870799030659e-13      -4.367434527210e-13       0.000000000000e+00       1.070715385155e-16       2.353970436433e-17       1.273474824747e-19 
 2707       7.459475740370e-12       1.858938827189e-13      -4.309886211422e-13       0.000000000000e+00       1.069070788013e-16       2.345507178176e-17       1.571903711793e-19 
 2708       7.442751830213e-12       1.847366117298e-13      -4.252325970705e-13       0.000000000000e+00       1.067429224485e-16       2.336912572995e-17       1.851985457440e-19 
 2709       7.425744402309e-12       1.836083971762e-13      -4.194774499439e-13       0.000000000000e+00       1.065790684494e-16       2.328186249466e-17       2.112616929501e-19 
 2710       7.408453417601e-12       1.825095468952e-13      -4.137252552888e-13       0.000000000000e+00       1.064155157906e-16       2.319327835664e-17       2.352691829586e-19 
 2711       7.390879479024e-12       1.814402960680e-13      -4.079779939037e-13       0.000000000000e+00       1.062522635805e-16       2.310337228118e-17       2.571439295155e-19 
 2712       7.373025757722e-12       1.804005865387e-13      -4.022372488051e-13       0.000000000000e+00       1.060893114306e-16       2.301215400255e-17       2.769441709880e-19 
 2713       7.354896077239e-12       1.793902863042e-13      -3.965045066561e-13       0.000000000000e+00       1.059266590758e-16       2.291963598321e-17       2.947622385604e-19 
 2714       7.336494273664e-12       1.784092628224e-13      -3.907812584431e-13       0.000000000000e+00       1.057643062480e-16       2.282583072832e-17       3.106907459351e-19 
 2715       7.317824195636e-12       1.774573830113e-13      -3.850689994796e-13       0.000000000000e+00       1.056022526756e-16       2.273075078576e-17       3.248225895958e-19 
 2716       7.298889704365e-12       1.765345132482e-13      -3.793692294107e-13       0.000000000000e+00       1.054404980838e-16       2.263440874617e-17       3.372509490711e-19 
 2717       7.279694673636e-12       1.756405193698e-13      -3.736834522165e-13       0.000000000000e+00       1.052790421946e-16       2.253681724301e-17       3.480692871977e-19 
 2718       7.260242989826e-12       1.747752666710e-13      -3.680131762164e-13       0.000000000000e+00       1.051178847267e-16       2.243798895258e-17       3.573713503841e-19 
 2719       7.240538551914e-12       1.739386199047e-13      -3.623599140729e-13       0.000000000000e+00       1.049570253953e-16       2.233793659409e-17       3.652511688738e-19 
 2720       7.220585271494e-12       1.731304432814e-13      -3.567251827957e-13       0.000000000000e+00       1.047964639124e-16       2.223667292964e-17       3.718030570086e-19 
 2721       7.200387072785e-12       1.723506004681e-13      -3.511105037455e-13       0.000000000000e+00       1.046361999870e-16       2.213421076435e-17       3.771216134923e-19 
 2722       7.179947892643e-12       1.715989545885e-13      -3.455174026380e-13       0.000000000000e+00       1.044762333243e-16       2.203056294632e-17       3.813017216539e-19 
 2723       7.159271680578e-12       1.708753682218e-13      -3.399474095481e-13       0.000000000000e+00       1.043165636266e-16       2.192574236673e-17       3.844385497112e-19 
 2724       7.138362398757e-12       1.701797034026e-13      -3.344020589133e-13       0.000000000000e+00       1.041571905927e-16       2.181976195983e-17       3.866275510338e-19 
 2725       7.117224022023e-12       1.695118216199e-13      -3.288828895383e-13       0.000000000000e+00       1.039981139181e-16       2.171263470302e-17       3.879644644071e-19 
 2726       7.095860537907e-12       1.688715838171e-13      -3.233914445986e-13       0.000000000000e+00       1.038393332950e-16       2.160437361689e-17       3.885453142951e-19 
 2727       7.074275946634e-12       1.682588503911e-13      -3.179292716444e-13       0.000000000000e+00       1.036808484123e-16       2.149499176522e-17       3.884664111042e-19 
 2728       7.052474261140e-12       1.676734811920e-13      -3.124979226049e-13       0.000000000000e+00       1.035226589554e-16       2.138450225508e-17       3.878243514466e-19 
 2729       7.030459507084e-12       1.671153355221e-13      -3.070989537920e-13       0.000000000000e+00       1.033647646068e-16       2.127291823682e-17       3.867160184034e-19 
 2730       7.008235722855e-12       1.665842721359e-13      -3.017339259041e-13       0.000000000000e+00       1.032071650451e-16       2.116025290414e-17       3.852385817884e-19 
 2731       6.985806959592e-12       1.660801492392e-13      -2.964044040306e-13       0.000000000000e+00       1.030498599460e-16       2.104651949413e-17       3.834894984113e-19 
 2732       6.963177281187e-12       1.656028244888e-13      -2.911119576552e-13       0.000000000000e+00       1.028928489817e-16       2.093173128728e-17       3.815665123408e-19 
 2733       6.940350764304e-12       1.651521549916e-13      -2.858581606604e-13       0.000000000000e+00       1.027361318210e-16       2.081590160758e-17       3.795676551688e-19 
 2734       6.917331498387e-12       1.647279973046e-13      -2.806445913312e-13       0.000000000000e+00       1.025797081294e-16       2.069904382251e-17       3.775912462731e-19 
 2735       6.894123585673e-12       1.643302074338e-13      -2.754728323590e-13       0.000000000000e+00       1.024235775692e-16       2.058117134308e-17       3.757358930810e-19 
 2736       6.870731141204e-12       1.639586408340e-13      -2.703444708459e-13       0.000000000000e+00       1.022677397989e-16       2.046229762392e-17       3.741004913327e-19 
 2737       6.847158292841e-12       1.636131524081e-13      -2.652610983081e-13       0.000000000000e+00       1.021121944742e-16       2.034243616326e-17       3.727842253451e-19 
 2738       6.823409181271e-12       1.632935965067e-13      -2.602243106805e-13       0.000000000000e+00       1.019569412471e-16       2.022160050303e-17       3.718865682743e-19 
 2739       6.799487960023e-12       1.629998269273e-13      -2.552357083202e-13       0.000000000000e+00       1.018019797662e-16       2.009980422885e-17       3.715072823801e-19 
 2740       6.775398795478e-12       1.627316969141e-13      -2.502968960106e-13       0.000000000000e+00       1.016473096768e-16       1.997706097010e-17       3.717464192886e-19 
 2741       6.751145866884e-12       1.624890591572e-13      -2.454094829653e-13       0.000000000000e+00       1.014929306210e-16       1.985338439995e-17       3.727043202559e-19 
 2742       6.726733366363e-12       1.622717657922e-13      -2.405750828322e-13       0.000000000000e+00       1.013388422373e-16       1.972878823541e-17       3.744816164315e-19 
 2743       6.702165498926e-12       1.620796683994e-13      -2.357953136975e-13       0.000000000000e+00       1.011850441607e-16       1.960328623737e-17       3.771792291216e-19 
 2744       6.677446482485e-12       1.619126180037e-13      -2.310717980892e-13       0.000000000000e+00       1.010315360233e-16       1.947689221062e-17       3.808983700528e-19 
 2745       6.652580547864e-12       1.617704650737e-13      -2.264061629818e-13       0.000000000000e+00       1.008783174532e-16       1.934962000393e-17       3.857405416352e-19 
 2746       6.627571938813e-12       1.616530595212e-13      -2.218000397996e-13       0.000000000000e+00       1.007253880755e-16       1.922148351005e-17       3.918075372259e-19 
 2747       6.602424912015e-12       1.615602507008e-13      -2.172550644210e-13       0.000000000000e+00       1.005727475118e-16       1.909249666579e-17       3.992014413923e-19 
 2748       6.577143737102e-12       1.614918874092e-13      -2.127728771824e-13       0.000000000000e+00       1.004203953803e-16       1.896267345201e-17       4.080246301758e-19 
 2749       6.551732696669e-12       1.614478178848e-13      -2.083551228820e-13       0.000000000000e+00       1.002683312957e-16       1.883202789374e-17       4.183797713550e-19 
 2750       6.526196200130e-12       1.614278489107e-13      -2.040032445496e-13       0.000000000000e+00       1.001165547947e-16       1.870058051731e-17       4.303400444492e-19 
 2751       6.500539125947e-12       1.614316228878e-13      -1.997178635465e-13       0.000000000000e+00       9.996506511109e-17       1.856837775959e-17       4.438596269356e-19 
 2752       6.474766481248e-12       1.614587401058e-13      -1.954993961721e-13       0.000000000000e+00       9.981386139954e-17       1.843547266227e-17       4.588627318626e-19 
 2753       6.448883288163e-12       1.615087995793e-13      -1.913482595993e-13       0.000000000000e+00       9.966294280980e-17       1.830191842413e-17       4.752733446069e-19 
 2754       6.422894583829e-12       1.615813990463e-13      -1.872648718752e-13       0.000000000000e+00       9.951230848697e-17       1.816776840127e-17       4.930152226649e-19 
 2755       6.396805420409e-12       1.616761349673e-13      -1.832496519218e-13       0.000000000000e+00       9.936195757136e-17       1.803307610718e-17       5.120118954438e-19 
 2756       6.370620865107e-12       1.617926025238e-13      -1.793030195363e-13       0.000000000000e+00       9.921188919858e-17       1.789789521296e-17       5.321866640525e-19 
 2757       6.344346000176e-12       1.619303956173e-13      -1.754253953924e-13       0.000000000000e+00       9.906210249946e-17       1.776227954737e-17       5.534626010926e-19 
 2758       6.317985922937e-12       1.620891068680e-13      -1.716172010407e-13       0.000000000000e+00       9.891259660007e-17       1.762628309707e-17       5.757625504495e-19 
 2759       6.291545745792e-12       1.622683276138e-13      -1.678788589094e-13       0.000000000000e+00       9.876337062174e-17       1.748996000670e-17       5.990091270836e-19 
 2760       6.265030596234e-12       1.624676479089e-13      -1.642107923048e-13       0.000000000000e+00       9.861442368101e-17       1.735336457903e-17       6.231247168208e-19 
 2761       6.238445616865e-12       1.626866565227e-13      -1.606134254123e-13       0.000000000000e+00       9.846575488966e-17       1.721655127514e-17       6.480314761442e-19 
 2762       6.211795965408e-12       1.629249409384e-13      -1.570871832969e-13       0.000000000000e+00       9.831736335469e-17       1.707957471451e-17       6.736513319846e-19 
 2763       6.185086814719e-12       1.631820873524e-13      -1.536324919041e-13       0.000000000000e+00       9.816924817831e-17       1.694248967522e-17       6.999059815119e-19 
 2764       6.158323352806e-12       1.634576806723e-13      -1.502497780604e-13       0.000000000000e+00       9.802140845794e-17       1.680535109404e-17       7.267168919258e-19 
 2765       6.131510782836e-12       1.637513045162e-13      -1.469394694737e-13       0.000000000000e+00       9.787384328623e-17       1.666821406663e-17       7.540053002473e-19 
 2766       6.104654323154e-12       1.640625412117e-13      -1.437019947348e-13       0.000000000000e+00       9.772655175101e-17       1.653113384761e-17       7.816922131091e-19 
 2767       6.077759207294e-12       1.643909717941e-13      -1.405377833172e-13       0.000000000000e+00       9.757953293531e-17       1.639416585080e-17       8.096984065472e-19 
 2768       6.050830683993e-12       1.647361760056e-13      -1.374472655784e-13       0.000000000000e+00       9.743278591734e-17       1.625736564926e-17       8.379444257916e-19 
 2769       6.023874017206e-12       1.650977322942e-13      -1.344308727603e-13       0.000000000000e+00       9.728630977053e-17       1.612078897551e-17       8.663505850575e-19 
 2770       5.996894486118e-12       1.654752178122e-13      -1.314890369900e-13       0.000000000000e+00       9.714010356345e-17       1.598449172163e-17       8.948369673362e-19 
 2771       5.969897385160e-12       1.658682084151e-13      -1.286221912805e-13       0.000000000000e+00       9.699416635988e-17       1.584852993945e-17       9.233234241863e-19 
 2772       5.942888024020e-12       1.662762786607e-13      -1.258307695312e-13       0.000000000000e+00       9.684849721876e-17       1.571295984062e-17       9.517295755245e-19 
 2773       5.915871727660e-12       1.666990018074e-13      -1.231152065288e-13       0.000000000000e+00       9.670309519417e-17       1.557783779684e-17       9.799748094168e-19 
 2774       5.888853836326e-12       1.671359498135e-13      -1.204759379480e-13       0.000000000000e+00       9.655795933539e-17       1.544322033993e-17       1.007978281870e-18 
 2775       5.861839705563e-12       1.675866933357e-13      -1.179134003519e-13       0.000000000000e+00       9.641308868683e-17       1.530916416201e-17       1.035658916621e-18 
 2776       5.834834706233e-12       1.680508017278e-13      -1.154280311931e-13       0.000000000000e+00       9.626848228805e-17       1.517572611565e-17       1.062935404930e-18 
 2777       5.807844224520e-12       1.685278430401e-13      -1.130202688141e-13       0.000000000000e+00       9.612413917378e-17       1.504296321400e-17       1.089726205370e-18 
 2778       5.780873661954e-12       1.690173840174e-13      -1.106905524479e-13       0.000000000000e+00       9.598005837386e-17       1.491093263091e-17       1.115949543620e-18 
 2779       5.753928435414e-12       1.695189900986e-13      -1.084393222193e-13       0.000000000000e+00       9.583623891328e-17       1.477969170112e-17       1.141523412252e-18 
 2780       5.727013977153e-12       1.700322254148e-13      -1.062670191446e-13       0.000000000000e+00       9.569267981216e-17       1.464929792039e-17       1.166365570527e-18 
 2781       5.700135734801e-12       1.705566527886e-13      -1.041740851333e-13       0.000000000000e+00       9.554938008573e-17       1.451980894561e-17       1.190393544182e-18 
 2782       5.673299171387e-12       1.710918337327e-13      -1.021609629880e-13       0.000000000000e+00       9.540633874435e-17       1.439128259498e-17       1.213524625221e-18 
 2783       5.646509765347e-12       1.716373284487e-13      -1.002280964055e-13       0.000000000000e+00       9.526355479351e-17       1.426377684814e-17       1.235675871712e-18 
 2784       5.619773010543e-12       1.721926958261e-13      -9.837592997748e-14       0.000000000000e+00       9.512102723377e-17       1.413734984633e-17       1.256764107569e-18 
 2785       5.593094416272e-12       1.727574934407e-13      -9.660490919105e-14       0.000000000000e+00       9.497875506084e-17       1.401205989249e-17       1.276705922351e-18 
 2786       5.566479507281e-12       1.733312775539e-13      -9.491548042948e-14       0.000000000000e+00       9.483673726549e-17       1.388796545145e-17       1.295417671048e-18 
 2787       5.539933823783e-12       1.739136031113e-13      -9.330809097290e-14       0.000000000000e+00       9.469497283360e-17       1.376512515007e-17       1.312815473873e-18 
 2788       5.513462921469e-12       1.745040237412e-13      -9.178318899902e-14       0.000000000000e+00       9.455346074614e-17       1.364359777733e-17       1.328815216056e-18 
 2789       5.487072010886e-12       1.751020983369e-13      -9.034103871512e-14       0.000000000000e+00       9.441220012259e-17       1.352343710549e-17       1.343355124576e-18 
 2790       5.460764873483e-12       1.757074108414e-13      -8.898116469237e-14       0.000000000000e+00       9.427119065203e-17       1.340467632325e-17       1.356463628310e-18 
 2791       5.434544939899e-12       1.763195505637e-13      -8.770290461508e-14       0.000000000000e+00       9.413043216431e-17       1.328734352109e-17       1.368191853802e-18 
 2792       5.408415650094e-12       1.769381056049e-13      -8.650559388220e-14       0.000000000000e+00       9.398992448682e-17       1.317146686300e-17       1.378591080824e-18 
 2793       5.382380453353e-12       1.775626628562e-13      -8.538856560516e-14       0.000000000000e+00       9.384966744448e-17       1.305707458649e-17       1.387712742514e-18 
 2794       5.356442808299e-12       1.781928079985e-13      -8.435115060570e-14       0.000000000000e+00       9.370966085975e-17       1.294419500272e-17       1.395608425512e-18 
 2795       5.330606182893e-12       1.788281255011e-13      -8.339267741369e-14       0.000000000000e+00       9.356990455262e-17       1.283285649649e-17       1.402329870105e-18 
 2796       5.304874054452e-12       1.794681986205e-13      -8.251247226500e-14       0.000000000000e+00       9.343039834061e-17       1.272308752638e-17       1.407928970360e-18 
 2797       5.279249909650e-12       1.801126093994e-13      -8.170985909932e-14       0.000000000000e+00       9.329114203875e-17       1.261491662474e-17       1.412457774268e-18 
 2798       5.253737244530e-12       1.807609386656e-13      -8.098415955798e-14       0.000000000000e+00       9.315213545962e-17       1.250837239781e-17       1.415968483880e-18 
 2799       5.228339564508e-12       1.814127660310e-13      -8.033469298183e-14       0.000000000000e+00       9.301337841328e-17       1.240348352576e-17       1.418513455449e-18 
 2800       5.203060384387e-12       1.820676698904e-13      -7.976077640903e-14       0.000000000000e+00       9.287487070734e-17       1.230027876275e-17       1.420145199566e-18 
 2801       5.177903228360e-12       1.827252274202e-13      -7.926172457293e-14       0.000000000000e+00       9.273661214691e-17       1.219878693700e-17       1.420916381303e-18 
 2802       5.152871630023e-12       1.833850145779e-13      -7.883684989986e-14       0.000000000000e+00       9.259860253460e-17       1.209903695087e-17       1.420879820349e-18 
 2803       5.127969132376e-12       1.840466061004e-13      -7.848546250702e-14       0.000000000000e+00       9.246084167056e-17       1.200105778089e-17       1.420088491150e-18 
 2804       5.103199287840e-12       1.847095755033e-13      -7.820687020027e-14       0.000000000000e+00       9.232332935239e-17       1.190487847784e-17       1.418595523050e-18 
 2805       5.078565658258e-12       1.853734950795e-13      -7.800037847200e-14       0.000000000000e+00       9.218606537525e-17       1.181052816681e-17       1.416454200427e-18 
 2806       5.054071814907e-12       1.860379358985e-13      -7.786529049896e-14       0.000000000000e+00       9.204904953177e-17       1.171803604730e-17       1.413717962836e-18 
 2807       5.029721338505e-12       1.867024678049e-13      -7.780090714008e-14       0.000000000000e+00       9.191228161205e-17       1.162743139321e-17       1.410440405143e-18 
 2808       5.005517819220e-12       1.873666594176e-13      -7.780652693432e-14       0.000000000000e+00       9.177576140374e-17       1.153874355297e-17       1.406675277672e-18 
 2809       4.981464856675e-12       1.880300781285e-13      -7.788144609851e-14       0.000000000000e+00       9.163948869193e-17       1.145200194957e-17       1.402476486335e-18 
 2810       4.957566059962e-12       1.886922901017e-13      -7.802495852519e-14       0.000000000000e+00       9.150346325923e-17       1.136723608063e-17       1.397898092778e-18 
 2811       4.933825047645e-12       1.893528602719e-13      -7.823635578043e-14       0.000000000000e+00       9.136768488570e-17       1.128447551848e-17       1.392994314519e-18 
 2812       4.910245447769e-12       1.900113523440e-13      -7.851492710168e-14       0.000000000000e+00       9.123215334891e-17       1.120374991020e-17       1.387819525085e-18 
 2813       4.886830897870e-12       1.906673287913e-13      -7.885995939561e-14       0.000000000000e+00       9.109686842390e-17       1.112508897769e-17       1.382428254151e-18 
 2814       4.863585044984e-12       1.913203508551e-13      -7.927073723595e-14       0.000000000000e+00       9.096182988318e-17       1.104852251773e-17       1.376875187683e-18 
 2815       4.840511545651e-12       1.919699785430e-13      -7.974654286130e-14       0.000000000000e+00       9.082703749674e-17       1.097408040208e-17       1.371215168075e-18 
 2816       4.817614065927e-12       1.926157706281e-13      -8.028665617300e-14       0.000000000000e+00       9.069249103202e-17       1.090179257748e-17       1.365503194284e-18 
 2817       4.794896281390e-12       1.932572846480e-13      -8.089035473295e-14       0.000000000000e+00       9.055819025395e-17       1.083168906577e-17       1.359794421979e-18 
 2818       4.772361877149e-12       1.938940769034e-13      -8.155691376144e-14       0.000000000000e+00       9.042413492490e-17       1.076379996392e-17       1.354144163670e-18 
 2819       4.750014547854e-12       1.945257024574e-13      -8.228560613503e-14       0.000000000000e+00       9.029032480473e-17       1.069815544411e-17       1.348607888854e-18 
 2820       4.727857997700e-12       1.951517151339e-13      -8.307570238432e-14       0.000000000000e+00       9.015675965074e-17       1.063478575378e-17       1.343241224150e-18 
 2821       4.705895940439e-12       1.957716675173e-13      -8.392647069185e-14       0.000000000000e+00       9.002343921767e-17       1.057372121573e-17       1.338099953442e-18 
 2822       4.684132099385e-12       1.963851109504e-13      -8.483717688989e-14       0.000000000000e+00       8.989036325773e-17       1.051499222811e-17       1.333240018014e-18 
 2823       4.662570207426e-12       1.969915955341e-13      -8.580708445830e-14       0.000000000000e+00       8.975753152058e-17       1.045862926457e-17       1.328717516694e-18 
 2824       4.641214007028e-12       1.975906701261e-13      -8.683545452237e-14       0.000000000000e+00       8.962494375331e-17       1.040466287426e-17       1.324588705989e-18 
 2825       4.620067250247e-12       1.981818823395e-13      -8.792154585065e-14       0.000000000000e+00       8.949259970048e-17       1.035312368193e-17       1.320910000226e-18 
 2826       4.599133698733e-12       1.987647785423e-13      -8.906461485279e-14       0.000000000000e+00       8.936049910406e-17       1.030404238797e-17       1.317737971692e-18 
 2827       4.578417123743e-12       1.993389038555e-13      -9.026391557737e-14       0.000000000000e+00       8.922864170348e-17       1.025744976848e-17       1.315129350770e-18 
 2828       4.557920739323e-12       1.999038434945e-13      -9.151862665241e-14       0.000000000000e+00       8.909702717210e-17       1.021335016785e-17       1.313127135385e-18 
 2829       4.537645498634e-12       2.004593470254e-13      -9.282763169783e-14       0.000000000000e+00       8.896565492647e-17       1.017164182621e-17       1.311718840455e-18 
 2830       4.517591788824e-12       2.010052047498e-13      -9.418973777149e-14       0.000000000000e+00       8.883452431611e-17       1.013219613950e-17       1.310878032499e-18 
 2831       4.497759997043e-12       2.015412064208e-13      -9.560374831999e-14       0.000000000000e+00       8.870363468687e-17       1.009488412915e-17       1.310578200634e-18 
 2832       4.478150510445e-12       2.020671412427e-13      -9.706846317540e-14       0.000000000000e+00       8.857298538095e-17       1.005957644177e-17       1.310792756499e-18 
 2833       4.458763716191e-12       2.025827978706e-13      -9.858267855202e-14       0.000000000000e+00       8.844257573688e-17       1.002614334876e-17       1.311495034193e-18 
 2834       4.439600001440e-12       2.030879644098e-13      -1.001451870431e-13       0.000000000000e+00       8.831240508954e-17       9.994454746051e-18       1.312658290200e-18 
 2835       4.420659753360e-12       2.035824284154e-13      -1.017547776177e-13       0.000000000000e+00       8.818247277012e-17       9.964380153714e-18       1.314255703324e-18 
 2836       4.401943359117e-12       2.040659768918e-13      -1.034102356171e-13       0.000000000000e+00       8.805277810616e-17       9.935788715654e-18       1.316260374615e-18 
 2837       4.383451205884e-12       2.045383962922e-13      -1.051103427519e-13       0.000000000000e+00       8.792332042151e-17       9.908549199264e-18       1.318645327307e-18 
 2838       4.365183680832e-12       2.049994725182e-13      -1.068538770987e-13       0.000000000000e+00       8.779409903634e-17       9.882529995101e-18       1.321383506743e-18 
 2839       4.347141171138e-12       2.054489909195e-13      -1.086396130967e-13       0.000000000000e+00       8.766511326714e-17       9.857599116541e-18       1.324447780306e-18 
 2840       4.329324063976e-12       2.058867362927e-13      -1.104663215445e-13       0.000000000000e+00       8.753636242670e-17       9.833624199453e-18       1.327810937353e-18 
 2841       4.311732746525e-12       2.063124928820e-13      -1.123327695968e-13       0.000000000000e+00       8.740784582413e-17       9.810472501863e-18       1.331445689146e-18 
 2842       4.294367605962e-12       2.067260443776e-13      -1.142377207614e-13       0.000000000000e+00       8.727956276484e-17       9.788010903618e-18       1.335324668778e-18 
 2843       4.277229029468e-12       2.071271739160e-13      -1.161799348953e-13       0.000000000000e+00       8.715151255055e-17       9.766105906054e-18       1.339420431110e-18 
 2844       4.260317404222e-12       2.075156640790e-13      -1.181581682025e-13       0.000000000000e+00       8.702369447924e-17       9.744623631663e-18       1.343705452696e-18 
 2845       4.243633117401e-12       2.078912968937e-13      -1.201711732295e-13       0.000000000000e+00       8.689610784523e-17       9.723429823755e-18       1.348152131718e-18 
 2846       4.227176556186e-12       2.082538538316e-13      -1.222176988632e-13       0.000000000000e+00       8.676875193910e-17       9.702389846128e-18       1.352732787918e-18 
 2847       4.210948107754e-12       2.086031158086e-13      -1.242964903266e-13       0.000000000000e+00       8.664162604771e-17       9.681368682733e-18       1.357419662522e-18 
 2848       4.194948159281e-12       2.089388631840e-13      -1.264062891764e-13       0.000000000000e+00       8.651472945421e-17       9.660230937339e-18       1.362184918180e-18 
 2849       4.179177097943e-12       2.092608757604e-13      -1.285458332993e-13       0.000000000000e+00       8.638806143804e-17       9.638840833200e-18       1.367000638888e-18 
 2850       4.163635310913e-12       2.095689327831e-13      -1.307138569087e-13       0.000000000000e+00       8.626162127488e-17       9.617062212721e-18       1.371838829925e-18 
 2851       4.148323185364e-12       2.098628129396e-13      -1.329090905417e-13       0.000000000000e+00       8.613540823672e-17       9.594758537122e-18       1.376671417783e-18 
 2852       4.133241108463e-12       2.101422943593e-13      -1.351302610556e-13       0.000000000000e+00       8.600942159177e-17       9.571792886108e-18       1.381470250095e-18 
 2853       4.118389467377e-12       2.104071546128e-13      -1.373760916250e-13       0.000000000000e+00       8.588366060454e-17       9.548027957531e-18       1.386207095567e-18 
 2854       4.103768649270e-12       2.106571707116e-13      -1.396453017379e-13       0.000000000000e+00       8.575812453577e-17       9.523326067060e-18       1.390853643912e-18 
 2855       4.089379041300e-12       2.108921191075e-13      -1.419366071931e-13       0.000000000000e+00       8.563281264247e-17       9.497549147842e-18       1.395381505777e-18 
 2856       4.075221030624e-12       2.111117756922e-13      -1.442487200966e-13       0.000000000000e+00       8.550772417789e-17       9.470558750172e-18       1.399762212674e-18 
 2857       4.061295004393e-12       2.113159157969e-13      -1.465803488585e-13       0.000000000000e+00       8.538285839153e-17       9.442216041160e-18       1.403967216913e-18 
 2858       4.047601349755e-12       2.115043141917e-13      -1.489301981895e-13       0.000000000000e+00       8.525821452912e-17       9.412381804391e-18       1.407967891533e-18 
 2859       4.034140453853e-12       2.116767450851e-13      -1.512969690978e-13       0.000000000000e+00       8.513379183265e-17       9.380916439599e-18       1.411735530230e-18 
 2860       4.020912703823e-12       2.118329821237e-13      -1.536793588861e-13       0.000000000000e+00       8.500958954033e-17       9.347679962325e-18       1.415241347290e-18 
 2861       4.007918486799e-12       2.119727983917e-13      -1.560760611477e-13       0.000000000000e+00       8.488560688659e-17       9.312532003590e-18       1.418456477520e-18 
 2862       3.995158189905e-12       2.120959664102e-13      -1.584857657639e-13       0.000000000000e+00       8.476184310211e-17       9.275331809556e-18       1.421351976178e-18 
 2863       3.982632200264e-12       2.122022581370e-13      -1.609071589003e-13       0.000000000000e+00       8.463829741377e-17       9.235938241197e-18       1.423898818904e-18 
 2864       3.970340904988e-12       2.122914449661e-13      -1.633389230039e-13       0.000000000000e+00       8.451496904469e-17       9.194209773957e-18       1.426067901651e-18 
 2865       3.958284691184e-12       2.123632977270e-13      -1.657797367995e-13       0.000000000000e+00       8.439185721418e-17       9.150004497426e-18       1.427830040615e-18 
 2866       3.946463945953e-12       2.124175866845e-13      -1.682282752865e-13       0.000000000000e+00       8.426896113777e-17       9.103180114999e-18       1.429155972169e-18 
 2867       3.934878618915e-12       2.124541303758e-13      -1.706832656691e-13       0.000000000000e+00       8.414628011541e-17       9.053645554744e-18       1.430022860059e-18 
 2868       3.923526907358e-12       2.124729423964e-13      -1.731436554648e-13       0.000000000000e+00       8.402381379651e-17       9.001516090697e-18       1.430433853468e-18 
 2869       3.912406564373e-12       2.124740853630e-13      -1.756084452479e-13       0.000000000000e+00       8.390156191624e-17       8.946959013318e-18       1.430398628726e-18 
 2870       3.901515335709e-12       2.124576221445e-13      -1.780766327921e-13       0.000000000000e+00       8.377952420747e-17       8.890142090680e-18       1.429926891138e-18 
 2871       3.890850959766e-12       2.124236158618e-13      -1.805472130676e-13       0.000000000000e+00       8.365770040069e-17       8.831233568888e-18       1.429028375016e-18 
 2872       3.880411167592e-12       2.123721298884e-13      -1.830191782393e-13       0.000000000000e+00       8.353609022410e-17       8.770402172498e-18       1.427712843697e-18 
 2873       3.870193682869e-12       2.123032278503e-13      -1.854915176638e-13       0.000000000000e+00       8.341469340355e-17       8.707817104935e-18       1.425990089577e-18 
 2874       3.860196221913e-12       2.122169736266e-13      -1.879632178873e-13       0.000000000000e+00       8.329350966255e-17       8.643648048918e-18       1.423869934129e-18 
 2875       3.850416493666e-12       2.121134313495e-13      -1.904332626429e-13       0.000000000000e+00       8.317253872227e-17       8.578065166870e-18       1.421362227935e-18 
 2876       3.840852199685e-12       2.119926654044e-13      -1.929006328484e-13       0.000000000000e+00       8.305178030156e-17       8.511239101345e-18       1.418476850707e-18 
 2877       3.831501034141e-12       2.118547404307e-13      -1.953643066037e-13       0.000000000000e+00       8.293123411689e-17       8.443340975445e-18       1.415223711318e-18 
 2878       3.822360683809e-12       2.116997213214e-13      -1.978232591885e-13       0.000000000000e+00       8.281089988241e-17       8.374542393236e-18       1.411612747821e-18 
 2879       3.813428828061e-12       2.115276732239e-13      -2.002764630595e-13       0.000000000000e+00       8.269077730990e-17       8.305015440172e-18       1.407653927483e-18 
 2880       3.804703138861e-12       2.113386615396e-13      -2.027228878484e-13       0.000000000000e+00       8.257086610881e-17       8.234932683511e-18       1.403357246803e-18 
 2881       3.796181280757e-12       2.111327519249e-13      -2.051615003594e-13       0.000000000000e+00       8.245116598621e-17       8.164467172737e-18       1.398732731543e-18 
 2882       3.787860910876e-12       2.109100102908e-13      -2.075912645665e-13       0.000000000000e+00       8.233167664684e-17       8.093792439976e-18       1.393790436754e-18 
 2883       3.779739678915e-12       2.106705028035e-13      -2.100111416110e-13       0.000000000000e+00       8.221239779305e-17       8.023082500417e-18       1.388540446796e-18 
 2884       3.771815227136e-12       2.104142958846e-13      -2.124200897996e-13       0.000000000000e+00       8.209332912484e-17       7.952511852733e-18       1.382992875371e-18 
 2885       3.764085190358e-12       2.101414562110e-13      -2.148170646014e-13       0.000000000000e+00       8.197447033986e-17       7.882255479496e-18       1.377157865543e-18 
 2886       3.756547195951e-12       2.098520507159e-13      -2.172010186457e-13       0.000000000000e+00       8.185582113337e-17       7.812488847599e-18       1.371045589771e-18 
 2887       3.749198863831e-12       2.095461465880e-13      -2.195709017196e-13       0.000000000000e+00       8.173738119826e-17       7.743387908676e-18       1.364666249925e-18 
 2888       3.742037806448e-12       2.092238112728e-13      -2.219256607653e-13       0.000000000000e+00       8.161915022506e-17       7.675129099520e-18       1.358030077320e-18 
 2889       3.735061628787e-12       2.088851124721e-13      -2.242642398780e-13       0.000000000000e+00       8.150112790192e-17       7.607889342501e-18       1.351147332738e-18 
 2890       3.728267928353e-12       2.085301181444e-13      -2.265855803033e-13       0.000000000000e+00       8.138331391461e-17       7.541846045987e-18       1.344028306457e-18 
 2891       3.721654295171e-12       2.081588965056e-13      -2.288886204346e-13       0.000000000000e+00       8.126570794652e-17       7.477177104764e-18       1.336683318271e-18 
 2892       3.715218311776e-12       2.077715160285e-13      -2.311722958109e-13       0.000000000000e+00       8.114830967864e-17       7.414060900453e-18       1.329122717522e-18 
 2893       3.708957553208e-12       2.073680454435e-13      -2.334355391144e-13       0.000000000000e+00       8.103111878960e-17       7.352676301929e-18       1.321356883123e-18 
 2894       3.702869587001e-12       2.069485537389e-13      -2.356772801678e-13       0.000000000000e+00       8.091413495563e-17       7.293202665744e-18       1.313396223582e-18 
 2895       3.696951973183e-12       2.065131101609e-13      -2.378964459318e-13       0.000000000000e+00       8.079735785056e-17       7.235819836543e-18       1.305251177032e-18 
 2896       3.691202264264e-12       2.060617842139e-13      -2.400919605032e-13       0.000000000000e+00       8.068078714583e-17       7.180708147482e-18       1.296932211255e-18 
 2897       3.685618005232e-12       2.055946456609e-13      -2.422627451119e-13       0.000000000000e+00       8.056442251051e-17       7.128048420653e-18       1.288449823705e-18 
 2898       3.680196733544e-12       2.051117645236e-13      -2.444077181186e-13       0.000000000000e+00       8.044826361122e-17       7.078021967495e-18       1.279814541539e-18 
 2899       3.674935979122e-12       2.046132110825e-13      -2.465257950126e-13       0.000000000000e+00       8.033231011222e-17       7.030810589222e-18       1.271036921639e-18 
 2900       3.669833264344e-12       2.040990558776e-13      -2.486158884089e-13       0.000000000000e+00       8.021656167535e-17       6.986596577234e-18       1.262127550638e-18 
 2901       3.664886104038e-12       2.035693697080e-13      -2.506769080464e-13       0.000000000000e+00       8.010101796004e-17       6.945562713544e-18       1.253097044948e-18 
 2902       3.660092005478e-12       2.030242236329e-13      -2.527077607848e-13       0.000000000000e+00       7.998567862332e-17       6.907892271189e-18       1.243956050786e-18 
 2903       3.655448468371e-12       2.024636889710e-13      -2.547073506025e-13       0.000000000000e+00       7.987054331980e-17       6.873769014659e-18       1.234715244195e-18 
 2904       3.650952984856e-12       2.018878373015e-13      -2.566745785942e-13       0.000000000000e+00       7.975561170167e-17       6.843377200306e-18       1.225385331076e-18 
 2905       3.646603039496e-12       2.012967404639e-13      -2.586083429681e-13       0.000000000000e+00       7.964088341872e-17       6.816901576772e-18       1.215977047211e-18 
 2906       3.642396008057e-12       2.006904980461e-13      -2.605076618119e-13       0.000000000000e+00       7.952635811546e-17       6.794465207095e-18       1.206499857312e-18 
 2907       3.638328853303e-12       2.000693199994e-13      -2.623720420683e-13       0.000000000000e+00       7.941203542257e-17       6.775942591871e-18       1.196958044965e-18 
 2908       3.634398427656e-12       1.994334444403e-13      -2.642011124142e-13       0.000000000000e+00       7.929791496539e-17       6.761145605092e-18       1.187354603034e-18 
 2909       3.630601574261e-12       1.987831102011e-13      -2.659945006605e-13       0.000000000000e+00       7.918399636682e-17       6.749885586439e-18       1.177692532851e-18 
 2910       3.626935126978e-12       1.981185568311e-13      -2.677518337518e-13       0.000000000000e+00       7.907027924727e-17       6.741973340825e-18       1.167974844226e-18 
 2911       3.623395910371e-12       1.974400245964e-13      -2.694727377654e-13       0.000000000000e+00       7.895676322465e-17       6.737219137928e-18       1.158204555453e-18 
 2912       3.619980739705e-12       1.967477544812e-13      -2.711568379110e-13       0.000000000000e+00       7.884344791442e-17       6.735432711725e-18       1.148384693317e-18 
 2913       3.616686420933e-12       1.960419881882e-13      -2.728037585294e-13       0.000000000000e+00       7.873033292953e-17       6.736423260034e-18       1.138518293103e-18 
 2914       3.613509750691e-12       1.953229681391e-13      -2.744131230924e-13       0.000000000000e+00       7.861741788045e-17       6.739999444044e-18       1.128608398602e-18 
 2915       3.610447516289e-12       1.945909374754e-13      -2.759845542020e-13       0.000000000000e+00       7.850470237516e-17       6.745969387853e-18       1.118658062118e-18 
 2916       3.607496495701e-12       1.938461400590e-13      -2.775176735893e-13       0.000000000000e+00       7.839218601915e-17       6.754140678006e-18       1.108670344476e-18 
 2917       3.604653457559e-12       1.930888204730e-13      -2.790121021142e-13       0.000000000000e+00       7.827986841540e-17       6.764320363027e-18       1.098648315031e-18 
 2918       3.601915161146e-12       1.923192240217e-13      -2.804674597644e-13       0.000000000000e+00       7.816774916440e-17       6.776314952958e-18       1.088595051671e-18 
 2919       3.599278356385e-12       1.915375967323e-13      -2.818833656551e-13       0.000000000000e+00       7.805582786415e-17       6.789930418897e-18       1.078513640829e-18 
 2920       3.596739783830e-12       1.907441853543e-13      -2.832594380280e-13       0.000000000000e+00       7.794410411013e-17       6.804972192527e-18       1.068407177487e-18 
 2921       3.594296174664e-12       1.899392373612e-13      -2.845952942505e-13       0.000000000000e+00       7.783257749533e-17       6.821245165658e-18       1.058278765185e-18 
 2922       3.591944250683e-12       1.891230009504e-13      -2.858905508155e-13       0.000000000000e+00       7.772124761020e-17       6.838553689763e-18       1.048131516030e-18 
 2923       3.589680724293e-12       1.882957250444e-13      -2.871448233401e-13       0.000000000000e+00       7.761011404271e-17       6.856701575510e-18       1.037968550698e-18 
 2924       3.587502298500e-12       1.874576592908e-13      -2.883577265653e-13       0.000000000000e+00       7.749917637831e-17       6.875492092300e-18       1.027792998448e-18 
 2925       3.585405666903e-12       1.866090540637e-13      -2.895288743551e-13       0.000000000000e+00       7.738843419991e-17       6.894727967806e-18       1.017607997122e-18 
 2926       3.583387513683e-12       1.857501604634e-13      -2.906578796959e-13       0.000000000000e+00       7.727788708793e-17       6.914211387503e-18       1.007416693161e-18 
 2927       3.581444513601e-12       1.848812303181e-13      -2.917443546959e-13       0.000000000000e+00       7.716753462025e-17       6.933743994210e-18       9.972222416040e-19 
 2928       3.579573331981e-12       1.840025161835e-13      -2.927879105841e-13       0.000000000000e+00       7.705737637223e-17       6.953126887621e-18       9.870278061012e-19 
 2929       3.577770624709e-12       1.831142713441e-13      -2.937881577100e-13       0.000000000000e+00       7.694741191670e-17       6.972160623844e-18       9.768365589183e-19 
 2930       3.576033038222e-12       1.822167498138e-13      -2.947447055424e-13       0.000000000000e+00       7.683764082396e-17       6.990645214937e-18       9.666516809449e-19 
 2931       3.574357209502e-12       1.813102063361e-13      -2.956571626692e-13       0.000000000000e+00       7.672806266178e-17       7.008380128442e-18       9.564763617018e-19 
 2932       3.572739766062e-12       1.803948963852e-13      -2.965251367966e-13       0.000000000000e+00       7.661867699540e-17       7.025164286924e-18       9.463137993481e-19 
 2933       3.571177325947e-12       1.794710761663e-13      -2.973482347479e-13       0.000000000000e+00       7.650948338750e-17       7.040796067503e-18       9.361672006887e-19 
 2934       3.569666497717e-12       1.785390026165e-13      -2.981260624636e-13       0.000000000000e+00       7.640048139825e-17       7.055073301394e-18       9.260397811815e-19 
 2935       3.568203880443e-12       1.775989334053e-13      -2.988582250000e-13       0.000000000000e+00       7.629167058526e-17       7.067793273440e-18       9.159347649449e-19 
 2936       3.566786063702e-12       1.766511269350e-13      -2.995443265289e-13       0.000000000000e+00       7.618305050358e-17       7.078752721651e-18       9.058553847652e-19 
 2937       3.565409627561e-12       1.756958423419e-13      -3.001839703369e-13       0.000000000000e+00       7.607462070573e-17       7.087747836735e-18       8.958048821036e-19 
 2938       3.564071142576e-12       1.747333394964e-13      -3.007767588245e-13       0.000000000000e+00       7.596638074168e-17       7.094574261641e-18       8.857865071039e-19 
 2939       3.562767169780e-12       1.737638790039e-13      -3.013222935055e-13       0.000000000000e+00       7.585833015884e-17       7.099027091089e-18       8.758035185997e-19 
 2940       3.561494260675e-12       1.727877222053e-13      -3.018201750063e-13       0.000000000000e+00       7.575046850206e-17       7.100900871107e-18       8.658591841217e-19 
 2941       3.560248957228e-12       1.718051311777e-13      -3.022700030651e-13       0.000000000000e+00       7.564279531364e-17       7.099989598573e-18       8.559567799050e-19 
 2942       3.559027791855e-12       1.708163687352e-13      -3.026713765316e-13       0.000000000000e+00       7.553531013331e-17       7.096086720740e-18       8.460995908967e-19 
 2943       3.557827287421e-12       1.698216984292e-13      -3.030238933658e-13       0.000000000000e+00       7.542801249823e-17       7.088985134783e-18       8.362909107629e-19 
 2944       3.556643957227e-12       1.688213845491e-13      -3.033271506374e-13       0.000000000000e+00       7.532090194301e-17       7.078477187328e-18       8.265340418963e-19 
 2945       3.555474472796e-12       1.678156975839e-13      -3.035808881395e-13       0.000000000000e+00       7.521397800481e-17       7.064426828739e-18       8.168324840229e-19 
 2946       3.554316168155e-12       1.668049306334e-13      -3.037854200094e-13       0.000000000000e+00       7.510724023879e-17       7.046986468911e-18       8.071905010321e-19 
 2947       3.553166538043e-12       1.657893830798e-13      -3.039412052530e-13       0.000000000000e+00       7.500068820274e-17       7.026381199030e-18       7.976125569804e-19 
 2948       3.552023070345e-12       1.647693551351e-13      -3.040487043264e-13       0.000000000000e+00       7.489432145196e-17       7.002836735314e-18       7.881031277578e-19 
 2949       3.550883246081e-12       1.637451478415e-13      -3.041083791377e-13       0.000000000000e+00       7.478813953924e-17       6.976579419547e-18       7.786667010975e-19 
 2950       3.549744539400e-12       1.627170630725e-13      -3.041206930482e-13       0.000000000000e+00       7.468214201490e-17       6.947836219609e-18       7.693077765863e-19 
 2951       3.548604417581e-12       1.616854035333e-13      -3.040861108733e-13       0.000000000000e+00       7.457632842673e-17       6.916834730015e-18       7.600308656740e-19 
 2952       3.547460341018e-12       1.606504727620e-13      -3.040050988845e-13       0.000000000000e+00       7.447069832002e-17       6.883803172448e-18       7.508404916841e-19 
 2953       3.546309763220e-12       1.596125751295e-13      -3.038781248099e-13       0.000000000000e+00       7.436525123757e-17       6.848970396291e-18       7.417411898229e-19 
 2954       3.545150130806e-12       1.585720158410e-13      -3.037056578360e-13       0.000000000000e+00       7.425998671966e-17       6.812565879160e-18       7.327375071900e-19 
 2955       3.543978883493e-12       1.575291009364e-13      -3.034881686088e-13       0.000000000000e+00       7.415490430406e-17       6.774819727444e-18       7.238340027883e-19 
 2956       3.542793454097e-12       1.564841372908e-13      -3.032261292353e-13       0.000000000000e+00       7.405000352602e-17       6.735962676831e-18       7.150352475334e-19 
 2957       3.541591268523e-12       1.554374326156e-13      -3.029200132845e-13       0.000000000000e+00       7.394528391827e-17       6.696226092849e-18       7.063458242643e-19 
 2958       3.540369745761e-12       1.543892954587e-13      -3.025702957887e-13       0.000000000000e+00       7.384074501103e-17       6.655841971394e-18       6.977703277526e-19 
 2959       3.539126297880e-12       1.533400352059e-13      -3.021774532452e-13       0.000000000000e+00       7.373638633201e-17       6.615042939271e-18       6.893133647129e-19 
 2960       3.537858330019e-12       1.522899620810e-13      -3.017419636169e-13       0.000000000000e+00       7.363220740636e-17       6.574062254720e-18       6.809795538129e-19 
 2961       3.536563240388e-12       1.512393871467e-13      -3.012643063344e-13       0.000000000000e+00       7.352820775674e-17       6.533133807955e-18       6.727735256828e-19 
 2962       3.535238420255e-12       1.501886223055e-13      -3.007449622965e-13       0.000000000000e+00       7.342438690325e-17       6.492492121698e-18       6.646999229257e-19 
 2963       3.533881253944e-12       1.491379803002e-13      -3.001844138720e-13       0.000000000000e+00       7.332074436347e-17       6.452372351712e-18       6.567634001274e-19 
 2964       3.532489118829e-12       1.480877747145e-13      -2.995831449008e-13       0.000000000000e+00       7.321727965246e-17       6.413010287334e-18       6.489686238663e-19 
 2965       3.531059385327e-12       1.470383199741e-13      -2.989416406954e-13       0.000000000000e+00       7.311399228272e-17       6.374642352009e-18       6.413202727233e-19 
 2966       3.529589416894e-12       1.459899313469e-13      -2.982603880418e-13       0.000000000000e+00       7.301088176421e-17       6.337505603827e-18       6.338230372922e-19 
 2967       3.528076570016e-12       1.449429249443e-13      -2.975398752011e-13       0.000000000000e+00       7.290794760437e-17       6.301837736054e-18       6.264816201888e-19 
 2968       3.526518194207e-12       1.438976177213e-13      -2.967805919107e-13       0.000000000000e+00       7.280518930807e-17       6.267877077666e-18       6.193007360619e-19 
 2969       3.524911631999e-12       1.428543274777e-13      -2.959830293855e-13       0.000000000000e+00       7.270260637765e-17       6.235862593886e-18       6.122851116022e-19 
 2970       3.523254218939e-12       1.418133728584e-13      -2.951476803193e-13       0.000000000000e+00       7.260019831289e-17       6.206033886712e-18       6.054394855531e-19 
 2971       3.521543283586e-12       1.407750733546e-13      -2.942750388862e-13       0.000000000000e+00       7.249796461101e-17       6.178631195460e-18       5.987686087201e-19 
 2972       3.519776147496e-12       1.397397493039e-13      -2.933656007415e-13       0.000000000000e+00       7.239590476670e-17       6.153895397288e-18       5.922772439809e-19 
 2973       3.517950125227e-12       1.387077218915e-13      -2.924198630233e-13       0.000000000000e+00       7.229401827206e-17       6.132068007739e-18       5.859701662957e-19 
 2974       3.516062524325e-12       1.376793131506e-13      -2.914383243539e-13       0.000000000000e+00       7.219230461665e-17       6.113391181268e-18       5.798521627165e-19 
 2975       3.514110645322e-12       1.366548459636e-13      -2.904214848408e-13       0.000000000000e+00       7.209076328747e-17       6.098107711779e-18       5.739280323976e-19 
 2976       3.512091781731e-12       1.356346440620e-13      -2.893698460779e-13       0.000000000000e+00       7.198939376894e-17       6.086461033160e-18       5.682025866052e-19 
 2977       3.510003220036e-12       1.346190320278e-13      -2.882839111472e-13       0.000000000000e+00       7.188819554291e-17       6.078695219815e-18       5.626806487276e-19 
 2978       3.507842239690e-12       1.336083352939e-13      -2.871641846200e-13       0.000000000000e+00       7.178716808867e-17       6.075054987199e-18       5.573670542851e-19 
 2979       3.505606113108e-12       1.326028801450e-13      -2.860111725576e-13       0.000000000000e+00       7.168631088295e-17       6.075785692353e-18       5.522666509396e-19 
 2980       3.503292105662e-12       1.316029937179e-13      -2.848253825136e-13       0.000000000000e+00       7.158562339986e-17       6.081133334435e-18       5.473842985053e-19 
 2981       3.500897475671e-12       1.306090040027e-13      -2.836073235341e-13       0.000000000000e+00       7.148510511098e-17       6.091344555255e-18       5.427248689576e-19 
 2982       3.498419474403e-12       1.296212398434e-13      -2.823575061600e-13       0.000000000000e+00       7.138475548528e-17       6.106666639813e-18       5.382932464442e-19 
 2983       3.495855346061e-12       1.286400309382e-13      -2.810764424274e-13       0.000000000000e+00       7.128457398915e-17       6.127347516827e-18       5.340943272942e-19 
 2984       3.493203168518e-12       1.276656058151e-13      -2.797644602352e-13       0.000000000000e+00       7.118456045604e-17       6.153558793028e-18       5.301315860112e-19 
 2985       3.490464380027e-12       1.266977852085e-13      -2.784211454470e-13       0.000000000000e+00       7.108471619729e-17       6.185164442274e-18       5.264027655434e-19 
 2986       3.487641264899e-12       1.257362871787e-13      -2.770458970531e-13       0.000000000000e+00       7.098504289675e-17       6.221950982146e-18       5.229041658794e-19 
 2987       3.484736113900e-12       1.247808290002e-13      -2.756381125549e-13       0.000000000000e+00       7.088554224162e-17       6.263704336566e-18       5.196320761352e-19 
 2988       3.481751224258e-12       1.238311271613e-13      -2.741971879640e-13       0.000000000000e+00       7.078621592246e-17       6.310209835297e-18       5.165827745445e-19 
 2989       3.478688899665e-12       1.228868973629e-13      -2.727225178005e-13       0.000000000000e+00       7.068706563320e-17       6.361252213436e-18       5.137525284492e-19 
 2990       3.475551450286e-12       1.219478545185e-13      -2.712134950922e-13       0.000000000000e+00       7.058809307114e-17       6.416615610916e-18       5.111375942906e-19 
 2991       3.472341192762e-12       1.210137127529e-13      -2.696695113732e-13       0.000000000000e+00       7.048929993693e-17       6.476083571998e-18       5.087342175993e-19 
 2992       3.469060450217e-12       1.200841854019e-13      -2.680899566828e-13       0.000000000000e+00       7.039068793460e-17       6.539439044772e-18       5.065386329865e-19 
 2993       3.465711552263e-12       1.191589850117e-13      -2.664742195639e-13       0.000000000000e+00       7.029225877157e-17       6.606464380653e-18       5.045470641340e-19 
 2994       3.462296835005e-12       1.182378233379e-13      -2.648216870624e-13       0.000000000000e+00       7.019401415862e-17       6.676941333878e-18       5.027557237853e-19 
 2995       3.458818641048e-12       1.173204113450e-13      -2.631317447257e-13       0.000000000000e+00       7.009595580990e-17       6.750651061001e-18       5.011608137362e-19 
 2996       3.455279319501e-12       1.164064592060e-13      -2.614037766012e-13       0.000000000000e+00       6.999808544295e-17       6.827374120393e-18       4.997585248252e-19 
 2997       3.451681225982e-12       1.154956763010e-13      -2.596371652356e-13       0.000000000000e+00       6.990040477870e-17       6.906890471739e-18       4.985450369241e-19 
 2998       3.448026722625e-12       1.145877712176e-13      -2.578312916733e-13       0.000000000000e+00       6.980291554146e-17       6.988979475533e-18       4.975165189289e-19 
 2999       3.444318178086e-12       1.136824517492e-13      -2.559855354554e-13       0.000000000000e+00       6.970561945892e-17       7.073419892577e-18       4.966691287504e-19 
 3000       3.440557967546e-12       1.127794248951e-13      -2.540992746184e-13       0.000000000000e+00       6.960851826217e-17       7.159989883476e-18       4.959990133045e-19 
