# dimensionless total lensed [l(l+1)/2pi] C_l's
# for l=2 to 2500, i.e. number of multipoles equal to 2499
#
# -> if you prefer output in CAMB/HealPix/LensPix units/order, set 'format' to 'camb' in input file
# -> if you don't want to see such a header, set 'headers' to 'no' in input file
# -> for CMB lensing (phi), these are C_l^phi-phi for the lensing potential.
#    Remember the conversion factors:
#    C_l^dd (deflection) = l(l+1) C_l^phi-phi
#    C_l^gg (shear/convergence) = 1/4 (l(l+1))^2 C_l^phi-phi
#
# 1:l     2:TT                     3:EE                     4:TE                     5:BB                     6:phiphi                 7:TPhi                   8:Ephi               
    2       1.381341744263e-10       4.175826749386e-15       3.515670808133e-13       2.323354932853e-19       8.285959802800e-09       4.560819980235e-10      -1.840536642999e-12 
    3       1.306090253187e-10       5.350738778770e-15       3.951459403102e-13       4.647613990943e-19       5.086968934732e-09       3.225668452700e-10      -1.393793194887e-12 
    4       1.235440073602e-10       4.626594925653e-15       3.695226974666e-13       7.748016335081e-19       3.522976271170e-09       2.438425214274e-10      -9.121458060792e-13 
    5       1.182607334215e-10       3.085420338600e-15       3.146794043861e-13       1.162572292497e-18       2.621510704265e-09       1.923939856955e-10      -5.066439190251e-13 
    6       1.146401462577e-10       1.725241205423e-15       2.534364588934e-13       1.628214756292e-18       2.042587633656e-09       1.563949570095e-10      -2.079556335525e-13 
    7       1.122828568148e-10       9.333110601628e-16       1.989897786533e-13       2.171893344311e-18       1.644359380922e-09       1.299943129244e-10      -1.757526865686e-14 
    8       1.109087583138e-10       6.037250771993e-16       1.571115553942e-13       2.793792642982e-18       1.356594590480e-09       1.099894058597e-10       7.944461136703e-14 
    9       1.102698329112e-10       4.858379738383e-16       1.290808074523e-13       3.494114576272e-18       1.140656431149e-09       9.448252654781e-11       1.064459745743e-13 
   10       1.101359014128e-10       4.149681087031e-16       1.135730475868e-13       4.273075294385e-18       9.737543380871e-10       8.220687206614e-11       8.927583761461e-14 
   11       1.104479134087e-10       3.497403119949e-16       1.079303125945e-13       5.130901959428e-18       8.334466126424e-10       7.302021081719e-11       5.202265864823e-14 
   12       1.110546978398e-10       3.058089347152e-16       1.090956245342e-13       6.067829507684e-18       7.284105759619e-10       6.456669345161e-11       1.226568596985e-14 
   13       1.119057004188e-10       2.941677982692e-16       1.143866191366e-13       7.084097466525e-18       6.421613115738e-10       5.770063430503e-11      -1.799996474634e-14 
   14       1.129532967968e-10       3.068444137830e-16       1.217829344977e-13       8.179946900057e-18       5.703862135870e-10       5.172041767991e-11      -3.451792106109e-14 
   15       1.141846451490e-10       3.321007902408e-16       1.299964641050e-13       9.355617551381e-18       5.099614568660e-10       4.668983060448e-11      -3.749775068418e-14 
   16       1.155249394449e-10       3.674168890175e-16       1.383647944494e-13       1.061134524120e-17       4.585756425200e-10       4.235384199633e-11      -3.090285824690e-14 
   17       1.170012570106e-10       4.183301867165e-16       1.466660504999e-13       1.194735957263e-17       4.144862525672e-10       3.856974679178e-11      -1.993081989180e-14 
   18       1.185506171545e-10       4.902664412974e-16       1.551615826039e-13       1.336388185469e-17       3.762160469047e-10       3.526911896155e-11      -9.467905421620e-15 
   19       1.201843437111e-10       5.835499390852e-16       1.640745502835e-13       1.486112415498e-17       3.431478778676e-10       3.240472985691e-11      -2.114104834637e-15 
   20       1.218951124608e-10       6.961797399661e-16       1.735445639252e-13       1.643928670740e-17       3.140215701436e-10       2.986222931372e-11       4.241057952681e-16 
   21       1.236842430962e-10       8.275212291280e-16       1.835225426769e-13       1.809855904833e-17       2.883792836858e-10       2.759564508476e-11      -1.288839683401e-15 
   22       1.255257568172e-10       9.770890536697e-16       1.938202396659e-13       1.983911732132e-17       2.656039470542e-10       2.554800900615e-11      -5.507919062404e-15 
   23       1.274259972345e-10       1.145052636289e-15       2.041145763959e-13       2.166112704667e-17       2.453909035584e-10       2.371071054673e-11      -1.047971113864e-14 
   24       1.293791659637e-10       1.331627036992e-15       2.139929955079e-13       2.356473996716e-17       2.272788853989e-10       2.206697095535e-11      -1.433717696174e-14 
   25       1.313800678019e-10       1.537027829472e-15       2.231478301278e-13       2.555009737608e-17       2.110223709564e-10       2.059457579171e-11      -1.626948179938e-14 
   26       1.334110719077e-10       1.761626237261e-15       2.313154897322e-13       2.761732797138e-17       1.963033708910e-10       1.925674181826e-11      -1.595142577890e-14 
   27       1.354817730880e-10       2.007053755035e-15       2.384244317064e-13       2.976655545424e-17       1.830456664060e-10       1.804421415338e-11      -1.389536254459e-14 
   28       1.375948435393e-10       2.275567219139e-15       2.444862439032e-13       3.199789145675e-17       1.710886854362e-10       1.694157878787e-11      -1.110504592735e-14 
   29       1.397393566726e-10       2.569447489409e-15       2.495434785588e-13       3.431143575099e-17       1.601421989682e-10       1.592244687236e-11      -8.700296518664e-15 
   30       1.419219152537e-10       2.889786147143e-15       2.536443936380e-13       3.670728877740e-17       1.501459035432e-10       1.498577508159e-11      -7.069817754823e-15 
   31       1.441442413800e-10       3.237208523044e-15       2.568627694424e-13       3.918554299054e-17       1.410256260821e-10       1.413164519644e-11      -6.393754582434e-15 
   32       1.463982922139e-10       3.612286138956e-15       2.592662376442e-13       4.174628209221e-17       1.326371120007e-10       1.335309023353e-11      -6.759495422418e-15 
   33       1.486835342198e-10       4.015955918661e-15       2.607741240716e-13       4.438959141427e-17       1.249347086654e-10       1.264354853747e-11      -7.814635559095e-15 
   34       1.509935906475e-10       4.449245206735e-15       2.612458170340e-13       4.711555087146e-17       1.178502480738e-10       1.199070718146e-11      -8.971470879752e-15 
   35       1.533171629487e-10       4.913144925768e-15       2.605318596841e-13       4.992423436165e-17       1.112783374120e-10       1.137875287037e-11      -9.639299791069e-15 
   36       1.556612206561e-10       5.408556498365e-15       2.585298296307e-13       5.281571772082e-17       1.052019471728e-10       1.080559083243e-11      -9.755641192981e-15 
   37       1.580343671728e-10       5.936320839762e-15       2.551460567671e-13       5.579007342379e-17       9.960205845967e-11       1.027077727897e-11      -9.435352580169e-15 
   38       1.604398660281e-10       6.497227441871e-15       2.502801827188e-13       5.884736850027e-17       9.441969288058e-11       9.770556121665e-12      -8.833726568914e-15 
   39       1.628767214082e-10       7.092002378754e-15       2.438494580277e-13       6.198766505389e-17       8.957718996241e-11       9.299646032394e-12      -8.125271645760e-15 
   40       1.653449472704e-10       7.721276881942e-15       2.358728205162e-13       6.521102198856e-17       8.505973462791e-11       8.858101698576e-12      -7.424105060567e-15 
   41       1.678410044261e-10       8.385601524928e-15       2.264146468709e-13       6.851749390099e-17       8.085545726528e-11       8.446264214442e-12      -6.841401893417e-15 
   42       1.703557106706e-10       9.085448935613e-15       2.155638005607e-13       7.190713068596e-17       7.693110697295e-11       8.062707406852e-12      -6.508370440799e-15 
   43       1.728787042286e-10       9.821275165511e-15       2.034000559473e-13       7.537997544372e-17       7.324435231458e-11       7.704938914780e-12      -6.535726941104e-15 
   44       1.754147369555e-10       1.059373743304e-14       1.898775509611e-13       7.893605728892e-17       6.978952344438e-11       7.372134931676e-12      -6.874331518290e-15 
   45       1.779715792892e-10       1.140353661085e-14       1.749073490347e-13       8.257539639446e-17       6.656310388523e-11       7.062994700674e-12      -7.413010774430e-15 
   46       1.805552739896e-10       1.225135685456e-14       1.583884581760e-13       8.629800586814e-17       6.354999649134e-11       6.774858345833e-12      -8.014980532949e-15 
   47       1.831699288348e-10       1.313786523075e-14       1.402070147439e-13       9.010389167308e-17       6.072262052503e-11       6.503604999168e-12      -8.516345145524e-15 
   48       1.858177005998e-10       1.406362338331e-14       1.202589060198e-13       9.399304990508e-17       5.804940319522e-11       6.244842814988e-12      -8.770901263896e-15 
   49       1.884992253625e-10       1.502879395632e-14       9.852708329633e-14       9.796545790278e-17       5.552519160692e-11       5.998113387993e-12      -8.802985363158e-15 
   50       1.912129533244e-10       1.603335077616e-14       7.502464003781e-14       1.020210804949e-16       5.314786224439e-11       5.763697479952e-12      -8.695133704490e-15 
   51       1.939547754352e-10       1.707715484732e-14       4.977364615946e-14       1.061598722151e-16       5.090926180160e-11       5.541391533675e-12      -8.546380231608e-15 
   52       1.967178258482e-10       1.815994949258e-14       2.280552766061e-14       1.103817770880e-16       4.879478356826e-11       5.330471712657e-12      -8.473118350372e-15 
   53       1.994951507710e-10       1.928147899021e-14      -5.852420516444e-15       1.146867302052e-16       4.678795447476e-11       5.130005803419e-12      -8.579269328735e-15 
   54       2.022889754319e-10       2.044189148766e-14      -3.622244137272e-14       1.190746634251e-16       4.488655610695e-11       4.939965858384e-12      -8.855798011490e-15 
   55       2.051034757561e-10       2.164143122417e-14      -6.834192337617e-14       1.235455007651e-16       4.308991079645e-11       4.760338987406e-12      -9.256860248046e-15 
   56       2.079420449321e-10       2.288032441337e-14      -1.022507529482e-13       1.280991566025e-16       4.139402509659e-11       4.590783644673e-12      -9.727818982735e-15 
   57       2.108072160517e-10       2.415877956150e-14      -1.379915162465e-13       1.327355355358e-16       3.979137625893e-11       4.430608253790e-12      -1.020481910026e-14 
   58       2.137005847494e-10       2.547698778558e-14      -1.756097009480e-13       1.374545322445e-16       3.827069870978e-11       4.278749832860e-12      -1.061436227112e-14 
   59       2.166231237052e-10       2.683500519810e-14      -2.151409501645e-13       1.422560402244e-16       3.682008502193e-11       4.134061923352e-12      -1.089084445169e-14 
   60       2.195763871391e-10       2.823236744291e-14      -2.565689093394e-13       1.471399806750e-16       3.543761472306e-11       3.996305005524e-12      -1.103488992192e-14 
   61       2.225614498097e-10       2.966838604632e-14      -2.998579293704e-13       1.521062800863e-16       3.412282082742e-11       3.865348718585e-12      -1.106783682312e-14 
   62       2.255784769776e-10       3.114225487544e-14      -3.449649214732e-13       1.571548621127e-16       3.287349326662e-11       3.740872112373e-12      -1.101514561427e-14 
   63       2.286266603282e-10       3.265304645855e-14      -3.918391200528e-13       1.622856477346e-16       3.168557772191e-11       3.622352757309e-12      -1.090658282097e-14 
   64       2.317041538953e-10       3.419970830554e-14      -4.404218455763e-13       1.674985554199e-16       3.055307445649e-11       3.509055854355e-12      -1.077640478448e-14 
   65       2.348089881363e-10       3.578117754783e-14      -4.906590875852e-13       1.727935140908e-16       2.946969378875e-11       3.400236267565e-12      -1.065581505307e-14 
   66       2.379421810897e-10       3.739676134198e-14      -5.425428837169e-13       1.781705048544e-16       2.843445725159e-11       3.295818813563e-12      -1.054806718560e-14 
   67       2.411051735105e-10       3.904583068942e-14      -5.960783060493e-13       1.836295284245e-16       2.744710532008e-11       3.195843004346e-12      -1.044840204130e-14 
   68       2.442988728279e-10       4.072770886281e-14      -6.512715334384e-13       1.891705936062e-16       2.650639438373e-11       3.100257995651e-12      -1.035127710245e-14 
   69       2.475236164290e-10       4.244167103606e-14      -7.081299729964e-13       1.947937178153e-16       2.561004471553e-11       3.008917652794e-12      -1.025033410142e-14 
   70       2.507791349434e-10       4.418694391443e-14      -7.666623815686e-13       2.004989275983e-16       2.475468844109e-11       2.921575616498e-12      -1.013836664781e-14 
   71       2.540645155265e-10       4.596270536455e-14      -8.268789872112e-13       2.062862591517e-16       2.393581750773e-11       2.837880368727e-12      -1.000728785553e-14 
   72       2.573787872208e-10       4.776804935571e-14      -8.887831261148e-13       2.121557654877e-16       2.314894327551e-11       2.757470433148e-12      -9.850541470684e-15 
   73       2.607228887074e-10       4.960187381470e-14      -9.523440249648e-13       2.181075383679e-16       2.239344860167e-11       2.680292096981e-12      -9.670943001205e-15 
   74       2.640980136715e-10       5.146297047594e-14      -1.017518989361e-12       2.241416915385e-16       2.166938457819e-11       2.606334042977e-12      -9.474292196371e-15 
   75       2.675050000617e-10       5.335005652086e-14      -1.084261354458e-12       2.302583551174e-16       2.097630047081e-11       2.535530015529e-12      -9.267085921445e-15 
   76       2.709443075774e-10       5.526177341593e-14      -1.152520412734e-12       2.364576762658e-16       2.031321935061e-11       2.467756172684e-12      -9.056541572471e-15 
   77       2.744159951548e-10       5.719668575080e-14      -1.222241341752e-12       2.427398198593e-16       1.967861372581e-11       2.402828438154e-12      -8.850620491053e-15 
   78       2.779196984542e-10       5.915328007633e-14      -1.293365131932e-12       2.491049691594e-16       1.907038117340e-11       2.340499853329e-12      -8.658051379149e-15 
   79       2.814546073464e-10       6.112996374273e-14      -1.365828514314e-12       2.555533264850e-16       1.848581997085e-11       2.280457929288e-12      -8.488353713849e-15 
   80       2.850199089090e-10       6.312511611663e-14      -1.439569311675e-12       2.620851073940e-16       1.792230014980e-11       2.222402073058e-12      -8.349594546975e-15 
   81       2.886162545434e-10       6.513725503214e-14      -1.514543721037e-12       2.687005205882e-16       1.737946447807e-11       2.166297177218e-12      -8.241158751226e-15 
   82       2.922445077406e-10       6.716489726095e-14      -1.590711914730e-12       2.753997857278e-16       1.685736701833e-11       2.112159442440e-12      -8.159760076789e-15 
   83       2.959052875235e-10       6.920650851179e-14      -1.668032911390e-12       2.821831401540e-16       1.635580034314e-11       2.059979067680e-12      -8.101577974912e-15 
   84       2.995989545542e-10       7.126050323852e-14      -1.746464604152e-12       2.890508394399e-16       1.587428404487e-11       2.009719085046e-12      -8.062239038344e-15 
   85       3.033255972411e-10       7.332524444816e-14      -1.825963788853e-12       2.960031579420e-16       1.541205324556e-11       1.961314194667e-12      -8.036798441761e-15 
   86       3.070850178462e-10       7.539904350900e-14      -1.906486192227e-12       3.030403893514e-16       1.496804710682e-11       1.914669599557e-12      -8.019721382201e-15 
   87       3.108767185925e-10       7.748015995862e-14      -1.987986500107e-12       3.101628472448e-16       1.454089733967e-11       1.869659840490e-12      -8.004864519489e-15 
   88       3.146998877710e-10       7.956680131197e-14      -2.070418385620e-12       3.173708656357e-16       1.412891671447e-11       1.826127630863e-12      -7.985457416675e-15 
   89       3.185537107324e-10       8.165714800139e-14      -2.153733078780e-12       3.246647940283e-16       1.373050089018e-11       1.783922669637e-12      -7.955555614424e-15 
   90       3.224383890530e-10       8.374943309853e-14      -2.237874756627e-12       3.320449804861e-16       1.334543118699e-11       1.743027597486e-12      -7.914701536766e-15 
   91       3.263542563900e-10       8.584187480276e-14      -2.322784478542e-12       3.395117869104e-16       1.297375595755e-11       1.703449744339e-12      -7.863963936713e-15 
   92       3.303014589305e-10       8.793265260448e-14      -2.408401586736e-12       3.470655947639e-16       1.261539023607e-11       1.665182351922e-12      -7.804534788184e-15 
   93       3.342799463655e-10       9.001990746971e-14      -2.494663712598e-12       3.547068055395e-16       1.227011044020e-11       1.628204007545e-12      -7.737732773385e-15 
   94       3.382894628649e-10       9.210174202467e-14      -2.581506783043e-12       3.624358412290e-16       1.193754907302e-11       1.592478077896e-12      -7.665006770192e-15 
   95       3.423295380510e-10       9.417622074033e-14      -2.668865026859e-12       3.702531447923e-16       1.161718942494e-11       1.557952142829e-12      -7.587939339530e-15 
   96       3.463994779739e-10       9.624137011701e-14      -2.756670981051e-12       3.781591806259e-16       1.130836027563e-11       1.524557429160e-12      -7.508250212760e-15 
   97       3.504983560855e-10       9.829517886894e-14      -2.844855497191e-12       3.861544350319e-16       1.101023059596e-11       1.492208244448e-12      -7.427799779055e-15 
   98       3.546250042136e-10       1.003355981088e-13      -2.933347747763e-12       3.942394166871e-16       1.072180424993e-11       1.460801410796e-12      -7.348592572785e-15 
   99       3.587783022351e-10       1.023605884583e-13      -3.022076613949e-12       4.024146578451e-16       1.044214830633e-11       1.430240885812e-12      -7.272375341986e-15 
  100       3.629581134178e-10       1.043682685947e-13      -3.110975059555e-12       4.106807171257e-16       1.017112632488e-11       1.400516828584e-12      -7.199358756763e-15 
  101       3.671644654109e-10       1.063567881853e-13      -3.199976391285e-12       4.190381779939e-16       9.908759574707e-12       1.371636732974e-12      -7.129320278091e-15 
  102       3.713972580296e-10       1.083242835823e-13      -3.289012955376e-12       4.274876485325e-16       9.655000255420e-12       1.343600981931e-12      -7.061992015088e-15 
  103       3.756562578503e-10       1.102688785766e-13      -3.378016160684e-12       4.360297619203e-16       9.409729030630e-12       1.316402586575e-12      -6.997059298228e-15 
  104       3.799410928053e-10       1.121886851508e-13      -3.466916501783e-12       4.446651769096e-16       9.172752561538e-12       1.290026925292e-12      -6.934159252553e-15 
  105       3.842512467782e-10       1.140818042327e-13      -3.555643582048e-12       4.533945783042e-16       8.943801040498e-12       1.264451482823e-12      -6.872879370887e-15 
  106       3.885860541985e-10       1.159463264488e-13      -3.644126136754e-12       4.622186774369e-16       8.722525724576e-12       1.239645589351e-12      -6.812756087050e-15 
  107       3.929446946369e-10       1.177803328772e-13      -3.732292056161e-12       4.711382126471e-16       8.508496469117e-12       1.215570159594e-12      -6.753273349069e-15 
  108       3.973261874003e-10       1.195818958018e-13      -3.820068408613e-12       4.801539497590e-16       8.301199261309e-12       1.192177431893e-12      -6.693861192394e-15 
  109       4.017293861265e-10       1.213490794646e-13      -3.907381463620e-12       4.892666825590e-16       8.100033753750e-12       1.169410707300e-12      -6.633894313107e-15 
  110       4.061531713632e-10       1.230799887144e-13      -3.994157226467e-12       4.984772100836e-16       7.904448610760e-12       1.147217461484e-12      -6.572819195685e-15 
  111       4.105970679107e-10       1.247729204082e-13      -4.080323070211e-12       5.077862641536e-16       7.714372525701e-12       1.125591147383e-12      -6.510557048688e-15 
  112       4.150606967378e-10       1.264262328856e-13      -4.165806356730e-12       5.171945734169e-16       7.529834005381e-12       1.104534278999e-12      -6.447150005860e-15 
  113       4.195435806417e-10       1.280383010165e-13      -4.250533971677e-12       5.267028859563e-16       7.350827388942e-12       1.084045408811e-12      -6.382637019768e-15 
  114       4.240451407883e-10       1.296075174257e-13      -4.334432352604e-12       5.363119695391e-16       7.177311735851e-12       1.064118998296e-12      -6.317053698454e-15 
  115       4.285646932531e-10       1.311322937160e-13      -4.417427517075e-12       5.460226118674e-16       7.009209713886e-12       1.044745288448e-12      -6.250432142085e-15 
  116       4.331014455622e-10       1.326110616935e-13      -4.499445090789e-12       5.558356208276e-16       6.846406487128e-12       1.025910170291e-12      -6.182800779594e-15 
  117       4.376544932332e-10       1.340422745905e-13      -4.580410335698e-12       5.657518247404e-16       6.688748603950e-12       1.007595055403e-12      -6.114184205336e-15 
  118       4.422228163153e-10       1.354244082904e-13      -4.660248178123e-12       5.757720726105e-16       6.536042885006e-12       9.897767464292e-13      -6.044603015734e-15 
  119       4.468052759310e-10       1.367559625516e-13      -4.738883236875e-12       5.858972343765e-16       6.388055311222e-12       9.724273076027e-13      -5.974073645927e-15 
  120       4.514006108164e-10       1.380354622312e-13      -4.816239851375e-12       5.961282011607e-16       6.244509911782e-12       9.555139352603e-13      -5.902608206416e-15 
  121       4.560074338619e-10       1.392614585095e-13      -4.892242109767e-12       6.064658855192e-16       6.105087652121e-12       9.389988283612e-13      -5.830214319718e-15 
  122       4.606242286534e-10       1.404325301139e-13      -4.966813877042e-12       6.169112216911e-16       5.969425321911e-12       9.228390590053e-13      -5.756894957012e-15 
  123       4.652495313415e-10       1.415473321456e-13      -5.039879789326e-12       6.274651332589e-16       5.837193921568e-12       9.069966172760e-13      -5.682676930555e-15 
  124       4.698825072769e-10       1.426047463029e-13      -5.111368306195e-12       6.381284313882e-16       5.708346387037e-12       8.914701282245e-13      -5.607700425229e-15 
  125       4.745224344092e-10       1.436037503032e-13      -5.181209063640e-12       6.489019053139e-16       5.582896360944e-12       8.762665515403e-13      -5.532139492593e-15 
  126       4.791685219115e-10       1.445433734083e-13      -5.249331974657e-12       6.597863538764e-16       5.460840761591e-12       8.613912846627e-13      -5.456174377844e-15 
  127       4.838199081790e-10       1.454226980228e-13      -5.315667264966e-12       6.707825855151e-16       5.342159296427e-12       8.468481133483e-13      -5.379991581922e-15 
  128       4.884756588280e-10       1.462408612930e-13      -5.380145508732e-12       6.818914182622e-16       5.226813975520e-12       8.326391622389e-13      -5.303783923620e-15 
  129       4.931347646952e-10       1.469970567051e-13      -5.442697664286e-12       6.931136797355e-16       5.114748625024e-12       8.187648454287e-13      -5.227750601688e-15 
  130       4.977961398359e-10       1.476905356844e-13      -5.503255109843e-12       7.044502071322e-16       5.005888400646e-12       8.052238170325e-13      -5.152097256940e-15 
  131       5.024586195238e-10       1.483206091934e-13      -5.561749679225e-12       7.159018472223e-16       4.900139301123e-12       7.920129217528e-13      -5.077036034364e-15 
  132       5.071209582491e-10       1.488866493306e-13      -5.618113697580e-12       7.274694563420e-16       4.797387681684e-12       7.791271454476e-13      -5.002785645226e-15 
  133       5.117818277181e-10       1.493880909292e-13      -5.672280017101e-12       7.391539003869e-16       4.697499767522e-12       7.665595656980e-13      -4.929571429177e-15 
  134       5.164398148517e-10       1.498244331553e-13      -5.724182052748e-12       7.509560548057e-16       4.600321167265e-12       7.543013023758e-13      -4.857625416361e-15 
  135       5.210934197846e-10       1.501952411071e-13      -5.773753817968e-12       7.628768045935e-16       4.505676386445e-12       7.423414682114e-13      -4.787186389524e-15 
  136       5.257410538641e-10       1.505001474131e-13      -5.820929960415e-12       7.749170442853e-16       4.413368340963e-12       7.306671193606e-13      -4.718499946115e-15 
  137       5.303811766967e-10       1.507388810484e-13      -5.865646407091e-12       7.870776435241e-16       4.323220180096e-12       7.192658366918e-13      -4.651758430604e-15 
  138       5.350127275299e-10       1.509113537657e-13      -5.907842299495e-12       7.993593397582e-16       4.235206669804e-12       7.081338757459e-13      -4.586913584747e-15 
  139       5.396347349228e-10       1.510175856804e-13      -5.947458327385e-12       8.117628343761e-16       4.149335545666e-12       6.972687703275e-13      -4.523844538027e-15 
  140       5.442461805963e-10       1.510576806111e-13      -5.984436176538e-12       8.242888259127e-16       4.065606207254e-12       6.866667450257e-13      -4.462415881373e-15 
  141       5.488459983139e-10       1.510318278504e-13      -6.018718568345e-12       8.369380098238e-16       3.984009500147e-12       6.763226824799e-13      -4.402477347607e-15 
  142       5.534330727638e-10       1.509403039366e-13      -6.050249299395e-12       8.497110782616e-16       3.904527497950e-12       6.662300906447e-13      -4.343863491901e-15 
  143       5.580062384398e-10       1.507834744245e-13      -6.078973281065e-12       8.626087198488e-16       3.827133284309e-12       6.563810700553e-13      -4.286393372222e-15 
  144       5.625642785233e-10       1.505617956578e-13      -6.104836579108e-12       8.756316194543e-16       3.751790734926e-12       6.467662810929e-13      -4.229870229791e-15 
  145       5.671059237644e-10       1.502758165392e-13      -6.127786453243e-12       8.887804579677e-16       3.678454299576e-12       6.373749112496e-13      -4.174081169528e-15 
  146       5.716298513638e-10       1.499261803027e-13      -6.147771396739e-12       9.020559120743e-16       3.607068784124e-12       6.281946423942e-13      -4.118796840508e-15 
  147       5.761346838539e-10       1.495136262846e-13      -6.164741176009e-12       9.154586540299e-16       3.537569132540e-12       6.192116180372e-13      -4.063771116411e-15 
  148       5.806189879805e-10       1.490389916950e-13      -6.178646870195e-12       9.289893514361e-16       3.469880208915e-12       6.104104105960e-13      -4.008740775973e-15 
  149       5.850812735843e-10       1.485032133888e-13      -6.189440910756e-12       9.426486670147e-16       3.403916579479e-12       6.017739886603e-13      -3.953425183439e-15 
  150       5.895199924823e-10       1.479073296376e-13      -6.197077121059e-12       9.564372583829e-16       3.339582294615e-12       5.932836842577e-13      -3.897525969015e-15 
  151       5.939335373496e-10       1.472524819007e-13      -6.201510755965e-12       9.703557778283e-16       3.276770670875e-12       5.849191601184e-13      -3.840726709317e-15 
  152       5.983202406002e-10       1.465399165964e-13      -6.202698541418e-12       9.844048720837e-16       3.215364072997e-12       5.766583769407e-13      -3.782692607825e-15 
  153       6.026784958876e-10       1.457709702769e-13      -6.200598946165e-12       9.985851329771e-16       3.155258236479e-12       5.684826698404e-13      -3.723151758765e-15 
  154       6.070071376626e-10       1.449470198734e-13      -6.195172942020e-12       1.012896944696e-15       3.096438237585e-12       5.603925774608e-13      -3.662148109454e-15 
  155       6.113050949221e-10       1.440695311823e-13      -6.186383390067e-12       1.027340621833e-15       3.038909201031e-12       5.523934284104e-13      -3.599811507734e-15 
  156       6.155712712710e-10       1.431400767198e-13      -6.174194855305e-12       1.041916456763e-15       2.982672301755e-12       5.444903576371e-13      -3.536278326620e-15 
  157       6.198045444280e-10       1.421603374080e-13      -6.158573647423e-12       1.056624719170e-15       2.927724671920e-12       5.366882997145e-13      -3.471691560250e-15 
  158       6.240037657321e-10       1.411321042623e-13      -6.139487861569e-12       1.071465655570e-15       2.874059307918e-12       5.289919821281e-13      -3.406200919835e-15 
  159       6.281677596482e-10       1.400572800779e-13      -6.116907419120e-12       1.086439488834e-15       2.821664977360e-12       5.214059185613e-13      -3.339962929617e-15 
  160       6.322953232732e-10       1.389378811169e-13      -6.090804108453e-12       1.101546417718e-15       2.770526126088e-12       5.139344021813e-13      -3.273141022812e-15 
  161       6.363852258419e-10       1.377760387946e-13      -6.061151625715e-12       1.116786616382e-15       2.720622785165e-12       5.065814989255e-13      -3.205905637569e-15 
  162       6.404362082331e-10       1.365740013673e-13      -6.027925615595e-12       1.132160233920e-15       2.671930477878e-12       4.993510407873e-13      -3.138434312917e-15 
  163       6.444469824756e-10       1.353341356180e-13      -5.991103712094e-12       1.147667393879e-15       2.624420126742e-12       4.922466191023e-13      -3.070911784719e-15 
  164       6.484162312540e-10       1.340589285442e-13      -5.950665579295e-12       1.163308193788e-15       2.578057960493e-12       4.852715778344e-13      -3.003530081624e-15 
  165       6.523426074150e-10       1.327509890441e-13      -5.906592952133e-12       1.179082704682e-15       2.532805421093e-12       4.784290068621e-13      -2.936488621015e-15 
  166       6.562247334729e-10       1.314130496036e-13      -5.858869677169e-12       1.194990970626e-15       2.488619070726e-12       4.717217352639e-13      -2.869994304966e-15 
  167       6.600612011161e-10       1.300479679834e-13      -5.807481753355e-12       1.211033008239e-15       2.445450498803e-12       4.651523246053e-13      -2.804261616191e-15 
  168       6.638505707127e-10       1.286587289055e-13      -5.752417372811e-12       1.227208806221e-15       2.403246228956e-12       4.587230622242e-13      -2.739512713993e-15 
  169       6.675913708168e-10       1.272484457401e-13      -5.693666961591e-12       1.243518324875e-15       2.361947626041e-12       4.524359545171e-13      -2.675977530221e-15 
  170       6.712820976742e-10       1.258203621927e-13      -5.631223220454e-12       1.259961495635e-15       2.321490803139e-12       4.462927202255e-13      -2.613893865217e-15 
  171       6.749213140092e-10       1.243777551100e-13      -5.565080422574e-12       1.276538192195e-15       2.281819547793e-12       4.402943018157e-13      -2.553456516680e-15 
  172       6.785079556626e-10       1.229236302739e-13      -5.495232155593e-12       1.293248142212e-15       2.242925504901e-12       4.344393679568e-13      -2.494659705482e-15 
  173       6.820410496937e-10       1.214610043568e-13      -5.421673468548e-12       1.310091007297e-15       2.204811181707e-12       4.287256727306e-13      -2.437441633840e-15 
  174       6.855196173131e-10       1.199930027930e-13      -5.344401635438e-12       1.327066410159e-15       2.167477190566e-12       4.231505176841e-13      -2.381734158599e-15 
  175       6.889426737936e-10       1.185228610617e-13      -5.263416192969e-12       1.344173934009e-15       2.130922209064e-12       4.177107431484e-13      -2.327462679237e-15 
  176       6.923092283809e-10       1.170539259707e-13      -5.178718978286e-12       1.361413121977e-15       2.095142940132e-12       4.124027195595e-13      -2.274546025878e-15 
  177       6.956182842053e-10       1.155896569398e-13      -5.090314166720e-12       1.378783476512e-15       2.060134072169e-12       4.072223387775e-13      -2.222896347293e-15 
  178       6.988688381923e-10       1.141336272841e-13      -4.998208309519e-12       1.396284458797e-15       2.025888239154e-12       4.021650054070e-13      -2.172418998913e-15 
  179       7.020598809737e-10       1.126895254974e-13      -4.902410371594e-12       1.413915488157e-15       1.992395980772e-12       3.972256281169e-13      -2.123012430834e-15 
  180       7.051903967987e-10       1.112611565357e-13      -4.802931769253e-12       1.431675941465e-15       1.959645702523e-12       3.923986109603e-13      -2.074568075824e-15 
  181       7.082593634449e-10       1.098524431004e-13      -4.699786407939e-12       1.449565152554e-15       1.927623635845e-12       3.876778446943e-13      -2.026970237335e-15 
  182       7.112657521296e-10       1.084674269220e-13      -4.592990719977e-12       1.467582411624e-15       1.896313798232e-12       3.830566981002e-13      -1.980095977504e-15 
  183       7.142085274203e-10       1.071102700434e-13      -4.482563702302e-12       1.485726964652e-15       1.865697953352e-12       3.785280093031e-13      -1.933815005164e-15 
  184       7.170866471464e-10       1.057852561031e-13      -4.368526954206e-12       1.503998012801e-15       1.835755571160e-12       3.740840770922e-13      -1.887989563854e-15 
  185       7.198990623097e-10       1.044967916189e-13      -4.250904715074e-12       1.522394711827e-15       1.806463788024e-12       3.697166522404e-13      -1.842474319821e-15 
  186       7.226447169956e-10       1.032494072710e-13      -4.129723902122e-12       1.540916171490e-15       1.777797366836e-12       3.654169288241e-13      -1.797116250033e-15 
  187       7.253225482846e-10       1.020477591859e-13      -4.005014148139e-12       1.559561454963e-15       1.749728657135e-12       3.611755355439e-13      -1.751754530184e-15 
  188       7.279314861625e-10       1.008966302192e-13      -3.876807839222e-12       1.578329578238e-15       1.722227555220e-12       3.569825270435e-13      -1.706220422699e-15 
  189       7.304704534321e-10       9.980093123931e-14      -3.745140152518e-12       1.597219509539e-15       1.695261464272e-12       3.528273752302e-13      -1.660337164749e-15 
  190       7.329383656242e-10       9.876570241097e-14      -3.610049093961e-12       1.616230168728e-15       1.668795254472e-12       3.486989605950e-13      -1.613919856250e-15 
  191       7.353342038145e-10       9.779590471175e-14      -3.471573310708e-12       1.635360429904e-15       1.642798207610e-12       3.445878837079e-13      -1.566816076791e-15 
  192       7.376572393614e-10       9.689577434347e-14      -3.329745266546e-12       1.654609130645e-15       1.617265515785e-12       3.404936114266e-13      -1.519031372232e-15 
  193       7.399068258933e-10       9.606942225558e-14      -3.184597626049e-12       1.673975062323e-15       1.592198322222e-12       3.364178512350e-13      -1.470612986670e-15 
  194       7.420823280663e-10       9.532104015014e-14      -3.036165464099e-12       1.693456966402e-15       1.567596864878e-12       3.323622781903e-13      -1.421610001105e-15 
  195       7.441831217143e-10       9.465490107882e-14      -2.884486296350e-12       1.713053533855e-15       1.543460459419e-12       3.283285338347e-13      -1.372073354725e-15 
  196       7.462085939986e-10       9.407536003988e-14      -2.729600109675e-12       1.732763404582e-15       1.519787482188e-12       3.243182251080e-13      -1.322055866186e-15 
  197       7.481581435572e-10       9.358685457520e-14      -2.571549392632e-12       1.752585166835e-15       1.496575353180e-12       3.203329232592e-13      -1.271612254896e-15 
  198       7.500311806545e-10       9.319390536721e-14      -2.410379165916e-12       1.772517356631e-15       1.473820519017e-12       3.163741627588e-13      -1.220799162298e-15 
  199       7.518271273313e-10       9.290111683599e-14      -2.246137012820e-12       1.792558457176e-15       1.451518435916e-12       3.124434402113e-13      -1.169675173153e-15 
  200       7.535454175537e-10       9.271317773615e-14      -2.078873109687e-12       1.812706898281e-15       1.429663552668e-12       3.085422132666e-13      -1.118300836822e-15 
  201       7.551854973634e-10       9.263486175390e-14      -1.908640256374e-12       1.832961055783e-15       1.408249293607e-12       3.046718995330e-13      -1.066738688550e-15 
  202       7.567468250271e-10       9.267102810405e-14      -1.735493906702e-12       1.853319250965e-15       1.387268041583e-12       3.008338754883e-13      -1.015053270747e-15 
  203       7.582288711858e-10       9.282662212695e-14      -1.559492198918e-12       1.873779749973e-15       1.366711120936e-12       2.970294753930e-13      -9.633111542738e-16 
  204       7.596311190047e-10       9.310667588553e-14      -1.380695986151e-12       1.894340763238e-15       1.346568780471e-12       2.932599902016e-13      -9.115809597209e-16 
  205       7.609530643230e-10       9.351630876230e-14      -1.199168866869e-12       1.915000444893e-15       1.326830176425e-12       2.895266664749e-13      -8.599333786949e-16 
  206       7.621942158031e-10       9.406072805630e-14      -1.014977215336e-12       1.935756892195e-15       1.307483355447e-12       2.858307052926e-13      -8.084411950994e-16 
  207       7.633540950804e-10       9.474522958015e-14      -8.281902120672e-13       1.956608144941e-15       1.288515237566e-12       2.821732611648e-13      -7.571793064185e-16 
  208       7.644322369129e-10       9.557519825702e-14      -6.388798742917e-13       1.977552184890e-15       1.269911599167e-12       2.785554409445e-13      -7.062247449994e-16 
  209       7.654281893310e-10       9.655610871763e-14      -4.471210864041e-13       1.998586935180e-15       1.251657055962e-12       2.749783027394e-13      -6.556566993352e-16 
  210       7.663415137867e-10       9.769352589723e-14      -2.529916304242e-13       2.019710259751e-15       1.233735045962e-12       2.714428548245e-13      -6.055565353479e-16 
  211       7.671717853036e-10       9.899310563262e-14      -5.657221645381e-14       2.040919962760e-15       1.216127812454e-12       2.679500545539e-13      -5.560078176710e-16 
  212       7.679185926263e-10       1.004605952591e-13       1.420534868662e-13       2.062213788004e-15       1.198816386970e-12       2.645008072727e-13      -5.070963309328e-16 
  213       7.685815766018e-10       1.021015033228e-13       3.428031455432e-13       2.083589490138e-15       1.181784291969e-12       2.610959150874e-13      -4.588945093562e-16 
  214       7.691605478955e-10       1.039200826675e-13       5.456090254904e-13       2.105045054891e-15       1.165028962344e-12       2.577359215844e-13      -4.114135117887e-16 
  215       7.696553775175e-10       1.059202797981e-13       7.504055646244e-13       2.126578492609e-15       1.148551062657e-12       2.544212545180e-13      -3.646479499503e-16 
  216       7.700659595537e-10       1.081060593208e-13       9.571251107719e-13       2.148187767396e-15       1.132350829563e-12       2.511522737978e-13      -3.185911696024e-16 
  217       7.703922114163e-10       1.104814036689e-13       1.165697902595e-12       2.169870796729e-15       1.116428064572e-12       2.479292702687e-13      -2.732352307839e-16 
  218       7.706340740941e-10       1.130503128293e-13       1.376052050517e-12       2.191625451058e-15       1.100782126818e-12       2.447524644913e-13      -2.285708880469e-16 
  219       7.707915124026e-10       1.158168040676e-13       1.588113517647e-12       2.213449553423e-15       1.085411925824e-12       2.416220055218e-13      -1.845875706929e-16 
  220       7.708645152344e-10       1.187849116547e-13       1.801806100705e-12       2.235340879056e-15       1.070315914266e-12       2.385379696920e-13      -1.412733630082e-16 
  221       7.708530958095e-10       1.219586865921e-13       2.017051410950e-12       2.257297154992e-15       1.055492080740e-12       2.355003593897e-13      -9.861498450007e-17 
  222       7.707572919252e-10       1.253421963384e-13       2.233768855100e-12       2.279316059678e-15       1.040937942525e-12       2.325091018387e-13      -5.659777013282e-17 
  223       7.705771662070e-10       1.289395245347e-13       2.451875616263e-12       2.301395222578e-15       1.026650538352e-12       2.295640478789e-13      -1.520565056331e-17 
  224       7.703128063582e-10       1.327547707308e-13       2.671286634859e-12       2.323532223785e-15       1.012626421169e-12       2.266649707463e-13       2.557886762293e-17 
  225       7.699643254107e-10       1.367920501110e-13       2.891914589546e-12       2.345724593630e-15       9.988616509029e-13       2.238115648534e-13       6.577472167592e-17 
  226       7.695318619747e-10       1.410554932201e-13       3.113669878145e-12       2.367969812285e-15       9.853517872291e-13       2.210034445690e-13       1.054023124453e-16 
  227       7.690155804897e-10       1.455492456889e-13       3.336460598568e-12       2.390265309376e-15       9.720918823354e-13       2.182401429986e-13       1.444835241443e-16 
  228       7.684156714740e-10       1.502774679608e-13       3.560192529739e-12       2.412608463592e-15       9.590764736875e-13       2.155211107643e-13       1.830417441142e-16 
  229       7.677323517755e-10       1.552443350171e-13       3.784769112522e-12       2.434996602288e-15       9.462995767946e-13       2.128457147851e-13       2.211018825883e-16 
  230       7.669658648217e-10       1.604540361031e-13       4.010091430645e-12       2.457427001100e-15       9.337546779750e-13       2.102132370567e-13       2.586903924556e-16 
  231       7.661164808701e-10       1.659107744543e-13       4.236058191630e-12       2.479896883547e-15       9.214347271218e-13       2.076228734322e-13       2.958352890257e-16 
  232       7.651844972584e-10       1.716187670217e-13       4.462565707709e-12       2.502403420646e-15       9.093321304681e-13       2.050737324015e-13       3.325661697922e-16 
  233       7.641702386546e-10       1.775822441981e-13       4.689507876759e-12       2.524943730515e-15       8.974387433526e-13       2.025648338720e-13       3.689142341975e-16 
  234       7.630740573077e-10       1.838054495442e-13       4.916776163221e-12       2.547514877982e-15       8.857458629853e-13       2.000951079484e-13       4.049123033960e-16 
  235       7.618963332973e-10       1.902926395138e-13       5.144259579028e-12       2.570113874196e-15       8.742442212130e-13       1.976633937128e-13       4.405948400193e-16 
  236       7.606374747847e-10       1.970480831805e-13       5.371844664532e-12       2.592737676235e-15       8.629239772847e-13       1.952684380051e-13       4.759979679393e-16 
  237       7.592979182624e-10       2.040760619631e-13       5.599415469423e-12       2.615383186711e-15       8.517747106169e-13       1.929088942029e-13       5.111594920332e-16 
  238       7.578781236569e-10       2.113804786944e-13       5.826860192045e-12       2.638047409583e-15       8.407874262702e-13       1.905835445476e-13       5.461104545453e-16 
  239       7.563785587897e-10       2.189636591129e-13       6.054091583093e-12       2.660727928863e-15       8.299607211531e-13       1.882919845909e-13       5.808491956792e-16 
  240       7.547997144598e-10       2.268274772297e-13       6.281027741045e-12       2.683422458151e-15       8.192949773572e-13       1.860339778488e-13       6.153657598371e-16 
  241       7.531421097458e-10       2.349737383631e-13       6.507585559956e-12       2.706128686983e-15       8.087903800734e-13       1.838092352404e-13       6.496502195816e-16 
  242       7.514062922445e-10       2.434041780402e-13       6.733680724428e-12       2.728844280762e-15       7.984469146033e-13       1.816174143400e-13       6.836926775449e-16 
  243       7.495928383108e-10       2.521204608989e-13       6.959227704585e-12       2.751566880704e-15       7.882643633708e-13       1.794581186289e-13       7.174832683386e-16 
  244       7.477023532970e-10       2.611241795894e-13       7.184139751043e-12       2.774294103772e-15       7.782423029338e-13       1.773308967466e-13       7.510121604631e-16 
  245       7.457354717921e-10       2.704168536761e-13       7.408328889883e-12       2.797023542611e-15       7.683801009958e-13       1.752352417428e-13       7.842695582168e-16 
  246       7.436928578612e-10       2.799999285395e-13       7.631705917620e-12       2.819752765493e-15       7.586769134173e-13       1.731705903294e-13       8.172457036057e-16 
  247       7.415752052849e-10       2.898747742775e-13       7.854180396182e-12       2.842479316249e-15       7.491316812277e-13       1.711363221318e-13       8.499308782532e-16 
  248       7.393832377991e-10       3.000426846078e-13       8.075660647874e-12       2.865200714207e-15       7.397431276368e-13       1.691317589406e-13       8.823154053091e-16 
  249       7.371177093336e-10       3.105048757691e-13       8.296053750356e-12       2.887914454135e-15       7.305097550462e-13       1.671561639638e-13       9.143896513592e-16 
  250       7.347794042523e-10       3.212624854231e-13       8.515265531611e-12       2.910618006173e-15       7.214298420613e-13       1.652087410780e-13       9.461440283348e-16 
  251       7.323691375921e-10       3.323165715563e-13       8.733200564920e-12       2.933308815775e-15       7.125014405023e-13       1.632886340804e-13       9.775689954222e-16 
  252       7.298877553025e-10       3.436681113817e-13       8.949762163833e-12       2.955984303645e-15       7.037223724166e-13       1.613949259403e-13       1.008655060972e-15 
  253       7.273361344852e-10       3.553180002406e-13       9.164852377141e-12       2.978641865673e-15       6.950902270897e-13       1.595266380510e-13       1.039392784410e-15 
  254       7.247151836328e-10       3.672670505043e-13       9.378371983848e-12       3.001278872878e-15       6.866023580571e-13       1.576827294816e-13       1.069772778142e-15 
  255       7.220258428691e-10       3.795159904757e-13       9.590220488142e-12       3.023892671342e-15       6.782558801158e-13       1.558620962284e-13       1.099785709471e-15 
  256       7.192690841879e-10       3.920654632916e-13       9.800296114371e-12       3.046480582147e-15       6.700476663363e-13       1.540635704669e-13       1.129422302499e-15 
  257       7.164459116927e-10       4.049160258238e-13       1.000849580201e-11       3.069039901317e-15       6.619743450734e-13       1.522859198034e-13       1.158673340041e-15 
  258       7.135573618357e-10       4.180681475813e-13       1.021471520063e-11       3.091567899753e-15       6.540322969787e-13       1.505278465267e-13       1.187529665533e-15 
  259       7.106045036578e-10       4.315222096119e-13       1.041884866489e-11       3.114061823170e-15       6.462176520115e-13       1.487879868597e-13       1.215982184943e-15 
  260       7.075884390276e-10       4.452785034039e-13       1.062078924949e-11       3.136518892038e-15       6.385262864509e-13       1.470649102115e-13       1.244021868676e-15 
  261       7.045103028807e-10       4.593372297882e-13       1.082042870413e-11       3.158936301517e-15       6.309538199068e-13       1.453571184289e-13       1.271639753490e-15 
  262       7.013712634596e-10       4.736984978396e-13       1.101765746851e-11       3.181311221397e-15       6.234956123323e-13       1.436630450478e-13       1.298826944400e-15 
  263       6.981725225527e-10       4.883623237786e-13       1.121236466732e-11       3.203640796034e-15       6.161467610348e-13       1.419810545454e-13       1.325574616590e-15 
  264       6.949153157335e-10       5.033286298738e-13       1.140443810513e-11       3.225922144290e-15       6.089020976874e-13       1.403094415917e-13       1.351874017323e-15 
  265       6.916009126008e-10       5.185972433427e-13       1.159376426146e-11       3.248152359468e-15       6.017561853410e-13       1.386464303013e-13       1.377716467849e-15 
  266       6.882305569680e-10       5.341676416680e-13       1.178023617424e-11       3.270328720170e-15       5.947043495360e-13       1.369905592851e-13       1.403094998603e-15 
  267       6.848052833431e-10       5.500381754875e-13       1.196377757498e-11       3.292449335674e-15       5.877458398154e-13       1.353418615093e-13       1.428009349233e-15 
  268       6.813260909492e-10       5.662068013678e-13       1.214432005445e-11       3.314512535478e-15       5.808808340756e-13       1.337007470495e-13       1.452461243804e-15 
  269       6.777940030141e-10       5.826713300723e-13       1.232179530034e-11       3.336516661834e-15       5.741094186873e-13       1.320676229637e-13       1.476452786598e-15 
  270       6.742100669075e-10       5.994294250346e-13       1.249613510564e-11       3.358460070045e-15       5.674315872549e-13       1.304428931955e-13       1.499986466781e-15 
  271       6.705753542796e-10       6.164786008311e-13       1.266727137685e-11       3.380341128750e-15       5.608472393750e-13       1.288269584777e-13       1.523065163080e-15 
  272       6.668909611991e-10       6.338162216551e-13       1.283513614235e-11       3.402158220230e-15       5.543561793956e-13       1.272202162359e-13       1.545692148445e-15 
  273       6.631580082904e-10       6.514394997897e-13       1.299966156068e-11       3.423909740693e-15       5.479581151745e-13       1.256230604920e-13       1.567871094719e-15 
  274       6.593776408723e-10       6.693454940811e-13       1.316077992881e-11       3.445594100572e-15       5.416526568383e-13       1.240358817680e-13       1.589606077311e-15 
  275       6.555510290956e-10       6.875311084118e-13       1.331842369049e-11       3.467209724819e-15       5.354393155413e-13       1.224590669893e-13       1.610901579860e-15 
  276       6.516793680811e-10       7.059930901744e-13       1.347252544452e-11       3.488755053200e-15       5.293175022244e-13       1.208929993885e-13       1.631762498908e-15 
  277       6.477638780575e-10       7.247280287442e-13       1.362301795307e-11       3.510228540588e-15       5.232865263737e-13       1.193380584086e-13       1.652194148567e-15 
  278       6.438058044996e-10       7.437323539530e-13       1.376983414995e-11       3.531628657257e-15       5.173455947797e-13       1.177946196071e-13       1.672202265191e-15 
  279       6.398064182657e-10       7.630023345623e-13       1.391290714894e-11       3.552953889178e-15       5.114938102956e-13       1.162630545592e-13       1.691793012040e-15 
  280       6.357670157361e-10       7.825340767363e-13       1.405217025208e-11       3.574202738310e-15       5.057301705967e-13       1.147437307615e-13       1.710972983952e-15 
  281       6.316889189507e-10       8.023235225156e-13       1.418755695797e-11       3.595373722899e-15       5.000535669388e-13       1.132370115354e-13       1.729749212015e-15 
  282       6.275734757472e-10       8.223664482903e-13       1.431900097007e-11       3.616465377769e-15       4.944627829173e-13       1.117432559310e-13       1.748129168231e-15 
  283       6.234220598987e-10       8.426584632733e-13       1.444643620502e-11       3.637476254614e-15       4.889564932259e-13       1.102628186303e-13       1.766120770187e-15 
  284       6.192360712520e-10       8.631950079736e-13       1.456979680089e-11       3.658404922300e-15       4.835332624156e-13       1.087960498512e-13       1.783732385726e-15 
  285       6.150169358653e-10       8.839713526697e-13       1.468901712555e-11       3.679249967150e-15       4.781915436532e-13       1.073432952505e-13       1.800972837612e-15 
  286       6.107661061462e-10       9.049825958826e-13       1.480403178491e-11       3.700009993245e-15       4.729296774805e-13       1.059048958281e-13       1.817851408206e-15 
  287       6.064850609898e-10       9.262236628496e-13       1.491477563125e-11       3.720683622716e-15       4.677458905730e-13       1.044811878300e-13       1.834377844125e-15 
  288       6.021753059163e-10       9.476893039970e-13       1.502118377153e-11       3.741269496036e-15       4.626382944986e-13       1.030725026524e-13       1.850562360921e-15 
  289       5.978383732093e-10       9.693740934140e-13       1.512319157566e-11       3.761766272318e-15       4.576048844768e-13       1.016791667447e-13       1.866415647745e-15 
  290       5.934758220536e-10       9.912724273254e-13       1.522073468483e-11       3.782172629609e-15       4.526435381369e-13       1.003015015137e-13       1.881948872016e-15 
  291       5.890892386730e-10       1.013378522565e-12       1.531374901979e-11       3.802487265179e-15       4.477520142776e-13       9.893982322666e-14       1.897173684091e-15 
  292       5.846802364686e-10       1.035686415051e-12       1.540217078916e-11       3.822708895822e-15       4.429279516253e-13       9.759444291503e-14       1.912102221937e-15 
  293       5.802504561563e-10       1.058189958253e-12       1.548593649774e-11       3.842836258147e-15       4.381688675930e-13       9.626566627814e-14       1.926747115793e-15 
  294       5.758015659050e-10       1.080882821675e-12       1.556498295478e-11       3.862868108872e-15       4.334721570394e-13       9.495379358666e-14       1.941121492846e-15 
  295       5.713352614747e-10       1.103758489320e-12       1.563924728232e-11       3.882803225119e-15       4.288350910275e-13       9.365911958618e-14       1.955238981898e-15 
  296       5.668532663539e-10       1.126810258168e-12       1.570866692347e-11       3.902640404708e-15       4.242548155835e-13       9.238193340079e-14       1.969113718033e-15 
  297       5.623572273907e-10       1.150031422531e-12       1.577318610112e-11       3.922378629931e-15       4.197288884719e-13       9.112246058972e-14       1.982757184078e-15 
  298       5.578483957785e-10       1.173415840198e-12       1.583277552500e-11       3.942017567089e-15       4.152569209877e-13       8.988068639367e-14       1.996168555230e-15 
  299       5.533279307996e-10       1.196957390891e-12       1.588741366077e-11       3.961557091861e-15       4.108390137162e-13       8.865652369042e-14       2.009343893215e-15 
  300       5.487970029281e-10       1.220649791593e-12       1.593708038311e-11       3.980997128533e-15       4.064752252148e-13       8.744986989172e-14       2.022279267487e-15 
  301       5.442567938271e-10       1.244486595279e-12       1.598175699276e-11       4.000337650514e-15       4.021655715010e-13       8.626060676843e-14       2.034970755610e-15 
  302       5.397084963439e-10       1.268461189636e-12       1.602142623356e-11       4.019578680849e-15       3.979100255407e-13       8.508860027569e-14       2.047414443638e-15 
  303       5.351533145068e-10       1.292566795791e-12       1.605607230949e-11       4.038720292738e-15       3.937085167370e-13       8.393370037801e-14       2.059606426498e-15 
  304       5.305924635215e-10       1.316796467038e-12       1.608568090173e-11       4.057762610052e-15       3.895609304177e-13       8.279574087446e-14       2.071542808364e-15 
  305       5.260271697666e-10       1.341143087559e-12       1.611023918572e-11       4.076705807846e-15       3.854671073243e-13       8.167453922379e-14       2.083219703045e-15 
  306       5.214586707908e-10       1.365599371152e-12       1.612973584816e-11       4.095550112877e-15       3.814268431000e-13       8.056989636955e-14       2.094633234358e-15 
  307       5.168882153084e-10       1.390157859957e-12       1.614416110411e-11       4.114295804120e-15       3.774398877778e-13       7.948159656527e-14       2.105779536516e-15 
  308       5.123170631961e-10       1.414810923180e-12       1.615350671399e-11       4.132943213284e-15       3.735059452692e-13       7.840940719955e-14       2.116654754499e-15 
  309       5.077464854886e-10       1.439550755819e-12       1.615776600067e-11       4.151492725325e-15       3.696246728525e-13       7.735307862125e-14       2.127255044444e-15 
  310       5.031777643756e-10       1.464369377386e-12       1.615693386648e-11       4.169944778967e-15       3.657956806605e-13       7.631234396459e-14       2.137576574017e-15 
  311       4.986121931975e-10       1.489258630640e-12       1.615100681028e-11       4.188299867213e-15       3.620185311694e-13       7.528691897433e-14       2.147615522799e-15 
  312       4.940510764417e-10       1.514210180304e-12       1.613998294448e-11       4.206558537865e-15       3.582927386871e-13       7.427650183085e-14       2.157368082665e-15 
  313       4.894957297392e-10       1.539215511796e-12       1.612386201212e-11       4.224721394037e-15       3.546177688411e-13       7.328077297536e-14       2.166830458161e-15 
  314       4.849474798605e-10       1.564265929950e-12       1.610264540390e-11       4.242789094671e-15       3.509930380671e-13       7.229939493499e-14       2.175998866888e-15 
  315       4.804076647119e-10       1.589352557746e-12       1.607633617522e-11       4.260762355054e-15       3.474179130971e-13       7.133201214793e-14       2.184869539881e-15 
  316       4.758776333320e-10       1.614466335032e-12       1.604493906324e-11       4.278641947336e-15       3.438917104479e-13       7.037825078862e-14       2.193438721991e-15 
  317       4.713587458875e-10       1.639598017250e-12       1.600846050391e-11       4.296428701040e-15       3.404136959094e-13       6.943771859281e-14       2.201702672260e-15 
  318       4.668523736699e-10       1.664738174162e-12       1.596690864904e-11       4.314123503584e-15       3.369830840327e-13       6.851000468279e-14       2.209657664310e-15 
  319       4.623598990914e-10       1.689877188574e-12       1.592029338331e-11       4.331727300794e-15       3.335990376185e-13       6.759467939244e-14       2.217299986713e-15 
  320       4.578827156813e-10       1.715005255063e-12       1.586862634136e-11       4.349241097418e-15       3.302606672053e-13       6.669129409245e-14       2.224625943380e-15 
  321       4.534222280825e-10       1.740112378701e-12       1.581192092481e-11       4.366665957647e-15       3.269670305582e-13       6.579938101539e-14       2.231631853938e-15 
  322       4.489798520472e-10       1.765188373782e-12       1.575019231931e-11       4.384003005626e-15       3.237171321564e-13       6.491845308091e-14       2.238314054107e-15 
  323       4.445570144335e-10       1.790222862545e-12       1.568345751159e-11       4.401253425974e-15       3.205099226821e-13       6.404800372084e-14       2.244668896087e-15 
  324       4.401551532016e-10       1.815205273900e-12       1.561173530650e-11       4.418418464295e-15       3.173442985085e-13       6.318750670433e-14       2.250692748932e-15 
  325       4.357757174100e-10       1.840124842157e-12       1.553504634405e-11       4.435499427700e-15       3.142191011883e-13       6.233641596302e-14       2.256381998935e-15 
  326       4.314201672118e-10       1.864970605744e-12       1.545341311651e-11       4.452497685317e-15       3.111331169418e-13       6.149416541616e-14       2.261733050006e-15 
  327       4.270899738511e-10       1.889731405940e-12       1.536685998536e-11       4.469414668811e-15       3.080850761455e-13       6.066016879574e-14       2.266742324051e-15 
  328       4.227866196586e-10       1.914395885594e-12       1.527541319842e-11       4.486251872897e-15       3.050736528201e-13       5.983381947164e-14       2.271406261356e-15 
  329       4.185115980488e-10       1.938952487855e-12       1.517910090688e-11       4.503010855860e-15       3.020974641186e-13       5.901449027678e-14       2.275721320964e-15 
  330       4.142664135155e-10       1.963389454896e-12       1.507795318229e-11       4.519693240064e-15       2.991550698155e-13       5.820153333224e-14       2.279683981057e-15 
  331       4.100525816284e-10       1.987694826635e-12       1.497200203370e-11       4.536300712477e-15       2.962449717939e-13       5.739427987242e-14       2.283290739334e-15 
  332       4.058715112568e-10       2.011857320301e-12       1.486128167067e-11       4.552834967809e-15       2.933658936537e-13       5.659217686370e-14       2.286539242262e-15 
  333       4.017241455733e-10       2.035869014095e-12       1.474582927043e-11       4.569297534163e-15       2.905176340555e-13       5.579520380271e-14       2.289431726455e-15 
  334       3.976113053768e-10       2.059722778139e-12       1.462568427757e-11       4.585689940785e-15       2.877002496141e-13       5.500347376443e-14       2.291971728212e-15 
  335       3.935338053205e-10       2.083411403898e-12       1.450088817827e-11       4.602013775206e-15       2.849137779314e-13       5.421709822295e-14       2.294162969797e-15 
  336       3.894924537808e-10       2.106927603852e-12       1.437148451762e-11       4.618270683689e-15       2.821582373887e-13       5.343618702511e-14       2.296009361047e-15 
  337       3.854880527251e-10       2.130264011183e-12       1.423751891690e-11       4.634462371688e-15       2.794336269393e-13       5.266084836411e-14       2.297515000973e-15 
  338       3.815213975810e-10       2.153413179455e-12       1.409903909093e-11       4.650590604297e-15       2.767399259006e-13       5.189118875309e-14       2.298684179366e-15 
  339       3.775932771038e-10       2.176367582294e-12       1.395609486535e-11       4.666657206706e-15       2.740770937468e-13       5.112731299882e-14       2.299521378409e-15 
  340       3.737044732456e-10       2.199119613074e-12       1.380873819398e-11       4.682664064655e-15       2.714450699008e-13       5.036932417528e-14       2.300031274274e-15 
  341       3.698557610234e-10       2.221661584591e-12       1.365702317608e-11       4.698613124888e-15       2.688437735267e-13       4.961732359724e-14       2.300218738732e-15 
  342       3.660479083877e-10       2.243985728751e-12       1.350100607371e-11       4.714506395604e-15       2.662731033224e-13       4.887141079396e-14       2.300088840760e-15 
  343       3.622816760908e-10       2.266084196250e-12       1.334074532899e-11       4.730345946912e-15       2.637329373115e-13       4.813168348276e-14       2.299646848142e-15 
  344       3.585578175551e-10       2.287949056251e-12       1.317630158148e-11       4.746133911286e-15       2.612231326363e-13       4.739823754261e-14       2.298898229081e-15 
  345       3.548770787418e-10       2.309572296072e-12       1.300773768545e-11       4.761872484018e-15       2.587435253493e-13       4.667116698783e-14       2.297848653796e-15 
  346       3.512401980191e-10       2.330945820862e-12       1.283511872719e-11       4.777563923670e-15       2.562939302062e-13       4.595056394163e-14       2.296503996136e-15 
  347       3.476479060306e-10       2.352061453285e-12       1.265851204235e-11       4.793210552528e-15       2.538741404579e-13       4.523651860978e-14       2.294870335181e-15 
  348       3.441009255638e-10       2.372910933203e-12       1.247798723323e-11       4.808814757059e-15       2.514839276433e-13       4.452911925419e-14       2.292953956848e-15 
  349       3.405999714187e-10       2.393485917352e-12       1.229361618611e-11       4.824378988360e-15       2.491230413810e-13       4.382845216656e-14       2.290761355499e-15 
  350       3.371457502756e-10       2.413777979029e-12       1.210547308856e-11       4.839905762614e-15       2.467912091620e-13       4.313460164199e-14       2.288299235541e-15 
  351       3.337389605644e-10       2.433778607771e-12       1.191363444673e-11       4.855397661544e-15       2.444881361422e-13       4.244764995258e-14       2.285574513040e-15 
  352       3.303802923323e-10       2.453479209036e-12       1.171817910272e-11       4.870857332866e-15       2.422135049344e-13       4.176767732106e-14       2.282594317319e-15 
  353       3.270704271123e-10       2.472871103885e-12       1.151918825183e-11       4.886287490740e-15       2.399669754009e-13       4.109476189444e-14       2.279365992568e-15 
  354       3.238100377921e-10       2.491945528663e-12       1.131674545989e-11       4.901690916231e-15       2.377481844457e-13       4.042897971758e-14       2.275897099446e-15 
  355       3.205997884819e-10       2.510693634681e-12       1.111093668063e-11       4.917070457753e-15       2.355567458070e-13       3.977040470681e-14       2.272195416692e-15 
  356       3.174403343832e-10       2.529106487899e-12       1.090185027291e-11       4.932429031530e-15       2.333922498494e-13       3.911910862360e-14       2.268268942724e-15 
  357       3.143323216573e-10       2.547175068603e-12       1.068957701807e-11       4.947769622047e-15       2.312542633562e-13       3.847516104813e-14       2.264125897249e-15 
  358       3.112763872932e-10       2.564890271091e-12       1.047421013727e-11       4.963095282504e-15       2.291423293220e-13       3.783862935292e-14       2.259774722870e-15 
  359       3.082731589765e-10       2.582242903349e-12       1.025584530876e-11       4.978409135267e-15       2.270559667448e-13       3.720957867646e-14       2.255224086685e-15 
  360       3.053232549577e-10       2.599223686740e-12       1.003458068522e-11       4.993714372326e-15       2.249946704184e-13       3.658807189681e-14       2.250482881900e-15 
  361       3.024272839205e-10       2.615823255679e-12       9.810516911060e-12       5.009014255747e-15       2.229579107249e-13       3.597416960525e-14       2.245560229428e-15 
  362       2.995858448501e-10       2.632032157317e-12       9.583757139743e-12       5.024312118124e-15       2.209451334269e-13       3.536793007985e-14       2.240465479502e-15 
  363       2.967995269022e-10       2.647840851220e-12       9.354407051095e-12       5.039611363034e-15       2.189557594598e-13       3.476940925914e-14       2.235208213273e-15 
  364       2.940689092707e-10       2.663239709057e-12       9.122574868614e-12       5.054915465492e-15       2.169891847243e-13       3.417866071568e-14       2.229798244420e-15 
  365       2.913945610565e-10       2.678219014272e-12       8.888371376793e-12       5.070227972400e-15       2.150447798787e-13       3.359573562974e-14       2.224245620754e-15 
  366       2.887770411358e-10       2.692768961773e-12       8.651909938423e-12       5.085552503007e-15       2.131218901310e-13       3.302068276284e-14       2.218560625827e-15 
  367       2.862168980287e-10       2.706879657610e-12       8.413306511915e-12       5.100892749358e-15       2.112198350318e-13       3.245354843144e-14       2.212753780532e-15 
  368       2.837146697672e-10       2.720541118656e-12       8.172679668610e-12       5.116252476749e-15       2.093379082660e-13       3.189437648051e-14       2.206835844711e-15 
  369       2.812708837642e-10       2.733743272290e-12       7.930150610091e-12       5.131635524180e-15       2.074753774456e-13       3.134320825719e-14       2.200817818763e-15 
  370       2.788860566813e-10       2.746475956079e-12       7.685843185499e-12       5.147045804810e-15       2.056314839020e-13       3.080008258435e-14       2.194710945247e-15 
  371       2.765606369989e-10       2.758730199704e-12       7.439874790711e-12       5.162486942818e-15       2.038055810603e-13       3.026502489457e-14       2.188524557072e-15 
  372       2.742948305177e-10       2.770502126693e-12       7.192328638015e-12       5.177961167397e-15       2.019975559562e-13       2.973801421712e-14       2.182259525991e-15 
  373       2.720887677757e-10       2.781789204627e-12       6.943280436098e-12       5.193470376402e-15       2.002074237934e-13       2.921901484837e-14       2.175914561082e-15 
  374       2.699425605506e-10       2.792588977455e-12       6.692807419653e-12       5.209016496177e-15       1.984351907632e-13       2.870798703929e-14       2.169488338779e-15 
  375       2.678563016783e-10       2.802899066297e-12       6.440988358768e-12       5.224601481692e-15       1.966808539567e-13       2.820488695967e-14       2.162979502601e-15 
  376       2.658300648715e-10       2.812717170235e-12       6.187903568306e-12       5.240227316682e-15       1.949444012780e-13       2.770966666226e-14       2.156386662884e-15 
  377       2.638639045383e-10       2.822041067108e-12       5.933634917296e-12       5.255896013781e-15       1.932258113568e-13       2.722227404700e-14       2.149708396519e-15 
  378       2.619578556007e-10       2.830868614314e-12       5.678265838313e-12       5.271609614662e-15       1.915250534614e-13       2.674265282522e-14       2.142943246681e-15 
  379       2.601119333132e-10       2.839197749603e-12       5.421881336869e-12       5.287370190175e-15       1.898420874116e-13       2.627074248381e-14       2.136089722564e-15 
  380       2.583261330816e-10       2.847026491871e-12       5.164568000794e-12       5.303179840483e-15       1.881768634911e-13       2.580647824943e-14       2.129146299114e-15 
  381       2.566004302815e-10       2.854352941961e-12       4.906414009621e-12       5.319040695199e-15       1.865293223611e-13       2.534979105268e-14       2.122111416762e-15 
  382       2.549347800765e-10       2.861175283457e-12       4.647509143977e-12       5.334954913526e-15       1.848993949723e-13       2.490060749234e-14       2.114983481158e-15 
  383       2.533291172375e-10       2.867491783479e-12       4.387944794962e-12       5.350924684392e-15       1.832870024785e-13       2.445884979950e-14       2.107760862903e-15 
  384       2.517833559608e-10       2.873300793481e-12       4.127813973537e-12       5.366952226589e-15       1.816920561490e-13       2.402443580182e-14       2.100441897282e-15 
  385       2.502973896867e-10       2.878600750050e-12       3.867211319912e-12       5.383039788909e-15       1.801144572813e-13       2.359727888767e-14       2.093024884001e-15 
  386       2.488710909184e-10       2.883390175694e-12       3.606233112927e-12       5.399189650283e-15       1.785540971146e-13       2.317728797035e-14       2.085508086913e-15 
  387       2.475043110404e-10       2.887667679648e-12       3.344977279437e-12       5.415404119919e-15       1.770108567420e-13       2.276436745228e-14       2.077889733759e-15 
  388       2.461968801369e-10       2.891431958663e-12       3.083543403704e-12       5.431685537437e-15       1.754846070235e-13       2.235841718919e-14       2.070168015897e-15 
  389       2.449486068107e-10       2.894681797809e-12       2.822032736776e-12       5.448036273009e-15       1.739752084990e-13       2.195933245431e-14       2.062341088033e-15 
  390       2.437592780019e-10       2.897416071262e-12       2.560548205873e-12       5.464458727494e-15       1.724825113012e-13       2.156700390258e-14       2.054407067961e-15 
  391       2.426286588060e-10       2.899633743111e-12       2.299194423776e-12       5.480955332577e-15       1.710063550681e-13       2.118131753482e-14       2.046364036291e-15 
  392       2.415564922928e-10       2.901333868147e-12       2.038077698209e-12       5.497528550908e-15       1.695465688560e-13       2.080215466195e-14       2.038210036182e-15 
  393       2.405424993251e-10       2.902515592660e-12       1.777306041227e-12       5.514180876237e-15       1.681029710527e-13       2.042939186915e-14       2.029943073079e-15 
  394       2.395863783772e-10       2.903178155238e-12       1.516989178597e-12       5.530914833553e-15       1.666753692896e-13       2.006290098009e-14       2.021561114442e-15 
  395       2.386878053532e-10       2.903320887564e-12       1.257238559188e-12       5.547732979218e-15       1.652635603553e-13       1.970254902108e-14       2.013062089483e-15 
  396       2.378464334060e-10       2.902943215207e-12       9.981673643572e-13       5.564637901110e-15       1.638673301080e-13       1.934819818533e-14       2.004443888897e-15 
  397       2.370618927559e-10       2.902044658424e-12       7.398905173289e-13       5.581632218759e-15       1.624864533884e-13       1.899970579707e-14       1.995704364594e-15 
  398       2.363337905087e-10       2.900624832952e-12       4.825246925862e-13       5.598718583479e-15       1.611206939326e-13       1.865692427579e-14       1.986841329435e-15 
  399       2.356617104750e-10       2.898683450808e-12       2.261883252536e-13       5.615899678515e-15       1.597698042851e-13       1.831970110040e-14       1.977852556966e-15 
  400       2.350452129881e-10       2.896220321083e-12      -2.899837951704e-14       5.633178219170e-15       1.584335257113e-13       1.798787877348e-14       1.968735781145e-15 
  401       2.344838347230e-10       2.893235350738e-12      -2.829134371612e-13       5.650556952953e-15       1.571115881106e-13       1.766129478540e-14       1.959488696084e-15 
  402       2.339770885151e-10       2.889728545402e-12      -5.354330743163e-13       5.668038659707e-15       1.558037099291e-13       1.733978157858e-14       1.950108955774e-15 
  403       2.335244631784e-10       2.885700010167e-12      -7.864317194361e-13       5.685626151753e-15       1.545095980726e-13       1.702316651163e-14       1.940594173825e-15 
  404       2.331254233244e-10       2.881149950386e-12      -1.035781993406e-12       5.703322274025e-15       1.532289478193e-13       1.671127182357e-14       1.930941923193e-15 
  405       2.327794091804e-10       2.876078672466e-12      -1.283354700155e-12       5.721129904208e-15       1.519614427327e-13       1.640391459805e-14       1.921149735920e-15 
  406       2.324858364085e-10       2.870486584668e-12      -1.529018817277e-12       5.739051952873e-15       1.507067545744e-13       1.610090672746e-14       1.911215102861e-15 
  407       2.322440959240e-10       2.864374197902e-12      -1.772641486636e-12       5.757091363620e-15       1.494645432170e-13       1.580205487724e-14       1.901135473419e-15 
  408       2.320535537137e-10       2.857742126520e-12      -2.014088004987e-12       5.775251113210e-15       1.482344565570e-13       1.550716044996e-14       1.890908255283e-15 
  409       2.319135506551e-10       2.850591089118e-12      -2.253221814591e-12       5.793534211705e-15       1.470161304275e-13       1.521601954958e-14       1.880530814152e-15 
  410       2.318234023344e-10       2.842921909330e-12      -2.489904493827e-12       5.811943702606e-15       1.458091885111e-13       1.492842294565e-14       1.870000473479e-15 
  411       2.317824462122e-10       2.834736192748e-12      -2.724010342781e-12       5.830482202321e-15       1.446133087906e-13       1.464419418456e-14       1.859315324961e-15 
  412       2.317901853256e-10       2.826038382423e-12      -2.955470726968e-12       5.849150500360e-15       1.434284256659e-13       1.436330548013e-14       1.848476692145e-15 
  413       2.318461493073e-10       2.816833777557e-12      -3.184231281974e-12       5.867948909952e-15       1.422545348077e-13       1.408576584746e-14       1.837486753348e-15 
  414       2.319498473496e-10       2.807127865210e-12      -3.410237460964e-12       5.886877724054e-15       1.410916272240e-13       1.381158331700e-14       1.826347739063e-15 
  415       2.321007680568e-10       2.796926321574e-12      -3.633434535644e-12       5.905937215168e-15       1.399396892207e-13       1.354076492574e-14       1.815061932261e-15 
  416       2.322983792975e-10       2.786235013250e-12      -3.853767597211e-12       5.925127635146e-15       1.387987023615e-13       1.327331670843e-14       1.803631668706e-15 
  417       2.325421280566e-10       2.775059998521e-12      -4.071181557319e-12       5.944449215004e-15       1.376686434278e-13       1.300924368886e-14       1.792059337258e-15 
  418       2.328314402873e-10       2.763407528630e-12      -4.285621149029e-12       5.963902164731e-15       1.365494843787e-13       1.274854987104e-14       1.780347380181e-15 
  419       2.331657207635e-10       2.751284049056e-12      -4.497030927771e-12       5.983486673105e-15       1.354411923109e-13       1.249123823043e-14       1.768498293452e-15 
  420       2.335443529318e-10       2.738696200786e-12      -4.705355272303e-12       6.003202907497e-15       1.343437294191e-13       1.223731070518e-14       1.756514627070e-15 
  421       2.339666987636e-10       2.725650821593e-12      -4.910538385663e-12       6.023051013687e-15       1.332570529554e-13       1.198676818738e-14       1.744398985361e-15 
  422       2.344320986074e-10       2.712154947310e-12      -5.112524296131e-12       6.043031115674e-15       1.321811151898e-13       1.173961051422e-14       1.732154027288e-15 
  423       2.349398710411e-10       2.698215813109e-12      -5.311256858186e-12       6.063143315485e-15       1.311158633699e-13       1.149583645930e-14       1.719782466757e-15 
  424       2.354893127235e-10       2.683840854771e-12      -5.506679753463e-12       6.083387692991e-15       1.300612396812e-13       1.125544372380e-14       1.707287072926e-15 
  425       2.360796982471e-10       2.669037709966e-12      -5.698736491709e-12       6.103764305710e-15       1.290171812065e-13       1.101842892770e-14       1.694670670512e-15 
  426       2.367102799900e-10       2.653814219525e-12      -5.887370411743e-12       6.124273188627e-15       1.279836198867e-13       1.078478760106e-14       1.681936140102e-15 
  427       2.373802879681e-10       2.638178428719e-12      -6.072524682414e-12       6.144914353998e-15       1.269604824802e-13       1.055451417522e-14       1.669086418453e-15 
  428       2.380889296871e-10       2.622138588531e-12      -6.254142303555e-12       6.165687791165e-15       1.259476905230e-13       1.032760197400e-14       1.656124498809e-15 
  429       2.388353899949e-10       2.605703156934e-12      -6.432166106944e-12       6.186593466365e-15       1.249451602889e-13       1.010404320496e-14       1.643053431204e-15 
  430       2.396188309334e-10       2.588880800165e-12      -6.606538757262e-12       6.207631322542e-15       1.239528027493e-13       9.883828950625e-15       1.629876322768e-15 
  431       2.404383915910e-10       2.571680394001e-12      -6.777202753047e-12       6.228801279158e-15       1.229705235334e-13       9.666949159707e-15       1.616596338040e-15 
  432       2.412931879546e-10       2.554111025035e-12      -6.944100427654e-12       6.250103232005e-15       1.219982228878e-13       9.453392638322e-15       1.603216699270e-15 
  433       2.421823127616e-10       2.536181991950e-12      -7.107173950212e-12       6.271537053013e-15       1.210357956371e-13       9.243147041229e-15       1.589740686733e-15 
  434       2.431048353524e-10       2.517902806797e-12      -7.266365326583e-12       6.293102590064e-15       1.200831311432e-13       9.036198863055e-15       1.576171639031e-15 
  435       2.440598015220e-10       2.499283196265e-12      -7.421616400318e-12       6.314799666801e-15       1.191401132659e-13       8.832533429518e-15       1.562512953404e-15 
  436       2.450462333730e-10       2.480333102965e-12      -7.572868853614e-12       6.336628082441e-15       1.182066203226e-13       8.632134888659e-15       1.548768086038e-15 
  437       2.460631291666e-10       2.461062686696e-12      -7.720064208273e-12       6.358587611586e-15       1.172825250483e-13       8.434986202065e-15       1.534940552369e-15 
  438       2.471094631759e-10       2.441482325730e-12      -7.863143826661e-12       6.380678004030e-15       1.163676945556e-13       8.241069136101e-15       1.521033927398e-15 
  439       2.481841855373e-10       2.421602618077e-12      -8.002048912662e-12       6.402898984576e-15       1.154619902948e-13       8.050364253132e-15       1.507051845991e-15 
  440       2.492862221028e-10       2.401434382772e-12      -8.136720512636e-12       6.425250252842e-15       1.145652680137e-13       7.862850902751e-15       1.492998003191e-15 
  441       2.504144742923e-10       2.380988661139e-12      -8.267099516382e-12       6.447731483075e-15       1.136773777180e-13       7.678507213008e-15       1.478876154525e-15 
  442       2.515678189456e-10       2.360276718075e-12      -8.393126658086e-12       6.470342323962e-15       1.127981636307e-13       7.497310081638e-15       1.464690116312e-15 
  443       2.527451081747e-10       2.339310043322e-12      -8.514742517290e-12       6.493082398440e-15       1.119274641526e-13       7.319235167284e-15       1.450443765970e-15 
  444       2.539451692159e-10       2.318100352743e-12      -8.631887519839e-12       6.515951303504e-15       1.110651118221e-13       7.144256880727e-15       1.436141042326e-15 
  445       2.551668042816e-10       2.296659589595e-12      -8.744501938845e-12       6.538948610027e-15       1.102109332751e-13       6.972348376114e-15       1.421785945919e-15 
  446       2.564087904131e-10       2.274999925810e-12      -8.852525895644e-12       6.562073862560e-15       1.093647492052e-13       6.803481542180e-15       1.407382539314e-15 
  447       2.576698793322e-10       2.253133763265e-12      -8.955899360751e-12       6.585326579151e-15       1.085263743236e-13       6.637626993482e-15       1.392934947404e-15 
  448       2.589487972936e-10       2.231073735060e-12      -9.054562154820e-12       6.608706251153e-15       1.076956173191e-13       6.474754061622e-15       1.378447357723e-15 
  449       2.602442449368e-10       2.208832706794e-12      -9.148453949599e-12       6.632212343034e-15       1.068722808179e-13       6.314830786472e-15       1.363924020749e-15 
  450       2.615548971388e-10       2.186423777838e-12      -9.237514268890e-12       6.655844292192e-15       1.060561613440e-13       6.157823907408e-15       1.349369250214e-15 
  451       2.628795321324e-10       2.163859688784e-12      -9.321693854573e-12       6.679601291541e-15       1.052470841125e-13       6.003703462137e-15       1.334786977792e-15 
  452       2.642174237457e-10       2.141151020162e-12      -9.400989165954e-12       6.703481629957e-15       1.044450087252e-13       5.852456764219e-15       1.320179400725e-15 
  453       2.655679615128e-10       2.118307938180e-12      -9.475408994130e-12       6.727483330206e-15       1.036499268031e-13       5.704074858743e-15       1.305548291215e-15 
  454       2.669305224780e-10       2.095340784233e-12      -9.544963205031e-12       6.751604363927e-15       1.028618274403e-13       5.558547949395e-15       1.290895438158e-15 
  455       2.683044711239e-10       2.072260075824e-12      -9.609662747074e-12       6.775842651318e-15       1.020806971854e-13       5.415865392390e-15       1.276222647183e-15 
  456       2.696891592999e-10       2.049076507493e-12      -9.669519658804e-12       6.800196060814e-15       1.013065200212e-13       5.276015690421e-15       1.261531740699e-15 
  457       2.710839261501e-10       2.025800951743e-12      -9.724547076546e-12       6.824662408776e-15       1.005392773461e-13       5.138986486588e-15       1.246824557946e-15 
  458       2.724880980417e-10       2.002444459964e-12      -9.774759242052e-12       6.849239459171e-15       9.977894795360e-14       5.004764558344e-15       1.232102955031e-15 
  459       2.739009884935e-10       1.979018263360e-12      -9.820171510147e-12       6.873924923252e-15       9.902550801365e-14       4.873335811435e-15       1.217368804981e-15 
  460       2.753218981035e-10       1.955533773876e-12      -9.860800356380e-12       6.898716459249e-15       9.827893105269e-14       4.744685273835e-15       1.202623997787e-15 
  461       2.767501144779e-10       1.932002585122e-12      -9.896663384670e-12       6.923611672046e-15       9.753918793425e-14       4.618797089687e-15       1.187870440446e-15 
  462       2.781849121588e-10       1.908436473300e-12      -9.927779334951e-12       6.948608112865e-15       9.680624683951e-14       4.495654513243e-15       1.173110057010e-15 
  463       2.796255525527e-10       1.884847398129e-12      -9.954168090826e-12       6.973703278952e-15       9.608007324773e-14       4.375239902807e-15       1.158344788631e-15 
  464       2.810712838584e-10       1.861247503773e-12      -9.975850687208e-12       6.998894613257e-15       9.536062991680e-14       4.257534714665e-15       1.143576593605e-15 
  465       2.825213409959e-10       1.837649119762e-12      -9.992849317973e-12       7.024179504119e-15       9.464787686372e-14       4.142519497035e-15       1.128807447417e-15 
  466       2.839749455340e-10       1.814064761924e-12      -1.000518734361e-11       7.049555284948e-15       9.394177134509e-14       4.030173883998e-15       1.114039342790e-15 
  467       2.854313056187e-10       1.790507133309e-12      -1.001288929885e-11       7.075019233910e-15       9.324226783762e-14       3.920476589444e-15       1.099274289727e-15 
  468       2.868896159017e-10       1.766989125110e-12      -1.001598090035e-11       7.100568573607e-15       9.254931801865e-14       3.813405401006e-15       1.084514315558e-15 
  469       2.883490574684e-10       1.743523817597e-12      -1.001448905430e-11       7.126200470764e-15       9.186287074663e-14       3.708937174003e-15       1.069761464985e-15 
  470       2.898087977662e-10       1.720124481036e-12      -1.000844186409e-11       7.151912035909e-15       9.118287204161e-14       3.607047825377e-15       1.055017800127e-15 
  471       2.912679905328e-10       1.696804576619e-12      -9.997868637986e-12       7.177700323058e-15       9.050926506577e-14       3.507712327635e-15       1.040285400567e-15 
  472       2.927257757242e-10       1.673577757388e-12      -9.982799896713e-12       7.203562329396e-15       8.984199010391e-14       3.410904702786e-15       1.025566363395e-15 
  473       2.941812794434e-10       1.650457869161e-12      -9.963267381159e-12       7.229494994965e-15       8.918098454393e-14       3.316598016281e-15       1.010862803256e-15 
  474       2.956336138682e-10       1.627458951460e-12      -9.939304059999e-12       7.255495202341e-15       8.852618285737e-14       3.224764370953e-15       9.961768523947e-16 
  475       2.970818771795e-10       1.604595238433e-12      -9.910944137345e-12       7.281559776321e-15       8.787751657987e-14       3.135374900956e-15       9.815106607000e-16 
  476       2.985251534899e-10       1.581881159784e-12      -9.878223060399e-12       7.307685483604e-15       8.723491429170e-14       3.048399765706e-15       9.668663957512e-16 
  477       2.999625127716e-10       1.559331341695e-12      -9.841177527094e-12       7.333869032478e-15       8.659830159824e-14       2.963808143817e-15       9.522462428633e-16 
  478       3.013930107847e-10       1.536960607755e-12      -9.799845493747e-12       7.360107072499e-15       8.596760111051e-14       2.881568227042e-15       9.376524051327e-16 
  479       3.028156890053e-10       1.514783979885e-12      -9.754266182705e-12       7.386396194175e-15       8.534273242564e-14       2.801647214215e-15       9.230871034824e-16 
  480       3.042295745543e-10       1.492816679264e-12      -9.704480089990e-12       7.412732928650e-15       8.472361210738e-14       2.724011305186e-15       9.085525767075e-16 
  481       3.056336801250e-10       1.471074127252e-12      -9.650528992953e-12       7.439113747388e-15       8.411015366660e-14       2.648625694764e-15       8.940510815209e-16 
  482       3.070270039116e-10       1.449571946321e-12      -9.592455957916e-12       7.465535061854e-15       8.350226754182e-14       2.575454566652e-15       8.795848925983e-16 
  483       3.084085295375e-10       1.428325960977e-12      -9.530305347823e-12       7.491993223200e-15       8.289986107965e-14       2.504461087394e-15       8.651563026240e-16 
  484       3.097772259835e-10       1.407352198688e-12      -9.464122829885e-12       7.518484521944e-15       8.230283851536e-14       2.435607400305e-15       8.507676223364e-16 
  485       3.111320475159e-10       1.386666890809e-12      -9.393955383232e-12       7.545005187659e-15       8.171110095331e-14       2.368854619417e-15       8.364211805733e-16 
  486       3.124719336149e-10       1.366286473506e-12      -9.319851306555e-12       7.571551388648e-15       8.112454634752e-14       2.304162823419e-15       8.221193243173e-16 
  487       3.137958089030e-10       1.346227588687e-12      -9.241860225761e-12       7.598119231637e-15       8.054306948213e-14       2.241491049588e-15       8.078644187415e-16 
  488       3.151025830728e-10       1.326507084922e-12      -9.160033101614e-12       7.624704761450e-15       7.996656195190e-14       2.180797287741e-15       7.936588472546e-16 
  489       3.163911508156e-10       1.307142018372e-12      -9.074422237386e-12       7.651303960696e-15       7.939491214272e-14       2.122038474162e-15       7.795050115468e-16 
  490       3.176603917494e-10       1.288149653717e-12      -8.985081286506e-12       7.677912749451e-15       7.882800521212e-14       2.065170485550e-15       7.654053316350e-16 
  491       3.189093143221e-10       1.269545742610e-12      -8.892066422457e-12       7.704527196303e-15       7.826574202362e-14       2.010152837769e-15       7.513618415731e-16 
  492       3.201374923553e-10       1.251339301081e-12      -8.795439871064e-12       7.731144158999e-15       7.770809660650e-14       1.956962947545e-15       7.373749633159e-16 
  493       3.213446412911e-10       1.233537679250e-12      -8.695266497918e-12       7.757760662152e-15       7.715506035976e-14       1.905582281313e-15       7.234446966222e-16 
  494       3.225304753864e-10       1.216148269868e-12      -8.591612663784e-12       7.784373687386e-15       7.660662324216e-14       1.855991684891e-15       7.095710199502e-16 
  495       3.236947077125e-10       1.199178508392e-12      -8.484546232832e-12       7.810980173119e-15       7.606277376212e-14       1.808171379755e-15       6.957538903028e-16 
  496       3.248370501554e-10       1.182635873055e-12      -8.374136580854e-12       7.837577014357e-15       7.552349896761e-14       1.762100959318e-15       6.819932430716e-16 
  497       3.259572134149e-10       1.166527884934e-12      -8.260454603498e-12       7.864161062481e-15       7.498878443610e-14       1.717759385203e-15       6.682889918818e-16 
  498       3.270549070050e-10       1.150862108022e-12      -8.143572724485e-12       7.890729125033e-15       7.445861426447e-14       1.675124983526e-15       6.546410284366e-16 
  499       3.281298392530e-10       1.135646149297e-12      -8.023564903840e-12       7.917277965504e-15       7.393297105891e-14       1.634175441163e-15       6.410492223623e-16 
  500       3.291817172999e-10       1.120887658794e-12      -7.900506646116e-12       7.943804303125e-15       7.341183592483e-14       1.594887802034e-15       6.275134210522e-16 
  501       3.302102470995e-10       1.106594329675e-12      -7.774475008615e-12       7.970304812654e-15       7.289518845684e-14       1.557238463380e-15       6.140334495118e-16 
  502       3.312151334189e-10       1.092773898295e-12      -7.645548609619e-12       7.996776124162e-15       7.238300672856e-14       1.521203172031e-15       6.006091102029e-16 
  503       3.321960798375e-10       1.079434144280e-12      -7.513807636610e-12       8.023214822826e-15       7.187526728262e-14       1.486757020692e-15       5.872401828888e-16 
  504       3.331527887476e-10       1.066582890590e-12      -7.379333854500e-12       8.049617448709e-15       7.137194512057e-14       1.453874444215e-15       5.739264244784e-16 
  505       3.340849613532e-10       1.054228003594e-12      -7.242210613851e-12       8.075980496558e-15       7.087301369274e-14       1.422529215876e-15       5.606675688711e-16 
  506       3.349922976705e-10       1.042377393138e-12      -7.102522859105e-12       8.102300415586e-15       7.037844488821e-14       1.392694443650e-15       5.474633268012e-16 
  507       3.358744965275e-10       1.031039012615e-12      -6.960357136806e-12       8.128573609259e-15       6.988820902470e-14       1.364342566493e-15       5.343133856826e-16 
  508       3.367312555635e-10       1.020220859038e-12      -6.815801603825e-12       8.154796435090e-15       6.940227483850e-14       1.337445350610e-15       5.212174094536e-16 
  509       3.375622712291e-10       1.009930973106e-12      -6.668946035586e-12       8.180965204422e-15       6.892060947438e-14       1.311973885740e-15       5.081750384212e-16 
  510       3.383672387859e-10       1.000177439278e-12      -6.519881834294e-12       8.207076182219e-15       6.844317847551e-14       1.287898581426e-15       4.951858891058e-16 
  511       3.391458523063e-10       9.909683858415e-13      -6.368702037153e-12       8.233125586853e-15       6.796994577336e-14       1.265189163296e-15       4.822495540859e-16 
  512       3.398978046731e-10       9.823119849831e-13      -6.215501324600e-12       8.259109589890e-15       6.750087367763e-14       1.243814669336e-15       4.693656018426e-16 
  513       3.406227875794e-10       9.742164528588e-13      -6.060376028521e-12       8.285024315883e-15       6.703592286617e-14       1.223743446169e-15       4.565335766044e-16 
  514       3.413204915285e-10       9.666900496641e-13      -5.903424140484e-12       8.310865842156e-15       6.657505237489e-14       1.204943145330e-15       4.437529981916e-16 
  515       3.419906058332e-10       9.597410797043e-13      -5.744745319958e-12       8.336630198596e-15       6.611821958768e-14       1.187380719544e-15       4.310233618608e-16 
  516       3.426328186162e-10       9.533778914649e-13      -5.584440902545e-12       8.362313367437e-15       6.566538022630e-14       1.171022419001e-15       4.183441381499e-16 
  517       3.432468168093e-10       9.476088776818e-13      -5.422613908196e-12       8.387911283049e-15       6.521648834036e-14       1.155833787634e-15       4.057147727225e-16 
  518       3.438322861533e-10       9.424424754116e-13      -5.259369049444e-12       8.413419831730e-15       6.477149629715e-14       1.141779659392e-15       3.931346862123e-16 
  519       3.443889111980e-10       9.378871661015e-13      -5.094812739626e-12       8.438834851489e-15       6.433035477162e-14       1.128824154523e-15       3.806032740682e-16 
  520       3.449163753018e-10       9.339514756602e-13      -4.929053101109e-12       8.464152131837e-15       6.389301273629e-14       1.116930675843e-15       3.681199063983e-16 
  521       3.454143606313e-10       9.306439745276e-13      -4.762199973512e-12       8.489367413576e-15       6.345941745112e-14       1.106061905018e-15       3.556839278150e-16 
  522       3.458825481614e-10       9.279732777453e-13      -4.594364921936e-12       8.514476388584e-15       6.302951445350e-14       1.096179798838e-15       3.432946572794e-16 
  523       3.463206176747e-10       9.259480450268e-13      -4.425661245186e-12       8.539474699605e-15       6.260324754808e-14       1.087245585495e-15       3.309513879460e-16 
  524       3.467282477616e-10       9.245769808279e-13      -4.256203983995e-12       8.564357940039e-15       6.218055879676e-14       1.079219760856e-15       3.186533870072e-16 
  525       3.471051158198e-10       9.238688344167e-13      -4.086109929254e-12       8.589121653726e-15       6.176138850857e-14       1.072062084746e-15       3.063998955378e-16 
  526       3.474508980541e-10       9.238323999441e-13      -3.915497630233e-12       8.613761334737e-15       6.134567522959e-14       1.065731577216e-15       2.941901283400e-16 
  527       3.477652694762e-10       9.244765165139e-13      -3.744487402805e-12       8.638272427162e-15       6.093335573288e-14       1.060186514828e-15       2.820232737877e-16 
  528       3.480479039048e-10       9.258100682530e-13      -3.573201337676e-12       8.662650324899e-15       6.052436500836e-14       1.055384426926e-15       2.698984936711e-16 
  529       3.482984739646e-10       9.278419843819e-13      -3.401763308607e-12       8.686890371437e-15       6.011863625278e-14       1.051282091913e-15       2.578149230415e-16 
  530       3.485166510867e-10       9.305812392850e-13      -3.230298980638e-12       8.710987859652e-15       5.971610085958e-14       1.047835533530e-15       2.457716700556e-16 
  531       3.487021924459e-10       9.340350636238e-13      -3.058926042815e-12       8.734938548786e-15       5.931669934132e-14       1.045007797756e-15       2.337681938663e-16 
  532       3.488552043933e-10       9.382035236338e-13      -2.887724595351e-12       8.758740231414e-15       5.892041444633e-14       1.042792525409e-15       2.218054499956e-16 
  533       3.489758862436e-10       9.430847933890e-13      -2.716765967024e-12       8.782391209011e-15       5.852723892986e-14       1.041191018307e-15       2.098847760484e-16 
  534       3.490644440274e-10       9.486769296307e-13      -2.546122421318e-12       8.805889778646e-15       5.813716469830e-14       1.040204516673e-15       1.980075165125e-16 
  535       3.491210905276e-10       9.549778710777e-13      -2.375867160494e-12       8.829234232994e-15       5.775018280370e-14       1.039834198712e-15       1.861750227631e-16 
  536       3.491460453161e-10       9.619854377368e-13      -2.206074329666e-12       8.852422860338e-15       5.736628343837e-14       1.040081180197e-15       1.743886530686e-16 
  537       3.491395347908e-10       9.696973302131e-13      -2.036819020873e-12       8.875453944583e-15       5.698545592944e-14       1.040946514050e-15       1.626497725950e-16 
  538       3.491017922118e-10       9.781111290203e-13      -1.868177277148e-12       8.898325765258e-15       5.660768873340e-14       1.042431189921e-15       1.509597534120e-16 
  539       3.490330577388e-10       9.872242938908e-13      -1.700226096594e-12       8.921036597530e-15       5.623296943065e-14       1.044536133773e-15       1.393199744977e-16 
  540       3.489335784669e-10       9.970341630863e-13      -1.533043436457e-12       8.943584712205e-15       5.586128472010e-14       1.047262207459e-15       1.277318217435e-16 
  541       3.488036084639e-10       1.007537952708e-12      -1.366708217196e-12       8.965968375742e-15       5.549262041370e-14       1.050610208310e-15       1.161966879602e-16 
  542       3.486434088071e-10       1.018732756008e-12      -1.201300326557e-12       8.988185850258e-15       5.512696143101e-14       1.054580868711e-15       1.047159728823e-16 
  543       3.484532476192e-10       1.030615542696e-12      -1.036900623646e-12       9.010235393535e-15       5.476429179376e-14       1.059174855686e-15       9.329108317367e-17 
  544       3.482334001061e-10       1.043183158255e-12      -8.735909429999e-13       9.032115259030e-15       5.440459462041e-14       1.064392770477e-15       8.192343243270e-17 
  545       3.479841485926e-10       1.056432323248e-12      -7.114540986611e-13       9.053823695881e-15       5.404785212069e-14       1.070235148129e-15       7.061444119738e-17 
  546       3.477057825596e-10       1.070359632629e-12      -5.505738882489e-13       9.075358948917e-15       5.369404559020e-14       1.076702457069e-15       5.936553695055e-17 
  547       3.473985986807e-10       1.084961555052e-12      -3.910350970323e-13       9.096719258662e-15       5.334315540494e-14       1.083795098686e-15       4.817815412513e-17 
  548       3.470629008591e-10       1.100234432186e-12      -2.329235020026e-13       9.117902861349e-15       5.299516101588e-14       1.091513406920e-15       3.705373410931e-17 
  549       3.466990002637e-10       1.116174478019e-12      -7.632587594603e-14       9.138907988921e-15       5.265004094351e-14       1.099857647834e-15       2.599372525171e-17 
  550       3.463072153663e-10       1.132777778174e-12       7.867000848386e-14       9.159732869044e-15       5.230777277243e-14       1.108828019203e-15       1.499958286660e-17 
  551       3.458878719783e-10       1.150040289216e-12       2.319753746934e-13       9.180375725112e-15       5.196833314586e-14       1.118424650091e-15       4.072769239105e-18 
  552       3.454413032871e-10       1.167957837961e-12       3.835004380764e-13       9.200834776257e-15       5.163169776026e-14       1.128647600436e-15      -6.785246369587e-18 
  553       3.449678498929e-10       1.186526120792e-12       5.331544019415e-13       9.221108237354e-15       5.129784135982e-14       1.139496860630e-15      -1.757298771706e-17 
  554       3.444678598456e-10       1.205740702964e-12       6.808454534395e-13       9.241194319032e-15       5.096673773110e-14       1.150972351100e-15      -2.828897157444e-17 
  555       3.439416886810e-10       1.225597017916e-12       8.264807594910e-13       9.261091227680e-15       5.063835969752e-14       1.163073921891e-15      -3.893170772123e-17 
  556       3.433896994581e-10       1.246090366581e-12       9.699664627136e-13       9.280797165453e-15       5.031267911396e-14       1.175801352248e-15      -4.949969894007e-17 
  557       3.428122627954e-10       1.267215916698e-12       1.111207677350e-12       9.300310330286e-15       4.998966686132e-14       1.189154350194e-15      -5.999144101156e-17 
  558       3.422097569076e-10       1.288968702120e-12       1.250108485193e-12       9.319628915896e-15       4.966929284103e-14       1.203132552117e-15      -7.040542270910e-17 
  559       3.415825676425e-10       1.311343622127e-12       1.386571931517e-12       9.338751111790e-15       4.935152596970e-14       1.217735522348e-15      -8.074012579360e-17 
  560       3.409310885175e-10       1.334335440733e-12       1.520500021003e-12       9.357675103278e-15       4.903633417359e-14       1.232962752743e-15      -9.099402500837e-17 
  561       3.402557207564e-10       1.357938785998e-12       1.651793713665e-12       9.376399071475e-15       4.872368438323e-14       1.248813662267e-15      -1.011655880739e-16 
  562       3.395568733259e-10       1.382148149341e-12       1.780352920778e-12       9.394921193312e-15       4.841354252795e-14       1.265287596572e-15      -1.112532756826e-16 
  563       3.388349629726e-10       1.406957884843e-12       1.906076500810e-12       9.413239641543e-15       4.810587353046e-14       1.282383827582e-15      -1.212555414937e-16 
  564       3.380904142595e-10       1.432362208568e-12       2.028862255340e-12       9.431352584755e-15       4.780064130138e-14       1.300101553071e-15      -1.311708321279e-16 
  565       3.373236596026e-10       1.458355197862e-12       2.148606924996e-12       9.449258187370e-15       4.749780873385e-14       1.318439896249e-15      -1.409975871625e-16 
  566       3.365351393078e-10       1.484930790672e-12       2.265206185374e-12       9.466954609660e-15       4.719733769802e-14       1.337397905341e-15      -1.507342391258e-16 
  567       3.357253016076e-10       1.512082784851e-12       2.378554642970e-12       9.484440007751e-15       4.689918903568e-14       1.356974553169e-15      -1.603792134920e-16 
  568       3.348946026974e-10       1.539804837472e-12       2.488545831106e-12       9.501712533630e-15       4.660332255478e-14       1.377168736732e-15      -1.699309286764e-16 
  569       3.340435067727e-10       1.568090464137e-12       2.595072205859e-12       9.518770335157e-15       4.630969702400e-14       1.397979276791e-15      -1.793877960295e-16 
  570       3.331724860655e-10       1.596933038283e-12       2.698025141984e-12       9.535611556066e-15       4.601827016731e-14       1.419404917449e-15      -1.887482198324e-16 
  571       3.322820189245e-10       1.626325192084e-12       2.797309345802e-12       9.552234798600e-15       4.572900515468e-14       1.441442781265e-15      -1.980108698265e-16 
  572       3.313725839267e-10       1.656257003730e-12       2.892886505965e-12       9.568640524332e-15       4.544189026712e-14       1.464083692157e-15      -2.071755064510e-16 
  573       3.304446656879e-10       1.686717762551e-12       2.984732747864e-12       9.584829689082e-15       4.515691972242e-14       1.487316732393e-15      -2.162421766407e-16 
  574       3.294987568420e-10       1.717696562346e-12       3.072824318631e-12       9.600803283705e-15       4.487408722133e-14       1.511130775284e-15      -2.252109432905e-16 
  575       3.285353580764e-10       1.749182300471e-12       3.157137588361e-12       9.616562334272e-15       4.459338594448e-14       1.535514484195e-15      -2.340818853502e-16 
  576       3.275549781685e-10       1.781163676931e-12       3.237649051339e-12       9.632107902246e-15       4.431480854939e-14       1.560456311563e-15      -2.428550979195e-16 
  577       3.265581340215e-10       1.813629193471e-12       3.314335327261e-12       9.647441084659e-15       4.403834716735e-14       1.585944497906e-15      -2.515306923424e-16 
  578       3.255453507000e-10       1.846567152664e-12       3.387173162459e-12       9.662563014293e-15       4.376399340041e-14       1.611967070843e-15      -2.601087963030e-16 
  579       3.245171614667e-10       1.879965657004e-12       3.456139431128e-12       9.677474859854e-15       4.349173831829e-14       1.638511844103e-15      -2.685895539197e-16 
  580       3.234741078177e-10       1.913812607994e-12       3.521211136549e-12       9.692177826152e-15       4.322157245538e-14       1.665566416544e-15      -2.769731258405e-16 
  581       3.224167395189e-10       1.948095705240e-12       3.582365412311e-12       9.706673154278e-15       4.295348580763e-14       1.693118171163e-15      -2.852596893379e-16 
  582       3.213456146415e-10       1.982802445537e-12       3.639579523538e-12       9.720962121785e-15       4.268746782953e-14       1.721154274112e-15      -2.934494384038e-16 
  583       3.202612995987e-10       2.017920121965e-12       3.692830868113e-12       9.735046042859e-15       4.242350743105e-14       1.749661673713e-15      -3.015425838442e-16 
  584       3.191643691810e-10       2.053435822972e-12       3.742096977903e-12       9.748926268504e-15       4.216159297459e-14       1.778627099469e-15      -3.095393533746e-16 
  585       3.180554065925e-10       2.089336431473e-12       3.787355519979e-12       9.762604186715e-15       4.190171227192e-14       1.808037061084e-15      -3.174399917147e-16 
  586       3.169350034868e-10       2.125608623932e-12       3.828584297847e-12       9.776081222658e-15       4.164385258111e-14       1.837877847471e-15      -3.252447606830e-16 
  587       3.158037600029e-10       2.162238869461e-12       3.865761252667e-12       9.789358838847e-15       4.138800060353e-14       1.868135525770e-15      -3.329539392924e-16 
  588       3.146622848012e-10       2.199213428903e-12       3.898864464481e-12       9.802438535324e-15       4.113414248074e-14       1.898795940360e-15      -3.405678238446e-16 
  589       3.135111950997e-10       2.236518353926e-12       3.927872153433e-12       9.815321849832e-15       4.088226379146e-14       1.929844711876e-15      -3.480867280253e-16 
  590       3.123511167097e-10       2.274139486114e-12       3.952762680998e-12       9.828010357999e-15       4.063234954854e-14       1.961267236218e-15      -3.555109829989e-16 
  591       3.111826840718e-10       2.312062456057e-12       3.973514551203e-12       9.840505673510e-15       4.038438419584e-14       1.993048683572e-15      -3.628409375039e-16 
  592       3.100065402918e-10       2.350272682439e-12       3.990106411854e-12       9.852809448289e-15       4.013835160526e-14       2.025173997420e-15      -3.700769579471e-16 
  593       3.088233371772e-10       2.388755371131e-12       4.002517055759e-12       9.864923372675e-15       3.989423507363e-14       2.057627893553e-15      -3.772194284994e-16 
  594       3.076337352723e-10       2.427495514283e-12       4.010725421950e-12       9.876849175600e-15       3.965201731967e-14       2.090394859089e-15      -3.842687511898e-16 
  595       3.064384038949e-10       2.466477889408e-12       4.014710596913e-12       9.888588624767e-15       3.941168048096e-14       2.123459151486e-15      -3.912253460013e-16 
  596       3.052380211721e-10       2.505687058483e-12       4.014451815805e-12       9.900143526826e-15       3.917320611084e-14       2.156804797552e-15      -3.980896509650e-16 
  597       3.040332740758e-10       2.545107367026e-12       4.009928463686e-12       9.911515727558e-15       3.893657517540e-14       2.190415592467e-15      -4.048621222556e-16 
  598       3.028248584594e-10       2.584722943201e-12       4.001120076737e-12       9.922707112043e-15       3.870176805041e-14       2.224275098789e-15      -4.115432342860e-16 
  599       3.016134790934e-10       2.624517696895e-12       3.988006343489e-12       9.933719604848e-15       3.846876451826e-14       2.258366645475e-15      -4.181334798023e-16 
  600       3.003998497013e-10       2.664475318818e-12       3.970567106044e-12       9.944555170197e-15       3.823754376493e-14       2.292673326891e-15      -4.246333699790e-16 
  601       2.991846929955e-10       2.704579279590e-12       3.948782361301e-12       9.955215812153e-15       3.800808437691e-14       2.327178001826e-15      -4.310434345135e-16 
  602       2.979687407138e-10       2.744812828831e-12       3.922632262180e-12       9.965703574794e-15       3.778036433815e-14       2.361863292511e-15      -4.373642217214e-16 
  603       2.967527336547e-10       2.785158994252e-12       3.892097118846e-12       9.976020542393e-15       3.755436102704e-14       2.396711583626e-15      -4.435962986313e-16 
  604       2.955374217139e-10       2.825600580745e-12       3.857157399934e-12       9.986168839592e-15       3.733005121330e-14       2.431705021320e-15      -4.497402510795e-16 
  605       2.943235639199e-10       2.866120169475e-12       3.817793733774e-12       9.996150631584e-15       3.710741105498e-14       2.466825512223e-15      -4.557966838054e-16 
  606       2.931119284702e-10       2.906700116968e-12       3.773986909611e-12       1.000596812429e-14       3.688641609539e-14       2.502054722460e-15      -4.617662205461e-16 
  607       2.919032927672e-10       2.947322554206e-12       3.725717878837e-12       1.001562356453e-14       3.666704126001e-14       2.537374076665e-15      -4.676495041314e-16 
  608       2.906984434541e-10       2.987969385710e-12       3.672967756209e-12       1.002511924022e-14       3.644926085351e-14       2.572764756998e-15      -4.734471965788e-16 
  609       2.894981764510e-10       3.028622288637e-12       3.615717821073e-12       1.003445748051e-14       3.623304855663e-14       2.608207702153e-15      -4.791599791883e-16 
  610       2.883032969908e-10       3.069262711870e-12       3.553949518595e-12       1.004364065603e-14       3.601837742316e-14       2.643683606380e-15      -4.847885526376e-16 
  611       2.871145474208e-10       3.109872998989e-12       3.487654311592e-12       1.005267125222e-14       3.580522386540e-14       2.679174974702e-15      -4.903334628016e-16 
  612       2.859323886439e-10       3.150439788451e-12       3.416863491558e-12       1.006155209121e-14       3.559357972115e-14       2.714672344407e-15      -4.957945734591e-16 
  613       2.847572135371e-10       3.190950692691e-12       3.341619080884e-12       1.007028611561e-14       3.538344046841e-14       2.750168209959e-15      -5.011715812008e-16 
  614       2.835894187270e-10       3.231393181027e-12       3.261964050963e-12       1.007887631598e-14       3.517480126117e-14       2.785654979889e-15      -5.064641886055e-16 
  615       2.824294046023e-10       3.271754579110e-12       3.177942326571e-12       1.008732573101e-14       3.496765692756e-14       2.821124976471e-15      -5.116721042789e-16 
  616       2.812775753270e-10       3.312022068379e-12       3.089598790260e-12       1.009563744773e-14       3.476200196815e-14       2.856570435392e-15      -5.167950428927e-16 
  617       2.801343388530e-10       3.352182685507e-12       2.996979286735e-12       1.010381460170e-14       3.455783055416e-14       2.891983505434e-15      -5.218327252234e-16 
  618       2.790001069329e-10       3.392223321856e-12       2.900130627245e-12       1.011186037724e-14       3.435513652564e-14       2.927356248139e-15      -5.267848781918e-16 
  619       2.778752951326e-10       3.432130722927e-12       2.799100593968e-12       1.011977800759e-14       3.415391338978e-14       2.962680637488e-15      -5.316512349015e-16 
  620       2.767603228444e-10       3.471891487810e-12       2.693937944393e-12       1.012757077515e-14       3.395415431905e-14       2.997948559575e-15      -5.364315346780e-16 
  621       2.756556132997e-10       3.511492068637e-12       2.584692415710e-12       1.013524201167e-14       3.375585214949e-14       3.033151812280e-15      -5.411255231081e-16 
  622       2.745615935817e-10       3.550918770032e-12       2.471414729194e-12       1.014279509844e-14       3.355899937890e-14       3.068282104944e-15      -5.457329520783e-16 
  623       2.734786946383e-10       3.590157748562e-12       2.354156594589e-12       1.015023346648e-14       3.336358816508e-14       3.103331058040e-15      -5.502535798143e-16 
  624       2.724073512946e-10       3.629195012190e-12       2.232970714495e-12       1.015756059679e-14       3.316961032407e-14       3.138290202852e-15      -5.546871709197e-16 
  625       2.713480022662e-10       3.668016419722e-12       2.107910788754e-12       1.016478002050e-14       3.297705732836e-14       3.173150981145e-15      -5.590334964152e-16 
  626       2.703010901717e-10       3.706607680262e-12       1.979031518834e-12       1.017189531909e-14       3.278592030511e-14       3.207904744840e-15      -5.632923337776e-16 
  627       2.692670615452e-10       3.744954352663e-12       1.846388612215e-12       1.017891012462e-14       3.259619003440e-14       3.242542755691e-15      -5.674634669786e-16 
  628       2.682463668498e-10       3.783041844976e-12       1.710038786776e-12       1.018582811987e-14       3.240785694743e-14       3.277056184954e-15      -5.715466865241e-16 
  629       2.672394604896e-10       3.820855413902e-12       1.570039775179e-12       1.019265303860e-14       3.222091112478e-14       3.311436113064e-15      -5.755417894929e-16 
  630       2.662468008232e-10       3.858380164244e-12       1.426450329254e-12       1.019938866572e-14       3.203534229460e-14       3.345673529310e-15      -5.794485795758e-16 
  631       2.652688501760e-10       3.895601048356e-12       1.279330224386e-12       1.020603883749e-14       3.185113983086e-14       3.379759331507e-15      -5.832668671150e-16 
  632       2.643060748532e-10       3.932502865597e-12       1.128740263902e-12       1.021260744174e-14       3.166829275157e-14       3.413684325670e-15      -5.869964691424e-16 
  633       2.633589451524e-10       3.969070261781e-12       9.747422834510e-13       1.021909841807e-14       3.148678971702e-14       3.447439225691e-15      -5.906372094192e-16 
  634       2.624279353768e-10       4.005287728626e-12       8.173991553954e-13       1.022551575801e-14       3.130661902798e-14       3.481014653008e-15      -5.941889184747e-16 
  635       2.615135238475e-10       4.041139603208e-12       6.567747931936e-13       1.023186350528e-14       3.112776862395e-14       3.514401136285e-15      -5.976514336450e-16 
  636       2.606161929166e-10       4.076610067411e-12       4.929341557860e-13       1.023814575598e-14       3.095022608136e-14       3.547589111080e-15      -6.010245991126e-16 
  637       2.597364289799e-10       4.111683147379e-12       3.259432519810e-13       1.024436665873e-14       3.077397861185e-14       3.580568919525e-15      -6.043082659450e-16 
  638       2.588747224898e-10       4.146342712965e-12       1.558691448400e-13       1.025053041496e-14       3.059901306043e-14       3.613330809993e-15      -6.075022921339e-16 
  639       2.580315679677e-10       4.180572477185e-12      -1.722004393672e-14       1.025664127905e-14       3.042531590375e-14       3.645864936782e-15      -6.106065426339e-16 
  640       2.572074640175e-10       4.214355995665e-12      -1.932551296248e-13       1.026270355855e-14       3.025287324831e-14       3.678161359777e-15      -6.136208894019e-16 
  641       2.564029133376e-10       4.247676666098e-12      -3.721658600898e-13       1.026872161439e-14       3.008167082872e-14       3.710210044134e-15      -6.165452114358e-16 
  642       2.556184227342e-10       4.280517727689e-12      -5.538809114021e-13       1.027469986107e-14       2.991169400586e-14       3.742000859951e-15      -6.193793948138e-16 
  643       2.548545031339e-10       4.312862260612e-12      -7.383278834512e-13       1.028064276686e-14       2.974292776516e-14       3.773523581937e-15      -6.221233327332e-16 
  644       2.541116695967e-10       4.344693185455e-12      -9.254332955601e-13       1.028655485401e-14       2.957535671482e-14       3.804767889095e-15      -6.247769255492e-16 
  645       2.533904413284e-10       4.375993262677e-12      -1.115122582100e-12       1.029244069894e-14       2.940896508402e-14       3.835723364389e-15      -6.273400808144e-16 
  646       2.526913416938e-10       4.406745092054e-12      -1.307320088104e-12       1.029830493247e-14       2.924373672117e-14       3.866379494422e-15      -6.298127133176e-16 
  647       2.520148982292e-10       4.436931112134e-12      -1.501949064883e-12       1.030415223997e-14       2.907965509210e-14       3.896725669106e-15      -6.321947451225e-16 
  648       2.513616426554e-10       4.466533599687e-12      -1.698931665638e-12       1.030998736161e-14       2.891670327834e-14       3.926751181340e-15      -6.344861056073e-16 
  649       2.507321108903e-10       4.495534669155e-12      -1.898188941078e-12       1.031581509253e-14       2.875486397528e-14       3.956445226685e-15      -6.366867315032e-16 
  650       2.501268430618e-10       4.523916272103e-12      -2.099640835032e-12       1.032164028308e-14       2.859411949045e-14       3.985796903031e-15      -6.387965669334e-16 
  651       2.495462978512e-10       4.551662403204e-12      -2.303206903168e-12       1.032746745993e-14       2.843445428682e-14       4.014797316875e-15      -6.408155977883e-16 
  652       2.489905933919e-10       4.578765773508e-12      -2.508808495707e-12       1.033329967993e-14       2.827586267876e-14       4.043445954547e-15      -6.427439556143e-16 
  653       2.484597605954e-10       4.605221285490e-12      -2.716366614908e-12       1.033913965102e-14       2.811834130483e-14       4.071744452979e-15      -6.445818161279e-16 
  654       2.479538282836e-10       4.631023840120e-12      -2.925801192207e-12       1.034499010902e-14       2.796188659734e-14       4.099694506289e-15      -6.463293651391e-16 
  655       2.474728231775e-10       4.656168336940e-12      -3.137031084043e-12       1.035085381775e-14       2.780649478118e-14       4.127297866057e-15      -6.479867985998e-16 
  656       2.470167698859e-10       4.680649674134e-12      -3.349974067674e-12       1.035673356909e-14       2.765216187287e-14       4.154556341587e-15      -6.495543226531e-16 
  657       2.465856908940e-10       4.704462748610e-12      -3.564546836993e-12       1.036263218313e-14       2.749888367943e-14       4.181471800184e-15      -6.510321536814e-16 
  658       2.461796065517e-10       4.727602456067e-12      -3.780664998352e-12       1.036855250820e-14       2.734665579738e-14       4.208046167418e-15      -6.524205183555e-16 
  659       2.457985350626e-10       4.750063691077e-12      -3.998243066379e-12       1.037449742100e-14       2.719547361165e-14       4.234281427395e-15      -6.537196536835e-16 
  660       2.454424924719e-10       4.771841347157e-12      -4.217194459795e-12       1.038046982668e-14       2.704533229455e-14       4.260179623031e-15      -6.549298070587e-16 
  661       2.451114926559e-10       4.792930316843e-12      -4.437431497235e-12       1.038647265897e-14       2.689622680470e-14       4.285742856313e-15      -6.560512363094e-16 
  662       2.448055473096e-10       4.813325491765e-12      -4.658865393066e-12       1.039250888020e-14       2.674815188599e-14       4.310973288578e-15      -6.570842097466e-16 
  663       2.445246659360e-10       4.833021762725e-12      -4.881406253207e-12       1.039858148149e-14       2.660110206651e-14       4.335873140777e-15      -6.580290062135e-16 
  664       2.442688558344e-10       4.852014019769e-12      -5.104963070946e-12       1.040469348275e-14       2.645507165752e-14       4.360444693744e-15      -6.588859151338e-16 
  665       2.440381220887e-10       4.870297152263e-12      -5.329443722761e-12       1.041084793284e-14       2.631005475236e-14       4.384690288469e-15      -6.596552365604e-16 
  666       2.438324675566e-10       4.887866048968e-12      -5.554754964136e-12       1.041704790964e-14       2.616604522544e-14       4.408612326366e-15      -6.603372812243e-16 
  667       2.436518928576e-10       4.904715598113e-12      -5.780802425385e-12       1.042329652015e-14       2.602303673115e-14       4.432213269544e-15      -6.609323705832e-16 
  668       2.434963963617e-10       4.920840687474e-12      -6.007490607464e-12       1.042959690058e-14       2.588102270283e-14       4.455495641072e-15      -6.614408368704e-16 
  669       2.433659741783e-10       4.936236204446e-12      -6.234722877797e-12       1.043595221642e-14       2.573999635170e-14       4.478462025255e-15      -6.618630231430e-16 
  670       2.432606201442e-10       4.950897036118e-12      -6.462401466089e-12       1.044236566260e-14       2.559995066583e-14       4.501115067901e-15      -6.621992833314e-16 
  671       2.431803258128e-10       4.964818069349e-12      -6.690427460149e-12       1.044884046352e-14       2.546087840905e-14       4.523457476586e-15      -6.624499822872e-16 
  672       2.431250804422e-10       4.977994190843e-12      -6.918700801705e-12       1.045537987315e-14       2.532277211991e-14       4.545492020933e-15      -6.626154958326e-16 
  673       2.430948709838e-10       4.990420287222e-12      -7.147120282228e-12       1.046198717519e-14       2.518562411067e-14       4.567221532873e-15      -6.626962108086e-16 
  674       2.430896820714e-10       5.002091245104e-12      -7.375583538747e-12       1.046866568306e-14       2.504942646617e-14       4.588648906919e-15      -6.626925251241e-16 
  675       2.431094960088e-10       5.013001951175e-12      -7.603987049667e-12       1.047541874009e-14       2.491417104283e-14       4.609777100436e-15      -6.626048478042e-16 
  676       2.431542927595e-10       5.023147292268e-12      -7.832226130594e-12       1.048224971955e-14       2.477984946759e-14       4.630609133907e-15      -6.624335990394e-16 
  677       2.432240499344e-10       5.032522155431e-12      -8.060194930145e-12       1.048916202479e-14       2.464645313684e-14       4.651148091207e-15      -6.621792102339e-16 
  678       2.433187427807e-10       5.041121428011e-12      -8.287786425776e-12       1.049615908930e-14       2.451397321536e-14       4.671397119869e-15      -6.618421240546e-16 
  679       2.434383441704e-10       5.048939997721e-12      -8.514892419593e-12       1.050324437680e-14       2.438240063530e-14       4.691359431356e-15      -6.614227944796e-16 
  680       2.435828245891e-10       5.055972752720e-12      -8.741403534178e-12       1.051042138139e-14       2.425172609510e-14       4.711038301330e-15      -6.609216868469e-16 
  681       2.437521521244e-10       5.062214581684e-12      -8.967209208401e-12       1.051769362756e-14       2.412194005845e-14       4.730437069921e-15      -6.603392779036e-16 
  682       2.439462924541e-10       5.067660373885e-12      -9.192197693244e-12       1.052506467036e-14       2.399303275322e-14       4.749559141997e-15      -6.596760558538e-16 
  683       2.441652088356e-10       5.072305019264e-12      -9.416256047618e-12       1.053253809546e-14       2.386499417041e-14       4.768407987434e-15      -6.589325204079e-16 
  684       2.444088620936e-10       5.076143408505e-12      -9.639270134183e-12       1.054011751923e-14       2.373781406311e-14       4.786987141385e-15      -6.581091828314e-16 
  685       2.446772106094e-10       5.079170433111e-12      -9.861124615163e-12       1.054780658886e-14       2.361148194545e-14       4.805300204550e-15      -6.572065659929e-16 
  686       2.449702103089e-10       5.081380985481e-12      -1.008170294817e-11       1.055560898246e-14       2.348598709152e-14       4.823350843446e-15      -6.562252044137e-16 
  687       2.452878146515e-10       5.082769958980e-12      -1.030088738202e-11       1.056352840912e-14       2.336131853432e-14       4.841142790675e-15      -6.551656443159e-16 
  688       2.456299746187e-10       5.083332248018e-12      -1.051855895256e-11       1.057156860903e-14       2.323746506475e-14       4.858679845196e-15      -6.540284436714e-16 
  689       2.459966387023e-10       5.083062748125e-12      -1.073459747847e-11       1.057973335357e-14       2.311441523049e-14       4.875965872593e-15      -6.528141722504e-16 
  690       2.463877528933e-10       5.081956356023e-12      -1.094888155708e-11       1.058802644540e-14       2.299215733499e-14       4.893004805344e-15      -6.515234116704e-16 
  691       2.468032164910e-10       5.080009833596e-12      -1.116129903287e-11       1.059645114363e-14       2.287068105612e-14       4.909799259762e-15      -6.501567937408e-16 
  692       2.472427485291e-10       5.077227442801e-12      -1.137177865361e-11       1.060500842582e-14       2.274998234165e-14       4.926346354236e-15      -6.487151162874e-16 
  693       2.477060185087e-10       5.073615429801e-12      -1.158025907386e-11       1.061369868949e-14       2.263005861497e-14       4.942641803289e-15      -6.471992298680e-16 
  694       2.481926902996e-10       5.069180172383e-12      -1.178667844128e-11       1.062252232368e-14       2.251090716409e-14       4.958681292837e-15      -6.456099997563e-16 
  695       2.487024221182e-10       5.063928180498e-12      -1.199097439508e-11       1.063147970889e-14       2.239252514101e-14       4.974460480113e-15      -6.439483060001e-16 
  696       2.492348665048e-10       5.057866096807e-12      -1.219308406444e-11       1.064057121706e-14       2.227490956104e-14       4.989974993593e-15      -6.422150434793e-16 
  697       2.497896703010e-10       5.051000697221e-12      -1.239294406698e-11       1.064979721148e-14       2.215805730220e-14       5.005220432912e-15      -6.404111219646e-16 
  698       2.503664746274e-10       5.043338891444e-12      -1.259049050721e-11       1.065915804678e-14       2.204196510453e-14       5.020192368791e-15      -6.385374661756e-16 
  699       2.509649148610e-10       5.034887723519e-12      -1.278565897495e-11       1.066865406883e-14       2.192662956946e-14       5.034886342959e-15      -6.365950158392e-16 
  700       2.515846206125e-10       5.025654372365e-12      -1.297838454382e-11       1.067828561474e-14       2.181204715916e-14       5.049297868075e-15      -6.345847257479e-16 
  701       2.522252157042e-10       5.015646152325e-12      -1.316860176964e-11       1.068805301279e-14       2.169821419590e-14       5.063422427648e-15      -6.325075658183e-16 
  702       2.528863181470e-10       5.004870513707e-12      -1.335624468891e-11       1.069795658237e-14       2.158512686140e-14       5.077255475965e-15      -6.303645211491e-16 
  703       2.535675401182e-10       4.993335043324e-12      -1.354124681725e-11       1.070799663394e-14       2.147278119617e-14       5.090792438008e-15      -6.281565920796e-16 
  704       2.542684879389e-10       4.981047465041e-12      -1.372354114784e-11       1.071817346899e-14       2.136117309889e-14       5.104028709378e-15      -6.258847942482e-16 
  705       2.549887620515e-10       4.968015640315e-12      -1.390306014986e-11       1.072848737996e-14       2.125029832573e-14       5.116959656222e-15      -6.235501586504e-16 
  706       2.557279569970e-10       4.954247568739e-12      -1.407973576698e-11       1.073893865023e-14       2.114015248973e-14       5.129580615146e-15      -6.211537316972e-16 
  707       2.564856613928e-10       4.939751388583e-12      -1.425349941573e-11       1.074952755402e-14       2.103073106012e-14       5.141886893148e-15      -6.186965752736e-16 
  708       2.572614579100e-10       4.924535377339e-12      -1.442428198403e-11       1.076025435639e-14       2.092202936173e-14       5.153873767533e-15      -6.161797667968e-16 
  709       2.580549232509e-10       4.908607952262e-12      -1.459201382958e-11       1.077111931316e-14       2.081404257427e-14       5.165536485838e-15      -6.136043992745e-16 
  710       2.588656281264e-10       4.891977670913e-12      -1.475662477833e-11       1.078212267088e-14       2.070676573174e-14       5.176870265755e-15      -6.109715813634e-16 
  711       2.596931372338e-10       4.874653231702e-12      -1.491804412293e-11       1.079326466676e-14       2.060019372177e-14       5.187870295054e-15      -6.082824374272e-16 
  712       2.605370092337e-10       4.856643474433e-12      -1.507620062116e-11       1.080454552860e-14       2.049432128494e-14       5.198531731502e-15      -6.055381075952e-16 
  713       2.613967967282e-10       4.837957380840e-12      -1.523102249439e-11       1.081596547482e-14       2.038914301418e-14       5.208849702790e-15      -6.027397478206e-16 
  714       2.622720462378e-10       4.818604075138e-12      -1.538243742603e-11       1.082752471433e-14       2.028465335409e-14       5.218819306452e-15      -5.998885299386e-16 
  715       2.631622981792e-10       4.798592824561e-12      -1.553037255996e-11       1.083922344649e-14       2.018084660031e-14       5.228435609790e-15      -5.969856417251e-16 
  716       2.640670868426e-10       4.777933039904e-12      -1.567475449901e-11       1.085106186111e-14       2.007771689887e-14       5.237693649794e-15      -5.940322869545e-16 
  717       2.649859403694e-10       4.756634276069e-12      -1.581550930337e-11       1.086304013835e-14       1.997525824552e-14       5.246588433066e-15      -5.910296854587e-16 
  718       2.659183807294e-10       4.734706232604e-12      -1.595256248905e-11       1.087515844868e-14       1.987346448511e-14       5.255114935743e-15      -5.879790731848e-16 
  719       2.668639236986e-10       4.712158754250e-12      -1.608583902633e-11       1.088741695286e-14       1.977232931096e-14       5.263268103418e-15      -5.848817022538e-16 
  720       2.678220788364e-10       4.689001831480e-12      -1.621526333822e-11       1.089981580185e-14       1.967184626416e-14       5.271042851063e-15      -5.817388410187e-16 
  721       2.687923494633e-10       4.665245601044e-12      -1.634075929889e-11       1.091235513677e-14       1.957200873295e-14       5.278434062952e-15      -5.785517741230e-16 
  722       2.697742326382e-10       4.640900346510e-12      -1.646225023211e-11       1.092503508888e-14       1.947280995208e-14       5.285436592583e-15      -5.753218025590e-16 
  723       2.707672191359e-10       4.615976498807e-12      -1.657965890971e-11       1.093785577949e-14       1.937424300217e-14       5.292045262600e-15      -5.720502437260e-16 
  724       2.717707934249e-10       4.590484636770e-12      -1.669290755004e-11       1.095081731993e-14       1.927630080902e-14       5.298254864717e-15      -5.687384314887e-16 
  725       2.727844336444e-10       4.564435487679e-12      -1.680191781638e-11       1.096391981148e-14       1.917897614302e-14       5.304060159638e-15      -5.653877162356e-16 
  726       2.738076115821e-10       4.537839927806e-12      -1.690661081543e-11       1.097716334538e-14       1.908226161845e-14       5.309455876983e-15      -5.619994649371e-16 
  727       2.748397926516e-10       4.510708982953e-12      -1.700690709574e-11       1.099054800268e-14       1.898614969287e-14       5.314436715206e-15      -5.585750612043e-16 
  728       2.758804358700e-10       4.483053828999e-12      -1.710272664611e-11       1.100407385429e-14       1.889063266646e-14       5.318997341522e-15      -5.551159053466e-16 
  729       2.769289938351e-10       4.454885792438e-12      -1.719398889414e-11       1.101774096087e-14       1.879570268137e-14       5.323132391825e-15      -5.516234144306e-16 
  730       2.779849127030e-10       4.426216350929e-12      -1.728061270458e-11       1.103154937279e-14       1.870135172107e-14       5.326836470616e-15      -5.480990223383e-16 
  731       2.790476526680e-10       4.397057417666e-12      -1.736252960870e-11       1.104549875103e-14       1.860757269561e-14       5.330105728344e-15      -5.445439829437e-16 
  732       2.801167498952e-10       4.367422199644e-12      -1.743972378497e-11       1.105958722164e-14       1.851436272238e-14       5.332942628134e-15      -5.409587752168e-16 
  733       2.811917557787e-10       4.337324357597e-12      -1.751219287298e-11       1.107381249833e-14       1.842171990949e-14       5.335351274015e-15      -5.373436863658e-16 
  734       2.822722165336e-10       4.306777724317e-12      -1.757993481624e-11       1.108817225931e-14       1.832964227547e-14       5.337335842381e-15      -5.336990076579e-16 
  735       2.833576731781e-10       4.275796305259e-12      -1.764294786358e-11       1.110266414715e-14       1.823812774879e-14       5.338900582275e-15      -5.300250344333e-16 
  736       2.844476615154e-10       4.244394279149e-12      -1.770123057060e-11       1.111728576868e-14       1.814717416751e-14       5.340049815656e-15      -5.263220661193e-16 
  737       2.855417121161e-10       4.212585998591e-12      -1.775478180104e-11       1.113203469481e-14       1.805677927887e-14       5.340787937683e-15      -5.225904062450e-16 
  738       2.866393503000e-10       4.180385990674e-12      -1.780360072820e-11       1.114690846042e-14       1.796694073885e-14       5.341119416986e-15      -5.188303624546e-16 
  739       2.877400961181e-10       4.147808957573e-12      -1.784768683638e-11       1.116190456422e-14       1.787765611181e-14       5.341048795945e-15      -5.150422465223e-16 
  740       2.888434643351e-10       4.114869777162e-12      -1.788703992229e-11       1.117702046862e-14       1.778892287007e-14       5.340580690965e-15      -5.112263743664e-16 
  741       2.899489644111e-10       4.081583503618e-12      -1.792166009644e-11       1.119225359958e-14       1.770073839349e-14       5.339719792753e-15      -5.073830660629e-16 
  742       2.910561004839e-10       4.047965368026e-12      -1.795154778458e-11       1.120760134650e-14       1.761309996909e-14       5.338470866595e-15      -5.035126458604e-16 
  743       2.921643713508e-10       4.014030778986e-12      -1.797670372909e-11       1.122306106206e-14       1.752600479064e-14       5.336838752629e-15      -4.996154421938e-16 
  744       2.932732704512e-10       3.979795323220e-12      -1.799712899042e-11       1.123863006208e-14       1.743944995826e-14       5.334828366125e-15      -4.956917876985e-16 
  745       2.943822858480e-10       3.945274766180e-12      -1.801282494848e-11       1.125430562543e-14       1.735343247798e-14       5.332444697757e-15      -4.917420192249e-16 
  746       2.954909002102e-10       3.910485052650e-12      -1.802379330409e-11       1.127008499385e-14       1.726794926141e-14       5.329692813886e-15      -4.877664778523e-16 
  747       2.965985907949e-10       3.875442307355e-12      -1.803003608033e-11       1.128596537181e-14       1.718299712525e-14       5.326577856828e-15      -4.837655089030e-16 
  748       2.977048294291e-10       3.840162835569e-12      -1.803155562404e-11       1.130194392643e-14       1.709857279095e-14       5.323105045135e-15      -4.797394619567e-16 
  749       2.988090824922e-10       3.804663123718e-12      -1.802835460715e-11       1.131801778729e-14       1.701467288430e-14       5.319279673874e-15      -4.756886908646e-16 
  750       2.999108108976e-10       3.768959839989e-12      -1.802043602817e-11       1.133418404630e-14       1.693129393497e-14       5.315107114894e-15      -4.716135537633e-16 
  751       3.010094700753e-10       3.733069834935e-12      -1.800780321352e-11       1.135043975760e-14       1.684843237619e-14       5.310592817112e-15      -4.675144130896e-16 
  752       3.021045099535e-10       3.697010142080e-12      -1.799045981904e-11       1.136678193740e-14       1.676608454428e-14       5.305742306783e-15      -4.633916355939e-16 
  753       3.031953749411e-10       3.660797978529e-12      -1.796840983133e-11       1.138320756385e-14       1.668424667827e-14       5.300561187779e-15      -4.592455923551e-16 
  754       3.042815039094e-10       3.624450745573e-12      -1.794165756919e-11       1.139971357689e-14       1.660291491952e-14       5.295055141866e-15      -4.550766587941e-16 
  755       3.053623301744e-10       3.587986029292e-12      -1.791020768503e-11       1.141629687813e-14       1.652208531125e-14       5.289229928975e-15      -4.508852146885e-16 
  756       3.064372814791e-10       3.551421601167e-12      -1.787406516632e-11       1.143295433074e-14       1.644175379823e-14       5.283091387487e-15      -4.466716441865e-16 
  757       3.075057799748e-10       3.514775418681e-12      -1.783323533693e-11       1.144968275924e-14       1.636191622628e-14       5.276645434498e-15      -4.424363358211e-16 
  758       3.085672422043e-10       3.478065625930e-12      -1.778772385861e-11       1.146647894947e-14       1.628256834195e-14       5.269898066108e-15      -4.381796825245e-16 
  759       3.096210790829e-10       3.441310554226e-12      -1.773753673238e-11       1.148333964834e-14       1.620370579205e-14       5.262855357685e-15      -4.339020816418e-16 
  760       3.106666958812e-10       3.404528722705e-12      -1.768268029995e-11       1.150026156380e-14       1.612532412329e-14       5.255523464151e-15      -4.296039349456e-16 
  761       3.117034922070e-10       3.367738838932e-12      -1.762316124510e-11       1.151724136464e-14       1.604741878185e-14       5.247908620252e-15      -4.252856486501e-16 
  762       3.127308619872e-10       3.330959799510e-12      -1.755898659517e-11       1.153427568035e-14       1.596998511299e-14       5.240017140835e-15      -4.209476334250e-16 
  763       3.137481934500e-10       3.294210690683e-12      -1.749016372239e-11       1.155136110104e-14       1.589301836065e-14       5.231855421129e-15      -4.165903044100e-16 
  764       3.147548691071e-10       3.257510788946e-12      -1.741670034535e-11       1.156849417726e-14       1.581651366704e-14       5.223429937015e-15      -4.122140812289e-16 
  765       3.157502657356e-10       3.220879561647e-12      -1.733860453039e-11       1.158567141987e-14       1.574046607222e-14       5.214747245306e-15      -4.078193880035e-16 
  766       3.167337543601e-10       3.184336667597e-12      -1.725588469303e-11       1.160288929993e-14       1.566487051374e-14       5.205813984022e-15      -4.034066533682e-16 
  767       3.177047002350e-10       3.147901957676e-12      -1.716854959936e-11       1.162014424852e-14       1.558972182617e-14       5.196636872666e-15      -3.989763104838e-16 
  768       3.186624628262e-10       3.111595475437e-12      -1.707660836748e-11       1.163743265665e-14       1.551501474077e-14       5.187222712501e-15      -3.945287970519e-16 
  769       3.196063957936e-10       3.075437457715e-12      -1.698007046890e-11       1.165475087512e-14       1.544074388504e-14       5.177578386826e-15      -3.900645553289e-16 
  770       3.205358469728e-10       3.039448335231e-12      -1.687894572996e-11       1.167209521433e-14       1.536690378233e-14       5.167710861251e-15      -3.855840321404e-16 
  771       3.214502240289e-10       3.003647224592e-12      -1.677325194558e-11       1.168946201445e-14       1.529348957058e-14       5.157626356822e-15      -3.810876578364e-16 
  772       3.223491928154e-10       2.968047371761e-12      -1.666303787568e-11       1.170684785738e-14       1.522049917438e-14       5.147327851665e-15      -3.765757826923e-16 
  773       3.232324827333e-10       2.932660623567e-12      -1.654836068672e-11       1.172424935850e-14       1.514793117324e-14       5.136817532614e-15      -3.720487393324e-16 
  774       3.240998213945e-10       2.897498928806e-12      -1.642927838169e-11       1.174166309668e-14       1.507578408586e-14       5.126097618190e-15      -3.675068636901e-16 
  775       3.249509346177e-10       2.862574338540e-12      -1.630584980310e-11       1.175908561416e-14       1.500405636991e-14       5.115170358711e-15      -3.629504950171e-16 
  776       3.257855464235e-10       2.827899006403e-12      -1.617813463591e-11       1.177651341645e-14       1.493274642172e-14       5.104038036401e-15      -3.583799758940e-16 
  777       3.266033790294e-10       2.793485188900e-12      -1.604619341048e-11       1.179394297217e-14       1.486185257608e-14       5.092702965501e-15      -3.537956522399e-16 
  778       3.274041528457e-10       2.759345245711e-12      -1.591008750551e-11       1.181137071295e-14       1.479137310595e-14       5.081167492375e-15      -3.491978733221e-16 
  779       3.281875864704e-10       2.725491639993e-12      -1.576987915101e-11       1.182879303331e-14       1.472130622219e-14       5.069433995625e-15      -3.445869917667e-16 
  780       3.289533966847e-10       2.691936938682e-12      -1.562563143122e-11       1.184620629055e-14       1.465165007333e-14       5.057504886196e-15      -3.399633635677e-16 
  781       3.297012984483e-10       2.658693812794e-12      -1.547740828760e-11       1.186360680459e-14       1.458240274531e-14       5.045382607484e-15      -3.353273480976e-16 
  782       3.304310048945e-10       2.625775037731e-12      -1.532527452174e-11       1.188099085790e-14       1.451356226117e-14       5.033069635452e-15      -3.306793081170e-16 
  783       3.311422273259e-10       2.593193493578e-12      -1.516929579831e-11       1.189835469535e-14       1.444512658086e-14       5.020568478734e-15      -3.260196097846e-16 
  784       3.318346752096e-10       2.560962165409e-12      -1.500953864806e-11       1.191569452408e-14       1.437709360096e-14       5.007881678745e-15      -3.213486226670e-16 
  785       3.325080561723e-10       2.529094143589e-12      -1.484607047070e-11       1.193300651340e-14       1.430946115438e-14       4.995011809794e-15      -3.166667197489e-16 
  786       3.331620759958e-10       2.497602624073e-12      -1.467895953789e-11       1.195028679466e-14       1.424222701017e-14       4.981961479188e-15      -3.119742774427e-16 
  787       3.337964386123e-10       2.466500908712e-12      -1.450827499618e-11       1.196753146115e-14       1.417538887319e-14       4.968733327347e-15      -3.072716755987e-16 
  788       3.344108460998e-10       2.435802405554e-12      -1.433408686996e-11       1.198473656791e-14       1.410894438391e-14       4.955330027910e-15      -3.025592975150e-16 
  789       3.350049986773e-10       2.405520629144e-12      -1.415646606440e-11       1.200189813172e-14       1.404289111813e-14       4.941754287844e-15      -2.978375299472e-16 
  790       3.355785947000e-10       2.375669200832e-12      -1.397548436842e-11       1.201901213087e-14       1.397722658671e-14       4.928008847558e-15      -2.931067631184e-16 
  791       3.361313306551e-10       2.346261849067e-12      -1.379121445762e-11       1.203607450510e-14       1.391194823531e-14       4.914096481005e-15      -2.883673907293e-16 
  792       3.366629011565e-10       2.317312409706e-12      -1.360372989723e-11       1.205308115548e-14       1.384705344417e-14       4.900019995801e-15      -2.836198099682e-16 
  793       3.371729989405e-10       2.288834826313e-12      -1.341310514506e-11       1.207002794427e-14       1.378253952781e-14       4.885782233323e-15      -2.788644215204e-16 
  794       3.376613148613e-10       2.260843150463e-12      -1.321941555446e-11       1.208691069477e-14       1.371840373476e-14       4.871386068830e-15      -2.741016295787e-16 
  795       3.381275378856e-10       2.233351542043e-12      -1.302273737726e-11       1.210372519129e-14       1.365464324737e-14       4.856834411565e-15      -2.693318418531e-16 
  796       3.385713550888e-10       2.206374269552e-12      -1.282314776672e-11       1.212046717892e-14       1.359125518148e-14       4.842130204865e-15      -2.645554695805e-16 
  797       3.389924516497e-10       2.179925710409e-12      -1.262072478047e-11       1.213713236349e-14       1.352823658619e-14       4.827276426275e-15      -2.597729275350e-16 
  798       3.393905108461e-10       2.154020351250e-12      -1.241554738348e-11       1.215371641142e-14       1.346558444361e-14       4.812276087653e-15      -2.549846340379e-16 
  799       3.397652140500e-10       2.128672788233e-12      -1.220769545100e-11       1.217021494957e-14       1.340329566858e-14       4.797132235281e-15      -2.501910109669e-16 
  800       3.401162407229e-10       2.103897727339e-12      -1.199724977149e-11       1.218662356519e-14       1.334136710842e-14       4.781847949974e-15      -2.453924837669e-16 
  801       3.404432684113e-10       2.079709984674e-12      -1.178429204960e-11       1.220293780572e-14       1.327979554269e-14       4.766426347190e-15      -2.405894814596e-16 
  802       3.407459727419e-10       2.056124486772e-12      -1.156890490909e-11       1.221915317872e-14       1.321857768290e-14       4.750870577140e-15      -2.357824366530e-16 
  803       3.410240274170e-10       2.033156270897e-12      -1.135117189580e-11       1.223526515175e-14       1.315771017227e-14       4.735183824897e-15      -2.309717855520e-16 
  804       3.412771042095e-10       2.010820485346e-12      -1.113117748059e-11       1.225126915221e-14       1.309718958548e-14       4.719369310504e-15      -2.261579679681e-16 
  805       3.415048729588e-10       1.989132389749e-12      -1.090900706230e-11       1.226716056726e-14       1.303701242837e-14       4.703430289086e-15      -2.213414273289e-16 
  806       3.417070015655e-10       1.968107355373e-12      -1.068474697067e-11       1.228293474366e-14       1.297717513774e-14       4.687370050956e-15      -2.165226106887e-16 
  807       3.418831559871e-10       1.947760865425e-12      -1.045848446933e-11       1.229858698770e-14       1.291767408105e-14       4.671191921729e-15      -2.117019687380e-16 
  808       3.420330002334e-10       1.928108515351e-12      -1.023030775871e-11       1.231411256503e-14       1.285850555616e-14       4.654899262429e-15      -2.068799558135e-16 
  809       3.421561963615e-10       1.909166013143e-12      -1.000030597902e-11       1.232950670057e-14       1.279966579111e-14       4.638495469596e-15      -2.020570299082e-16 
  810       3.422524044713e-10       1.890949179634e-12      -9.768569213169e-12       1.234476457837e-14       1.274115094381e-14       4.621983975401e-15      -1.972336526808e-16 
  811       3.423213503704e-10       1.873471617455e-12      -9.535186103493e-12       1.235988180542e-14       1.268295759433e-14       4.605367398328e-15      -1.924103137590e-16 
  812       3.423630299135e-10       1.856737671263e-12      -9.300236648817e-12       1.237485581247e-14       1.262508423194e-14       4.588644978264e-15      -1.875876041054e-16 
  813       3.423775083305e-10       1.840749341438e-12      -9.063799283617e-12       1.238968447819e-14       1.256752979429e-14       4.571815095473e-15      -1.827661439908e-16 
  814       3.423648528980e-10       1.825508603837e-12      -8.825953255037e-12       1.240436566746e-14       1.251029317715e-14       4.554876115797e-15      -1.779465588360e-16 
  815       3.423251329464e-10       1.811017409666e-12      -8.586778625402e-12       1.241889723138e-14       1.245337323429e-14       4.537826390605e-15      -1.731294792257e-16 
  816       3.422584198678e-10       1.797277685363e-12      -8.346356274738e-12       1.243327700717e-14       1.239676877727e-14       4.520664256752e-15      -1.683155409232e-16 
  817       3.421647871240e-10       1.784291332476e-12      -8.104767903278e-12       1.244750281820e-14       1.234047857527e-14       4.503388036532e-15      -1.635053848846e-16 
  818       3.420443102536e-10       1.772060227534e-12      -7.862096033983e-12       1.246157247392e-14       1.228450135492e-14       4.485996037634e-15      -1.586996572732e-16 
  819       3.418970668798e-10       1.760586221930e-12      -7.618424015053e-12       1.247548376983e-14       1.222883580018e-14       4.468486553092e-15      -1.538990094737e-16 
  820       3.417231367184e-10       1.749871141799e-12      -7.373836022440e-12       1.248923448743e-14       1.217348055209e-14       4.450857861246e-15      -1.491040981069e-16 
  821       3.415226015850e-10       1.739916787891e-12      -7.128417062365e-12       1.250282239422e-14       1.211843420868e-14       4.433108225693e-15      -1.443155850435e-16 
  822       3.412955454031e-10       1.730724935449e-12      -6.882252973831e-12       1.251624524361e-14       1.206369532473e-14       4.415235895243e-15      -1.395341374191e-16 
  823       3.410420542111e-10       1.722297334093e-12      -6.635430431136e-12       1.252950077493e-14       1.200926241166e-14       4.397239103872e-15      -1.347604276480e-16 
  824       3.407622161706e-10       1.714635707687e-12      -6.388036946387e-12       1.254258671337e-14       1.195513393734e-14       4.379116070678e-15      -1.299951334380e-16 
  825       3.404561215738e-10       1.707741754225e-12      -6.140160872018e-12       1.255550076995e-14       1.190130832589e-14       4.360864999836e-15      -1.252389378044e-16 
  826       3.401238628512e-10       1.701617145704e-12      -5.891891403299e-12       1.256824064150e-14       1.184778395758e-14       4.342484080552e-15      -1.204925290846e-16 
  827       3.397655345790e-10       1.696263528003e-12      -5.643318580852e-12       1.258080401058e-14       1.179455916857e-14       4.323971487019e-15      -1.157566009521e-16 
  828       3.393812334871e-10       1.691682520760e-12      -5.394533293167e-12       1.259318854550e-14       1.174163225084e-14       4.305325378368e-15      -1.110318524314e-16 
  829       3.389710584666e-10       1.687875717249e-12      -5.145627279112e-12       1.260539190022e-14       1.168900145193e-14       4.286543898627e-15      -1.063189879118e-16 
  830       3.385351105774e-10       1.684844684257e-12      -4.896693130453e-12       1.261741171437e-14       1.163666497485e-14       4.267625176673e-15      -1.016187171622e-16 
  831       3.380734930560e-10       1.682590961964e-12      -4.647824294363e-12       1.262924561320e-14       1.158462097785e-14       4.248567326189e-15      -9.693175534519e-17 
  832       3.375863113231e-10       1.681116063817e-12      -4.399115075937e-12       1.264089120751e-14       1.153286757429e-14       4.229368445615e-15      -9.225882303139e-17 
  833       3.370736729909e-10       1.680421476409e-12      -4.150660640708e-12       1.265234609366e-14       1.148140283243e-14       4.210026618107e-15      -8.760064621394e-17 
  834       3.365356878716e-10       1.680508659356e-12      -3.902557017160e-12       1.266360785350e-14       1.143022477533e-14       4.190539911487e-15      -8.295795632279e-17 
  835       3.359724679839e-10       1.681379045176e-12      -3.654901099243e-12       1.267467405435e-14       1.137933138059e-14       4.170906378203e-15      -7.833149023905e-17 
  836       3.353841275619e-10       1.683034039164e-12      -3.407790648884e-12       1.268554224896e-14       1.132872058027e-14       4.151124055280e-15      -7.372199030933e-17 
  837       3.347707830615e-10       1.685475019270e-12      -3.161324298506e-12       1.269620997546e-14       1.127839026066e-14       4.131190964274e-15      -6.913020436013e-17 
  838       3.341325531693e-10       1.688703335978e-12      -2.915601553538e-12       1.270667475737e-14       1.122833826213e-14       4.111105111231e-15      -6.455688571217e-17 
  839       3.334695588090e-10       1.692720312181e-12      -2.670722794932e-12       1.271693410348e-14       1.117856237897e-14       4.090864486636e-15      -6.000279319472e-17 
  840       3.327819231502e-10       1.697527243060e-12      -2.426789281673e-12       1.272698550792e-14       1.112906035921e-14       4.070467065373e-15      -5.546869115999e-17 
  841       3.320697716153e-10       1.703125395963e-12      -2.183903153299e-12       1.273682645001e-14       1.107982990446e-14       4.049910806675e-15      -5.095534949747e-17 
  842       3.313332318873e-10       1.709516010276e-12      -1.942167432410e-12       1.274645439434e-14       1.103086866973e-14       4.029193654084e-15      -4.646354364827e-17 
  843       3.305724339176e-10       1.716700297309e-12      -1.701686027186e-12       1.275586679062e-14       1.098217426326e-14       4.008313535400e-15      -4.199405461950e-17 
  844       3.297875099338e-10       1.724679440166e-12      -1.462563733897e-12       1.276506107373e-14       1.093374424638e-14       3.987268362638e-15      -3.754766899858e-17 
  845       3.289785944468e-10       1.733454593628e-12      -1.224906239421e-12       1.277403466364e-14       1.088557613329e-14       3.966056031987e-15      -3.312517896765e-17 
  846       3.281458242590e-10       1.743026884026e-12      -9.888201237548e-13       1.278278496540e-14       1.083766739093e-14       3.944674423755e-15      -2.872738231786e-17 
  847       3.272893384716e-10       1.753397409122e-12      -7.544128625319e-13       1.279130936906e-14       1.079001543883e-14       3.923121402333e-15      -2.435508246376e-17 
  848       3.264092784926e-10       1.764567237983e-12      -5.217928295329e-13       1.279960524969e-14       1.074261764886e-14       3.901394816145e-15      -2.000908845765e-17 
  849       3.255057880440e-10       1.776537410861e-12      -2.910692992017e-13       1.280766996730e-14       1.069547134515e-14       3.879492497605e-15      -1.569021500392e-17 
  850       3.245790131699e-10       1.789308939070e-12      -6.235244915913e-14       1.281550086682e-14       1.064857380388e-14       3.857412263067e-15      -1.139928247342e-17 
  851       3.236291318616e-10       1.802881142223e-12       1.642569969313e-13       1.282309581935e-14       1.060192259309e-14       3.835153090270e-15      -7.137020081798e-18 
  852       3.226564434758e-10       1.817246628937e-12       3.886990405690e-13       1.283045485606e-14       1.055551659893e-14       3.812718672877e-15      -2.903773575198e-18 
  853       3.216612808654e-10       1.832396229793e-12       6.109236685882e-13       1.283757856223e-14       1.050935501670e-14       3.790113926812e-15       1.300207440728e-18 
  854       3.206439809132e-10       1.848320651781e-12       8.308805413177e-13       1.284446753858e-14       1.046343701232e-14       3.767343818447e-15       5.474673120870e-18 
  855       3.196048845446e-10       1.865010477896e-12       1.048518991782e-12       1.285112240132e-14       1.041776172224e-14       3.744413364755e-15       9.619373382332e-18 
  856       3.185443367398e-10       1.882456166746e-12       1.263788024902e-12       1.285754378215e-14       1.037232825332e-14       3.721327633458e-15       1.373405790610e-17 
  857       3.174626865469e-10       1.900648052151e-12       1.476636316694e-12       1.286373232842e-14       1.032713568271e-14       3.698091743175e-15       1.781847613874e-17 
  858       3.163602870940e-10       1.919576342744e-12       1.687012213472e-12       1.286968870308e-14       1.028218305774e-14       3.674710863574e-15       2.187237729402e-17 
  859       3.152374956018e-10       1.939231121577e-12       1.894863731047e-12       1.287541358478e-14       1.023746939583e-14       3.651190215522e-15       2.589551035466e-17 
  860       3.140946733965e-10       1.959602345721e-12       2.100138553929e-12       1.288090766793e-14       1.019299368434e-14       3.627535071231e-15       2.988762407393e-17 
  861       3.129321859220e-10       1.980679845867e-12       2.302784034524e-12       1.288617166273e-14       1.014875488048e-14       3.603750754412e-15       3.384846697739e-17 
  862       3.117504027524e-10       2.002453325930e-12       2.502747192338e-12       1.289120629524e-14       1.010475191118e-14       3.579842640421e-15       3.777778736452e-17 
  863       3.105496976049e-10       2.024912362653e-12       2.699974713177e-12       1.289601230743e-14       1.006098367303e-14       3.555816156410e-15       4.167533331040e-17 
  864       3.093304483522e-10       2.048046405204e-12       2.894412948345e-12       1.290059045723e-14       1.001744903207e-14       3.531676781477e-15       4.554085266741e-17 
  865       3.080930370349e-10       2.071844774783e-12       3.086007913848e-12       1.290494151856e-14       9.974146823782e-15       3.507430046814e-15       4.937409306687e-17 
  866       3.068378498743e-10       2.096296664223e-12       3.274705289590e-12       1.290906628145e-14       9.931075852908e-15       3.483081535859e-15       5.317480192076e-17 
  867       3.055652772847e-10       2.121391137590e-12       3.460450418580e-12       1.291296555202e-14       9.888234893363e-15       3.458636884443e-15       5.694272642335e-17 
  868       3.042757138863e-10       2.147117129787e-12       3.643188306124e-12       1.291664015256e-14       9.845622688119e-15       3.434101780942e-15       6.067761355287e-17 
  869       3.029695585172e-10       2.173463446158e-12       3.822863619033e-12       1.292009092161e-14       9.803237949090e-15       3.409481966424e-15       6.437921007326e-17 
  870       3.016472142467e-10       2.200418762087e-12       3.999420684820e-12       1.292331871396e-14       9.761079357023e-15       3.384783234799e-15       6.804726253573e-17 
  871       3.003090883871e-10       2.227971622601e-12       4.172803490900e-12       1.292632440076e-14       9.719145561384e-15       3.360011432972e-15       7.168151728054e-17 
  872       2.989555925067e-10       2.256110441975e-12       4.342955683793e-12       1.292910886953e-14       9.677435180241e-15       3.335172460988e-15       7.528172043860e-17 
  873       2.975871424425e-10       2.284823503328e-12       4.509820568320e-12       1.293167302424e-14       9.635946800160e-15       3.310272272184e-15       7.884761793320e-17 
  874       2.962041583121e-10       2.314098958233e-12       4.673341106810e-12       1.293401778533e-14       9.594678976083e-15       3.285316873337e-15       8.237895548164e-17 
  875       2.948070645271e-10       2.343924826314e-12       4.833459918293e-12       1.293614408980e-14       9.553630231222e-15       3.260312324816e-15       8.587547859692e-17 
  876       2.933962898047e-10       2.374288994849e-12       4.990119277708e-12       1.293805289126e-14       9.512799056944e-15       3.235264740729e-15       8.933693258943e-17 
  877       2.919722671813e-10       2.405179218374e-12       5.143261115096e-12       1.293974515996e-14       9.472183912656e-15       3.210180289076e-15       9.276306256860e-17 
  878       2.905354340242e-10       2.436583118283e-12       5.292827014808e-12       1.294122188284e-14       9.431783225696e-15       3.185065191893e-15       9.615361344461e-17 
  879       2.890862320446e-10       2.468488182431e-12       5.438758214698e-12       1.294248406362e-14       9.391595391221e-15       3.159925725406e-15       9.950832993000e-17 
  880       2.876251073099e-10       2.500881764738e-12       5.580995605329e-12       1.294353272283e-14       9.351618772089e-15       3.134768220180e-15       1.028269565414e-16 
  881       2.861525102565e-10       2.533751084788e-12       5.719479729172e-12       1.294436889784e-14       9.311851698751e-15       3.109599061268e-15       1.061092376013e-16 
  882       2.846688957022e-10       2.567083227434e-12       5.854150779805e-12       1.294499364297e-14       9.272292469135e-15       3.084424688359e-15       1.093549172393e-16 
  883       2.831747228589e-10       2.600865142399e-12       5.984948601114e-12       1.294540802949e-14       9.232939348539e-15       3.059251595930e-15       1.125637393945e-16 
  884       2.816704553449e-10       2.635083643877e-12       6.111812686496e-12       1.294561314569e-14       9.193790569510e-15       3.034086333396e-15       1.157354478165e-16 
  885       2.801565611977e-10       2.669725410138e-12       6.234682178056e-12       1.294561009696e-14       9.154844331739e-15       3.008935505254e-15       1.188697860675e-16 
  886       2.786335128863e-10       2.704776983128e-12       6.353495865808e-12       1.294540000579e-14       9.116098801943e-15       2.983805771241e-15       1.219664975237e-16 
  887       2.771017873241e-10       2.740224768072e-12       6.468192186879e-12       1.294498401187e-14       9.077552113756e-15       2.958703846477e-15       1.250253253771e-16 
  888       2.755618658811e-10       2.776055033077e-12       6.578709224703e-12       1.294436327214e-14       9.039202367614e-15       2.933636501617e-15       1.280460126373e-16 
  889       2.740142343968e-10       2.812253908732e-12       6.684984708230e-12       1.294353896080e-14       9.001047630642e-15       2.908610563000e-15       1.310283021329e-16 
  890       2.724593831924e-10       2.848807387712e-12       6.786956011117e-12       1.294251226940e-14       8.963085936544e-15       2.883632912801e-15       1.339719365135e-16 
  891       2.708977865828e-10       2.885701360775e-12       6.884571754100e-12       1.294128467119e-14       8.925315525856e-15       2.858709567407e-15       1.368767477737e-16 
  892       2.693298410190e-10       2.922921726201e-12       6.977826822038e-12       1.293985871870e-14       8.887735571261e-15       2.833842895714e-15       1.397429274313e-16 
  893       2.677559259570e-10       2.960454281358e-12       7.066727919052e-12       1.293823725934e-14       8.850345463935e-15       2.809034355550e-15       1.425707607796e-16 
  894       2.661764242760e-10       2.998284686075e-12       7.151282018313e-12       1.293642317235e-14       8.813144574180e-15       2.784285411324e-15       1.453605377811e-16 
  895       2.645917222882e-10       3.036398462252e-12       7.231496363000e-12       1.293441936891e-14       8.776132251351e-15       2.759597534032e-15       1.481125530826e-16 
  896       2.630022097478e-10       3.074780993467e-12       7.307378467248e-12       1.293222879226e-14       8.739307823773e-15       2.734972201273e-15       1.508271060307e-16 
  897       2.614082798610e-10       3.113417524586e-12       7.378936117100e-12       1.292985441774e-14       8.702670598672e-15       2.710410897255e-15       1.535045006867e-16 
  898       2.598103292950e-10       3.152293161365e-12       7.446177371463e-12       1.292729925293e-14       8.666219862092e-15       2.685915112810e-15       1.561450458418e-16 
  899       2.582087581875e-10       3.191392870065e-12       7.509110563058e-12       1.292456633769e-14       8.629954878823e-15       2.661486345398e-15       1.587490550326e-16 
  900       2.566039701566e-10       3.230701477054e-12       7.567744299373e-12       1.292165874434e-14       8.593874892323e-15       2.637126099125e-15       1.613168465558e-16 
  901       2.549963723097e-10       3.270203668416e-12       7.622087463615e-12       1.291857957765e-14       8.557979124643e-15       2.612835884745e-15       1.638487434839e-16 
  902       2.533863752532e-10       3.309883989560e-12       7.672149215662e-12       1.291533197501e-14       8.522266776346e-15       2.588617219677e-15       1.663450736799e-16 
  903       2.517743931021e-10       3.349726844829e-12       7.717938993017e-12       1.291191910648e-14       8.486737026438e-15       2.564471628014e-15       1.688061698129e-16 
  904       2.501608434893e-10       3.389716497104e-12       7.759466511758e-12       1.290834417493e-14       8.451389032285e-15       2.540400640532e-15       1.712323693731e-16 
  905       2.485461475750e-10       3.429837067414e-12       7.796741767494e-12       1.290461041606e-14       8.416221929541e-15       2.516405794699e-15       1.736240146871e-16 
  906       2.469307300562e-10       3.470072534543e-12       7.829775036313e-12       1.290072109856e-14       8.381234832067e-15       2.492488634688e-15       1.759814529328e-16 
  907       2.453150191763e-10       3.510406734638e-12       7.858576875737e-12       1.289667952418e-14       8.346426831860e-15       2.468650711390e-15       1.783050361550e-16 
  908       2.436994467344e-10       3.550823360817e-12       7.883158125674e-12       1.289248902781e-14       8.311796998974e-15       2.444893582415e-15       1.805951212803e-16 
  909       2.420844480948e-10       3.591305962776e-12       7.903529909372e-12       1.288815297758e-14       8.277344381443e-15       2.421218812113e-15       1.828520701325e-16 
  910       2.404704621964e-10       3.631837946398e-12       7.919703634367e-12       1.288367477498e-14       8.243068005203e-15       2.397627971579e-15       1.850762494475e-16 
  911       2.388579315624e-10       3.672402573359e-12       7.931690993439e-12       1.287905785491e-14       8.208966874023e-15       2.374122638663e-15       1.872680308887e-16 
  912       2.372473023095e-10       3.712982960736e-12       7.939503965565e-12       1.287430568580e-14       8.175039969418e-15       2.350704397981e-15       1.894277910624e-16 
  913       2.356390241574e-10       3.753562080616e-12       7.943154816868e-12       1.286942176969e-14       8.141286250581e-15       2.327374840928e-15       1.915559115325e-16 
  914       2.340335504383e-10       3.794122759703e-12       7.942656101572e-12       1.286440964235e-14       8.107704654304e-15       2.304135565685e-15       1.936527788359e-16 
  915       2.324313381065e-10       3.834647678925e-12       7.938020662953e-12       1.285927287332e-14       8.074294094899e-15       2.280988177231e-15       1.957187844979e-16 
  916       2.308328477475e-10       3.875119373044e-12       7.929261634293e-12       1.285401506607e-14       8.041053464126e-15       2.257934287352e-15       1.977543250473e-16 
  917       2.292385435878e-10       3.915520230260e-12       7.916392439831e-12       1.284863985803e-14       8.007981631115e-15       2.234975514655e-15       1.997598020313e-16 
  918       2.276488935042e-10       3.955832491820e-12       7.899426795716e-12       1.284315092073e-14       7.975077442285e-15       2.212113484572e-15       2.017356220309e-16 
  919       2.260643690335e-10       3.996038251631e-12       7.878378710958e-12       1.283755195987e-14       7.942339721277e-15       2.189349829378e-15       2.036821966763e-16 
  920       2.244854453813e-10       4.036119455857e-12       7.853262488383e-12       1.283184671542e-14       7.909767268868e-15       2.166686188195e-15       2.055999426618e-16 
  921       2.229126014323e-10       4.076057902539e-12       7.824092725583e-12       1.282603896170e-14       7.877358862902e-15       2.144124207006e-15       2.074892817610e-16 
  922       2.213463197593e-10       4.115835241191e-12       7.790884315871e-12       1.282013250750e-14       7.845113258208e-15       2.121665538664e-15       2.093506408422e-16 
  923       2.197870866326e-10       4.155432972418e-12       7.753652449228e-12       1.281413119615e-14       7.813029186527e-15       2.099311842903e-15       2.111844518833e-16 
  924       2.182353920296e-10       4.194832447515e-12       7.712412613265e-12       1.280803890561e-14       7.781105356437e-15       2.077064786347e-15       2.129911519874e-16 
  925       2.166917296444e-10       4.234014868082e-12       7.667180594163e-12       1.280185954858e-14       7.749340453270e-15       2.054926042524e-15       2.147711833974e-16 
  926       2.151565968970e-10       4.272961285626e-12       7.617972477636e-12       1.279559707261e-14       7.717733139044e-15       2.032897291870e-15       2.165249935119e-16 
  927       2.136304949427e-10       4.311652601173e-12       7.564804649880e-12       1.278925546012e-14       7.686282052380e-15       2.010980221747e-15       2.182530348998e-16 
  928       2.121139286821e-10       4.350069564873e-12       7.507693798520e-12       1.278283872859e-14       7.654985808428e-15       1.989176526447e-15       2.199557653158e-16 
  929       2.106074067698e-10       4.388192775607e-12       7.446656913572e-12       1.277635093058e-14       7.623842998792e-15       1.967487907206e-15       2.216336477155e-16 
  930       2.091114416245e-10       4.426002680599e-12       7.381711288388e-12       1.276979615386e-14       7.592852191453e-15       1.945916072214e-15       2.232871502705e-16 
  931       2.076264968361e-10       4.463481234323e-12       7.312880444816e-12       1.276317835318e-14       7.562012099576e-15       1.924462332603e-15       2.249165919594e-16 
  932       2.061528284662e-10       4.500616904541e-12       7.240212008576e-12       1.275650084267e-14       7.531322090999e-15       1.903126383459e-15       2.265216766550e-16 
  933       2.046906412773e-10       4.537399744003e-12       7.163760116142e-12       1.274976679564e-14       7.500781686585e-15       1.881907503713e-15       2.281019517593e-16 
  934       2.032401411114e-10       4.573819738105e-12       7.083579517720e-12       1.274297941229e-14       7.470390392009e-15       1.860804958381e-15       2.296569619597e-16 
  935       2.018015348921e-10       4.609866804718e-12       6.999725579019e-12       1.273614191974e-14       7.440147697703e-15       1.839817998520e-15       2.311862492226e-16 
  936       2.003750306270e-10       4.645530794031e-12       6.912254283023e-12       1.272925757212e-14       7.410053078803e-15       1.818945861185e-15       2.326893527872e-16 
  937       1.989608374097e-10       4.680801488387e-12       6.821222231765e-12       1.272232965063e-14       7.380105995097e-15       1.798187769377e-15       2.341658091596e-16 
  938       1.975591654217e-10       4.715668602119e-12       6.726686648094e-12       1.271536146360e-14       7.350305890973e-15       1.777542932005e-15       2.356151521064e-16 
  939       1.961702259352e-10       4.750121781387e-12       6.628705377451e-12       1.270835634657e-14       7.320652195363e-15       1.757010543835e-15       2.370369126485e-16 
  940       1.947942313149e-10       4.784150604018e-12       6.527336889640e-12       1.270131766238e-14       7.291144321692e-15       1.736589785446e-15       2.384306190552e-16 
  941       1.934313950203e-10       4.817744579338e-12       6.422640280597e-12       1.269424880120e-14       7.261781667826e-15       1.716279823187e-15       2.397957968378e-16 
  942       1.920819316076e-10       4.850893148015e-12       6.314675274164e-12       1.268715318063e-14       7.232563616016e-15       1.696079809128e-15       2.411319687435e-16 
  943       1.907460567323e-10       4.883585681892e-12       6.203502223862e-12       1.268003424576e-14       7.203489532846e-15       1.675988881016e-15       2.424386547493e-16 
  944       1.894239871513e-10       4.915811483826e-12       6.089182114657e-12       1.267289546923e-14       7.174558769181e-15       1.656006162230e-15       2.437153720556e-16 
  945       1.881159407247e-10       4.947559787526e-12       5.971776564741e-12       1.266574035132e-14       7.145770660115e-15       1.636130761733e-15       2.449616350804e-16 
  946       1.868221364186e-10       4.978819757389e-12       5.851347827293e-12       1.265857242001e-14       7.117124524914e-15       1.616361774032e-15       2.461769554530e-16 
  947       1.855427943067e-10       5.009580488334e-12       5.727958792259e-12       1.265139523103e-14       7.088619666966e-15       1.596698279126e-15       2.473608420074e-16 
  948       1.842781355729e-10       5.039831005646e-12       5.601672988120e-12       1.264421236797e-14       7.060255373728e-15       1.577139342465e-15       2.485128007770e-16 
  949       1.830283825132e-10       5.069560264809e-12       5.472554583664e-12       1.263702744232e-14       7.032030916672e-15       1.557684014901e-15       2.496323349876e-16 
  950       1.817937585380e-10       5.098757151343e-12       5.340668389759e-12       1.262984409356e-14       7.003945551231e-15       1.538331332648e-15       2.507189450518e-16 
  951       1.805744881745e-10       5.127410480641e-12       5.206079861123e-12       1.262266598919e-14       6.975998516749e-15       1.519080317230e-15       2.517721285624e-16 
  952       1.793707970683e-10       5.155508997811e-12       5.068855098097e-12       1.261549682485e-14       6.948189036426e-15       1.499929975438e-15       2.527913802867e-16 
  953       1.781829119864e-10       5.183041377504e-12       4.929060848414e-12       1.260834032436e-14       6.920516317263e-15       1.480879299289e-15       2.537761921599e-16 
  954       1.770110608185e-10       5.209996223761e-12       4.786764508977e-12       1.260120023981e-14       6.892979550012e-15       1.461927265972e-15       2.547260532792e-16 
  955       1.758554725800e-10       5.236362069843e-12       4.642034127622e-12       1.259408035160e-14       6.865577909124e-15       1.443072837809e-15       2.556404498975e-16 
  956       1.747163774136e-10       5.262127378073e-12       4.494938404897e-12       1.258698446853e-14       6.838310552692e-15       1.424314962208e-15       2.565188654174e-16 
  957       1.735940065917e-10       5.287280539670e-12       4.345546695830e-12       1.257991642787e-14       6.811176622400e-15       1.405652571616e-15       2.573607803849e-16 
  958       1.724885925186e-10       5.311809874587e-12       4.193929011703e-12       1.257288009544e-14       6.784175243470e-15       1.387084583475e-15       2.581656724831e-16 
  959       1.714003687327e-10       5.335703631348e-12       4.040156021820e-12       1.256587936563e-14       6.757305524610e-15       1.368609900175e-15       2.589330165264e-16 
  960       1.703295699086e-10       5.358949986888e-12       3.884299055281e-12       1.255891816155e-14       6.730566557958e-15       1.350227409012e-15       2.596622844540e-16 
  961       1.692764318593e-10       5.381537046385e-12       3.726430102757e-12       1.255200043503e-14       6.703957419032e-15       1.331935982137e-15       2.603529453240e-16 
  962       1.682411915385e-10       5.403452843102e-12       3.566621818255e-12       1.254513016672e-14       6.677477166675e-15       1.313734476515e-15       2.610044653069e-16 
  963       1.672240870425e-10       5.424685338222e-12       3.404947520893e-12       1.253831136615e-14       6.651124843004e-15       1.295621733879e-15       2.616163076798e-16 
  964       1.662253576128e-10       5.445222420685e-12       3.241481196675e-12       1.253154807181e-14       6.624899473354e-15       1.277596580682e-15       2.621879328200e-16 
  965       1.652452436380e-10       5.465051907024e-12       3.076297500256e-12       1.252484435123e-14       6.598800066228e-15       1.259657828054e-15       2.627187981989e-16 
  966       1.642839866559e-10       5.484161541207e-12       2.909471756719e-12       1.251820430101e-14       6.572825613242e-15       1.241804271754e-15       2.632083583759e-16 
  967       1.633418293561e-10       5.502538994469e-12       2.741079963344e-12       1.251163204692e-14       6.546975089072e-15       1.224034692127e-15       2.636560649921e-16 
  968       1.624190155815e-10       5.520171865150e-12       2.571198791382e-12       1.250513174398e-14       6.521247451404e-15       1.206347854059e-15       2.640613667642e-16 
  969       1.615157903314e-10       5.537047678537e-12       2.399905587822e-12       1.249870757651e-14       6.495641640874e-15       1.188742506928e-15       2.644237094784e-16 
  970       1.606323997627e-10       5.553153886694e-12       2.227278377169e-12       1.249236375818e-14       6.470156581023e-15       1.171217384561e-15       2.647425359842e-16 
  971       1.597690406295e-10       5.568480044881e-12       2.053393240386e-12       1.248610406498e-14       6.444791301841e-15       1.153771587795e-15       2.650174853556e-16 
  972       1.589257077613e-10       5.583024376989e-12       1.878316404963e-12       1.247993042608e-14       6.419545312551e-15       1.136405738547e-15       2.652489936700e-16 
  973       1.581023442945e-10       5.596787308532e-12       1.702112039395e-12       1.247384431190e-14       6.394418234327e-15       1.119120843013e-15       2.654377022534e-16 
  974       1.572988920241e-10       5.609769299135e-12       1.524844866651e-12       1.246784719933e-14       6.369409677165e-15       1.101917910638e-15       2.655842593516e-16 
  975       1.565152913990e-10       5.621970842652e-12       1.346580165616e-12       1.246194057174e-14       6.344519239846e-15       1.084797954115e-15       2.656893201491e-16 
  976       1.557514815179e-10       5.633392467276e-12       1.167383772528e-12       1.245612591901e-14       6.319746509895e-15       1.067761989396e-15       2.657535467882e-16 
  977       1.550074001249e-10       5.644034735656e-12       9.873220824196e-13       1.245040473753e-14       6.295091063550e-15       1.050811035686e-15       2.657776083886e-16 
  978       1.542829836056e-10       5.653898245008e-12       8.064620505493e-13       1.244477853018e-14       6.270552465716e-15       1.033946115455e-15       2.657621810662e-16 
  979       1.535781669825e-10       5.662983627230e-12       6.248711938464e-13       1.243924880641e-14       6.246130269938e-15       1.017168254435e-15       2.657079479521e-16 
  980       1.528928839112e-10       5.671291549018e-12       4.426175923458e-13       1.243381708217e-14       6.221824018355e-15       1.000478481624e-15       2.656155992122e-16 
  981       1.522270666754e-10       5.678822711976e-12       2.597698906273e-13       1.242848488000e-14       6.197633241666e-15       9.838778292920e-16       2.654858320661e-16 
  982       1.515806461835e-10       5.685577852735e-12       7.639729925316e-14       1.242325372896e-14       6.173557459096e-15       9.673673329824e-16       2.653193508061e-16 
  983       1.509535519639e-10       5.691557743060e-12      -1.074304037930e-13       1.241812516470e-14       6.149596178351e-15       9.509480315146e-16       2.651168668169e-16 
  984       1.503457121606e-10       5.696763189972e-12      -2.916428716683e-13       1.241310072946e-14       6.125748895588e-15       9.346209669877e-16       2.648790985940e-16 
  985       1.497570535296e-10       5.701195035855e-12      -4.761691872325e-13       1.240818197206e-14       6.102015095374e-15       9.183871847838e-16       2.646067717637e-16 
  986       1.491875014338e-10       5.704854158575e-12      -6.609378616097e-13       1.240337044791e-14       6.078394250650e-15       9.022477335712e-16       2.643006191014e-16 
  987       1.486369798394e-10       5.707741471588e-12      -8.458768327498e-13       1.239866771905e-14       6.054885822692e-15       8.862036653073e-16       2.639613805515e-16 
  988       1.481054113116e-10       5.709857924063e-12      -1.030913463991e-12       1.239407535414e-14       6.031489261074e-15       8.702560352415e-16       2.635898032461e-16 
  989       1.475927170099e-10       5.711204500986e-12      -1.215974542621e-12       1.238959492846e-14       6.008204003635e-15       8.544059019192e-16       2.631866415242e-16 
  990       1.470988166843e-10       5.711782223281e-12      -1.400986278438e-12       1.238522802395e-14       5.985029476434e-15       8.386543271841e-16       2.627526569513e-16 
  991       1.466236286710e-10       5.711592147920e-12      -1.585874302316e-12       1.238097622919e-14       5.961965093721e-15       8.230023761818e-16       2.622886183377e-16 
  992       1.461670698879e-10       5.710635368039e-12      -1.770563664760e-12       1.237684113943e-14       5.939010257890e-15       8.074511173626e-16       2.617953017587e-16 
  993       1.457290558307e-10       5.708913013051e-12      -1.954978834476e-12       1.237282435660e-14       5.916164359453e-15       7.920016224853e-16       2.612734905728e-16 
  994       1.453095005683e-10       5.706426248761e-12      -2.139043696926e-12       1.236892748930e-14       5.893426776994e-15       7.766549666195e-16       2.607239754415e-16 
  995       1.449083167387e-10       5.703176277478e-12      -2.322681552893e-12       1.236515215283e-14       5.870796877133e-15       7.614122281495e-16       2.601475543482e-16 
  996       1.445254155452e-10       5.699164338131e-12      -2.505815117041e-12       1.236149996921e-14       5.848274014494e-15       7.462744887769e-16       2.595450326174e-16 
  997       1.441607067511e-10       5.694391706380e-12      -2.688366516481e-12       1.235797256715e-14       5.825857531660e-15       7.312428335241e-16       2.589172229339e-16 
  998       1.438140986767e-10       5.688859694735e-12      -2.870257289327e-12       1.235457158212e-14       5.803546759143e-15       7.163183507374e-16       2.582649453618e-16 
  999       1.434854981940e-10       5.682569652664e-12      -3.051408383261e-12       1.235129865629e-14       5.781341015341e-15       7.015021320899e-16       2.575890273639e-16 
 1000       1.431748107233e-10       5.675522966711e-12      -3.231740154095e-12       1.234815543859e-14       5.759239606503e-15       6.867952725849e-16       2.568903038205e-16 
 1001       1.428819402281e-10       5.667721060609e-12      -3.411172364331e-12       1.234514358473e-14       5.737241826693e-15       6.721988705590e-16       2.561696170492e-16 
 1002       1.426067892117e-10       5.659165395393e-12      -3.589624181724e-12       1.234226475716e-14       5.715346957750e-15       6.577140276853e-16       2.554278168232e-16 
 1003       1.423492587125e-10       5.649857469514e-12      -3.767014177846e-12       1.233952062511e-14       5.693554269253e-15       6.433418489763e-16       2.546657603912e-16 
 1004       1.421092482996e-10       5.639798818953e-12      -3.943260326642e-12       1.233691286462e-14       5.671863018481e-15       6.290834427874e-16       2.538843124961e-16 
 1005       1.418866560691e-10       5.628991017339e-12      -4.118280002996e-12       1.233444315850e-14       5.650272450378e-15       6.149399208198e-16       2.530843453945e-16 
 1006       1.416813786393e-10       5.617435676054e-12      -4.291989981295e-12       1.233211319639e-14       5.628781797516e-15       6.009123981238e-16       2.522667388753e-16 
 1007       1.414933111468e-10       5.605134444356e-12      -4.464306433984e-12       1.232992467475e-14       5.607390280056e-15       5.870019931017e-16       2.514323802798e-16 
 1008       1.413223472420e-10       5.592089009488e-12      -4.635144930133e-12       1.232787929686e-14       5.586097105711e-15       5.732098275114e-16       2.505821645197e-16 
 1009       1.411683790852e-10       5.578301096792e-12      -4.804420433997e-12       1.232597877283e-14       5.564901469709e-15       5.595370264690e-16       2.497169940973e-16 
 1010       1.410312973421e-10       5.563772469826e-12      -4.972047303579e-12       1.232422481966e-14       5.543802554756e-15       5.459847184524e-16       2.488377791240e-16 
 1011       1.409109703402e-10       5.548506267907e-12      -5.137947996722e-12       1.232261870809e-14       5.522799624230e-15       5.325540546960e-16       2.479452791990e-16 
 1012       1.408071812167e-10       5.532511039692e-12      -5.302079330067e-12       1.232115989632e-14       5.501892303321e-15       5.192462676754e-16       2.470396265045e-16 
 1013       1.407196898541e-10       5.515796768105e-12      -5.464406596642e-12       1.231984737660e-14       5.481080301877e-15       5.060626134739e-16       2.461207958578e-16 
 1014       1.406482536305e-10       5.498373538458e-12      -5.624894892314e-12       1.231868012647e-14       5.460363321516e-15       4.930043524732e-16       2.451887622282e-16 
 1015       1.405926274132e-10       5.480251538718e-12      -5.783509115369e-12       1.231765710878e-14       5.439741055603e-15       4.800727493581e-16       2.442435007374e-16 
 1016       1.405525635516e-10       5.461441059785e-12      -5.940213966100e-12       1.231677727155e-14       5.419213189217e-15       4.672690731226e-16       2.432849866601e-16 
 1017       1.405278118705e-10       5.441952495757e-12      -6.094973946383e-12       1.231603954801e-14       5.398779399129e-15       4.545945970749e-16       2.423131954245e-16 
 1018       1.405181196639e-10       5.421796344202e-12      -6.247753359268e-12       1.231544285653e-14       5.378439353776e-15       4.420505988432e-16       2.413281026133e-16 
 1019       1.405232316877e-10       5.400983206433e-12      -6.398516308556e-12       1.231498610055e-14       5.358192713231e-15       4.296383603806e-16       2.403296839640e-16 
 1020       1.405428901537e-10       5.379523787771e-12      -6.547226698387e-12       1.231466816857e-14       5.338039129181e-15       4.173591679712e-16       2.393179153694e-16 
 1021       1.405768347221e-10       5.357428897823e-12      -6.693848232816e-12       1.231448793412e-14       5.317978244898e-15       4.052143122349e-16       2.382927728786e-16 
 1022       1.406248024956e-10       5.334709450748e-12      -6.838344415406e-12       1.231444425567e-14       5.298009695211e-15       3.932050881331e-16       2.372542326971e-16 
 1023       1.406865280119e-10       5.311376465531e-12      -6.980678548801e-12       1.231453597660e-14       5.278133106484e-15       3.813327949742e-16       2.362022711881e-16 
 1024       1.407617432379e-10       5.287441066253e-12      -7.120813734315e-12       1.231476192522e-14       5.258348096586e-15       3.695987364189e-16       2.351368648725e-16 
 1025       1.408501775624e-10       5.262914482358e-12      -7.258712871516e-12       1.231512091463e-14       5.238654274867e-15       3.580042204857e-16       2.340579904295e-16 
 1026       1.409515577894e-10       5.237808048931e-12      -7.394338657803e-12       1.231561174273e-14       5.219051242130e-15       3.465505595561e-16       2.329656246978e-16 
 1027       1.410656081318e-10       5.212133206963e-12      -7.527653587995e-12       1.231623319220e-14       5.199538590604e-15       3.352390703805e-16       2.318597446757e-16 
 1028       1.411920502044e-10       5.185901503623e-12      -7.658619953912e-12       1.231698403041e-14       5.180115903922e-15       3.240710740830e-16       2.307403275218e-16 
 1029       1.413306030174e-10       5.159124592530e-12      -7.787199843958e-12       1.231786300938e-14       5.160782757087e-15       3.130478961674e-16       2.296073505557e-16 
 1030       1.414809829694e-10       5.131814234023e-12      -7.913355142702e-12       1.231886886579e-14       5.141538716453e-15       3.021708665223e-16       2.284607912585e-16 
 1031       1.416429038412e-10       5.103982295434e-12      -8.037047530465e-12       1.232000032086e-14       5.122383339694e-15       2.914413194266e-16       2.273006272735e-16 
 1032       1.418160767887e-10       5.075640751353e-12      -8.158238482901e-12       1.232125608038e-14       5.103316175782e-15       2.808605935550e-16       2.261268364070e-16 
 1033       1.420002103363e-10       5.046801683905e-12      -8.276889270579e-12       1.232263483463e-14       5.084336764953e-15       2.704300319832e-16       2.249393966284e-16 
 1034       1.421950103703e-10       5.017477283019e-12      -8.392960958569e-12       1.232413525832e-14       5.065444638690e-15       2.601509821935e-16       2.237382860713e-16 
 1035       1.424001801322e-10       4.987679846695e-12      -8.506414406023e-12       1.232575601060e-14       5.046639319689e-15       2.500247960805e-16       2.225234830337e-16 
 1036       1.426154202120e-10       4.957421781281e-12      -8.617210265756e-12       1.232749573495e-14       5.027920321837e-15       2.400528299557e-16       2.212949659791e-16 
 1037       1.428404285414e-10       4.926715601739e-12      -8.725308983834e-12       1.232935305922e-14       5.009287150185e-15       2.302364445540e-16       2.200527135367e-16 
 1038       1.430749003872e-10       4.895573931919e-12      -8.830670799154e-12       1.233132659550e-14       4.990739300918e-15       2.205770050382e-16       2.187967045020e-16 
 1039       1.433185283447e-10       4.864009504827e-12      -8.933255743028e-12       1.233341494015e-14       4.972276261335e-15       2.110758810049e-16       2.175269178380e-16 
 1040       1.435710023309e-10       4.832035162896e-12      -9.033023638764e-12       1.233561667370e-14       4.953897509817e-15       2.017344464899e-16       2.162433326748e-16 
 1041       1.438320095778e-10       4.799663858260e-12      -9.129934101251e-12       1.233793036084e-14       4.935602515803e-15       1.925540799734e-16       2.149459283112e-16 
 1042       1.441012346257e-10       4.766908653023e-12      -9.223946536544e-12       1.234035455038e-14       4.917390739763e-15       1.835361643857e-16       2.136346842147e-16 
 1043       1.443783593167e-10       4.733782719526e-12      -9.315020141443e-12       1.234288777520e-14       4.899261633173e-15       1.746820871126e-16       2.123095800223e-16 
 1044       1.446630627877e-10       4.700299340626e-12      -9.403113903078e-12       1.234552855219e-14       4.881214638487e-15       1.659932400004e-16       2.109705955412e-16 
 1045       1.449550214640e-10       4.666471909957e-12      -9.488186598491e-12       1.234827538223e-14       4.863249189110e-15       1.574710193619e-16       2.096177107492e-16 
 1046       1.452539090523e-10       4.632313932209e-12      -9.570196794223e-12       1.235112675013e-14       4.845364709375e-15       1.491168259816e-16       2.082509057954e-16 
 1047       1.455593965345e-10       4.597839023396e-12      -9.649102845891e-12       1.235408112461e-14       4.827560614513e-15       1.409320651209e-16       2.068701610011e-16 
 1048       1.458711521604e-10       4.563060911123e-12      -9.724862897776e-12       1.235713695825e-14       4.809836310627e-15       1.329181465238e-16       2.054754568598e-16 
 1049       1.461888414416e-10       4.527993434864e-12      -9.797434882403e-12       1.236029268741e-14       4.792191194668e-15       1.250764844223e-16       2.040667740384e-16 
 1050       1.465121271442e-10       4.492650546226e-12      -9.866776520127e-12       1.236354673225e-14       4.774624654408e-15       1.174084975417e-16       2.026440933774e-16 
 1051       1.468406848745e-10       4.457046057684e-12      -9.932854331062e-12       1.236689733539e-14       4.757136132560e-15       1.099150471582e-16       2.012074386202e-16 
 1052       1.471742500849e-10       4.421192884392e-12      -9.995670808921e-12       1.237034207572e-14       4.739725320174e-15       1.025947427048e-16       1.997570052498e-16 
 1053       1.475125717079e-10       4.385103792368e-12      -1.005523762408e-11       1.237387834775e-14       4.722391965879e-15       9.544561262297e-17       1.982930334439e-16 
 1054       1.478553966184e-10       4.348791649326e-12      -1.011156664606e-11       1.237750352222e-14       4.705135811959e-15       8.846566411914e-17       1.968157655147e-16 
 1055       1.482024696291e-10       4.312269424913e-12      -1.016466994405e-11       1.238121494599e-14       4.687956594331e-15       8.165288310927e-17       1.953254459134e-16 
 1056       1.485535334849e-10       4.275550190957e-12      -1.021455978752e-11       1.238500994203e-14       4.670854042529e-15       7.500523416328e-17       1.938223212362e-16 
 1057       1.489083288585e-10       4.238647121708e-12      -1.026124864673e-11       1.238888580934e-14       4.653827879681e-15       6.852066044942e-17       1.923066402288e-16 
 1058       1.492665943451e-10       4.201573494085e-12      -1.030474919333e-11       1.239283982286e-14       4.636877822493e-15       6.219708367878e-17       1.907786537924e-16 
 1059       1.496280664573e-10       4.164342687915e-12      -1.034507430092e-11       1.239686923347e-14       4.620003581227e-15       5.603240404970e-17       1.892386149884e-16 
 1060       1.499924796204e-10       4.126968186180e-12      -1.038223704556e-11       1.240097126788e-14       4.603204859683e-15       5.002450019216e-17       1.876867790438e-16 
 1061       1.503595661671e-10       4.089463575258e-12      -1.041625070641e-11       1.240514312859e-14       4.586481355179e-15       4.417122911228e-17       1.861234033564e-16 
 1062       1.507290563329e-10       4.051842545169e-12      -1.044712876622e-11       1.240938199383e-14       4.569832758531e-15       3.847042613671e-17       1.845487475003e-16 
 1063       1.511006782506e-10       4.014118889816e-12      -1.047488491194e-11       1.241368501749e-14       4.553258754036e-15       3.291990485710e-17       1.829630732309e-16 
 1064       1.514741579458e-10       3.976306507231e-12      -1.049953303527e-11       1.241804932907e-14       4.536759019449e-15       2.751745707450e-17       1.813666444902e-16 
 1065       1.518492193313e-10       3.938419399816e-12      -1.052108723318e-11       1.242247203362e-14       4.520333225967e-15       2.226085274380e-17       1.797597274120e-16 
 1066       1.522255842029e-10       3.900471674587e-12      -1.053956180854e-11       1.242695021166e-14       4.503981038206e-15       1.714783991820e-17       1.781425903273e-16 
 1067       1.526029722336e-10       3.862477543420e-12      -1.055497127064e-11       1.243148091916e-14       4.487702114186e-15       1.217614469358e-17       1.765155037694e-16 
 1068       1.529811009692e-10       3.824451323291e-12      -1.056733033574e-11       1.243606118743e-14       4.471496105307e-15       7.343471153015e-18       1.748787404791e-16 
 1069       1.533596858231e-10       3.786407436522e-12      -1.057665392767e-11       1.244068802310e-14       4.455362656334e-15       2.647501311137e-18       1.732325754103e-16 
 1070       1.537384400710e-10       3.748360411023e-12      -1.058295717837e-11       1.244535840805e-14       4.439301405372e-15      -1.914104941389e-18       1.715772857348e-16 
 1071       1.541170748464e-10       3.710324880536e-12      -1.058625542842e-11       1.245006929932e-14       4.423311983853e-15      -6.343709893445e-18       1.699131508478e-16 
 1072       1.544952991354e-10       3.672315584879e-12      -1.058656422768e-11       1.245481762910e-14       4.407394016513e-15      -1.064369806902e-17       1.682404523730e-16 
 1073       1.548728197716e-10       3.634347370189e-12      -1.058389933576e-11       1.245960030464e-14       4.391547121371e-15      -1.481647628279e-17       1.665594741682e-16 
 1074       1.552493414312e-10       3.596435189164e-12      -1.057827672266e-11       1.246441420817e-14       4.375770909713e-15      -1.886447369565e-17       1.648705023299e-16 
 1075       1.556245666280e-10       3.558594101311e-12      -1.056971256928e-11       1.246925619689e-14       4.360064986071e-15      -2.279014187031e-17       1.631738251993e-16 
 1076       1.559981957084e-10       3.520839273184e-12      -1.055822326799e-11       1.247412310287e-14       4.344428948205e-15      -2.659595482687e-17       1.614697333669e-16 
 1077       1.563699268464e-10       3.483185978631e-12      -1.054382542322e-11       1.247901173301e-14       4.328862387080e-15      -3.028440909835e-17       1.597585196781e-16 
 1078       1.567394560385e-10       3.445649599035e-12      -1.052653585198e-11       1.248391886897e-14       4.313364886850e-15      -3.385802378627e-17       1.580404792385e-16 
 1079       1.571064770990e-10       3.408245623561e-12      -1.050637158445e-11       1.248884126711e-14       4.297936024837e-15      -3.731934061622e-17       1.563159094189e-16 
 1080       1.574706816547e-10       3.370989649396e-12      -1.048334986454e-11       1.249377565844e-14       4.282575371514e-15      -4.067092399344e-17       1.545851098607e-16 
 1081       1.578317591399e-10       3.333897381996e-12      -1.045748815042e-11       1.249871874853e-14       4.267282490481e-15      -4.391536105834e-17       1.528483824812e-16 
 1082       1.581893967916e-10       3.296984635324e-12      -1.042880411513e-11       1.250366721750e-14       4.252056938449e-15      -4.705526174213e-17       1.511060314784e-16 
 1083       1.585432796446e-10       3.260267332099e-12      -1.039731564711e-11       1.250861771991e-14       4.236898265221e-15      -5.009325882233e-17       1.493583633372e-16 
 1084       1.588930905260e-10       3.223761504038e-12      -1.036304085075e-11       1.251356688474e-14       4.221806013670e-15      -5.303200797835e-17       1.476056868335e-16 
 1085       1.592385100507e-10       3.187483292097e-12      -1.032599804699e-11       1.251851131530e-14       4.206779719721e-15      -5.587418784707e-17       1.458483130403e-16 
 1086       1.595792166161e-10       3.151448946718e-12      -1.028620577385e-11       1.252344758917e-14       4.191818912331e-15      -5.862250007841e-17       1.440865553327e-16 
 1087       1.599148863975e-10       3.115674828070e-12      -1.024368278700e-11       1.252837225817e-14       4.176923113473e-15      -6.127966939086e-17       1.423207293928e-16 
 1088       1.602451933424e-10       3.080177406293e-12      -1.019844806032e-11       1.253328184827e-14       4.162091838109e-15      -6.384844362707e-17       1.405511532155e-16 
 1089       1.605698091663e-10       3.044973261742e-12      -1.015052078648e-11       1.253817285955e-14       4.147324594179e-15      -6.633159380945e-17       1.387781471135e-16 
 1090       1.608884033472e-10       3.010079085232e-12      -1.009992037745e-11       1.254304176611e-14       4.132620882576e-15      -6.873191419564e-17       1.370020337224e-16 
 1091       1.612006800915e-10       2.975510112726e-12      -1.004667054330e-11       1.254788521825e-14       4.117980252119e-15      -7.105186595959e-17       1.352231117443e-16 
 1092       1.615064897836e-10       2.941275405972e-12      -9.990811586976e-12       1.255270065201e-14       4.103402465308e-15      -7.329250289682e-17       1.334415767824e-16 
 1093       1.618057190193e-10       2.907382509145e-12      -9.932388275266e-12       1.255748568764e-14       4.088887334749e-15      -7.545453144152e-17       1.316575994565e-16 
 1094       1.620982537686e-10       2.873839008752e-12      -9.871445776541e-12       1.256223792814e-14       4.074434668353e-15      -7.753866575601e-17       1.298713515712e-16 
 1095       1.623839793747e-10       2.840652533720e-12      -9.808029661720e-12       1.256695495918e-14       4.060044269322e-15      -7.954562775040e-17       1.280830061188e-16 
 1096       1.626627805528e-10       2.807830755482e-12      -9.742185905246e-12       1.257163434907e-14       4.045715936133e-15      -8.147614710224e-17       1.262927372815e-16 
 1097       1.629345413886e-10       2.775381388058e-12      -9.673960886054e-12       1.257627364872e-14       4.031449462526e-15      -8.333096127623e-17       1.245007204344e-16 
 1098       1.631991453372e-10       2.743312188147e-12      -9.603401388547e-12       1.258087039162e-14       4.017244637490e-15      -8.511081554388e-17       1.227071321477e-16 
 1099       1.634564752218e-10       2.711630955208e-12      -9.530554603566e-12       1.258542209378e-14       4.003101245248e-15      -8.681646300314e-17       1.209121501897e-16 
 1100       1.637064132323e-10       2.680345531551e-12      -9.455468129362e-12       1.258992625369e-14       3.989019065244e-15      -8.844866459814e-17       1.191159535291e-16 
 1101       1.639488409243e-10       2.649463802415e-12      -9.378189972568e-12       1.259438035229e-14       3.974997872130e-15      -9.000818913880e-17       1.173187223377e-16 
 1102       1.641836392174e-10       2.618993696061e-12      -9.298768549171e-12       1.259878185291e-14       3.961037435750e-15      -9.149581332051e-17       1.155206379932e-16 
 1103       1.644106883943e-10       2.588943183856e-12      -9.217252685484e-12       1.260312820126e-14       3.947137521127e-15      -9.291232174384e-17       1.137218830813e-16 
 1104       1.646298680996e-10       2.559320280356e-12      -9.133691619120e-12       1.260741682537e-14       3.933297888451e-15      -9.425850693416e-17       1.119226413990e-16 
 1105       1.648410573380e-10       2.530133043395e-12      -9.048134999960e-12       1.261164513556e-14       3.919518293061e-15      -9.553516936134e-17       1.101230979565e-16 
 1106       1.650441344736e-10       2.501389574169e-12      -8.960632891128e-12       1.261581052438e-14       3.905798485436e-15      -9.674311745941e-17       1.083234389802e-16 
 1107       1.652389772282e-10       2.473098017322e-12      -8.871235769962e-12       1.261991036661e-14       3.892138211176e-15      -9.788316764623e-17       1.065238519154e-16 
 1108       1.654254626804e-10       2.445266561034e-12      -8.779994528986e-12       1.262394201916e-14       3.878537210994e-15      -9.895614434316e-17       1.047245254286e-16 
 1109       1.656034672639e-10       2.417903437102e-12      -8.686960476881e-12       1.262790282111e-14       3.864995220695e-15      -9.996287999474e-17       1.029256494102e-16 
 1110       1.657728667668e-10       2.391016921031e-12      -8.592185339459e-12       1.263179009359e-14       3.851511971170e-15      -1.009042150883e-16       1.011274149771e-16 
 1111       1.659335363297e-10       2.364615332118e-12      -8.495721260635e-12       1.263560113978e-14       3.838087188374e-15      -1.017809981739e-16       9.933001447555e-17 
 1112       1.660853504449e-10       2.338707033535e-12      -8.397620803396e-12       1.263933324489e-14       3.824720593321e-15      -1.025940858833e-16       9.753364148328e-17 
 1113       1.662281829547e-10       2.313300432418e-12      -8.297936950776e-12       1.264298367607e-14       3.811411902061e-15      -1.033443429507e-16       9.573849081251e-17 
 1114       1.663619070507e-10       2.288403979954e-12      -8.196723106825e-12       1.264654968240e-14       3.798160825672e-15      -1.040326422314e-16       9.394475851236e-17 
 1115       1.664863952720e-10       2.264026171463e-12      -8.094033097586e-12       1.265002849487e-14       3.784967070245e-15      -1.046598647221e-16       9.215264187149e-17 
 1116       1.666015195040e-10       2.240175546484e-12      -7.989921172062e-12       1.265341732627e-14       3.771830336870e-15      -1.052268995802e-16       9.036233942072e-17 
 1117       1.667071509777e-10       2.216860688865e-12      -7.884442003189e-12       1.265671337125e-14       3.758750321620e-15      -1.057346441438e-16       8.857405093560e-17 
 1118       1.668031602674e-10       2.194090226846e-12      -7.777650688809e-12       1.265991380619e-14       3.745726715541e-15      -1.061840039512e-16       8.678797743904e-17 
 1119       1.668894172905e-10       2.171872833143e-12      -7.669602752645e-12       1.266301578921e-14       3.732759204634e-15      -1.065758927603e-16       8.500432120390e-17 
 1120       1.669657913055e-10       2.150217225037e-12      -7.560354145264e-12       1.266601646011e-14       3.719847469845e-15      -1.069112325688e-16       8.322328575558e-17 
 1121       1.670321509109e-10       2.129132164459e-12      -7.449961245060e-12       1.266891294035e-14       3.706991187048e-15      -1.071909536337e-16       8.144507587466e-17 
 1122       1.670883640441e-10       2.108626458074e-12      -7.338480859217e-12       1.267170233298e-14       3.694190027033e-15      -1.074159944905e-16       7.966989759946e-17 
 1123       1.671342979800e-10       2.088708957369e-12      -7.225970224686e-12       1.267438172262e-14       3.681443655491e-15      -1.075873019736e-16       7.789795822865e-17 
 1124       1.671698193298e-10       2.069388558738e-12      -7.112487009157e-12       1.267694817543e-14       3.668751733000e-15      -1.077058312356e-16       7.612946632389e-17 
 1125       1.671947940394e-10       2.050674203568e-12      -6.998089312027e-12       1.267939873906e-14       3.656113915013e-15      -1.077725457667e-16       7.436463171238e-17 
 1126       1.672090873888e-10       2.032574878323e-12      -6.882835665375e-12       1.268173044257e-14       3.643529851843e-15      -1.077884174149e-16       7.260366548949e-17 
 1127       1.672125639901e-10       2.015099614633e-12      -6.766785034936e-12       1.268394029649e-14       3.630999188647e-15      -1.077544264055e-16       7.084678002137e-17 
 1128       1.672050877866e-10       1.998257489378e-12      -6.649996821067e-12       1.268602529265e-14       3.618521565415e-15      -1.076715613604e-16       6.909418894752e-17 
 1129       1.671865220516e-10       1.982057624772e-12      -6.532530859724e-12       1.268798240426e-14       3.606096616955e-15      -1.075408193185e-16       6.734610718343e-17 
 1130       1.671567293869e-10       1.966509188453e-12      -6.414447423434e-12       1.268980858579e-14       3.593723972881e-15      -1.073632057544e-16       6.560275092315e-17 
 1131       1.671156055361e-10       1.951619565293e-12      -6.295804697433e-12       1.269150117881e-14       3.581403293628e-15      -1.071393956857e-16       6.386429327916e-17 
 1132       1.670631813050e-10       1.937388846803e-12      -6.176651170430e-12       1.269305913515e-14       3.569134379055e-15      -1.068687121568e-16       6.213073056921e-17 
 1133       1.669995219557e-10       1.923815270696e-12      -6.057033147459e-12       1.269448180948e-14       3.556917061217e-15      -1.065501345947e-16       6.040201430691e-17 
 1134       1.669246935132e-10       1.910897042619e-12      -5.936997266525e-12       1.269576855484e-14       3.544751168455e-15      -1.061826365133e-16       5.867809540628e-17 
 1135       1.668387627676e-10       1.898632336065e-12      -5.816590499340e-12       1.269691872270e-14       3.532636525382e-15      -1.057651855013e-16       5.695892418018e-17 
 1136       1.667417972757e-10       1.887019292289e-12      -5.695860152056e-12       1.269793166293e-14       3.520572952869e-15      -1.052967432101e-16       5.524445033874e-17 
 1137       1.666338653631e-10       1.876056020221e-12      -5.574853866005e-12       1.269880672379e-14       3.508560268043e-15      -1.047762653413e-16       5.353462298781e-17 
 1138       1.665150361259e-10       1.865740596382e-12      -5.453619618431e-12       1.269954325193e-14       3.496598284268e-15      -1.042027016355e-16       5.182939062743e-17 
 1139       1.663853794328e-10       1.856071064797e-12      -5.332205723225e-12       1.270014059243e-14       3.484686811141e-15      -1.035749958593e-16       5.012870115021e-17 
 1140       1.662449659271e-10       1.847045436912e-12      -5.210660831662e-12       1.270059808872e-14       3.472825654476e-15      -1.028920857938e-16       4.843250183986e-17 
 1141       1.660938670280e-10       1.838661691504e-12      -5.089033933136e-12       1.270091508265e-14       3.461014616299e-15      -1.021529032220e-16       4.674073936957e-17 
 1142       1.659321549334e-10       1.830917774600e-12      -4.967374355894e-12       1.270109091446e-14       3.449253494831e-15      -1.013563739173e-16       4.505335980047e-17 
 1143       1.657599026208e-10       1.823811599389e-12      -4.845731767774e-12       1.270112492277e-14       3.437542084485e-15      -1.005014176309e-16       4.337030858007e-17 
 1144       1.655771838501e-10       1.817341046136e-12      -4.724156176936e-12       1.270101644460e-14       3.425880175849e-15      -9.958694808002e-17       4.169153054074e-17 
 1145       1.653840731649e-10       1.811503962098e-12      -4.602697932603e-12       1.270076481533e-14       3.414267555678e-15      -9.861187293550e-17       4.001696989810e-17 
 1146       1.651806458947e-10       1.806298161438e-12      -4.481407725792e-12       1.270036936874e-14       3.402704006886e-15      -9.757509381003e-17       3.834657024949e-17 
 1147       1.649669781565e-10       1.801721425139e-12      -4.360336590049e-12       1.269982943701e-14       3.391189308531e-15      -9.647550624587e-17       3.668027457243e-17 
 1148       1.647431468572e-10       1.797771500919e-12      -4.239535902189e-12       1.269914435066e-14       3.379723235807e-15      -9.531199970277e-17       3.501802522303e-17 
 1149       1.645092296948e-10       1.794446103144e-12      -4.119057383025e-12       1.269831343862e-14       3.368305560033e-15      -9.408345754591e-17       3.335976393446e-17 
 1150       1.642653051610e-10       1.791742912745e-12      -3.998953098110e-12       1.269733602818e-14       3.356936048643e-15      -9.278875703380e-17       3.170543181539e-17 
 1151       1.640114525426e-10       1.789659577130e-12      -3.879275458466e-12       1.269621144500e-14       3.345614465175e-15      -9.142676930614e-17       3.005496934841e-17 
 1152       1.637477519236e-10       1.788193710100e-12      -3.760077221323e-12       1.269493901313e-14       3.334340569260e-15      -8.999635937178e-17       2.840831638852e-17 
 1153       1.634742841871e-10       1.787342891761e-12      -3.641411490856e-12       1.269351805497e-14       3.323114116612e-15      -8.849638609660e-17       2.676541216152e-17 
 1154       1.631911310171e-10       1.787104668444e-12      -3.523331718913e-12       1.269194789131e-14       3.311934859018e-15      -8.692570219140e-17       2.512619526250e-17 
 1155       1.628983749006e-10       1.787476552612e-12      -3.405891705760e-12       1.269022784129e-14       3.300802544328e-15      -8.528315419984e-17       2.349060365426e-17 
 1156       1.625960991291e-10       1.788456022779e-12      -3.289145600809e-12       1.268835722243e-14       3.289716916440e-15      -8.356758248631e-17       2.185857466575e-17 
 1157       1.622843878010e-10       1.790040523426e-12      -3.173147903356e-12       1.268633535058e-14       3.278677715298e-15      -8.177782122384e-17       2.023004499054e-17 
 1158       1.619633258231e-10       1.792227464910e-12      -3.057953463318e-12       1.268416154000e-14       3.267684676872e-15      -7.991269838203e-17       1.860495068523e-17 
 1159       1.616329989128e-10       1.795014223383e-12      -2.943617481963e-12       1.268183510326e-14       3.256737533154e-15      -7.797103571492e-17       1.698322716792e-17 
 1160       1.612934935996e-10       1.798398140704e-12      -2.830195512652e-12       1.267935535134e-14       3.245836012146e-15      -7.595164874891e-17       1.536480921664e-17 
 1161       1.609448972274e-10       1.802376524356e-12      -2.717743461569e-12       1.267672159352e-14       3.234979837847e-15      -7.385334677068e-17       1.374963096782e-17 
 1162       1.605872979561e-10       1.806946647356e-12      -2.606317588461e-12       1.267393313747e-14       3.224168730246e-15      -7.167493281506e-17       1.213762591467e-17 
 1163       1.602207847639e-10       1.812105748176e-12      -2.495974507369e-12       1.267098928921e-14       3.213402405310e-15      -6.941520365295e-17       1.052872690570e-17 
 1164       1.598454474486e-10       1.817851030650e-12      -2.386771187365e-12       1.266788935309e-14       3.202680574973e-15      -6.707294977924e-17       8.922866143125e-18 
 1165       1.594613766300e-10       1.824179663894e-12      -2.278764953287e-12       1.266463263183e-14       3.192002947126e-15      -6.464695540069e-17       7.319975181311e-18 
 1166       1.590686637516e-10       1.831088782218e-12      -2.172013486477e-12       1.266121842648e-14       3.181369225605e-15      -6.213599842385e-17       5.719984925224e-18 
 1167       1.586674010824e-10       1.838575485041e-12      -2.066574825512e-12       1.265764603644e-14       3.170779110184e-15      -5.953885044295e-17       4.122825628870e-18 
 1168       1.582576817190e-10       1.846636836805e-12      -1.962507366942e-12       1.265391475947e-14       3.160232296562e-15      -5.685427672781e-17       2.528426893745e-18 
 1169       1.578395995875e-10       1.855269866891e-12      -1.859869866026e-12       1.265002389164e-14       3.149728476351e-15      -5.408103621177e-17       9.367176672744e-19 
 1170       1.574132494451e-10       1.864471569531e-12      -1.758721437463e-12       1.264597272738e-14       3.139267337070e-15      -5.121788147953e-17      -6.523737587429e-19 
 1171       1.569787391561e-10       1.874237918895e-12      -1.659114846805e-12       1.264176090031e-14       3.128848594553e-15      -4.826416743559e-17      -2.238831497496e-18 
 1172       1.565362266825e-10       1.884560901051e-12      -1.561076291530e-12       1.263738941041e-14       3.118472090653e-15      -4.522168565016e-17      -3.822286106304e-18 
 1173       1.560858835591e-10       1.895431444792e-12      -1.464625369069e-12       1.263285960970e-14       3.108137696739e-15      -4.209285288400e-17      -5.402277231064e-18 
 1174       1.556278826640e-10       1.906840402930e-12      -1.369781763399e-12       1.262817286254e-14       3.097845281374e-15      -3.888010452555e-17      -6.978341551208e-18 
 1175       1.551623982215e-10       1.918778552126e-12      -1.276565245189e-12       1.262333054564e-14       3.087594710309e-15      -3.558589463210e-17      -8.550012773543e-18 
 1176       1.546896058058e-10       1.931236592720e-12      -1.184995671947e-12       1.261833404813e-14       3.077385846476e-15      -3.221269597089e-17      -1.011682162609e-17 
 1177       1.542096823432e-10       1.944205148555e-12      -1.095092988175e-12       1.261318477157e-14       3.067218549978e-15      -2.876300006024e-17      -1.167829585193e-17 
 1178       1.537228061155e-10       1.957674766809e-12      -1.006877225508e-12       1.260788412996e-14       3.057092678085e-15      -2.523931721069e-17      -1.323396020302e-17 
 1179       1.532291567627e-10       1.971635917823e-12      -9.203685028718e-13       1.260243354980e-14       3.047008085220e-15      -2.164417656610e-17      -1.478333643408e-17 
 1180       1.527289152863e-10       1.986078994928e-12      -8.355870266260e-13       1.259683447010e-14       3.036964622959e-15      -1.798012614482e-17      -1.632594329637e-17 
 1181       1.522222640520e-10       2.000994314274e-12      -7.525530907155e-13       1.259108834242e-14       3.026962140017e-15      -1.424973288074e-17      -1.786129653158e-17 
 1182       1.517093867927e-10       2.016372114659e-12      -6.712870768177e-13       1.258519663086e-14       3.017000482244e-15      -1.045558266450e-17      -1.938890886566e-17 
 1183       1.511904686115e-10       2.032202557354e-12      -5.918094544919e-13       1.257916081214e-14       3.007079492618e-15      -6.600280384559e-18      -2.090829000262e-17 
 1184       1.506656959849e-10       2.048475725937e-12      -5.141407813279e-13       1.257298237561e-14       2.997199011232e-15      -2.686449968340e-18      -2.241894661844e-17 
 1185       1.501352567652e-10       2.065181626117e-12      -4.383017030943e-13       1.256666282325e-14       2.987358875293e-15       1.283265576644e-18      -2.392038235483e-17 
 1186       1.495993401842e-10       2.082310185562e-12      -3.643129538878e-13       1.256020366973e-14       2.977558919109e-15       5.306204121671e-18      -2.541209781314e-17 
 1187       1.490581368556e-10       2.099851253733e-12      -2.921953562812e-13       1.255360644244e-14       2.967798974085e-15       9.379684375677e-18      -2.689359054816e-17 
 1188       1.485118387781e-10       2.117794601703e-12      -2.219698214725e-13       1.254687268149e-14       2.958078868713e-15       1.350100584414e-17      -2.836435506197e-17 
 1189       1.479606393386e-10       2.136129921995e-12      -1.536573494337e-13       1.254000393977e-14       2.948398428567e-15       1.766744878793e-17      -2.982388279776e-17 
 1190       1.474047333148e-10       2.154846828402e-12      -8.727902905897e-14       1.253300178295e-14       2.938757476291e-15       2.187627418224e-17      -3.127166213372e-17 
 1191       1.468443168787e-10       2.173934855823e-12      -2.285603831376e-14       1.252586778952e-14       2.929155831595e-15       2.612472367538e-17      -3.270717837682e-17 
 1192       1.462795875989e-10       2.193383460085e-12       3.959035561668e-14       1.251860355083e-14       2.919593311247e-15       3.041001954773e-17      -3.412991375669e-17 
 1193       1.457107444440e-10       2.213182017775e-12       1.000387961786e-13       1.251121067109e-14       2.910069729063e-15       3.472936467054e-17      -3.553934741943e-17 
 1194       1.451379877857e-10       2.233319826065e-12       1.584678373011e-13       1.250369076743e-14       2.900584895902e-15       3.907994246489e-17      -3.693495542149e-17 
 1195       1.445615194013e-10       2.253786102546e-12       2.148559432474e-13       1.249604546990e-14       2.891138619656e-15       4.345891686049e-17      -3.831621072347e-17 
 1196       1.439815424771e-10       2.274569985050e-12       2.691814884662e-13       1.248827642152e-14       2.881730705246e-15       4.786343225457e-17      -3.968258318397e-17 
 1197       1.433982616109e-10       2.295660531483e-12       3.214227574430e-13       1.248038527829e-14       2.872360954608e-15       5.229061347081e-17      -4.103353955345e-17 
 1198       1.428118828155e-10       2.317046719649e-12       3.715579445514e-13       1.247237370923e-14       2.863029166692e-15       5.673756571812e-17      -4.236854346804e-17 
 1199       1.422226135215e-10       2.338717447083e-12       4.195651539044e-13       1.246424339641e-14       2.853735137451e-15       6.120137454961e-17      -4.368705544340e-17 
 1200       1.416306625799e-10       2.360661530878e-12       4.654223992058e-13       1.245599603495e-14       2.844478659833e-15       6.567910582140e-17      -4.498853286854e-17 
 1201       1.410362402657e-10       2.382867707509e-12       5.091076036014e-13       1.244763333310e-14       2.835259523774e-15       7.016780565151e-17      -4.627242999969e-17 
 1202       1.404395582803e-10       2.405324632667e-12       5.505985995306e-13       1.243915701221e-14       2.826077516192e-15       7.466450037875e-17      -4.753819795411e-17 
 1203       1.398408297548e-10       2.428020881085e-12       5.898731285772e-13       1.243056880681e-14       2.816932420976e-15       7.916619652158e-17      -4.878528470394e-17 
 1204       1.392402692528e-10       2.450944946367e-12       6.269088413214e-13       1.242187046459e-14       2.807824018981e-15       8.366988073700e-17      -5.001313507005e-17 
 1205       1.386380927735e-10       2.474085240813e-12       6.616832971905e-13       1.241306374648e-14       2.798752088020e-15       8.817251977940e-17      -5.122119071587e-17 
 1206       1.380345177546e-10       2.497430095254e-12       6.941739643105e-13       1.240415042663e-14       2.789716402853e-15       9.267106045945e-17      -5.240889014121e-17 
 1207       1.374297630753e-10       2.520967758874e-12       7.243582193576e-13       1.239513229245e-14       2.780716735186e-15       9.716242960297e-17      -5.357566867613e-17 
 1208       1.368240490593e-10       2.544686399040e-12       7.522133474091e-13       1.238601114467e-14       2.771752853657e-15       1.016435340098e-16      -5.472095847479e-17 
 1209       1.362175974776e-10       2.568574101133e-12       7.777165417952e-13       1.237678879732e-14       2.762824523830e-15       1.061112604127e-16      -5.584418850923e-17 
 1210       1.356106315516e-10       2.592618868374e-12       8.008449039497e-13       1.236746707780e-14       2.753931508190e-15       1.105624754363e-16      -5.694478456328e-17 
 1211       1.350033639088e-10       2.616808970028e-12       8.215818192679e-13       1.235804790326e-14       2.745073589123e-15       1.149944917131e-16      -5.802233099518e-17 
 1212       1.343959602843e-10       2.641133990970e-12       8.399361692157e-13       1.234853351080e-14       2.736250638182e-15       1.194064724741e-16      -5.907705817529e-17 
 1213       1.337885753871e-10       2.665583794446e-12       8.559233508207e-13       1.233892623010e-14       2.727462547642e-15       1.237980438306e-16      -6.010936091965e-17 
 1214       1.331813649096e-10       2.690148174703e-12       8.695589220732e-13       1.232922840735e-14       2.718709207581e-15       1.281688301513e-16      -6.111963726195e-17 
 1215       1.325744855293e-10       2.714816856851e-12       8.808586022987e-13       1.231944240528e-14       2.709990505873e-15       1.325184540596e-16      -6.210828846053e-17 
 1216       1.319680949113e-10       2.739579496711e-12       8.898382725307e-13       1.230957060316e-14       2.701306328182e-15       1.368465364302e-16      -6.307571900547e-17 
 1217       1.313623517099e-10       2.764425680679e-12       8.965139758831e-13       1.229961539690e-14       2.692656557959e-15       1.411526963866e-16      -6.402233662565e-17 
 1218       1.307574155708e-10       2.789344925581e-12       9.009019179231e-13       1.228957919901e-14       2.684041076433e-15       1.454365512975e-16      -6.494855229584e-17 
 1219       1.301534471328e-10       2.814326678527e-12       9.030184670434e-13       1.227946443871e-14       2.675459762604e-15       1.496977167745e-16      -6.585478024373e-17 
 1220       1.295506080302e-10       2.839360316770e-12       9.028801548354e-13       1.226927356189e-14       2.666912493242e-15       1.539358066682e-16      -6.674143795702e-17 
 1221       1.289490608944e-10       2.864435147565e-12       9.005036764612e-13       1.225900903120e-14       2.658399142878e-15       1.581504330660e-16      -6.760894619048e-17 
 1222       1.283489693562e-10       2.889540408022e-12       8.959058910265e-13       1.224867332605e-14       2.649919583800e-15       1.623412062887e-16      -6.845772897300e-17 
 1223       1.277504980474e-10       2.914665264963e-12       8.891038219535e-13       1.223826894266e-14       2.641473686043e-15       1.665077348875e-16      -6.928821361468e-17 
 1224       1.271538126033e-10       2.939798814783e-12       8.801146573529e-13       1.222779839410e-14       2.633061317389e-15       1.706496256410e-16      -7.010083071388e-17 
 1225       1.265590796641e-10       2.964930083302e-12       8.689557503970e-13       1.221726421032e-14       2.624682343359e-15       1.747664835522e-16      -7.089601416429e-17 
 1226       1.259664668775e-10       2.990048025624e-12       8.556446196922e-13       1.220666893815e-14       2.616336627203e-15       1.788579118456e-16      -7.167420116199e-17 
 1227       1.253761429000e-10       3.015141525994e-12       8.401989496515e-13       1.219601514140e-14       2.608024029902e-15       1.829235119641e-16      -7.243583221253e-17 
 1228       1.247882773996e-10       3.040199397655e-12       8.226365908673e-13       1.218530540084e-14       2.599744410155e-15       1.869628835659e-16      -7.318135113798e-17 
 1229       1.242030410572e-10       3.065210382701e-12       8.029755604837e-13       1.217454231426e-14       2.591497624379e-15       1.909756245214e-16      -7.391120508401e-17 
 1230       1.236206055689e-10       3.090163151942e-12       7.812340425696e-13       1.216372849649e-14       2.583283526698e-15       1.949613309108e-16      -7.462584452693e-17 
 1231       1.230411436480e-10       3.115046304752e-12       7.574303884908e-13       1.215286657944e-14       2.575101968941e-15       1.989195970202e-16      -7.532572328079e-17 
 1232       1.224648290266e-10       3.139848368931e-12       7.315831172830e-13       1.214195921214e-14       2.566952800635e-15       2.028500153393e-16      -7.601129850442e-17 
 1233       1.218918364582e-10       3.164557800560e-12       7.037109160243e-13       1.213100906077e-14       2.558835868999e-15       2.067521765578e-16      -7.668303070850e-17 
 1234       1.213223417192e-10       3.189162983859e-12       6.738326402076e-13       1.212001880870e-14       2.550751018938e-15       2.106256695632e-16      -7.734138376263e-17 
 1235       1.207565216110e-10       3.213652231041e-12       6.419673141138e-13       1.210899115650e-14       2.542698093037e-15       2.144700814367e-16      -7.798682490241e-17 
 1236       1.201945539622e-10       3.238013782174e-12       6.081341311835e-13       1.209792882201e-14       2.534676931558e-15       2.182849974513e-16      -7.861982473648e-17 
 1237       1.196366176301e-10       3.262235805032e-12       5.723524543906e-13       1.208683454035e-14       2.526687372428e-15       2.220700010678e-16      -7.924085725358e-17 
 1238       1.190828925033e-10       3.286306394956e-12       5.346418166142e-13       1.207571106395e-14       2.518729251242e-15       2.258246739327e-16      -7.985039982966e-17 
 1239       1.185335595033e-10       3.310213574708e-12       4.950219210116e-13       1.206456116261e-14       2.510802401249e-15       2.295485958743e-16      -8.044893323489e-17 
 1240       1.179888005865e-10       3.333945294330e-12       4.535126413906e-13       1.205338762351e-14       2.502906653350e-15       2.332413449005e-16      -8.103694164077e-17 
 1241       1.174487987462e-10       3.357489431000e-12       4.101340225826e-13       1.204219325126e-14       2.495041836092e-15       2.369024971951e-16      -8.161491262718e-17 
 1242       1.169137380148e-10       3.380833788888e-12       3.649062808147e-13       1.203098086792e-14       2.487207775663e-15       2.405316271152e-16      -8.218333718943e-17 
 1243       1.163838034654e-10       3.403966099014e-12       3.178498040826e-13       1.201975331305e-14       2.479404295883e-15       2.441283071882e-16      -8.274270974535e-17 
 1244       1.158591812142e-10       3.426874019104e-12       2.689851525231e-13       1.200851344373e-14       2.471631218203e-15       2.476921081086e-16      -8.329352814233e-17 
 1245       1.153400584222e-10       3.449545133448e-12       2.183330587870e-13       1.199726413459e-14       2.463888361695e-15       2.512225987349e-16      -8.383629366441e-17 
 1246       1.148266232971e-10       3.471966952754e-12       1.659144284111e-13       1.198600827788e-14       2.456175543047e-15       2.547193460870e-16      -8.437151103934e-17 
 1247       1.143190650959e-10       3.494126914009e-12       1.117503401916e-13       1.197474878345e-14       2.448492576560e-15       2.581819153428e-16      -8.489968844564e-17 
 1248       1.138175741259e-10       3.516012380332e-12       5.586204655611e-14       1.196348857884e-14       2.440839274139e-15       2.616098698352e-16      -8.542133751965e-17 
 1249       1.133223417476e-10       3.537610640834e-12      -1.729026063546e-15       1.195223060925e-14       2.433215445288e-15       2.650027710494e-16      -8.593697336263e-17 
 1250       1.128335603761e-10       3.558908910470e-12      -6.100127685861e-14       1.194097783766e-14       2.425620897106e-15       2.683601786196e-16      -8.644711454781e-17 
 1251       1.123513987410e-10       3.579895655207e-12      -1.219305605605e-13       1.192973304247e-14       2.418055452256e-15       2.716820102823e-16      -8.695214628650e-17 
 1252       1.118759273440e-10       3.600564584738e-12      -1.844830476291e-13       1.191849820811e-14       2.410519003123e-15       2.749696263456e-16      -8.745190816230e-17 
 1253       1.114071921342e-10       3.620910706139e-12      -2.486222798903e-13       1.190727512745e-14       2.403011458279e-15       2.782247578863e-16      -8.794610159334e-17 
 1254       1.109452391713e-10       3.640929002752e-12      -3.143115321245e-13       1.189606560340e-14       2.395532724556e-15       2.814491479684e-16      -8.843442623283e-17 
 1255       1.104901146259e-10       3.660614434145e-12      -3.815138115120e-13       1.188487144899e-14       2.388082707047e-15       2.846445516672e-16      -8.891657996562e-17 
 1256       1.100418647794e-10       3.679961936072e-12      -4.501918570795e-13       1.187369448739e-14       2.380661309095e-15       2.878127360943e-16      -8.939225890478e-17 
 1257       1.096005360243e-10       3.698966420426e-12      -5.203081391453e-13       1.186253655188e-14       2.373268432295e-15       2.909554804216e-16      -8.986115738819e-17 
 1258       1.091661748643e-10       3.717622775206e-12      -5.918248587654e-13       1.185139948592e-14       2.365903976485e-15       2.940745759064e-16      -9.032296797512e-17 
 1259       1.087388279140e-10       3.735925864466e-12      -6.647039471793e-13       1.184028514313e-14       2.358567839741e-15       2.971718259156e-16      -9.077738144278e-17 
 1260       1.083185418995e-10       3.753870528280e-12      -7.389070652558e-13       1.182919538735e-14       2.351259918378e-15       3.002490459506e-16      -9.122408678297e-17 
 1261       1.079053636581e-10       3.771451582696e-12      -8.143956029389e-13       1.181813209261e-14       2.343980106941e-15       3.033080636714e-16      -9.166277119858e-17 
 1262       1.074993401387e-10       3.788663819699e-12      -8.911306786936e-13       1.180709714320e-14       2.336728298201e-15       3.063507189217e-16      -9.209312010024e-17 
 1263       1.071005184016e-10       3.805502007165e-12      -9.690731389517e-13       1.179609243362e-14       2.329504383153e-15       3.093788637530e-16      -9.251481710286e-17 
 1264       1.067089456188e-10       3.821960888821e-12      -1.048183557557e-12       1.178511986870e-14       2.322308251007e-15       3.123943624496e-16      -9.292754402223e-17 
 1265       1.063246690740e-10       3.838035184204e-12      -1.128422235213e-12       1.177418136350e-14       2.315139789190e-15       3.153990915527e-16      -9.333098087159e-17 
 1266       1.059477361627e-10       3.853719588618e-12      -1.209749198927e-12       1.176327884343e-14       2.307998883336e-15       3.183949398853e-16      -9.372480585821e-17 
 1267       1.055781943923e-10       3.869008773095e-12      -1.292124201456e-12       1.175241424422e-14       2.300885417284e-15       3.213838085768e-16      -9.410869537998e-17 
 1268       1.052160913820e-10       3.883897384348e-12      -1.375506720752e-12       1.174158951193e-14       2.293799273074e-15       3.243676110872e-16      -9.448232402202e-17 
 1269       1.048614748633e-10       3.898380044736e-12      -1.459855959411e-12       1.173080660299e-14       2.286740330942e-15       3.273482732320e-16      -9.484536455318e-17 
 1270       1.045143926798e-10       3.912451352217e-12      -1.545130844116e-12       1.172006748423e-14       2.279708469313e-15       3.303277332067e-16      -9.519748792270e-17 
 1271       1.041748927873e-10       3.926105880311e-12      -1.631290025081e-12       1.170937413285e-14       2.272703564803e-15       3.333079416114e-16      -9.553836325677e-17 
 1272       1.038430232540e-10       3.939338178054e-12      -1.718291875502e-12       1.169872853651e-14       2.265725492207e-15       3.362908614750e-16      -9.586765785509e-17 
 1273       1.035188322603e-10       3.952142769957e-12      -1.806094491000e-12       1.168813269328e-14       2.258774124500e-15       3.392784682804e-16      -9.618503718746e-17 
 1274       1.032023680994e-10       3.964514155967e-12      -1.894655689065e-12       1.167758861170e-14       2.251849332831e-15       3.422727499885e-16      -9.649016489039e-17 
 1275       1.028936791770e-10       3.976446811426e-12      -1.983933008506e-12       1.166709831078e-14       2.244950986517e-15       3.452757070631e-16      -9.678270276363e-17 
 1276       1.025928140113e-10       3.987935187023e-12      -2.073883708891e-12       1.165666382003e-14       2.238078953042e-15       3.482893524953e-16      -9.706231076680e-17 
 1277       1.022998212336e-10       3.998973708760e-12      -2.164464770000e-12       1.164628717947e-14       2.231233098048e-15       3.513157118281e-16      -9.732864701595e-17 
 1278       1.020147495878e-10       4.009556777904e-12      -2.255632891267e-12       1.163597043967e-14       2.224413285335e-15       3.543568231812e-16      -9.758136778013e-17 
 1279       1.017376479308e-10       4.019678770952e-12      -2.347344491222e-12       1.162571566173e-14       2.217619376854e-15       3.574147372751e-16      -9.782012747799e-17 
 1280       1.014685652327e-10       4.029334039581e-12      -2.439555706946e-12       1.161552491732e-14       2.210851232703e-15       3.604915174560e-16      -9.804457867436e-17 
 1281       1.012075505766e-10       4.038516910616e-12      -2.532222393509e-12       1.160540028872e-14       2.204108711124e-15       3.635892397202e-16      -9.825437207682e-17 
 1282       1.009546531587e-10       4.047221685978e-12      -2.625300123418e-12       1.159534386880e-14       2.197391668496e-15       3.667099927390e-16      -9.844915653228e-17 
 1283       1.007099222887e-10       4.055442642653e-12      -2.718744186065e-12       1.158535776106e-14       2.190699959333e-15       3.698558778827e-16      -9.862857902360e-17 
 1284       1.004734073897e-10       4.063174032641e-12      -2.812509587169e-12       1.157544407966e-14       2.184033436278e-15       3.730290092457e-16      -9.879228466609e-17 
 1285       1.002451579982e-10       4.070410082920e-12      -2.906551048227e-12       1.156560494939e-14       2.177391950099e-15       3.762315136708e-16      -9.893991670419e-17 
 1286       1.000252237641e-10       4.077144995402e-12      -3.000823005953e-12       1.155584250575e-14       2.170775349686e-15       3.794655307738e-16      -9.907111650797e-17 
 1287       9.981365445143e-11       4.083372946893e-12      -3.095279611732e-12       1.154615889495e-14       2.164183482045e-15       3.827332129680e-16      -9.918552356976e-17 
 1288       9.961049993750e-11       4.089088089051e-12      -3.189874731057e-12       1.153655627388e-14       2.157616192292e-15       3.860367254889e-16      -9.928277550070e-17 
 1289       9.941581021369e-11       4.094284548341e-12      -3.284561942983e-12       1.152703681021e-14       2.151073323653e-15       3.893782464187e-16      -9.936250802737e-17 
 1290       9.922963538525e-11       4.098956425999e-12      -3.379294539566e-12       1.151760268234e-14       2.144554717456e-15       3.927599667109e-16      -9.942435498830e-17 
 1291       9.905200507496e-11       4.103099207400e-12      -3.474027959459e-12       1.150825575574e-14       2.138060228417e-15       3.961831298279e-16      -9.946807570738e-17 
 1292       9.888286637835e-11       4.106714007733e-12      -3.568727119948e-12       1.149899660774e-14       2.131589770698e-15       3.996451387020e-16      -9.949393869935e-17 
 1293       9.872214520600e-11       4.109803374325e-12      -3.663359166849e-12       1.148982549171e-14       2.125143272359e-15       4.031424160603e-16      -9.950234230286e-17 
 1294       9.856976681490e-11       4.112369881648e-12      -3.757891047508e-12       1.148074265981e-14       2.118720660118e-15       4.066713617952e-16      -9.949368770362e-17 
 1295       9.842565580707e-11       4.114416131383e-12      -3.852289510432e-12       1.147174836293e-14       2.112321859344e-15       4.102283529196e-16      -9.946837894017e-17 
 1296       9.828973612817e-11       4.115944752474e-12      -3.946521104900e-12       1.146284285072e-14       2.105946794055e-15       4.138097435227e-16      -9.942682290959e-17 
 1297       9.816193106610e-11       4.116958401191e-12      -4.040552180594e-12       1.145402637160e-14       2.099595386916e-15       4.174118647250e-16      -9.936942937329e-17 
 1298       9.804216324958e-11       4.117459761191e-12      -4.134348887212e-12       1.144529917270e-14       2.093267559232e-15       4.210310246343e-16      -9.929661096273e-17 
 1299       9.793035464681e-11       4.117451543573e-12      -4.227877174093e-12       1.143666149992e-14       2.086963230947e-15       4.246635083007e-16      -9.920878318515e-17 
 1300       9.782642656403e-11       4.116936486942e-12      -4.321102789836e-12       1.142811359789e-14       2.080682320642e-15       4.283055776724e-16      -9.910636442936e-17 
 1301       9.773029964417e-11       4.115917357469e-12      -4.413991281923e-12       1.141965570995e-14       2.074424745530e-15       4.319534715511e-16      -9.898977597145e-17 
 1302       9.764189386540e-11       4.114396948947e-12      -4.506507996338e-12       1.141128807820e-14       2.068190421451e-15       4.356034055472e-16      -9.885944198052e-17 
 1303       9.756112853980e-11       4.112378082853e-12      -4.598618077188e-12       1.140301094344e-14       2.061979262874e-15       4.392515720357e-16      -9.871578952449e-17 
 1304       9.748792231192e-11       4.109863608408e-12      -4.690286466327e-12       1.139482454519e-14       2.055791182886e-15       4.428941401115e-16      -9.855924857578e-17 
 1305       9.742219315740e-11       4.106856402638e-12      -4.781477902972e-12       1.138672912168e-14       2.049626093197e-15       4.465272555447e-16      -9.839025201708e-17 
 1306       9.736385838160e-11       4.103359370429e-12      -4.872156923329e-12       1.137872490987e-14       2.043483904129e-15       4.501470407363e-16      -9.820923564711e-17 
 1307       9.731283461817e-11       4.099375444592e-12      -4.962287860209e-12       1.137081214538e-14       2.037364524621e-15       4.537495946736e-16      -9.801663818633e-17 
 1308       9.726903782767e-11       4.094907585921e-12      -5.051834842653e-12       1.136299106258e-14       2.031267862215e-15       4.573309928855e-16      -9.781290128272e-17 
 1309       9.723238329620e-11       4.089958783252e-12      -5.140761795552e-12       1.135526189451e-14       2.025193823064e-15       4.608872873984e-16      -9.759846951751e-17 
 1310       9.720278563397e-11       4.084532053520e-12      -5.229032439266e-12       1.134762487288e-14       2.019142311921e-15       4.644145066912e-16      -9.737379041092e-17 
 1311       9.718015877393e-11       4.078630441828e-12      -5.316610289246e-12       1.134008022812e-14       2.013113232137e-15       4.679086556509e-16      -9.713931442792e-17 
 1312       9.716441597038e-11       4.072257021494e-12      -5.403458655658e-12       1.133262818933e-14       2.007106485662e-15       4.713657155284e-16      -9.689549498397e-17 
 1313       9.715546979755e-11       4.065414894123e-12      -5.489540642997e-12       1.132526898428e-14       2.001121973035e-15       4.747816438936e-16      -9.664278845074e-17 
 1314       9.715323214824e-11       4.058107189658e-12      -5.574819149715e-12       1.131800283940e-14       1.995159593386e-15       4.781523745909e-16      -9.638165416190e-17 
 1315       9.715761423240e-11       4.050337066442e-12      -5.659256867840e-12       1.131082997982e-14       1.989219244430e-15       4.814738176948e-16      -9.611255441883e-17 
 1316       9.716852657576e-11       4.042107711282e-12      -5.742816282593e-12       1.130375062931e-14       1.983300822466e-15       4.847418594654e-16      -9.583595449639e-17 
 1317       9.718587901843e-11       4.033422339503e-12      -5.825459672014e-12       1.129676501029e-14       1.977404222369e-15       4.879523623038e-16      -9.555232264865e-17 
 1318       9.720958071348e-11       4.024284195010e-12      -5.907149106580e-12       1.128987334385e-14       1.971529337593e-15       4.911011647074e-16      -9.526213011462e-17 
 1319       9.723954012559e-11       4.014696550349e-12      -5.987846448828e-12       1.128307584973e-14       1.965676060163e-15       4.941840812258e-16      -9.496585112404e-17 
 1320       9.727566502962e-11       4.004662706764e-12      -6.067513352973e-12       1.127637274630e-14       1.959844280674e-15       4.971969024159e-16      -9.466396290308e-17 
 1321       9.731786250924e-11       3.994185994261e-12      -6.146111264533e-12       1.126976425057e-14       1.954033888285e-15       5.001353947974e-16      -9.435694568012e-17 
 1322       9.736603895554e-11       3.983269771662e-12      -6.223601419947e-12       1.126325057821e-14       1.948244770720e-15       5.029953008085e-16      -9.404528269146e-17 
 1323       9.742010006561e-11       3.971917426669e-12      -6.299944846194e-12       1.125683194348e-14       1.942476814261e-15       5.057723387612e-16      -9.372946018711e-17 
 1324       9.747995084117e-11       3.960132375924e-12      -6.375102360422e-12       1.125050855931e-14       1.936729903746e-15       5.084622027967e-16      -9.340996743648e-17 
 1325       9.754549558717e-11       3.947918065065e-12      -6.449034569558e-12       1.124428063721e-14       1.931003922566e-15       5.110605628411e-16      -9.308729673418e-17 
 1326       9.761663791040e-11       3.935277968791e-12      -6.521701869939e-12       1.123814838733e-14       1.925298752660e-15       5.135630645607e-16      -9.276194340574e-17 
 1327       9.769328071809e-11       3.922215590914e-12      -6.593064446924e-12       1.123211201843e-14       1.919614274514e-15       5.159653293175e-16      -9.243440581333e-17 
 1328       9.777532621652e-11       3.908734464430e-12      -6.663082274524e-12       1.122617173788e-14       1.913950367158e-15       5.182629541248e-16      -9.210518536156e-17 
 1329       9.786267590962e-11       3.894838151566e-12      -6.731715115016e-12       1.122032775163e-14       1.908306908158e-15       5.204515116024e-16      -9.177478650318e-17 
 1330       9.795523059761e-11       3.880530243850e-12      -6.798922518565e-12       1.121458026426e-14       1.902683773620e-15       5.225265499323e-16      -9.144371674485e-17 
 1331       9.805288528967e-11       3.865815022264e-12      -6.864668939587e-12       1.120892924324e-14       1.897080849495e-15       5.244849021110e-16      -9.111235534034e-17 
 1332       9.815551388382e-11       3.850699445534e-12      -6.928939148089e-12       1.120337370910e-14       1.891498065672e-15       5.263286295348e-16      -9.078055778011e-17 
 1333       9.826298431600e-11       3.835191183802e-12      -6.991722986872e-12       1.119791243746e-14       1.885935362252e-15       5.280611216478e-16      -9.044804696834e-17 
 1334       9.837516362893e-11       3.819297960612e-12      -7.053010270122e-12       1.119254419400e-14       1.880392678271e-15       5.296857906197e-16      -9.011454413808e-17 
 1335       9.849191797040e-11       3.803027553019e-12      -7.112790783374e-12       1.118726773444e-14       1.874869951695e-15       5.312060713894e-16      -8.977976884817e-17 
 1336       9.861311259153e-11       3.786387791688e-12      -7.171054283481e-12       1.118208180453e-14       1.869367119415e-15       5.326254217096e-16      -8.944343898003e-17 
 1337       9.873861184502e-11       3.769386561004e-12      -7.227790498584e-12       1.117698514000e-14       1.863884117248e-15       5.339473221907e-16      -8.910527073458e-17 
 1338       9.886827918341e-11       3.752031799171e-12      -7.282989128073e-12       1.117197646656e-14       1.858420879930e-15       5.351752763447e-16      -8.876497862905e-17 
 1339       9.900197715736e-11       3.734331498319e-12      -7.336639842561e-12       1.116705449989e-14       1.852977341118e-15       5.363128106297e-16      -8.842227549388e-17 
 1340       9.913956741390e-11       3.716293704611e-12      -7.388732283845e-12       1.116221794557e-14       1.847553433387e-15       5.373634744935e-16      -8.807687246954e-17 
 1341       9.928091069469e-11       3.697926518341e-12      -7.439256064878e-12       1.115746549913e-14       1.842149088224e-15       5.383308404183e-16      -8.772847900339e-17 
 1342       9.942586683428e-11       3.679238094045e-12      -7.488200769735e-12       1.115279584597e-14       1.836764236028e-15       5.392185039641e-16      -8.737680284657e-17 
 1343       9.957429475841e-11       3.660236640602e-12      -7.535555953580e-12       1.114820766139e-14       1.831398806107e-15       5.400300838134e-16      -8.702155005083e-17 
 1344       9.972605248221e-11       3.640930421339e-12      -7.581311142632e-12       1.114369961051e-14       1.826052726675e-15       5.407692218149e-16      -8.666242496539e-17 
 1345       9.988099710853e-11       3.621327754133e-12      -7.625455834135e-12       1.113927034832e-14       1.820725924852e-15       5.414395830278e-16      -8.629913023379e-17 
 1346       1.000389848261e-10       3.601437011523e-12      -7.667979496322e-12       1.113491851957e-14       1.815418326656e-15       5.420448557657e-16      -8.593136679078e-17 
 1347       1.001998709080e-10       3.581266620805e-12      -7.708871568386e-12       1.113064275886e-14       1.810129857006e-15       5.425887516411e-16      -8.555883385914e-17 
 1348       1.003635097096e-10       3.560825064142e-12      -7.748121460445e-12       1.112644169052e-14       1.804860439717e-15       5.430750056089e-16      -8.518122894655e-17 
 1349       1.005297546672e-10       3.540120878667e-12      -7.785718553509e-12       1.112231392864e-14       1.799609997498e-15       5.435073760108e-16      -8.479824784246e-17 
 1350       1.006984582958e-10       3.519162656590e-12      -7.821652199447e-12       1.111825807705e-14       1.794378451947e-15       5.438896446197e-16      -8.440958461494e-17 
 1351       1.008694721881e-10       3.497959045296e-12      -7.855911720956e-12       1.111427272927e-14       1.789165723553e-15       5.442256166832e-16      -8.401493160751e-17 
 1352       1.010426470119e-10       3.476518747456e-12      -7.888486411529e-12       1.111035646853e-14       1.783971731689e-15       5.445191209681e-16      -8.361397943605e-17 
 1353       1.012178325091e-10       3.454850521128e-12      -7.919365535419e-12       1.110650786771e-14       1.778796394614e-15       5.447740098043e-16      -8.320641698560e-17 
 1354       1.013948774935e-10       3.432963179864e-12      -7.948538327608e-12       1.110272548935e-14       1.773639629466e-15       5.449941591290e-16      -8.279193140727e-17 
 1355       1.015736298491e-10       3.410865592810e-12      -7.975993993776e-12       1.109900788561e-14       1.768501352260e-15       5.451834685308e-16      -8.237020811507e-17 
 1356       1.017539365287e-10       3.388566684815e-12      -8.001721710263e-12       1.109535359826e-14       1.763381477891e-15       5.453458612938e-16      -8.194093078275e-17 
 1357       1.019356435519e-10       3.366075436533e-12      -8.025710624045e-12       1.109176115865e-14       1.758279920124e-15       5.454852844414e-16      -8.150378134069e-17 
 1358       1.021185960032e-10       3.343400884528e-12      -8.047949852690e-12       1.108822908770e-14       1.753196591595e-15       5.456057087808e-16      -8.105843997276e-17 
 1359       1.023026380307e-10       3.320552121379e-12      -8.068428484338e-12       1.108475589588e-14       1.748131403809e-15       5.457111289471e-16      -8.060458511314e-17 
 1360       1.024876128440e-10       3.297538295783e-12      -8.087135577656e-12       1.108134008317e-14       1.743084267135e-15       5.458055634468e-16      -8.014189344320e-17 
 1361       1.026733627126e-10       3.274368612661e-12      -8.104060161815e-12       1.107798013907e-14       1.738055090809e-15       5.458930547027e-16      -7.967003988837e-17 
 1362       1.028597289641e-10       3.251052333261e-12      -8.119191236451e-12       1.107467454255e-14       1.733043782922e-15       5.459776690974e-16      -7.918869761498e-17 
 1363       1.030465519828e-10       3.227598775264e-12      -8.132517771634e-12       1.107142176205e-14       1.728050250428e-15       5.460634970177e-16      -7.869753802710e-17 
 1364       1.032336712072e-10       3.204017312888e-12      -8.144028707839e-12       1.106822025545e-14       1.723074399132e-15       5.461546528984e-16      -7.819623076345e-17 
 1365       1.034209251291e-10       3.180317376989e-12      -8.153712955907e-12       1.106506847005e-14       1.718116133696e-15       5.462552752670e-16      -7.768444369420e-17 
 1366       1.036081512913e-10       3.156508455172e-12      -8.161559397017e-12       1.106196484255e-14       1.713175357628e-15       5.463695267869e-16      -7.716184291787e-17 
 1367       1.037951862863e-10       3.132600091891e-12      -8.167556882650e-12       1.105890779903e-14       1.708251973288e-15       5.465015943022e-16      -7.662809275816e-17 
 1368       1.039818657541e-10       3.108601888552e-12      -8.171694234559e-12       1.105589575494e-14       1.703345881878e-15       5.466556888817e-16      -7.608285576081e-17 
 1369       1.041680243807e-10       3.084523503622e-12      -8.173960244737e-12       1.105292711507e-14       1.698456983444e-15       5.468360458625e-16      -7.552579269049e-17 
 1370       1.043534958965e-10       3.060374652732e-12      -8.174343675379e-12       1.105000027350e-14       1.693585176873e-15       5.470469248947e-16      -7.495656252761e-17 
 1371       1.045381238834e-10       3.036164733545e-12      -8.172837699874e-12       1.104711359409e-14       1.688730369044e-15       5.472914094133e-16      -7.437493811920e-17 
 1372       1.047217943262e-10       3.011901695795e-12      -8.169453277662e-12       1.104426535155e-14       1.683892502413e-15       5.475677909551e-16      -7.378115448756e-17 
 1373       1.049044034053e-10       2.987593159404e-12      -8.164205921961e-12       1.104145378968e-14       1.679071527720e-15       5.478731463652e-16      -7.317556423034e-17 
 1374       1.050858467176e-10       2.963246788708e-12      -8.157111271947e-12       1.103867714081e-14       1.674267394856e-15       5.482045348375e-16      -7.255852220790e-17 
 1375       1.052660192757e-10       2.938870292530e-12      -8.148185093003e-12       1.103593362583e-14       1.669480052859e-15       5.485589978821e-16      -7.193038554748e-17 
 1376       1.054448155069e-10       2.914471424266e-12      -8.137443276965e-12       1.103322145410e-14       1.664709449919e-15       5.489335592927e-16      -7.129151364750e-17 
 1377       1.056221292518e-10       2.890057981962e-12      -8.124901842380e-12       1.103053882349e-14       1.659955533368e-15       5.493252251145e-16      -7.064226818173e-17 
 1378       1.057978537639e-10       2.865637808399e-12      -8.110576934751e-12       1.102788392033e-14       1.655218249682e-15       5.497309836111e-16      -6.998301310358e-17 
 1379       1.059718817077e-10       2.841218791167e-12      -8.094484826791e-12       1.102525491939e-14       1.650497544478e-15       5.501478052328e-16      -6.931411465031e-17 
 1380       1.061441051586e-10       2.816808862752e-12      -8.076641918671e-12       1.102264998385e-14       1.645793362516e-15       5.505726425832e-16      -6.863594134724e-17 
 1381       1.063144156009e-10       2.792416000612e-12      -8.057064738270e-12       1.102006726530e-14       1.641105647688e-15       5.510024303874e-16      -6.794886401206e-17 
 1382       1.064827039275e-10       2.768048227259e-12      -8.035769941432e-12       1.101750490371e-14       1.636434343027e-15       5.514340854592e-16      -6.725325575899e-17 
 1383       1.066488604386e-10       2.743713610339e-12      -8.012774312207e-12       1.101496102740e-14       1.631779390695e-15       5.518645066687e-16      -6.654949200304e-17 
 1384       1.068127748405e-10       2.719420262715e-12      -7.988094763110e-12       1.101243375300e-14       1.627140731989e-15       5.522905749096e-16      -6.583795046427e-17 
 1385       1.069743362447e-10       2.695176342544e-12      -7.961748335365e-12       1.100992118549e-14       1.622518307333e-15       5.527091530671e-16      -6.511901117199e-17 
 1386       1.071334331668e-10       2.670990053359e-12      -7.933752199162e-12       1.100742141812e-14       1.617912056282e-15       5.531170859849e-16      -6.439305646902e-17 
 1387       1.072899535255e-10       2.646869644149e-12      -7.904123653901e-12       1.100493253240e-14       1.613321917514e-15       5.535112004331e-16      -6.366047101591e-17 
 1388       1.074437846416e-10       2.622823409441e-12      -7.872880128449e-12       1.100245259809e-14       1.608747828831e-15       5.538883050756e-16      -6.292164179519e-17 
 1389       1.075948132368e-10       2.598859689379e-12      -7.840039181384e-12       1.099997967319e-14       1.604189727159e-15       5.542451904375e-16      -6.217695811558e-17 
 1390       1.077429254328e-10       2.574986869806e-12      -7.805618501253e-12       1.099751180387e-14       1.599647548541e-15       5.545786288726e-16      -6.142681161627e-17 
 1391       1.078880067501e-10       2.551213382341e-12      -7.769635906816e-12       1.099504702452e-14       1.595121228139e-15       5.548853745311e-16      -6.067159627110e-17 
 1392       1.080299421071e-10       2.527547704463e-12      -7.732109347299e-12       1.099258335766e-14       1.590610700231e-15       5.551621633269e-16      -5.991170839284e-17 
 1393       1.081686158191e-10       2.503998359591e-12      -7.693056902647e-12       1.099011881395e-14       1.586115898210e-15       5.554057129052e-16      -5.914754663740e-17 
 1394       1.083039115968e-10       2.480573917165e-12      -7.652496783770e-12       1.098765139217e-14       1.581636754580e-15       5.556127226098e-16      -5.837951200809e-17 
 1395       1.084357125460e-10       2.457282992721e-12      -7.610447332798e-12       1.098517907919e-14       1.577173200954e-15       5.557798734511e-16      -5.760800785982e-17 
 1396       1.085639011660e-10       2.434134247981e-12      -7.566927023329e-12       1.098269984997e-14       1.572725168054e-15       5.559038280731e-16      -5.683343990338e-17 
 1397       1.086883593485e-10       2.411136390925e-12      -7.521954460679e-12       1.098021166748e-14       1.568292585709e-15       5.559812307209e-16      -5.605621620961e-17 
 1398       1.088089683771e-10       2.388298175876e-12      -7.475548382136e-12       1.097771248275e-14       1.563875382850e-15       5.560087072087e-16      -5.527674721372e-17 
 1399       1.089256089256e-10       2.365628403578e-12      -7.427727657207e-12       1.097520023482e-14       1.559473487512e-15       5.559828648868e-16      -5.449544571945e-17 
 1400       1.090381610575e-10       2.343135921281e-12      -7.378511287870e-12       1.097267285068e-14       1.555086826830e-15       5.559002926093e-16      -5.371272690337e-17 
 1401       1.091465042245e-10       2.320829622815e-12      -7.327918408825e-12       1.097012824531e-14       1.550715327035e-15       5.557575607017e-16      -5.292900831904e-17 
 1402       1.092505172658e-10       2.298718448675e-12      -7.275968287745e-12       1.096756432163e-14       1.546358913458e-15       5.555512209280e-16      -5.214470990132e-17 
 1403       1.093500784069e-10       2.276811386101e-12      -7.222680325524e-12       1.096497897047e-14       1.542017510520e-15       5.552778064589e-16      -5.136025397057e-17 
 1404       1.094450652586e-10       2.255117469155e-12      -7.168074056531e-12       1.096237007055e-14       1.537691041738e-15       5.549338318385e-16      -5.057606523687e-17 
 1405       1.095353548157e-10       2.233645778809e-12      -7.112169148858e-12       1.095973548849e-14       1.533379429717e-15       5.545157929524e-16      -4.979257080429e-17 
 1406       1.096208234564e-10       2.212405443016e-12      -7.054985404572e-12       1.095707307874e-14       1.529082596151e-15       5.540201669950e-16      -4.901020017512e-17 
 1407       1.097013469410e-10       2.191405636797e-12      -6.996542759966e-12       1.095438068359e-14       1.524800461821e-15       5.534434124369e-16      -4.822938525406e-17 
 1408       1.097768004107e-10       2.170655582321e-12      -6.936861285806e-12       1.095165613315e-14       1.520532946592e-15       5.527819689925e-16      -4.745056035253e-17 
 1409       1.098470583871e-10       2.150164548983e-12      -6.875961187588e-12       1.094889724529e-14       1.516279969411e-15       5.520322575877e-16      -4.667416219284e-17 
 1410       1.099119947702e-10       2.129941853485e-12      -6.813862805783e-12       1.094610182567e-14       1.512041448307e-15       5.511906803269e-16      -4.590062991246e-17 
 1411       1.099715007743e-10       2.109995805972e-12      -6.750587923734e-12       1.094326784737e-14       1.507817307661e-15       5.502546407394e-16      -4.513031031635e-17 
 1412       1.100255389366e-10       2.090330536319e-12      -6.686163705673e-12       1.094039399193e-14       1.503607500125e-15       5.492256161512e-16      -4.436317255109e-17 
 1413       1.100740896657e-10       2.070949135110e-12      -6.620618800016e-12       1.093747911386e-14       1.499411984928e-15       5.481061170917e-16      -4.359909048194e-17 
 1414       1.101171333570e-10       2.051854704615e-12      -6.553982035755e-12       1.093452206148e-14       1.495230720619e-15       5.468986699332e-16      -4.283793717495e-17 
 1415       1.101546503919e-10       2.033050358811e-12      -6.486282422784e-12       1.093152167693e-14       1.491063665067e-15       5.456058169204e-16      -4.207958489552e-17 
 1416       1.101866211387e-10       2.014539223392e-12      -6.417549152227e-12       1.092847679610e-14       1.486910775458e-15       5.442301161986e-16      -4.132390510686e-17 
 1417       1.102130259520e-10       1.996324435794e-12      -6.347811596774e-12       1.092538624868e-14       1.482772008296e-15       5.427741418434e-16      -4.057076846858e-17 
 1418       1.102338451730e-10       1.978409145206e-12      -6.277099311004e-12       1.092224885811e-14       1.478647319398e-15       5.412404838892e-16      -3.982004483521e-17 
 1419       1.102490591297e-10       1.960796512589e-12      -6.205442031715e-12       1.091906344158e-14       1.474536663894e-15       5.396317483582e-16      -3.907160325470e-17 
 1420       1.102586481365e-10       1.943489710695e-12      -6.132869678257e-12       1.091582881004e-14       1.470439996226e-15       5.379505572895e-16      -3.832531196694e-17 
 1421       1.102625924947e-10       1.926491924082e-12      -6.059412352859e-12       1.091254376814e-14       1.466357270148e-15       5.361995487680e-16      -3.758103840237e-17 
 1422       1.102608724921e-10       1.909806349128e-12      -5.985100340956e-12       1.090920711427e-14       1.462288438719e-15       5.343813769534e-16      -3.683864918039e-17 
 1423       1.102534684033e-10       1.893436194055e-12      -5.909964111525e-12       1.090581764052e-14       1.458233454308e-15       5.324987121089e-16      -3.609801010798e-17 
 1424       1.102403604898e-10       1.877384678941e-12      -5.834034317406e-12       1.090237413268e-14       1.454192268589e-15       5.305542406306e-16      -3.535898617821e-17 
 1425       1.102215289996e-10       1.861655035738e-12      -5.757341795638e-12       1.089887537023e-14       1.450164832537e-15       5.285506650760e-16      -3.462144156873e-17 
 1426       1.101969541680e-10       1.846250508289e-12      -5.679917567787e-12       1.089532012632e-14       1.446151096434e-15       5.264907041931e-16      -3.388523964032e-17 
 1427       1.101666162167e-10       1.831174352346e-12      -5.601792840270e-12       1.089170716776e-14       1.442151009859e-15       5.243770929497e-16      -3.315024293546e-17 
 1428       1.101304953547e-10       1.816429835585e-12      -5.522999004694e-12       1.088803525501e-14       1.438164521693e-15       5.222125825619e-16      -3.241631317678e-17 
 1429       1.100885717775e-10       1.802020237626e-12      -5.443567638175e-12       1.088430314220e-14       1.434191580114e-15       5.199999405231e-16      -3.168331126566e-17 
 1430       1.100408256679e-10       1.787948850047e-12      -5.363530503677e-12       1.088050957705e-14       1.430232132596e-15       5.177419506332e-16      -3.095109728071e-17 
 1431       1.099872371957e-10       1.774218976403e-12      -5.282919550333e-12       1.087665330093e-14       1.426286125908e-15       5.154414130274e-16      -3.021953047633e-17 
 1432       1.099277865175e-10       1.760833932241e-12      -5.201766913779e-12       1.087273304881e-14       1.422353506112e-15       5.131011442053e-16      -2.948846928120e-17 
 1433       1.098624537772e-10       1.747797045121e-12      -5.120104916484e-12       1.086874754926e-14       1.418434218563e-15       5.107239770595e-16      -2.875777129687e-17 
 1434       1.097912191056e-10       1.735111654628e-12      -5.037966068076e-12       1.086469552443e-14       1.414528207903e-15       5.083127609049e-16      -2.802729329622e-17 
 1435       1.097140626207e-10       1.722781112391e-12      -4.955383065675e-12       1.086057569006e-14       1.410635418067e-15       5.058703615076e-16      -2.729689122204e-17 
 1436       1.096309644277e-10       1.710808782102e-12      -4.872388794218e-12       1.085638675544e-14       1.406755792274e-15       5.033996611137e-16      -2.656642018553e-17 
 1437       1.095419046191e-10       1.699198039530e-12      -4.789016326792e-12       1.085212742343e-14       1.402889273030e-15       5.009035584784e-16      -2.583573446484e-17 
 1438       1.094468632743e-10       1.687952272541e-12      -4.705298924964e-12       1.084779639043e-14       1.399035802125e-15       4.983849688950e-16      -2.510468750360e-17 
 1439       1.093458204603e-10       1.677074881112e-12      -4.621270039105e-12       1.084339234635e-14       1.395195320631e-15       4.958468242235e-16      -2.437313190943e-17 
 1440       1.092387562311e-10       1.666569277349e-12      -4.536963308726e-12       1.083891397465e-14       1.391367768900e-15       4.932920729200e-16      -2.364091945250e-17 
 1441       1.091256506283e-10       1.656438885505e-12      -4.452412562803e-12       1.083435995229e-14       1.387553086567e-15       4.907236800654e-16      -2.290790106403e-17 
 1442       1.090064836807e-10       1.646687141997e-12      -4.367651820108e-12       1.082972894973e-14       1.383751212541e-15       4.881446273946e-16      -2.217392683483e-17 
 1443       1.088812354044e-10       1.637317495421e-12      -4.282715289536e-12       1.082501963092e-14       1.379962085010e-15       4.855579133250e-16      -2.143884601384e-17 
 1444       1.087498858031e-10       1.628333406572e-12      -4.197637370440e-12       1.082023065329e-14       1.376185641437e-15       4.829665529858e-16      -2.070250700662e-17 
 1445       1.086124148679e-10       1.619738348458e-12      -4.112452652955e-12       1.081536066772e-14       1.372421818555e-15       4.803735782470e-16      -1.996475737394e-17 
 1446       1.084688025773e-10       1.611535806319e-12      -4.027195918327e-12       1.081040831858e-14       1.368670552374e-15       4.777820377482e-16      -1.922544383025e-17 
 1447       1.083190288974e-10       1.603729277644e-12      -3.941902139247e-12       1.080537224364e-14       1.364931778170e-15       4.751949969276e-16      -1.848441224223e-17 
 1448       1.081630737818e-10       1.596322272186e-12      -3.856606480178e-12       1.080025107414e-14       1.361205430490e-15       4.726155380507e-16      -1.774150762734e-17 
 1449       1.080009171719e-10       1.589318311982e-12      -3.771344297681e-12       1.079504343473e-14       1.357491443148e-15       4.700467602399e-16      -1.699657415230e-17 
 1450       1.078325389962e-10       1.582720931366e-12      -3.686151140752e-12       1.078974794347e-14       1.353789749223e-15       4.674917795027e-16      -1.624945513168e-17 
 1451       1.076579328836e-10       1.576532645853e-12      -3.601060663767e-12       1.078436345937e-14       1.350100286889e-15       4.649531627948e-16      -1.550006798425e-17 
 1452       1.074771474501e-10       1.570751847359e-12      -3.516098341668e-12       1.077888982776e-14       1.346423016969e-15       4.624312239081e-16      -1.474862993180e-17 
 1453       1.072902454276e-10       1.565375877718e-12      -3.431287692091e-12       1.077332714240e-14       1.342757905555e-15       4.599257104635e-16      -1.399543457232e-17 
 1454       1.070972899908e-10       1.560402056940e-12      -3.346652357199e-12       1.076767549863e-14       1.339104918191e-15       4.574363683158e-16      -1.324077713139e-17 
 1455       1.068983447575e-10       1.555827683165e-12      -3.262216103897e-12       1.076193499337e-14       1.335464019872e-15       4.549629415497e-16      -1.248495446494e-17 
 1456       1.066934737894e-10       1.551650032626e-12      -3.178002824038e-12       1.075610572513e-14       1.331835175046e-15       4.525051724773e-16      -1.172826506205e-17 
 1457       1.064827415933e-10       1.547866359604e-12      -3.094036534641e-12       1.075018779400e-14       1.328218347608e-15       4.500628016342e-16      -1.097100904776e-17 
 1458       1.062662131217e-10       1.544473896389e-12      -3.010341378090e-12       1.074418130164e-14       1.324613500903e-15       4.476355677766e-16      -1.021348818586e-17 
 1459       1.060439537734e-10       1.541469853236e-12      -2.926941622357e-12       1.073808635135e-14       1.321020597721e-15       4.452232078780e-16      -9.456005881714e-18 
 1460       1.058160293947e-10       1.538851418325e-12      -2.843861661204e-12       1.073190304798e-14       1.317439600300e-15       4.428254571257e-16      -8.698867185007e-18 
 1461       1.055825062801e-10       1.536615757716e-12      -2.761126014395e-12       1.072563149800e-14       1.313870470322e-15       4.404420489175e-16      -7.942378792587e-18 
 1462       1.053434511729e-10       1.534760015313e-12      -2.678759327909e-12       1.071927180948e-14       1.310313168910e-15       4.380727148588e-16      -7.186849051243e-18 
 1463       1.050989312662e-10       1.533281312817e-12      -2.596786374149e-12       1.071282409210e-14       1.306767656633e-15       4.357171847589e-16      -6.432587960507e-18 
 1464       1.048490142038e-10       1.532176749687e-12      -2.515232052151e-12       1.070628845713e-14       1.303233893498e-15       4.333751866280e-16      -5.679907175451e-18 
 1465       1.045937680806e-10       1.531443403097e-12      -2.434121387797e-12       1.069966501747e-14       1.299711838953e-15       4.310464466739e-16      -4.929120009488e-18 
 1466       1.043332614440e-10       1.531078327896e-12      -2.353479534024e-12       1.069295388762e-14       1.296201451884e-15       4.287306892983e-16      -4.180541437165e-18 
 1467       1.040675632943e-10       1.531078556563e-12      -2.273331771035e-12       1.068615518372e-14       1.292702690616e-15       4.264276370941e-16      -3.434488096965e-18 
 1468       1.037967430857e-10       1.531441099169e-12      -2.193703506508e-12       1.067926902351e-14       1.289215512908e-15       4.241370108418e-16      -2.691278294102e-18 
 1469       1.035208707270e-10       1.532162943334e-12      -2.114620275810e-12       1.067229552635e-14       1.285739875955e-15       4.218585295063e-16      -1.951232003319e-18 
 1470       1.032400165824e-10       1.533241054184e-12      -2.036107742204e-12       1.066523481326e-14       1.282275736387e-15       4.195919102335e-16      -1.214670871690e-18 
 1471       1.029542514724e-10       1.534672374309e-12      -1.958191697058e-12       1.065808700684e-14       1.278823050265e-15       4.173368683474e-16      -4.819182214102e-19 
 1472       1.026636466746e-10       1.536453823726e-12      -1.880898060064e-12       1.065085223137e-14       1.275381773081e-15       4.150931173462e-16       2.467009473985e-19 
 1473       1.023682739246e-10       1.538582299830e-12      -1.804252879437e-12       1.064353061274e-14       1.271951859759e-15       4.128603688994e-16       9.708599538946e-19 
 1474       1.020682054166e-10       1.541054677359e-12      -1.728282332133e-12       1.063612227849e-14       1.268533264650e-15       4.106383328448e-16       1.690230433717e-18 
 1475       1.017635138042e-10       1.543867808347e-12      -1.653012724059e-12       1.062862735780e-14       1.265125941536e-15       4.084267171844e-16       2.404482336189e-18 
 1476       1.014542722018e-10       1.547018522087e-12      -1.578470490281e-12       1.062104598149e-14       1.261729843621e-15       4.062252280821e-16       3.113283921517e-18 
 1477       1.011405541843e-10       1.550503625084e-12      -1.504682195233e-12       1.061337828205e-14       1.258344923539e-15       4.040335698595e-16       3.816301757997e-18 
 1478       1.008224337892e-10       1.554319901018e-12      -1.431674532934e-12       1.060562439358e-14       1.254971133345e-15       4.018514449934e-16       4.513200719214e-18 
 1479       1.004999855163e-10       1.558464110701e-12      -1.359474327192e-12       1.059778445189e-14       1.251608424519e-15       3.996785541118e-16       5.203643981244e-18 
 1480       1.001732843292e-10       1.562932992033e-12      -1.288108531816e-12       1.058985859440e-14       1.248256747962e-15       3.975145959914e-16       5.887293019859e-18 
 1481       9.984240565600e-11       1.567723259963e-12      -1.217604230830e-12       1.058184696022e-14       1.244916053995e-15       3.953592675536e-16       6.563807607726e-18 
 1482       9.950742538984e-11       1.572831606446e-12      -1.147988638678e-12       1.057374969012e-14       1.241586292360e-15       3.932122638616e-16       7.232845811610e-18 
 1483       9.916841988997e-11       1.578254700401e-12      -1.079289100439e-12       1.056556692653e-14       1.238267412215e-15       3.910732781170e-16       7.894063989578e-18 
 1484       9.882546598250e-11       1.583989187672e-12      -1.011533092036e-12       1.055729881356e-14       1.234959362139e-15       3.889420016567e-16       8.547116788199e-18 
 1485       9.847864096117e-11       1.590031690981e-12      -9.447482204439e-13       1.054894549699e-14       1.231662090122e-15       3.868181239493e-16       9.191657139746e-18 
 1486       9.812802258821e-11       1.596378809892e-12      -8.789622239043e-13       1.054050712427e-14       1.228375543572e-15       3.847013325921e-16       9.827336259401e-18 
 1487       9.777368909515e-11       1.603027120764e-12      -8.142029721333e-13       1.053198384454e-14       1.225099669308e-15       3.825913133077e-16       1.045380364245e-17 
 1488       9.741571918360e-11       1.609973176715e-12      -7.504984665323e-13       1.052337580862e-14       1.221834413565e-15       3.804877499406e-16       1.107070706151e-17 
 1489       9.705419202609e-11       1.617213507575e-12      -6.878768403990e-13       1.051468316903e-14       1.218579721985e-15       3.783903244542e-16       1.167769256368e-17 
 1490       9.668918726689e-11       1.624744619847e-12      -6.263663591374e-13       1.050590607995e-14       1.215335539623e-15       3.762987169274e-16       1.227440446779e-17 
 1491       9.632078753194e-11       1.632562579487e-12      -5.659916457886e-13       1.049704485881e-14       1.212101815627e-15       3.742125079101e-16       1.286058145863e-17 
 1492       9.594908598394e-11       1.640661755852e-12      -5.067623166950e-13       1.048810047257e-14       1.208878517357e-15       3.721308844493e-16       1.343634590645e-17 
 1493       9.557417884302e-11       1.649036065345e-12      -4.486842347730e-13       1.047907405619e-14       1.205665616403e-15       3.700529311730e-16       1.400191738003e-17 
 1494       9.519616288526e-11       1.657679387415e-12      -3.917632740834e-13       1.046996675156e-14       1.202463083912e-15       3.679777276605e-16       1.455751680962e-17 
 1495       9.481513544361e-11       1.666585564491e-12      -3.360053198381e-13       1.046077970747e-14       1.199270890586e-15       3.659043484343e-16       1.510336648929e-17 
 1496       9.443119440891e-11       1.675748401914e-12      -2.814162684074e-13       1.045151407967e-14       1.196089006684e-15       3.638318629514e-16       1.563969007935e-17 
 1497       9.404443823075e-11       1.685161667880e-12      -2.280020273263e-13       1.044217103085e-14       1.192917402014e-15       3.617593355948e-16       1.616671260869e-17 
 1498       9.365496591848e-11       1.694819093369e-12      -1.757685153018e-13       1.043275173066e-14       1.189756045940e-15       3.596858256647e-16       1.668466047721e-17 
 1499       9.326287704216e-11       1.704714372086e-12      -1.247216622194e-13       1.042325735574e-14       1.186604907377e-15       3.576103873702e-16       1.719376145818e-17 
 1500       9.286827173346e-11       1.714841160393e-12      -7.486740915022e-14       1.041368908969e-14       1.183463954789e-15       3.555320698210e-16       1.769424470066e-17 
 1501       9.247125068667e-11       1.725193077247e-12      -2.621170835759e-14       1.040404812314e-14       1.180333156193e-15       3.534499170181e-16       1.818634073181e-17 
 1502       9.207191515959e-11       1.735763704133e-12       2.123947669587e-14       1.039433565370e-14       1.177212479151e-15       3.513629678461e-16       1.867028145938e-17 
 1503       9.167036697454e-11       1.746546585005e-12       6.748017134149e-14       1.038455288601e-14       1.174101890776e-15       3.492702560639e-16       1.914630017401e-17 
 1504       9.126670851924e-11       1.757535226217e-12       1.125043896977e-13       1.037470103175e-14       1.171001357725e-15       3.471708102968e-16       1.961463155165e-17 
 1505       9.086104274783e-11       1.768723096458e-12       1.563061346634e-13       1.036478130965e-14       1.167910846204e-15       3.450636540275e-16       2.007551165596e-17 
 1506       9.045347318175e-11       1.780103626695e-12       1.988793979105e-13       1.035479494547e-14       1.164830321962e-15       3.429478055877e-16       2.052917794067e-17 
 1507       9.004410391076e-11       1.791670210099e-12       2.402181598777e-13       1.034474317207e-14       1.161759750292e-15       3.408222781497e-16       2.097586925196e-17 
 1508       8.963303959382e-11       1.803416201989e-12       2.803163897636e-13       1.033462722937e-14       1.158699096032e-15       3.386860797174e-16       2.141582583090e-17 
 1509       8.922038546008e-11       1.815334919762e-12       3.191680455194e-13       1.032444836440e-14       1.155648323560e-15       3.365382131185e-16       2.184928931576e-17 
 1510       8.880624730983e-11       1.827419642834e-12       3.567670738423e-13       1.031420783127e-14       1.152607396796e-15       3.343776759952e-16       2.227650274446e-17 
 1511       8.839073151543e-11       1.839663612570e-12       3.931074101689e-13       1.030390689123e-14       1.149576279200e-15       3.322034607960e-16       2.269771055691e-17 
 1512       8.797394502226e-11       1.852060032225e-12       4.281829786679e-13       1.029354681265e-14       1.146554933774e-15       3.300145547672e-16       2.311315859743e-17 
 1513       8.755599534968e-11       1.864602066876e-12       4.619876922336e-13       1.028312887103e-14       1.143543323053e-15       3.278099399441e-16       2.352309411712e-17 
 1514       8.713699059198e-11       1.877282843360e-12       4.945154524789e-13       1.027265434903e-14       1.140541409115e-15       3.255885931430e-16       2.392776577625e-17 
 1515       8.671703941933e-11       1.890095450209e-12       5.257601497284e-13       1.026212453648e-14       1.137549153572e-15       3.233494859518e-16       2.432742364661e-17 
 1516       8.629625107869e-11       1.903032937585e-12       5.557156630118e-13       1.025154073037e-14       1.134566517570e-15       3.210915847222e-16       2.472231921399e-17 
 1517       8.587473539483e-11       1.916088317218e-12       5.843758600567e-13       1.024090423490e-14       1.131593461793e-15       3.188138505607e-16       2.511270538045e-17 
 1518       8.545260277121e-11       1.929254562339e-12       6.117345972821e-13       1.023021636144e-14       1.128629946456e-15       3.165152393205e-16       2.549883646680e-17 
 1519       8.502996419098e-11       1.942524607619e-12       6.377857197912e-13       1.021947842859e-14       1.125675931309e-15       3.141947015924e-16       2.588096821491e-17 
 1520       8.460693121790e-11       1.955891349100e-12       6.625230613648e-13       1.020869176217e-14       1.122731375631e-15       3.118511826966e-16       2.625935779017e-17 
 1521       8.418361599728e-11       1.969347644137e-12       6.859404444546e-13       1.019785769524e-14       1.119796238234e-15       3.094836226742e-16       2.663426378382e-17 
 1522       8.376013125696e-11       1.982886311329e-12       7.080316801758e-13       1.018697756809e-14       1.116870477460e-15       3.070909562783e-16       2.700594621536e-17 
 1523       8.333659030825e-11       1.996500130454e-12       7.287905683008e-13       1.017605272828e-14       1.113954051178e-15       3.046721129658e-16       2.737466653492e-17 
 1524       8.291310704687e-11       2.010181842411e-12       7.482108972521e-13       1.016508453064e-14       1.111046916788e-15       3.022260168888e-16       2.774068762567e-17 
 1525       8.248979595388e-11       2.023924149150e-12       7.662864440955e-13       1.015407433728e-14       1.108149031214e-15       2.997515868858e-16       2.810427380618e-17 
 1526       8.206677209667e-11       2.037719713609e-12       7.830109745333e-13       1.014302351760e-14       1.105260350907e-15       2.972477364736e-16       2.846569083285e-17 
 1527       8.164415112989e-11       2.051561159650e-12       7.983782428972e-13       1.013193344832e-14       1.102380831845e-15       2.947133738383e-16       2.882520590222e-17 
 1528       8.122204929639e-11       2.065441071997e-12       8.123819921419e-13       1.012080551346e-14       1.099510429528e-15       2.921474018268e-16       2.918308765343e-17 
 1529       8.080058342818e-11       2.079351996168e-12       8.250159538378e-13       1.010964110438e-14       1.096649098981e-15       2.895487179387e-16       2.953960617057e-17 
 1530       8.037987094737e-11       2.093286438414e-12       8.362738481646e-13       1.009844161977e-14       1.093796794750e-15       2.869162143173e-16       2.989503298507e-17 
 1531       7.996002185868e-11       2.107237214493e-12       8.461524465475e-13       1.008720845934e-14       1.090953474730e-15       2.842492416401e-16       3.024957090615e-17 
 1532       7.954111464139e-11       2.121198499775e-12       8.546607915877e-13       1.007594300467e-14       1.088119111679e-15       2.815490056562e-16       3.060314277404e-17 
 1533       7.912322012893e-11       2.135164789042e-12       8.618110652079e-13       1.006464663818e-14       1.085293681816e-15       2.788171839746e-16       3.095560069322e-17 
 1534       7.870640949699e-11       2.149130548515e-12       8.676155341514e-13       1.005332074949e-14       1.082477160993e-15       2.760554633914e-16       3.130679602000e-17 
 1535       7.829075426402e-11       2.163090215801e-12       8.720865501329e-13       1.004196673540e-14       1.079669524704e-15       2.732655399050e-16       3.165657936130e-17 
 1536       7.787632629182e-11       2.177038199855e-12       8.752365499881e-13       1.003058599995e-14       1.076870748080e-15       2.704491187312e-16       3.200480057346e-17 
 1537       7.746319778603e-11       2.190968880927e-12       8.770780558230e-13       1.001917995438e-14       1.074080805886e-15       2.676079143183e-16       3.235130876104e-17 
 1538       7.705144129673e-11       2.204876610519e-12       8.776236751646e-13       1.000775001718e-14       1.071299672525e-15       2.647436503628e-16       3.269595227560e-17 
 1539       7.664112971889e-11       2.218755711338e-12       8.768861011101e-13       9.996297614074e-15       1.068527322036e-15       2.618580598236e-16       3.303857871451e-17 
 1540       7.623233629301e-11       2.232600477248e-12       8.748781124771e-13       9.984824178060e-15       1.065763728089e-15       2.589528849383e-16       3.337903491974e-17 
 1541       7.582513460556e-11       2.246405173227e-12       8.716125739530e-13       9.973331149392e-15       1.063008863991e-15       2.560298772376e-16       3.371716697664e-17 
 1542       7.541959858961e-11       2.260164035316e-12       8.671024362456e-13       9.961819975611e-15       1.060262702679e-15       2.530907975607e-16       3.405282021279e-17 
 1543       7.501580252531e-11       2.273871270578e-12       8.613607362321e-13       9.950292111551e-15       1.057525216724e-15       2.501374160707e-16       3.438583919671e-17 
 1544       7.461382104044e-11       2.287521057046e-12       8.544005971095e-13       9.938749019347e-15       1.054796378328e-15       2.471715122695e-16       3.471606773675e-17 
 1545       7.421372911097e-11       2.301107543682e-12       8.462352285443e-13       9.927192168454e-15       1.052076159324e-15       2.441948750131e-16       3.504334887979e-17 
 1546       7.381560206157e-11       2.314624850326e-12       8.368779268222e-13       9.915623035652e-15       1.049364531172e-15       2.412093025268e-16       3.536752491013e-17 
 1547       7.341951556618e-11       2.328067067654e-12       8.263420749982e-13       9.904043105061e-15       1.046661464965e-15       2.382166024204e-16       3.568843734821e-17 
 1548       7.302554564852e-11       2.341428257126e-12       8.146411430462e-13       9.892453868149e-15       1.043966931421e-15       2.352185917033e-16       3.600592694946e-17 
 1549       7.263376868265e-11       2.354702450945e-12       8.017886880089e-13       9.880856823749e-15       1.041280900889e-15       2.322170967998e-16       3.631983370305e-17 
 1550       7.224426139348e-11       2.367883652010e-12       7.877983541480e-13       9.869253478066e-15       1.038603343342e-15       2.292139535642e-16       3.662999683072e-17 
 1551       7.185710085737e-11       2.380965833865e-12       7.726838730932e-13       9.857645344689e-15       1.035934228379e-15       2.262110072960e-16       3.693625478556e-17 
 1552       7.147236450259e-11       2.393942940657e-12       7.564590639930e-13       9.846033944606e-15       1.033273525228e-15       2.232101127550e-16       3.723844525082e-17 
 1553       7.109013010992e-11       2.406808887090e-12       7.391378336641e-13       9.834420806212e-15       1.030621202737e-15       2.202131341769e-16       3.753640513868e-17 
 1554       7.071047581315e-11       2.419557558374e-12       7.207341767409e-13       9.822807465319e-15       1.027977229380e-15       2.172219452877e-16       3.782997058908e-17 
 1555       7.033348009966e-11       2.432182810185e-12       7.012621758261e-13       9.811195465175e-15       1.025341573254e-15       2.142384293198e-16       3.811897696847e-17 
 1556       6.995922181092e-11       2.444678468612e-12       6.807360016400e-13       9.799586356465e-15       1.022714202079e-15       2.112644790264e-16       3.840325886866e-17 
 1557       6.958778014305e-11       2.457038330116e-12       6.591699131704e-13       9.787981697334e-15       1.020095083196e-15       2.083019966973e-16       3.868265010558e-17 
 1558       6.921923464734e-11       2.469256161481e-12       6.365782578226e-13       9.776383053387e-15       1.017484183565e-15       2.053528941735e-16       3.895698371808e-17 
 1559       6.885366523083e-11       2.481325699768e-12       6.129754715692e-13       9.764791997711e-15       1.014881469769e-15       2.024190928629e-16       3.922609196672e-17 
 1560       6.849115215678e-11       2.493240652268e-12       5.883760790998e-13       9.753210110878e-15       1.012286908010e-15       1.995025237552e-16       3.948980633261e-17 
 1561       6.813177604529e-11       2.504994696459e-12       5.627946939712e-13       9.741638980962e-15       1.009700464107e-15       1.966051274373e-16       3.974795751614e-17 
 1562       6.777561787379e-11       2.516581479954e-12       5.362460187567e-13       9.730080203550e-15       1.007122103497e-15       1.937288541082e-16       4.000037543581e-17 
 1563       6.742275897758e-11       2.527994620459e-12       5.087448451965e-13       9.718535381749e-15       1.004551791235e-15       1.908756635944e-16       4.024688922705e-17 
 1564       6.707328105038e-11       2.539227705724e-12       4.803060543471e-13       9.707006126204e-15       1.001989491993e-15       1.880475253648e-16       4.048732724096e-17 
 1565       6.672726614487e-11       2.550274293500e-12       4.509446167314e-13       9.695494055103e-15       9.994351700569e-16       1.852464185466e-16       4.072151704315e-17 
 1566       6.638479667322e-11       2.561127911489e-12       4.206755924885e-13       9.684000794196e-15       9.968887893286e-16       1.824743319394e-16       4.094928541251e-17 
 1567       6.604595540765e-11       2.571782057299e-12       3.895141315235e-13       9.672527976800e-15       9.943503133238e-16       1.797332640315e-16       4.117045834004e-17 
 1568       6.571082548093e-11       2.582230198398e-12       3.574754736572e-13       9.661077243812e-15       9.918197051714e-16       1.770252230141e-16       4.138486102759e-17 
 1569       6.537949038698e-11       2.592465772069e-12       3.245749487764e-13       9.649650243723e-15       9.892969276133e-16       1.743522267973e-16       4.159231788672e-17 
 1570       6.505203398133e-11       2.602482185358e-12       2.908279769832e-13       9.638248632627e-15       9.867819430029e-16       1.717163030248e-16       4.179265253744e-17 
 1571       6.472852835464e-11       2.612273611778e-12       2.562508295314e-13       9.626873930222e-15       9.842747163740e-16       1.691190812386e-16       4.198572416521e-17 
 1572       6.440899732841e-11       2.621837389603e-12       2.208629190833e-13       9.615527086309e-15       9.817752246784e-16       1.665605651887e-16       4.217153696450e-17 
 1573       6.409345262040e-11       2.631171645809e-12       1.846845310768e-13       9.604208910281e-15       9.792834476328e-16       1.640403491220e-16       4.235013171194e-17 
 1574       6.378190594085e-11       2.640274501352e-12       1.477360650617e-13       9.592920214768e-15       9.767993646565e-16       1.615580245909e-16       4.252154950115e-17 
 1575       6.347436899236e-11       2.649144071160e-12       1.100380348859e-13       9.581661815647e-15       9.743229548711e-16       1.591131804482e-16       4.268583174331e-17 
 1576       6.317085346993e-11       2.657778464122e-12       7.161106888247e-14       9.570434532042e-15       9.718541971002e-16       1.567054028430e-16       4.284302016775e-17 
 1577       6.287137106083e-11       2.666175783087e-12       3.247591005669e-14       9.559239186333e-15       9.693930698680e-16       1.543342752159e-16       4.299315682252e-17 
 1578       6.257593344461e-11       2.674334124850e-12      -7.346583727534e-15       9.548076604157e-15       9.669395513995e-16       1.519993782941e-16       4.313628407488e-17 
 1579       6.228455229301e-11       2.682251580148e-12      -4.783543956060e-14       9.536947614413e-15       9.644936196193e-16       1.497002900872e-16       4.327244461196e-17 
 1580       6.199723926992e-11       2.689926233650e-12      -8.896956930052e-14       9.525853049269e-15       9.620552521515e-16       1.474365858822e-16       4.340168144125e-17 
 1581       6.171400603135e-11       2.697356163952e-12      -1.307277693860e-13       9.514793744163e-15       9.596244263187e-16       1.452078382390e-16       4.352403789120e-17 
 1582       6.143486422535e-11       2.704539443567e-12      -1.730887206499e-13       9.503770537811e-15       9.572011191416e-16       1.430136169860e-16       4.363955761174e-17 
 1583       6.115982549199e-11       2.711474138918e-12      -2.160309881319e-13       9.492784272209e-15       9.547853073383e-16       1.408534892150e-16       4.374828457493e-17 
 1584       6.088890146326e-11       2.718158310330e-12      -2.595330208923e-13       9.481835792638e-15       9.523769673240e-16       1.387270192769e-16       4.385026307540e-17 
 1585       6.062210376309e-11       2.724590012025e-12      -3.035731518247e-13       9.470925947669e-15       9.499760752099e-16       1.366337687772e-16       4.394553773103e-17 
 1586       6.035944400724e-11       2.730767292110e-12      -3.481295974697e-13       9.460055589169e-15       9.475826068031e-16       1.345732965708e-16       4.403415348343e-17 
 1587       6.010093380328e-11       2.736688192573e-12      -3.931804578276e-13       9.449225572302e-15       9.451965376054e-16       1.325451587580e-16       4.411615559854e-17 
 1588       5.984658475054e-11       2.742350749272e-12      -4.387037161718e-13       9.438436755537e-15       9.428178428135e-16       1.305489086794e-16       4.419158966719e-17 
 1589       5.959640844003e-11       2.747752991930e-12      -4.846772388620e-13       9.427690000649e-15       9.404464973177e-16       1.285840969117e-16       4.426050160565e-17 
 1590       5.935041645445e-11       2.752892944129e-12      -5.310787751574e-13       9.416986172728e-15       9.380824757016e-16       1.266502712625e-16       4.432293765621e-17 
 1591       5.910862036806e-11       2.757768623296e-12      -5.778859570300e-13       9.406326140179e-15       9.357257522416e-16       1.247469767663e-16       4.437894438771e-17 
 1592       5.887103174670e-11       2.762378040700e-12      -6.250762989774e-13       9.395710774730e-15       9.333763009061e-16       1.228737556794e-16       4.442856869616e-17 
 1593       5.863766214769e-11       2.766719201447e-12      -6.726271978364e-13       9.385140951435e-15       9.310340953548e-16       1.210301474754e-16       4.447185780524e-17 
 1594       5.840852311983e-11       2.770790104464e-12      -7.205159325960e-13       9.374617548678e-15       9.286991089386e-16       1.192156888408e-16       4.450885926689e-17 
 1595       5.818362620330e-11       2.774588742499e-12      -7.687196642107e-13       9.364141448178e-15       9.263713146983e-16       1.174299136699e-16       4.453962096188e-17 
 1596       5.796298292963e-11       2.778113102111e-12      -8.172154354135e-13       9.353713534995e-15       9.240506853647e-16       1.156723530605e-16       4.456419110038e-17 
 1597       5.774660482166e-11       2.781361163660e-12      -8.659801705292e-13       9.343334697531e-15       9.217371933575e-16       1.139425353094e-16       4.458261822247e-17 
 1598       5.753450339347e-11       2.784330901301e-12      -9.149906752879e-13       9.333005827541e-15       9.194308107850e-16       1.122399859074e-16       4.459495119877e-17 
 1599       5.732669015037e-11       2.787020282979e-12      -9.642236366374e-13       9.322727820128e-15       9.171315094432e-16       1.105642275348e-16       4.460123923097e-17 
 1600       5.712317658877e-11       2.789427270417e-12      -1.013655622557e-12       9.312501573756e-15       9.148392608154e-16       1.089147800568e-16       4.460153185238e-17 
 1601       5.692397419622e-11       2.791549819111e-12      -1.063263081872e-12       9.302327990251e-15       9.125540360717e-16       1.072911605190e-16       4.459587892851e-17 
 1602       5.672909445132e-11       2.793385878320e-12      -1.113022344062e-12       9.292207974805e-15       9.102758060683e-16       1.056928831426e-16       4.458433065764e-17 
 1603       5.653854882364e-11       2.794933391062e-12      -1.162909619081e-12       9.282142435982e-15       9.080045413468e-16       1.041194593198e-16       4.456693757137e-17 
 1604       5.635234877372e-11       2.796190294103e-12      -1.212900997166e-12       9.272132285723e-15       9.057402121335e-16       1.025703976089e-16       4.454375053517e-17 
 1605       5.617050575301e-11       2.797154517951e-12      -1.262972448651e-12       9.262178439348e-15       9.034827883393e-16       1.010452037304e-16       4.451482074897e-17 
 1606       5.599303120377e-11       2.797823986847e-12      -1.313099823780e-12       9.252281815562e-15       9.012322395586e-16       9.954338056166e-17       4.448019974770e-17 
 1607       5.581993655911e-11       2.798196618760e-12      -1.363258852522e-12       9.242443336459e-15       8.989885350689e-16       9.806442813247e-17       4.443993940188e-17 
 1608       5.565123324285e-11       2.798270325375e-12      -1.413425144383e-12       9.232663927529e-15       8.967516438302e-16       9.660784362055e-17       4.439409191815e-17 
 1609       5.548693266953e-11       2.798043012091e-12      -1.463574188217e-12       9.222944517660e-15       8.945215344844e-16       9.517312134681e-17       4.434270983985e-17 
 1610       5.532704624432e-11       2.797512578006e-12      -1.513681352043e-12       9.213286039142e-15       8.922981753546e-16       9.375975277074e-17       4.428584604756e-17 
 1611       5.517157656458e-11       2.796677647514e-12      -1.563723439155e-12       9.203689251735e-15       8.900815369741e-16       9.236717139833e-17       4.422356322400e-17 
 1612       5.502049093707e-11       2.795539772336e-12      -1.613683372280e-12       9.194154213118e-15       8.878715996991e-16       9.099458696791e-17       4.415596234136e-17 
 1613       5.487374762014e-11       2.794101249467e-12      -1.663545551585e-12       9.184680803639e-15       8.856683461636e-16       8.964114974937e-17       4.408315443376e-17 
 1614       5.473130459990e-11       2.792364391422e-12      -1.713294302123e-12       9.175268901813e-15       8.834717587561e-16       8.830600548774e-17       4.400525115741e-17 
 1615       5.459311958967e-11       2.790331526256e-12      -1.762913873722e-12       9.165918384321e-15       8.812818196192e-16       8.698829539599e-17       4.392236479165e-17 
 1616       5.445915002963e-11       2.788004997598e-12      -1.812388440863e-12       9.156629126003e-15       8.790985106488e-16       8.568715614789e-17       4.383460823993e-17 
 1617       5.432935308631e-11       2.785387164669e-12      -1.861702102571e-12       9.147400999856e-15       8.769218134938e-16       8.440171987083e-17       4.374209503079e-17 
 1618       5.420368565212e-11       2.782480402317e-12      -1.910838882298e-12       9.138233877032e-15       8.747517095555e-16       8.313111413863e-17       4.364493931892e-17 
 1619       5.408210434495e-11       2.779287101035e-12      -1.959782727810e-12       9.129127626831e-15       8.725881799873e-16       8.187446196436e-17       4.354325588607e-17 
 1620       5.396456550763e-11       2.775809666993e-12      -2.008517511067e-12       9.120082116699e-15       8.704312056941e-16       8.063088179315e-17       4.343716014214e-17 
 1621       5.385102520756e-11       2.772050522060e-12      -2.057027028115e-12       9.111097212227e-15       8.682807673319e-16       7.939948749506e-17       4.332676812612e-17 
 1622       5.374143923620e-11       2.768012103834e-12      -2.105294998966e-12       9.102172777142e-15       8.661368453071e-16       7.817938835784e-17       4.321219650712e-17 
 1623       5.363576310862e-11       2.763696865664e-12      -2.153305067485e-12       9.093308673308e-15       8.639994197764e-16       7.696968907980e-17       4.309356258534e-17 
 1624       5.353395206307e-11       2.759107276681e-12      -2.201040801274e-12       9.084504760720e-15       8.618684706457e-16       7.576948976261e-17       4.297098429312e-17 
 1625       5.343596106048e-11       2.754245821818e-12      -2.248485691561e-12       9.075760897502e-15       8.597439775705e-16       7.457788590412e-17       4.284458019587e-17 
 1626       5.334174478404e-11       2.749115001842e-12      -2.295623153078e-12       9.067076939901e-15       8.576259199545e-16       7.339396839121e-17       4.271446949314e-17 
 1627       5.325125763873e-11       2.743717333377e-12      -2.342436523954e-12       9.058452742287e-15       8.555142769498e-16       7.221682349255e-17       4.258077201958e-17 
 1628       5.316445375085e-11       2.738055348932e-12      -2.388909065593e-12       9.049888157146e-15       8.534090274561e-16       7.104553285151e-17       4.244360824594e-17 
 1629       5.308128696760e-11       2.732131596923e-12      -2.435023962565e-12       9.041383035077e-15       8.513101501202e-16       6.987917347889e-17       4.230309928009e-17 
 1630       5.300171085658e-11       2.725948641705e-12      -2.480764322487e-12       9.032937224791e-15       8.492176233358e-16       6.871681774581e-17       4.215936686800e-17 
 1631       5.292567870537e-11       2.719509063594e-12      -2.526113175910e-12       9.024550573104e-15       8.471314252425e-16       6.755753337652e-17       4.201253339475e-17 
 1632       5.285314352103e-11       2.712815458895e-12      -2.571053476205e-12       9.016222924936e-15       8.450515337258e-16       6.640038344117e-17       4.186272188552e-17 
 1633       5.278405802969e-11       2.705870439927e-12      -2.615568099444e-12       9.007954123306e-15       8.429779264166e-16       6.524442634872e-17       4.171005600661e-17 
 1634       5.271837467607e-11       2.698676635050e-12      -2.659639844290e-12       8.999744009327e-15       8.409105806903e-16       6.408871583968e-17       4.155466006642e-17 
 1635       5.265604562303e-11       2.691236688690e-12      -2.703251431880e-12       8.991592422208e-15       8.388494736667e-16       6.293230097897e-17       4.139665901645e-17 
 1636       5.259702275110e-11       2.683553261367e-12      -2.746385505710e-12       8.983499199242e-15       8.367945822093e-16       6.177422614876e-17       4.123617845232e-17 
 1637       5.254125765803e-11       2.675629029720e-12      -2.789024631520e-12       8.975464175810e-15       8.347458829253e-16       6.061353104125e-17       4.107334461474e-17 
 1638       5.248870165835e-11       2.667466686534e-12      -2.831151297178e-12       8.967487185374e-15       8.327033521641e-16       5.944925065152e-17       4.090828439056e-17 
 1639       5.243930578289e-11       2.659068940762e-12      -2.872747912570e-12       8.959568059471e-15       8.306669660181e-16       5.828041527034e-17       4.074112531369e-17 
 1640       5.239302077833e-11       2.650438517559e-12      -2.913796809478e-12       8.951706627716e-15       8.286367003210e-16       5.710605047701e-17       4.057199556617e-17 
 1641       5.234979710674e-11       2.641578158300e-12      -2.954280241470e-12       8.943902717793e-15       8.266125306484e-16       5.592517713214e-17       4.040102397915e-17 
 1642       5.230958494515e-11       2.632490620613e-12      -2.994180383784e-12       8.936156155450e-15       8.245944323165e-16       5.473681137053e-17       4.022834003388e-17 
 1643       5.227233418506e-11       2.623178678400e-12      -3.033479333213e-12       8.928466764503e-15       8.225823803819e-16       5.353996459395e-17       4.005407386270e-17 
 1644       5.223799443198e-11       2.613645121865e-12      -3.072159107989e-12       8.920834366826e-15       8.205763496413e-16       5.233364346398e-17       3.987835625009e-17 
 1645       5.220651500502e-11       2.603892757540e-12      -3.110201647671e-12       8.913258782346e-15       8.185763146308e-16       5.111684989481e-17       3.970131863359e-17 
 1646       5.217784493637e-11       2.593924408314e-12      -3.147588813025e-12       8.905739829048e-15       8.165822496255e-16       4.988858104610e-17       3.952309310488e-17 
 1647       5.215193297090e-11       2.583742913453e-12      -3.184302385916e-12       8.898277322961e-15       8.145941286389e-16       4.864782931577e-17       3.934381241073e-17 
 1648       5.212872756566e-11       2.573351128631e-12      -3.220324069186e-12       8.890871078162e-15       8.126119254226e-16       4.739358233283e-17       3.916360995402e-17 
 1649       5.210817688946e-11       2.562751925957e-12      -3.255635486545e-12       8.883520906768e-15       8.106356134657e-16       4.612482295021e-17       3.898261979472e-17 
 1650       5.209022882237e-11       2.551948193995e-12      -3.290218182453e-12       8.876226618937e-15       8.086651659943e-16       4.484052923757e-17       3.880097665091e-17 
 1651       5.207482964908e-11       2.540943098555e-12      -3.324056205241e-12       8.868987920959e-15       8.067005580576e-16       4.354013098670e-17       3.861878141758e-17 
 1652       5.206192012706e-11       2.529740867514e-12      -3.357143881747e-12       8.861804108575e-15       8.047417728058e-16       4.222488366608e-17       3.843599738676e-17 
 1653       5.205143938262e-11       2.518346012998e-12      -3.389478111344e-12       8.854674370936e-15       8.027887952670e-16       4.089650662730e-17       3.825255310973e-17 
 1654       5.204332621348e-11       2.506763071297e-12      -3.421055788960e-12       8.847597892248e-15       8.008416102652e-16       3.955672771041e-17       3.806837679524e-17 
 1655       5.203751908824e-11       2.494996602894e-12      -3.451873805076e-12       8.840573851763e-15       7.989002024197e-16       3.820728325682e-17       3.788339630899e-17 
 1656       5.203395614587e-11       2.483051192513e-12      -3.481929045723e-12       8.833601423773e-15       7.969645561450e-16       3.684991812224e-17       3.769753917310e-17 
 1657       5.203257519520e-11       2.470931449149e-12      -3.511218392480e-12       8.826679777601e-15       7.950346556504e-16       3.548638568955e-17       3.751073256561e-17 
 1658       5.203331371442e-11       2.458642006107e-12      -3.539738722478e-12       8.819808077590e-15       7.931104849395e-16       3.411844788174e-17       3.732290331998e-17 
 1659       5.203610885052e-11       2.446187521043e-12      -3.567486908391e-12       8.812985483100e-15       7.911920278098e-16       3.274787517478e-17       3.713397792453e-17 
 1660       5.204089741883e-11       2.433572675999e-12      -3.594459818443e-12       8.806211148495e-15       7.892792678524e-16       3.137644661058e-17       3.694388252194e-17 
 1661       5.204761590248e-11       2.420802177439e-12      -3.620654316398e-12       8.799484223140e-15       7.873721884516e-16       3.000594980984e-17       3.675254290875e-17 
 1662       5.205620045187e-11       2.407880756291e-12      -3.646067261568e-12       8.792803851388e-15       7.854707727844e-16       2.863818098500e-17       3.655988453482e-17 
 1663       5.206658688419e-11       2.394813167980e-12      -3.670695508805e-12       8.786169172576e-15       7.835750038203e-16       2.727494495311e-17       3.636583250283e-17 
 1664       5.207871068287e-11       2.381604192470e-12      -3.694535908501e-12       8.779579321012e-15       7.816848643206e-16       2.591805514879e-17       3.617031156774e-17 
 1665       5.209250699711e-11       2.368258634297e-12      -3.717585306589e-12       8.773033425974e-15       7.798003368385e-16       2.456933363707e-17       3.597324613629e-17 
 1666       5.210791064132e-11       2.354781322611e-12      -3.739840544541e-12       8.766530611693e-15       7.779214037181e-16       2.323061112635e-17       3.577456026650e-17 
 1667       5.212485609463e-11       2.341177111211e-12      -3.761298459364e-12       8.760069997355e-15       7.760480470945e-16       2.190372698131e-17       3.557417766711e-17 
 1668       5.214327750038e-11       2.327450878582e-12      -3.781955883604e-12       8.753650697083e-15       7.741802488931e-16       2.059052923575e-17       3.537202169710e-17 
 1669       5.216310866559e-11       2.313607527936e-12      -3.801809645339e-12       8.747271819937e-15       7.723179908297e-16       1.929287460558e-17       3.516801536513e-17 
 1670       5.218428306045e-11       2.299651987247e-12      -3.820856568181e-12       8.740932469900e-15       7.704612544092e-16       1.801262850169e-17       3.496208132909e-17 
 1671       5.220673381782e-11       2.285589209287e-12      -3.839093471276e-12       8.734631745874e-15       7.686100209262e-16       1.675166504284e-17       3.475414189552e-17 
 1672       5.223039373269e-11       2.271424171668e-12      -3.856517169298e-12       8.728368741671e-15       7.667642714641e-16       1.551186706861e-17       3.454411901911e-17 
 1673       5.225519526171e-11       2.257161876875e-12      -3.873124472455e-12       8.722142546001e-15       7.649239868945e-16       1.429512615225e-17       3.433193430219e-17 
 1674       5.228107052260e-11       2.242807352310e-12      -3.888912186479e-12       8.715952242471e-15       7.630891478774e-16       1.310334261366e-17       3.411750899424e-17 
 1675       5.230795129373e-11       2.228365650321e-12      -3.903877112632e-12       8.709796909570e-15       7.612597348604e-16       1.193842553223e-17       3.390076399131e-17 
 1676       5.233576901353e-11       2.213841848247e-12      -3.918016047702e-12       8.703675620666e-15       7.594357280783e-16       1.080229275978e-17       3.368161983555e-17 
 1677       5.236445478000e-11       2.199241048451e-12      -3.931325784000e-12       8.697587443995e-15       7.576171075530e-16       9.696870933478e-18       3.345999671467e-17 
 1678       5.239393935022e-11       2.184568378360e-12      -3.943803109362e-12       8.691531442655e-15       7.558038530929e-16       8.624095488710e-18       3.323581446145e-17 
 1679       5.242415313981e-11       2.169828990503e-12      -3.955444807145e-12       8.685506674594e-15       7.539959442923e-16       7.585910672021e-18       3.300899255318e-17 
 1680       5.245502622240e-11       2.155028062547e-12      -3.966247656230e-12       8.679512192607e-15       7.521933605315e-16       6.584269554008e-18       3.277945011120e-17 
 1681       5.248648832917e-11       2.140170797334e-12      -3.976208431015e-12       8.673547044326e-15       7.503960809762e-16       5.621134042228e-18       3.254710590031e-17 
 1682       5.251846884828e-11       2.125262422921e-12      -3.985323901418e-12       8.667610272208e-15       7.486040845767e-16       4.698474894109e-18       3.231187832832e-17 
 1683       5.255089682438e-11       2.110308192616e-12      -3.993590832872e-12       8.661700913535e-15       7.468173500683e-16       3.818271729851e-18       3.207368544550e-17 
 1684       5.258370095811e-11       2.095313385018e-12      -4.001005986330e-12       8.655818000399e-15       7.450358559703e-16       2.982513045342e-18       3.183244494406e-17 
 1685       5.261680960554e-11       2.080283304048e-12      -4.007566118257e-12       8.649960559695e-15       7.432595805856e-16       2.193196225056e-18       3.158807415765e-17 
 1686       5.265015077773e-11       2.065223278997e-12      -4.013267980632e-12       8.644127613116e-15       7.414885020009e-16       1.452327554968e-18       3.134049006082e-17 
 1687       5.268365214012e-11       2.050138664554e-12      -4.018108320947e-12       8.638318177142e-15       7.397225980855e-16       7.619222354545e-19       3.108960926854e-17 
 1688       5.271724101211e-11       2.035034840848e-12      -4.022083882205e-12       8.632531263035e-15       7.379618464917e-16       1.240043942074e-19       3.083534803564e-17 
 1689       5.275084436648e-11       2.019917213486e-12      -4.025191402919e-12       8.626765876826e-15       7.362062246538e-16      -4.593929008639e-19       3.057762225630e-17 
 1690       5.278438882892e-11       2.004791213590e-12      -4.027427617110e-12       8.621021019310e-15       7.344557097879e-16      -9.862276287230e-19       3.031634746357e-17 
 1691       5.281780603073e-11       1.989662027018e-12      -4.028791252325e-12       8.615295702161e-15       7.327102806291e-16      -1.455088603034e-18       3.005146996611e-17 
 1692       5.285104871889e-11       1.974533779395e-12      -4.029289042589e-12       8.609588996430e-15       7.309699226598e-16      -1.867120915161e-18       2.978306055415e-17 
 1693       5.288407478435e-11       1.959410344105e-12      -4.028929767479e-12       8.603899984449e-15       7.292346229255e-16      -2.224117125113e-18       2.951122160330e-17 
 1694       5.291684192118e-11       1.944295612495e-12      -4.027722258905e-12       8.598227743738e-15       7.275043683014e-16      -2.527878986819e-18       2.923605601162e-17 
 1695       5.294930762626e-11       1.929193493901e-12      -4.025675401197e-12       8.592571347002e-15       7.257791454923e-16      -2.780217462055e-18       2.895766720041e-17 
 1696       5.298142919901e-11       1.914107915672e-12      -4.022798131184e-12       8.586929862119e-15       7.240589410320e-16      -2.982952734372e-18       2.867615911500e-17 
 1697       5.301316374105e-11       1.899042823198e-12      -4.019099438281e-12       8.581302352137e-15       7.223437412829e-16      -3.137914223020e-18       2.839163622555e-17 
 1698       5.304446815598e-11       1.884002179938e-12      -4.014588364569e-12       8.575687875261e-15       7.206335324358e-16      -3.246940596876e-18       2.810420352780e-17 
 1699       5.307529914902e-11       1.868989967443e-12      -4.009274004874e-12       8.570085484854e-15       7.189283005099e-16      -3.311879788371e-18       2.781396654392e-17 
 1700       5.310561322677e-11       1.854010185381e-12      -4.003165506859e-12       8.564494229419e-15       7.172280313519e-16      -3.334589007415e-18       2.752103132322e-17 
 1701       5.313536669691e-11       1.839066851571e-12      -3.996272071095e-12       8.558913152600e-15       7.155327106361e-16      -3.316934755324e-18       2.722550444303e-17 
 1702       5.316451566789e-11       1.824164002000e-12      -3.988602951154e-12       8.553341293173e-15       7.138423238640e-16      -3.260792838748e-18       2.692749300942e-17 
 1703       5.319301604868e-11       1.809305690855e-12      -3.980167453685e-12       8.547777685033e-15       7.121568563638e-16      -3.168048383596e-18       2.662710465800e-17 
 1704       5.322082354842e-11       1.794495990547e-12      -3.970974938497e-12       8.542221357196e-15       7.104762932903e-16      -3.040595848963e-18       2.632444755473e-17 
 1705       5.324789367619e-11       1.779738991738e-12      -3.961034818645e-12       8.536671333782e-15       7.088006196245e-16      -2.880339041057e-18       2.601963039669e-17 
 1706       5.327418174070e-11       1.765038803368e-12      -3.950356560510e-12       8.531126634015e-15       7.071298201732e-16      -2.689191127124e-18       2.571276241290e-17 
 1707       5.329964284997e-11       1.750399552680e-12      -3.938949683882e-12       8.525586272211e-15       7.054638795690e-16      -2.469074649375e-18       2.540395336506e-17 
 1708       5.332423191109e-11       1.735825385244e-12      -3.926823762044e-12       8.520049257773e-15       7.038027822694e-16      -2.221921538917e-18       2.509331354836e-17 
 1709       5.334790362990e-11       1.721320464989e-12      -3.913988421850e-12       8.514514595184e-15       7.021465125572e-16      -1.949673129670e-18       2.478095379228e-17 
 1710       5.337061251071e-11       1.706888974226e-12      -3.900453343815e-12       8.508981283995e-15       7.004950545395e-16      -1.654280172304e-18       2.446698546139e-17 
 1711       5.339231285599e-11       1.692535113673e-12      -3.886228262189e-12       8.503448318824e-15       6.988483921479e-16      -1.337702848159e-18       2.415152045608e-17 
 1712       5.341295876613e-11       1.678263102483e-12      -3.871322965048e-12       8.497914689345e-15       6.972065091378e-16      -1.001910783171e-18       2.383467121342e-17 
 1713       5.343250413908e-11       1.664077178271e-12      -3.855747294369e-12       8.492379380281e-15       6.955693890885e-16      -6.488830618052e-19       2.351655070789e-17 
 1714       5.345090267013e-11       1.649981597136e-12      -3.839511146119e-12       8.486841371396e-15       6.939370154025e-16      -2.806082409746e-19       2.319727245223e-17 
 1715       5.346810785157e-11       1.635980633695e-12      -3.822624470333e-12       8.481299637489e-15       6.923093713052e-16       1.009156360285e-19       2.287695049815e-17 
 1716       5.348407297243e-11       1.622078581100e-12      -3.805097271197e-12       8.475753148387e-15       6.906864398449e-16       4.936810256074e-19       2.255569943719e-17 
 1717       5.349875111817e-11       1.608279751072e-12      -3.786939607135e-12       8.470200868935e-15       6.890682038923e-16       8.956708699348e-19       2.223363440147e-17 
 1718       5.351209517041e-11       1.594588473925e-12      -3.768161590884e-12       8.464641758990e-15       6.874546461400e-16       1.304858583026e-18       2.191087106451e-17 
 1719       5.352405780661e-11       1.581009098587e-12      -3.748773389585e-12       8.459074773416e-15       6.858457491024e-16       1.719208036811e-18       2.158752564196e-17 
 1720       5.353459149983e-11       1.567545992634e-12      -3.728785224860e-12       8.453498862072e-15       6.842414951156e-16       2.136673547211e-18       2.126371489246e-17 
 1721       5.354364851838e-11       1.554203542314e-12      -3.708207372893e-12       8.447912969807e-15       6.826418663363e-16       2.555199860210e-18       2.093955611837e-17 
 1722       5.355118092557e-11       1.540986152569e-12      -3.687050164520e-12       8.442316036454e-15       6.810468447426e-16       2.972722137927e-18       2.061516716660e-17 
 1723       5.355714057944e-11       1.527898247066e-12      -3.665323985304e-12       8.436706996821e-15       6.794564121325e-16       3.387165944692e-18       2.029066642939e-17 
 1724       5.356147913239e-11       1.514944268221e-12      -3.643039275622e-12       8.431084780681e-15       6.778705501247e-16       3.796447233117e-18       1.996617284506e-17 
 1725       5.356414803099e-11       1.502128677228e-12      -3.620206530746e-12       8.425448312771e-15       6.762892401573e-16       4.198472330173e-18       1.964180589885e-17 
 1726       5.356509851560e-11       1.489455954081e-12      -3.596836300924e-12       8.419796512778e-15       6.747124634882e-16       4.591137923259e-18       1.931768562369e-17 
 1727       5.356428162016e-11       1.476930597604e-12      -3.572939191468e-12       8.414128295336e-15       6.731402011945e-16       4.972331046279e-18       1.899393260098e-17 
 1728       5.356164817183e-11       1.464557125473e-12      -3.548525862829e-12       8.408442570017e-15       6.715724341720e-16       5.339929065714e-18       1.867066796138e-17 
 1729       5.355714879076e-11       1.452340074248e-12      -3.523607030686e-12       8.402738241323e-15       6.700091431352e-16       5.691799666694e-18       1.834801338562e-17 
 1730       5.355073388975e-11       1.440283999396e-12      -3.498193466024e-12       8.397014208680e-15       6.684503086170e-16       6.025800839077e-18       1.802609110526e-17 
 1731       5.354236134541e-11       1.428392904957e-12      -3.472296402298e-12       8.391269472526e-15       6.668959124360e-16       6.340294887751e-18       1.770500285893e-17 
 1732       5.353201958293e-11       1.416668527225e-12      -3.445928760510e-12       8.385503453587e-15       6.653459421141e-16       6.635695242666e-18       1.738476656488e-17 
 1733       5.351970468587e-11       1.405112036614e-12      -3.419103934651e-12       8.379715676281e-15       6.638003864959e-16       6.912932696106e-18       1.706537911471e-17 
 1734       5.350541274245e-11       1.393724606703e-12      -3.391835385661e-12       8.373905662873e-15       6.622592342838e-16       7.172942571884e-18       1.674683736929e-17 
 1735       5.348913984559e-11       1.382507414237e-12      -3.364136641528e-12       8.368072933465e-15       6.607224740375e-16       7.416664731983e-18       1.642913815866e-17 
 1736       5.347088209288e-11       1.371461639133e-12      -3.336021297385e-12       8.362217005991e-15       6.591900941742e-16       7.645043583213e-18       1.611227828205e-17 
 1737       5.345063558666e-11       1.360588464484e-12      -3.307503015614e-12       8.356337396222e-15       6.576620829681e-16       7.859028083850e-18       1.579625450776e-17 
 1738       5.342839643401e-11       1.349889076560e-12      -3.278595525940e-12       8.350433617755e-15       6.561384285499e-16       8.059571750286e-18       1.548106357315e-17 
 1739       5.340416074676e-11       1.339364664812e-12      -3.249312625530e-12       8.344505182013e-15       6.546191189069e-16       8.247632663680e-18       1.516670218457e-17 
 1740       5.337792464149e-11       1.329016421878e-12      -3.219668179095e-12       8.338551598243e-15       6.531041418829e-16       8.424173476601e-18       1.485316701729e-17 
 1741       5.334968423961e-11       1.318845543582e-12      -3.189676118987e-12       8.332572373511e-15       6.515934851772e-16       8.590161419678e-18       1.454045471549e-17 
 1742       5.331943566731e-11       1.308853228941e-12      -3.159350445297e-12       8.326567012697e-15       6.500871363451e-16       8.746568308246e-18       1.422856189217e-17 
 1743       5.328717505563e-11       1.299040680168e-12      -3.128705225955e-12       8.320535018498e-15       6.485850827972e-16       8.894370548995e-18       1.391748512909e-17 
 1744       5.325289854042e-11       1.289409102674e-12      -3.097754596829e-12       8.314475891419e-15       6.470873117995e-16       9.034549146617e-18       1.360722097674e-17 
 1745       5.321660226242e-11       1.279959705072e-12      -3.066512761823e-12       8.308389129771e-15       6.455938104727e-16       9.168089710452e-18       1.329776595429e-17 
 1746       5.317828236724e-11       1.270693699180e-12      -3.034993992978e-12       8.302274229670e-15       6.441045657922e-16       9.295982461139e-18       1.298911654953e-17 
 1747       5.313793500537e-11       1.261612300027e-12      -3.003212630566e-12       8.296130685032e-15       6.426195645879e-16       9.419222237260e-18       1.268126921877e-17 
 1748       5.309555633223e-11       1.252716725853e-12      -2.971183083196e-12       8.289957987570e-15       6.411387935439e-16       9.538808501988e-18       1.237422038688e-17 
 1749       5.305114250817e-11       1.244008198113e-12      -2.938919827905e-12       8.283755626792e-15       6.396622391980e-16       9.655745349739e-18       1.206796644715e-17 
 1750       5.300468969846e-11       1.235487941483e-12      -2.906437410263e-12       8.277523089997e-15       6.381898879418e-16       9.771041512811e-18       1.176250376127e-17 
 1751       5.295619407338e-11       1.227157183860e-12      -2.873750444470e-12       8.271259862271e-15       6.367217260202e-16       9.885710368041e-18       1.145782865930e-17 
 1752       5.290565180814e-11       1.219017156369e-12      -2.840873613452e-12       8.264965426485e-15       6.352577395311e-16       1.000076994345e-17       1.115393743956e-17 
 1753       5.285305908300e-11       1.211069093364e-12      -2.807821668965e-12       8.258639263292e-15       6.337979144256e-16       1.011724292487e-17       1.085082636865e-17 
 1754       5.279841208320e-11       1.203314232431e-12      -2.774609431690e-12       8.252280851122e-15       6.323422365070e-16       1.023615666264e-17       1.054849168131e-17 
 1755       5.274170699902e-11       1.195753814393e-12      -2.741251791333e-12       8.245889666183e-15       6.308906914311e-16       1.035854317820e-17       1.024692958044e-17 
 1756       5.268294002581e-11       1.188389083312e-12      -2.707763706723e-12       8.239465182452e-15       6.294432647060e-16       1.048543917078e-17       9.946136237004e-18 
 1757       5.262210736396e-11       1.181221286495e-12      -2.674160205914e-12       8.233006871676e-15       6.279999416912e-16       1.061788602401e-17       9.646107790003e-18 
 1758       5.255920521898e-11       1.174251674495e-12      -2.640456386279e-12       8.226514203368e-15       6.265607075981e-16       1.075692981259e-17       9.346840346397e-18 
 1759       5.249422980144e-11       1.167481501115e-12      -2.606667414612e-12       8.219986644804e-15       6.251255474892e-16       1.090362130896e-17       9.048329981067e-18 
 1760       5.242717732708e-11       1.160912023410e-12      -2.572808527228e-12       8.213423661017e-15       6.236944462781e-16       1.105901598990e-17       8.750572736754e-18 
 1761       5.235804401673e-11       1.154544501695e-12      -2.538895030059e-12       8.206824714800e-15       6.222673887293e-16       1.122417404319e-17       8.453564624011e-18 
 1762       5.228682609641e-11       1.148380199542e-12      -2.504942298752e-12       8.200189266697e-15       6.208443594576e-16       1.140016037429e-17       8.157301621144e-18 
 1763       5.221351979730e-11       1.142420383790e-12      -2.470965778773e-12       8.193516775000e-15       6.194253429283e-16       1.158804461296e-17       7.861779674162e-18 
 1764       5.213812135577e-11       1.136666324543e-12      -2.436980985502e-12       8.186806695751e-15       6.180103234566e-16       1.178890111989e-17       7.566994696720e-18 
 1765       5.206062701340e-11       1.131119295177e-12      -2.403003504330e-12       8.180058482734e-15       6.165992852074e-16       1.200380899341e-17       7.272942570068e-18 
 1766       5.198103301698e-11       1.125780572341e-12      -2.369048990762e-12       8.173271587473e-15       6.151922121951e-16       1.223385207605e-17       6.979619142998e-18 
 1767       5.189933561857e-11       1.120651435963e-12      -2.335133170517e-12       8.166445459231e-15       6.137890882834e-16       1.248011896128e-17       6.687020231786e-18 
 1768       5.181553107546e-11       1.115733169249e-12      -2.301271839619e-12       8.159579545003e-15       6.123898971850e-16       1.274370300009e-17       6.395141620142e-18 
 1769       5.172961565024e-11       1.111027058694e-12      -2.267480864503e-12       8.152673289517e-15       6.109946224612e-16       1.302570230765e-17       6.103979059156e-18 
 1770       5.164158561078e-11       1.106534394076e-12      -2.233776182114e-12       8.145726135226e-15       6.096032475217e-16       1.332721976998e-17       5.813528267243e-18 
 1771       5.155144247205e-11       1.102255967667e-12      -2.200172696402e-12       8.138737645074e-15       6.082157568306e-16       1.364905576019e-17       5.523792257664e-18 
 1772       5.145920876892e-11       1.098190567307e-12      -2.166680957661e-12       8.131707871888e-15       6.068321395348e-16       1.399078349769e-17       5.234803387402e-18 
 1773       5.136491241367e-11       1.094336470885e-12      -2.133310455949e-12       8.124636992028e-15       6.054523858646e-16       1.435166606245e-17       4.946601490358e-18 
 1774       5.126858146633e-11       1.090691945987e-12      -2.100070722263e-12       8.117525182904e-15       6.040764859308e-16       1.473096298682e-17       4.659226566535e-18 
 1775       5.117024413486e-11       1.087255249889e-12      -2.066971328584e-12       8.110372622976e-15       6.027044297240e-16       1.512793025042e-17       4.372718782270e-18 
 1776       5.106992877534e-11       1.084024629535e-12      -2.034021887942e-12       8.103179491758e-15       6.013362071144e-16       1.554182027508e-17       4.087118470456e-18 
 1777       5.096766389225e-11       1.080998321524e-12      -2.001232054470e-12       8.095945969815e-15       5.999718078521e-16       1.597188191966e-17       3.802466130770e-18 
 1778       5.086347813865e-11       1.078174552091e-12      -1.968611523459e-12       8.088672238767e-15       5.986112215662e-16       1.641736047502e-17       3.518802429900e-18 
 1779       5.075740031639e-11       1.075551537097e-12      -1.936170031418e-12       8.081358481293e-15       5.972544377649e-16       1.687749765889e-17       3.236168201770e-18 
 1780       5.064945937634e-11       1.073127482008e-12      -1.903917356127e-12       8.074004881129e-15       5.959014458356e-16       1.735153161076e-17       2.954604447771e-18 
 1781       5.053968441863e-11       1.070900581882e-12      -1.871863316696e-12       8.066611623070e-15       5.945522350440e-16       1.783869688678e-17       2.674152336979e-18 
 1782       5.042810469283e-11       1.068869021352e-12      -1.840017773622e-12       8.059178892972e-15       5.932067945345e-16       1.833822445468e-17       2.394853206389e-18 
 1783       5.031474959819e-11       1.067030974612e-12      -1.808390628844e-12       8.051706877756e-15       5.918651133297e-16       1.884934168861e-17       2.116748561139e-18 
 1784       5.019964868384e-11       1.065384605398e-12      -1.776991825801e-12       8.044195765406e-15       5.905271803303e-16       1.937127236413e-17       1.839880074737e-18 
 1785       5.008283164904e-11       1.063928066976e-12      -1.745831349487e-12       8.036645744970e-15       5.891929843146e-16       1.990323665300e-17       1.564289589285e-18 
 1786       4.996432834336e-11       1.062659502125e-12      -1.714919226509e-12       8.029057006566e-15       5.878625139387e-16       2.044445111817e-17       1.290019115708e-18 
 1787       4.984416876692e-11       1.061577043120e-12      -1.684265525144e-12       8.021429741380e-15       5.865357577361e-16       2.099412870861e-17       1.017110833981e-18 
 1788       4.972238307062e-11       1.060678811718e-12      -1.653880355394e-12       8.013764141668e-15       5.852127041175e-16       2.155147875426e-17       7.456070933535e-19 
 1789       4.959900155631e-11       1.059962919139e-12      -1.623773869046e-12       8.006060400758e-15       5.838933413705e-16       2.211570696088e-17       4.755504125762e-19 
 1790       4.947405467706e-11       1.059427466057e-12      -1.593956259723e-12       7.998318713052e-15       5.825776576595e-16       2.268601540498e-17       2.069834801289e-19 
 1791       4.934757303736e-11       1.059070542576e-12      -1.564437762947e-12       7.990539274028e-15       5.812656410255e-16       2.326160252871e-17      -6.005084555410e-20 
 1792       4.921958739332e-11       1.058890228221e-12      -1.535228656190e-12       7.982722280237e-15       5.799572793856e-16       2.384166313473e-17      -3.255095358574e-19 
 1793       4.909012865290e-11       1.058884591919e-12      -1.506339258935e-12       7.974867929313e-15       5.786525605334e-16       2.442538838117e-17      -5.893493917576e-19 
 1794       4.895922787616e-11       1.059051691982e-12      -1.477779932731e-12       7.966976419964e-15       5.773514721381e-16       2.501196577646e-17      -8.515270435975e-19 
 1795       4.882691627541e-11       1.059389576096e-12      -1.449561081247e-12       7.959047951985e-15       5.760540017447e-16       2.560057917427e-17      -1.111998950859e-18 
 1796       4.869322521549e-11       1.059896281301e-12      -1.421693150336e-12       7.951082726249e-15       5.747601367738e-16       2.619040876837e-17      -1.370721401937e-18 
 1797       4.855818621395e-11       1.060569833976e-12      -1.394186628083e-12       7.943080944715e-15       5.734698645211e-16       2.678063108758e-17      -1.627650513912e-18 
 1798       4.842183094130e-11       1.061408249825e-12      -1.367052044866e-12       7.935042810429e-15       5.721831721574e-16       2.737041899062e-17      -1.882742232327e-18 
 1799       4.828419122117e-11       1.062409533861e-12      -1.340299973413e-12       7.926968527522e-15       5.709000467284e-16       2.795894166102e-17      -2.135952330954e-18 
 1800       4.814529903061e-11       1.063571680388e-12      -1.313941028858e-12       7.918858301215e-15       5.696204751545e-16       2.854536460204e-17      -2.387236411576e-18 
 1801       4.800518650025e-11       1.064892672986e-12      -1.287985868797e-12       7.910712337820e-15       5.683444442303e-16       2.912884963154e-17      -2.636549903755e-18 
 1802       4.786388591451e-11       1.066370484499e-12      -1.262445193346e-12       7.902530844738e-15       5.670719406248e-16       2.970855487687e-17      -2.883848064607e-18 
 1803       4.772142971188e-11       1.068003077015e-12      -1.237329745195e-12       7.894314030468e-15       5.658029508809e-16       3.028363476982e-17      -3.129085978574e-18 
 1804       4.757785048507e-11       1.069788401850e-12      -1.212650309668e-12       7.886062104599e-15       5.645374614153e-16       3.085324004143e-17      -3.372218557202e-18 
 1805       4.743318098125e-11       1.071724399537e-12      -1.188417714777e-12       7.877775277819e-15       5.632754585184e-16       3.141651771700e-17      -3.613200538910e-18 
 1806       4.728745410231e-11       1.073808999804e-12      -1.164642831281e-12       7.869453761916e-15       5.620169283536e-16       3.197261111087e-17      -3.851986488765e-18 
 1807       4.714070290499e-11       1.076040121564e-12      -1.141336572741e-12       7.861097769772e-15       5.607618569580e-16       3.252065982139e-17      -4.088530798256e-18 
 1808       4.699296060120e-11       1.078415672895e-12      -1.118509895575e-12       7.852707515376e-15       5.595102302410e-16       3.305979972583e-17      -4.322787685065e-18 
 1809       4.684426055815e-11       1.080933551028e-12      -1.096173799121e-12       7.844283213816e-15       5.582620339852e-16       3.358916297520e-17      -4.554711192847e-18 
 1810       4.669463629862e-11       1.083591642326e-12      -1.074339325685e-12       7.835825081285e-15       5.570172538456e-16       3.410787798922e-17      -4.784255190996e-18 
 1811       4.654412192065e-11       1.086387658876e-12      -1.053015861997e-12       7.827333402449e-15       5.557758763854e-16       3.461530952990e-17      -5.011380936090e-18 
 1812       4.639275335988e-11       1.089318646824e-12      -1.032206028435e-12       7.818808733150e-15       5.545378921941e-16       3.511178105361e-17      -5.236079823480e-18 
 1813       4.624056713786e-11       1.092381474034e-12      -1.011910748614e-12       7.810251699342e-15       5.533032927942e-16       3.559785818573e-17      -5.458350819091e-18 
 1814       4.608759994369e-11       1.095572993100e-12      -9.921309442421e-13       7.801662929881e-15       5.520720696074e-16       3.607410917540e-17      -5.678192914490e-18 
 1815       4.593388863428e-11       1.098890041331e-12      -9.728675351101e-13       7.793043056523e-15       5.508442139545e-16       3.654110489920e-17      -5.895605126937e-18 
 1816       4.577947023457e-11       1.102329440723e-12      -9.541214390905e-13       7.784392713935e-15       5.496197170550e-16       3.699941886486e-17      -6.110586499436e-18 
 1817       4.562438193776e-11       1.105887997943e-12      -9.358935721297e-13       7.775712539692e-15       5.483985700271e-16       3.744962721491e-17      -6.323136100784e-18 
 1818       4.546866110554e-11       1.109562504302e-12      -9.181848482435e-13       7.767003174287e-15       5.471807638875e-16       3.789230873037e-17      -6.533253025621e-18 
 1819       4.531234526836e-11       1.113349735737e-12      -9.009961795111e-13       7.758265261129e-15       5.459662895511e-16       3.832804483439e-17      -6.740936394480e-18 
 1820       4.515547212560e-11       1.117246452786e-12      -8.843284760698e-13       7.749499446553e-15       5.447551378311e-16       3.875741959599e-17      -6.946185353839e-18 
 1821       4.499807954587e-11       1.121249400572e-12      -8.681826461098e-13       7.740706379820e-15       5.435472994383e-16       3.918101973370e-17      -7.148999076167e-18 
 1822       4.484020556717e-11       1.125355308773e-12      -8.525595958683e-13       7.731886713122e-15       5.423427649817e-16       3.959943461921e-17      -7.349376759978e-18 
 1823       4.468188839721e-11       1.129560891608e-12      -8.374602296243e-13       7.723041101588e-15       5.411415249676e-16       4.001325628110e-17      -7.547317629879e-18 
 1824       4.452316641355e-11       1.133862847813e-12      -8.228854496931e-13       7.714170203284e-15       5.399435697999e-16       4.042307940848e-17      -7.742820936620e-18 
 1825       4.436407816393e-11       1.138257860614e-12      -8.088361564208e-13       7.705274679220e-15       5.387488897795e-16       4.082950135470e-17      -7.935885957146e-18 
 1826       4.420466236640e-11       1.142742597715e-12      -7.953132481789e-13       7.696355193353e-15       5.375574751046e-16       4.123312214098e-17      -8.126511994644e-18 
 1827       4.404495790966e-11       1.147313711269e-12      -7.823176213587e-13       7.687412412592e-15       5.363693158702e-16       4.163454446011e-17      -8.314698378595e-18 
 1828       4.388500385319e-11       1.151967837856e-12      -7.698501703660e-13       7.678447006801e-15       5.351844020681e-16       4.203437368015e-17      -8.500444464824e-18 
 1829       4.372483942757e-11       1.156701598468e-12      -7.579117876156e-13       7.669459648802e-15       5.340027235866e-16       4.243321784807e-17      -8.683749635550e-18 
 1830       4.356450403465e-11       1.161511598479e-12      -7.465033635258e-13       7.660451014382e-15       5.328242702102e-16       4.283168769344e-17      -8.864613299434e-18 
 1831       4.340403724782e-11       1.166394427631e-12      -7.356257865128e-13       7.651421782293e-15       5.316490316199e-16       4.323039663212e-17      -9.043034891633e-18 
 1832       4.324347881224e-11       1.171346660007e-12      -7.252799429854e-13       7.642372634260e-15       5.304769973925e-16       4.362996076990e-17      -9.219013873846e-18 
 1833       4.308286864504e-11       1.176364854009e-12      -7.154667173397e-13       7.633304254982e-15       5.293081570007e-16       4.403099890623e-17      -9.392549734368e-18 
 1834       4.292224683561e-11       1.181445552341e-12      -7.061869919533e-13       7.624217332139e-15       5.281424998130e-16       4.443413253784e-17      -9.563641988135e-18 
 1835       4.276165364578e-11       1.186585281983e-12      -6.974416471799e-13       7.615112556391e-15       5.269800150931e-16       4.483998586247e-17      -9.732290176779e-18 
 1836       4.260112951007e-11       1.191780554171e-12      -6.892315613441e-13       7.605990621388e-15       5.258206920003e-16       4.524918578249e-17      -9.898493868676e-18 
 1837       4.244071503595e-11       1.197027864377e-12      -6.815576107356e-13       7.596852223770e-15       5.246645195890e-16       4.566236190863e-17      -1.006225265899e-17 
 1838       4.228045100402e-11       1.202323692282e-12      -6.744206696040e-13       7.587698063173e-15       5.235114868084e-16       4.608014656362e-17      -1.022356616975e-17 
 1839       4.212037836831e-11       1.207664501760e-12      -6.678216101532e-13       7.578528842230e-15       5.223615825027e-16       4.650317478589e-17      -1.038243404984e-17 
 1840       4.196053825645e-11       1.213046740854e-12      -6.617613025360e-13       7.569345266579e-15       5.212147954106e-16       4.693208433323e-17      -1.053885597513e-17 
 1841       4.180097196994e-11       1.218466841753e-12      -6.562406148484e-13       7.560148044866e-15       5.200711141653e-16       4.736751568647e-17      -1.069283164846e-17 
 1842       4.164172098437e-11       1.223921220773e-12      -6.512604131247e-13       7.550937888744e-15       5.189305272942e-16       4.781011205317e-17      -1.084436079972e-17 
 1843       4.148282694965e-11       1.229406278333e-12      -6.468215613312e-13       7.541715512886e-15       5.177930232189e-16       4.826051937127e-17      -1.099344318590e-17 
 1844       4.132433169027e-11       1.234918398936e-12      -6.429249213616e-13       7.532481634982e-15       5.166585902548e-16       4.871938631280e-17      -1.114007859111e-17 
 1845       4.116627720549e-11       1.240453951142e-12      -6.395713530310e-13       7.523236975744e-15       5.155272166111e-16       4.918736428751e-17      -1.128426682669e-17 
 1846       4.100870566961e-11       1.246009287552e-12      -6.367617140706e-13       7.513982258913e-15       5.143988903907e-16       4.966510744662e-17      -1.142600773121e-17 
 1847       4.085165943218e-11       1.251580744786e-12      -6.344968601222e-13       7.504718211259e-15       5.132735995896e-16       5.015327268640e-17      -1.156530117051e-17 
 1848       4.069518101824e-11       1.257164643457e-12      -6.327776447327e-13       7.495445562590e-15       5.121513320973e-16       5.065251965194e-17      -1.170214703782e-17 
 1849       4.053931312857e-11       1.262757288150e-12      -6.316049193488e-13       7.486165045751e-15       5.110320756963e-16       5.116351074076e-17      -1.183654525373e-17 
 1850       4.038409863990e-11       1.268354967407e-12      -6.309795333113e-13       7.476877396631e-15       5.099158180618e-16       5.168691110652e-17      -1.196849576628e-17 
 1851       4.022957704828e-11       1.273954156499e-12      -6.309011102986e-13       7.467583337096e-15       5.088025476355e-16       5.222318768948e-17      -1.209800702982e-17 
 1852       4.007577376803e-11       1.279552127574e-12      -6.313643670902e-13       7.458283523650e-15       5.076922562537e-16       5.277200456325e-17      -1.222512151474e-17 
 1853       3.992271074863e-11       1.285146344293e-12      -6.323627656879e-13       7.448978598374e-15       5.065849365395e-16       5.333282281494e-17      -1.234989039951e-17 
 1854       3.977041002406e-11       1.290734259451e-12      -6.338897341770e-13       7.439669205967e-15       5.054805810310e-16       5.390510108099e-17      -1.247236511055e-17 
 1855       3.961889371289e-11       1.296313314964e-12      -6.359386666776e-13       7.430355993746e-15       5.043791821806e-16       5.448829554385e-17      -1.259259732253e-17 
 1856       3.946818401838e-11       1.301880941852e-12      -6.385029232969e-13       7.421039611652e-15       5.032807323559e-16       5.508185992865e-17      -1.271063895877e-17 
 1857       3.931830322860e-11       1.307434560225e-12      -6.415758300803e-13       7.411720712250e-15       5.021852238384e-16       5.568524549977e-17      -1.282654219156e-17 
 1858       3.916927371653e-11       1.312971579270e-12      -6.451506789636e-13       7.402399950735e-15       5.010926488241e-16       5.629790105753e-17      -1.294035944248e-17 
 1859       3.902111794018e-11       1.318489397235e-12      -6.492207277242e-13       7.393077984935e-15       5.000029994232e-16       5.691927293484e-17      -1.305214338282e-17 
 1860       3.887385844269e-11       1.323985401414e-12      -6.537791999333e-13       7.383755475313e-15       4.989162676599e-16       5.754880499380e-17      -1.316194693385e-17 
 1861       3.872751785243e-11       1.329456968134e-12      -6.588192849075e-13       7.374433084972e-15       4.978324454722e-16       5.818593862237e-17      -1.326982326721e-17 
 1862       3.858211888313e-11       1.334901462738e-12      -6.643341376601e-13       7.365111479658e-15       4.967515247117e-16       5.883011273103e-17      -1.337582580526e-17 
 1863       3.843768433398e-11       1.340316239573e-12      -6.703168788534e-13       7.355791327764e-15       4.956734971437e-16       5.948076374936e-17      -1.348000822139e-17 
 1864       3.829423708974e-11       1.345698641975e-12      -6.767605947499e-13       7.346473300330e-15       4.945983544471e-16       6.013732562274e-17      -1.358242444041e-17 
 1865       3.815180012082e-11       1.351046002252e-12      -6.836583371643e-13       7.337158071052e-15       4.935260882137e-16       6.079922980897e-17      -1.368312863886e-17 
 1866       3.801039648344e-11       1.356355641671e-12      -6.910031234153e-13       7.327846316280e-15       4.924566899487e-16       6.146590527490e-17      -1.378217524539e-17 
 1867       3.787004931970e-11       1.361624870446e-12      -6.987879362768e-13       7.318538715025e-15       4.913901510702e-16       6.213677849309e-17      -1.387961894108e-17 
 1868       3.773078185771e-11       1.366850987718e-12      -7.070057239302e-13       7.309235948961e-15       4.903264629092e-16       6.281127343846e-17      -1.397551465980e-17 
 1869       3.759261741168e-11       1.372031281544e-12      -7.156493999157e-13       7.299938702429e-15       4.892656167094e-16       6.348881158488e-17      -1.406991758856e-17 
 1870       3.745557938203e-11       1.377163028882e-12      -7.247118430842e-13       7.290647662440e-15       4.882076036270e-16       6.416881190188e-17      -1.416288316785e-17 
 1871       3.731969125553e-11       1.382243495577e-12      -7.341858975489e-13       7.281363518677e-15       4.871524147306e-16       6.485069085124e-17      -1.425446709199e-17 
 1872       3.718497660537e-11       1.387269936344e-12      -7.440643726373e-13       7.272086963502e-15       4.861000410011e-16       6.553386238366e-17      -1.434472530945e-17 
 1873       3.705145909129e-11       1.392239594756e-12      -7.543400428422e-13       7.262818691954e-15       4.850504733317e-16       6.621773793538e-17      -1.443371402326e-17 
 1874       3.691916245968e-11       1.397149703226e-12      -7.650056477743e-13       7.253559401760e-15       4.840037025273e-16       6.690172642484e-17      -1.452148969130e-17 
 1875       3.678811054368e-11       1.401997482998e-12      -7.760538921133e-13       7.244309793330e-15       4.829597193047e-16       6.758523424931e-17      -1.460810902667e-17 
 1876       3.665832726332e-11       1.406780144126e-12      -7.874774455598e-13       7.235070569766e-15       4.819185142926e-16       6.826766528154e-17      -1.469362899801e-17 
 1877       3.652983662560e-11       1.411494885465e-12      -7.992689427869e-13       7.225842436863e-15       4.808800780310e-16       6.894842086640e-17      -1.477810682992e-17 
 1878       3.640266272461e-11       1.416138894652e-12      -8.114209833922e-13       7.216626103116e-15       4.798444009714e-16       6.962689981750e-17      -1.486160000320e-17 
 1879       3.627682974162e-11       1.420709348094e-12      -8.239261318491e-13       7.207422279717e-15       4.788114734765e-16       7.030249841388e-17      -1.494416625528e-17 
 1880       3.615236194522e-11       1.425203410953e-12      -8.367769174588e-13       7.198231680564e-15       4.777812858204e-16       7.097461039658e-17      -1.502586358055e-17 
 1881       3.602928369141e-11       1.429618237130e-12      -8.499658343018e-13       7.189055022261e-15       4.767538281877e-16       7.164262696535e-17      -1.510675023068e-17 
 1882       3.590761942372e-11       1.433950969253e-12      -8.634853411899e-13       7.179893024123e-15       4.757290906742e-16       7.230593677527e-17      -1.518688471499e-17 
 1883       3.578739367329e-11       1.438198738660e-12      -8.773278616175e-13       7.170746408182e-15       4.747070632862e-16       7.296392593336e-17      -1.526632580078e-17 
 1884       3.566863105901e-11       1.442358665384e-12      -8.914857837138e-13       7.161615899183e-15       4.736877359406e-16       7.361597799527e-17      -1.534513251370e-17 
 1885       3.555135628762e-11       1.446427858143e-12      -9.059514601939e-13       7.152502224596e-15       4.726710984647e-16       7.426147396188e-17      -1.542336413808e-17 
 1886       3.543559415381e-11       1.450403414318e-12      -9.207172083111e-13       7.143406114612e-15       4.716571405960e-16       7.489979227597e-17      -1.550108021727e-17 
 1887       3.532136954034e-11       1.454282419946e-12      -9.357753098083e-13       7.134328302152e-15       4.706458519821e-16       7.553030881884e-17      -1.557834055403e-17 
 1888       3.520870741814e-11       1.458061949700e-12      -9.511180108695e-13       7.125269522867e-15       4.696372221807e-16       7.615239690698e-17      -1.565520521081e-17 
 1889       3.509763284643e-11       1.461739066876e-12      -9.667375220721e-13       7.116230515144e-15       4.686312406592e-16       7.676542728866e-17      -1.573173451014e-17 
 1890       3.498817097280e-11       1.465310823380e-12      -9.826260183380e-13       7.107212020106e-15       4.676278967945e-16       7.736876814065e-17      -1.580798903498e-17 
 1891       3.488034237752e-11       1.468774648247e-12      -9.987754791374e-13       7.098214706129e-15       4.666271806175e-16       7.796194385987e-17      -1.588400574628e-17 
 1892       3.477414906672e-11       1.472129516525e-12      -1.015177207844e-12       7.089238941735e-15       4.656290850504e-16       7.854511278896e-17      -1.595972613299e-17 
 1893       3.466958837099e-11       1.475374789408e-12      -1.031822308562e-12       7.080285020948e-15       4.646336036864e-16       7.911859318126e-17      -1.603506750668e-17 
 1894       3.456665759136e-11       1.478509826522e-12      -1.048701845487e-12       7.071353238623e-15       4.636407300466e-16       7.968270474338e-17      -1.610994683339e-17 
 1895       3.446535399924e-11       1.481533985923e-12      -1.065806842848e-12       7.062443890446e-15       4.626504575798e-16       8.023776863711e-17      -1.618428073314e-17 
 1896       3.436567483635e-11       1.484446624091e-12      -1.083128284858e-12       7.053557272940e-15       4.616627796629e-16       8.078410748142e-17      -1.625798547954e-17 
 1897       3.426761731471e-11       1.487247095937e-12      -1.100657115656e-12       7.044693683459e-15       4.606776896001e-16       8.132204535441e-17      -1.633097699925e-17 
 1898       3.417117861658e-11       1.489934754794e-12      -1.118384239257e-12       7.035853420195e-15       4.596951806235e-16       8.185190779528e-17      -1.640317087161e-17 
 1899       3.407635589438e-11       1.492508952419e-12      -1.136300519496e-12       7.027036782175e-15       4.587152458924e-16       8.237402180633e-17      -1.647448232814e-17 
 1900       3.398314627071e-11       1.494969038988e-12      -1.154396779976e-12       7.018244069262e-15       4.577378784935e-16       8.288871585487e-17      -1.654482625206e-17 
 1901       3.389154683823e-11       1.497314363102e-12      -1.172663804012e-12       7.009475582158e-15       4.567630714405e-16       8.339631987523e-17      -1.661411717792e-17 
 1902       3.380155465965e-11       1.499544271774e-12      -1.191092334581e-12       7.000731622405e-15       4.557908176743e-16       8.389716527071e-17      -1.668226929106e-17 
 1903       3.371316676770e-11       1.501658110440e-12      -1.209673074265e-12       6.992012492381e-15       4.548211100627e-16       8.439158491556e-17      -1.674919642720e-17 
 1904       3.362638016504e-11       1.503655222946e-12      -1.228396685199e-12       6.983318495308e-15       4.538539414004e-16       8.487991315693e-17      -1.681481207198e-17 
 1905       3.354119182423e-11       1.505534951554e-12      -1.247253789017e-12       6.974649935248e-15       4.528893044087e-16       8.536248581685e-17      -1.687902936051e-17 
 1906       3.345759868769e-11       1.507296636940e-12      -1.266234966796e-12       6.966007117105e-15       4.519271917356e-16       8.583964019420e-17      -1.694176107688e-17 
 1907       3.337559766766e-11       1.508939618186e-12      -1.285330759010e-12       6.957390346625e-15       4.509675959553e-16       8.631171506667e-17      -1.700291965376e-17 
 1908       3.329518564613e-11       1.510463232788e-12      -1.304531665465e-12       6.948799930401e-15       4.500105095687e-16       8.677905069272e-17      -1.706241717192e-17 
 1909       3.321635947479e-11       1.511866816644e-12      -1.323828145255e-12       6.940236175867e-15       4.490559250026e-16       8.724198881357e-17      -1.712016535975e-17 
 1910       3.313911597500e-11       1.513149704062e-12      -1.343210616704e-12       6.931699391306e-15       4.481038346102e-16       8.770087265515e-17      -1.717607559287e-17 
 1911       3.306345193776e-11       1.514311227753e-12      -1.362669457312e-12       6.923189885846e-15       4.471542306704e-16       8.815604693006e-17      -1.723005889360e-17 
 1912       3.298936412362e-11       1.515350718830e-12      -1.382195003704e-12       6.914707969462e-15       4.462071053881e-16       8.860785783957e-17      -1.728202593057e-17 
 1913       3.291684926265e-11       1.516267506807e-12      -1.401777551574e-12       6.906253952977e-15       4.452624508940e-16       8.905665307555e-17      -1.733188701823e-17 
 1914       3.284590405440e-11       1.517060919599e-12      -1.421407355631e-12       6.897828148065e-15       4.443202592444e-16       8.950278182246e-17      -1.737955211639e-17 
 1915       3.277652516784e-11       1.517730283518e-12      -1.441074629547e-12       6.889430867249e-15       4.433805224209e-16       8.994659475930e-17      -1.742493082981e-17 
 1916       3.270870924134e-11       1.518274923272e-12      -1.460769545904e-12       6.881062423901e-15       4.424432323308e-16       9.038844406162e-17      -1.746793240769e-17 
 1917       3.264245288259e-11       1.518694161964e-12      -1.480482236139e-12       6.872723132248e-15       4.415083808065e-16       9.082868340342e-17      -1.750846574325e-17 
 1918       3.257775266854e-11       1.518987321092e-12      -1.500202790488e-12       6.864413307368e-15       4.405759596056e-16       9.126766795918e-17      -1.754643937327e-17 
 1919       3.251460514543e-11       1.519153720542e-12      -1.519921257937e-12       6.856133265191e-15       4.396459604106e-16       9.170575440579e-17      -1.758176147764e-17 
 1920       3.245300682863e-11       1.519192678595e-12      -1.539627646165e-12       6.847883322504e-15       4.387183748290e-16       9.214330092452e-17      -1.761433987889e-17 
 1921       3.239295420270e-11       1.519103511915e-12      -1.559311921494e-12       6.839663796948e-15       4.377931943932e-16       9.258066720301e-17      -1.764408204175e-17 
 1922       3.233444372127e-11       1.518885535558e-12      -1.578964008830e-12       6.831475007019e-15       4.368704105601e-16       9.301821443722e-17      -1.767089507269e-17 
 1923       3.227747180702e-11       1.518538062963e-12      -1.598573791613e-12       6.823317272072e-15       4.359500147112e-16       9.345630533339e-17      -1.769468571946e-17 
 1924       3.222203485164e-11       1.518060405952e-12      -1.618131111762e-12       6.815190912317e-15       4.350319981525e-16       9.389530411005e-17      -1.771536037065e-17 
 1925       3.216812921575e-11       1.517451874731e-12      -1.637625769625e-12       6.807096248826e-15       4.341163521142e-16       9.433557649992e-17      -1.773282505523e-17 
 1926       3.211575122889e-11       1.516711777887e-12      -1.657047523917e-12       6.799033603527e-15       4.332030677508e-16       9.477748975192e-17      -1.774698544209e-17 
 1927       3.206489718947e-11       1.515839422385e-12      -1.676386091677e-12       6.791003299212e-15       4.322921361408e-16       9.522141263315e-17      -1.775774683960e-17 
 1928       3.201556336467e-11       1.514834113567e-12      -1.695631148204e-12       6.783005659531e-15       4.313835482867e-16       9.566771543082e-17      -1.776501419513e-17 
 1929       3.196774599046e-11       1.513695155153e-12      -1.714772327013e-12       6.775041008999e-15       4.304772951148e-16       9.611676995425e-17      -1.776869209461e-17 
 1930       3.192144127153e-11       1.512421849235e-12      -1.733799219772e-12       6.767109672991e-15       4.295733674751e-16       9.656894953680e-17      -1.776868476211e-17 
 1931       3.187664250329e-11       1.511013820604e-12      -1.752702165642e-12       6.759211899600e-15       4.286717567743e-16       9.702447893002e-17      -1.776492460122e-17 
 1932       3.183333141416e-11       1.509471992400e-12      -1.771474625907e-12       6.751347624540e-15       4.277724568802e-16       9.748298273818e-17      -1.775745805684e-17 
 1933       3.179148675761e-11       1.507797617851e-12      -1.790110827234e-12       6.743516704465e-15       4.268754622317e-16       9.794393356511e-17      -1.774636040332e-17 
 1934       3.175108718395e-11       1.505991956632e-12      -1.808604973889e-12       6.735718994944e-15       4.259807672063e-16       9.840680180851e-17      -1.773170726203e-17 
 1935       3.171211124021e-11       1.504056274868e-12      -1.826951247711e-12       6.727954350469e-15       4.250883661209e-16       9.887105565705e-17      -1.771357460189e-17 
 1936       3.167453737000e-11       1.501991845150e-12      -1.845143808083e-12       6.720222624446e-15       4.241982532307e-16       9.933616108753e-17      -1.769203873979e-17 
 1937       3.163834391334e-11       1.499799946537e-12      -1.863176791904e-12       6.712523669198e-15       4.233104227299e-16       9.980158186204e-17      -1.766717634109e-17 
 1938       3.160350910658e-11       1.497481864570e-12      -1.881044313561e-12       6.704857335961e-15       4.224248687514e-16       1.002667795251e-16      -1.763906442004e-17 
 1939       3.157001108220e-11       1.495038891279e-12      -1.898740464900e-12       6.697223474885e-15       4.215415853663e-16       1.007312134006e-16      -1.760778034029e-17 
 1940       3.153782786871e-11       1.492472325191e-12      -1.916259315198e-12       6.689621935027e-15       4.206605665843e-16       1.011943405895e-16      -1.757340181532e-17 
 1941       3.150693739049e-11       1.489783471340e-12      -1.933594911137e-12       6.682052564356e-15       4.197818063534e-16       1.016556159662e-16      -1.753600690891e-17 
 1942       3.147731746766e-11       1.486973641276e-12      -1.950741276769e-12       6.674515209747e-15       4.189052985598e-16       1.021144921763e-16      -1.749567403563e-17 
 1943       3.144894581591e-11       1.484044153074e-12      -1.967692413499e-12       6.667009716979e-15       4.180310370277e-16       1.025704196333e-16      -1.745248196126e-17 
 1944       3.142180004642e-11       1.480996331340e-12      -1.984442300043e-12       6.659535930737e-15       4.171590155195e-16       1.030228465162e-16      -1.740650980331e-17 
 1945       3.139585766566e-11       1.477831507225e-12      -2.000984892413e-12       6.652093694608e-15       4.162892277354e-16       1.034712187663e-16      -1.735783703141e-17 
 1946       3.137109607528e-11       1.474551018429e-12      -2.017314123879e-12       6.644682851078e-15       4.154216673134e-16       1.039149800842e-16      -1.730654346784e-17 
 1947       3.134749257198e-11       1.471156209213e-12      -2.033423904946e-12       6.637303241534e-15       4.145563278293e-16       1.043535719275e-16      -1.725270928798e-17 
 1948       3.132502434734e-11       1.467648430407e-12      -2.049308123322e-12       6.629954706258e-15       4.136932027963e-16       1.047864335074e-16      -1.719641502073e-17 
 1949       3.130366848768e-11       1.464029039416e-12      -2.064960643895e-12       6.622637084430e-15       4.128322856655e-16       1.052130017860e-16      -1.713774154904e-17 
 1950       3.128340197396e-11       1.460299400236e-12      -2.080375308699e-12       6.615350214121e-15       4.119735698251e-16       1.056327114737e-16      -1.707677011032e-17 
 1951       3.126420168160e-11       1.456460883455e-12      -2.095545936889e-12       6.608093932298e-15       4.111170486006e-16       1.060449950259e-16      -1.701358229693e-17 
 1952       3.124604438037e-11       1.452514866265e-12      -2.110466324713e-12       6.600868074815e-15       4.102627152550e-16       1.064492826405e-16      -1.694826005664e-17 
 1953       3.122890673420e-11       1.448462732474e-12      -2.125130245482e-12       6.593672476419e-15       4.094105629882e-16       1.068450022548e-16      -1.688088569310e-17 
 1954       3.121276530110e-11       1.444305872510e-12      -2.139531449541e-12       6.586506970739e-15       4.085605849371e-16       1.072315795428e-16      -1.681154186628e-17 
 1955       3.119759653300e-11       1.440045683431e-12      -2.153663664246e-12       6.579371390296e-15       4.077127741757e-16       1.076084379121e-16      -1.674031159296e-17 
 1956       3.118337677557e-11       1.435683568936e-12      -2.167520593928e-12       6.572265566490e-15       4.068671237146e-16       1.079749985016e-16      -1.666727824719e-17 
 1957       3.117008226816e-11       1.431220939373e-12      -2.181095919872e-12       6.565189329606e-15       4.060236265013e-16       1.083306801779e-16      -1.659252556073e-17 
 1958       3.115768914356e-11       1.426659211745e-12      -2.194383300282e-12       6.558142508809e-15       4.051822754199e-16       1.086748995329e-16      -1.651613762354e-17 
 1959       3.114617342796e-11       1.421999809725e-12      -2.207376370261e-12       6.551124932143e-15       4.043430632909e-16       1.090070708809e-16      -1.643819888425e-17 
 1960       3.113551104074e-11       1.417244163658e-12      -2.220068741773e-12       6.544136426530e-15       4.035059828713e-16       1.093266062556e-16      -1.635879415060e-17 
 1961       3.112567779435e-11       1.412393710575e-12      -2.232454003622e-12       6.537176817768e-15       4.026710268546e-16       1.096329154073e-16      -1.627800858990e-17 
 1962       3.111664939419e-11       1.407449894197e-12      -2.244525721423e-12       6.530245930529e-15       4.018381878702e-16       1.099254058000e-16      -1.619592772951e-17 
 1963       3.110840143843e-11       1.402414164951e-12      -2.256277437569e-12       6.523343588356e-15       4.010074584839e-16       1.102034826088e-16      -1.611263745734e-17 
 1964       3.110090941790e-11       1.397287979971e-12      -2.267702671207e-12       6.516469613665e-15       4.001788311974e-16       1.104665487166e-16      -1.602822402221e-17 
 1965       3.109414871596e-11       1.392072803112e-12      -2.278794918211e-12       6.509623827741e-15       3.993522984483e-16       1.107140047117e-16      -1.594277403444e-17 
 1966       3.108809460832e-11       1.386770104957e-12      -2.289547651148e-12       6.502806050736e-15       3.985278526102e-16       1.109452488843e-16      -1.585637446621e-17 
 1967       3.108272226294e-11       1.381381362827e-12      -2.299954319254e-12       6.496016101668e-15       3.977054859922e-16       1.111596772246e-16      -1.576911265209e-17 
 1968       3.107800673985e-11       1.375908060787e-12      -2.310008348407e-12       6.489253798418e-15       3.968851908393e-16       1.113566834188e-16      -1.568107628947e-17 
 1969       3.107392299105e-11       1.370351689660e-12      -2.319703141094e-12       6.482518957732e-15       3.960669593317e-16       1.115356588474e-16      -1.559235343905e-17 
 1970       3.107044586035e-11       1.364713747030e-12      -2.329032076386e-12       6.475811395217e-15       3.952507835854e-16       1.116959925812e-16      -1.550303252525e-17 
 1971       3.106755026642e-11       1.358995832445e-12      -2.337989624733e-12       6.469130888996e-15       3.944366561876e-16       1.118372641972e-16      -1.541318054485e-17 
 1972       3.106521175375e-11       1.353199933768e-12      -2.346574701449e-12       6.462477070394e-15       3.936245718094e-16       1.119598237931e-16      -1.532277751470e-17 
 1973       3.106340594551e-11       1.347328142970e-12      -2.354787338071e-12       6.455849532438e-15       3.928145256050e-16       1.120642162736e-16      -1.523178153813e-17 
 1974       3.106210836059e-11       1.341382561142e-12      -2.362627569805e-12       6.449247866125e-15       3.920065126769e-16       1.121509889272e-16      -1.514015055244e-17 
 1975       3.106129441347e-11       1.335365298510e-12      -2.370095435532e-12       6.442671660415e-15       3.912005280755e-16       1.122206914286e-16      -1.504784232868e-17 
 1976       3.106093941406e-11       1.329278474444e-12      -2.377190977811e-12       6.436120502230e-15       3.903965667993e-16       1.122738758425e-16      -1.495481447147e-17 
 1977       3.106101856762e-11       1.323124217471e-12      -2.383914242888e-12       6.429593976455e-15       3.895946237944e-16       1.123110966259e-16      -1.486102441875e-17 
 1978       3.106150697458e-11       1.316904665287e-12      -2.390265280702e-12       6.423091665927e-15       3.887946939549e-16       1.123329106320e-16      -1.476642944162e-17 
 1979       3.106237963041e-11       1.310621964769e-12      -2.396244144891e-12       6.416613151440e-15       3.879967721226e-16       1.123398771128e-16      -1.467098664410e-17 
 1980       3.106361142550e-11       1.304278271985e-12      -2.401850892797e-12       6.410158011739e-15       3.872008530869e-16       1.123325577222e-16      -1.457465296290e-17 
 1981       3.106517714503e-11       1.297875752209e-12      -2.407085585473e-12       6.403725823515e-15       3.864069315847e-16       1.123115165196e-16      -1.447738516728e-17 
 1982       3.106705146880e-11       1.291416579929e-12      -2.411948287689e-12       6.397316161409e-15       3.856150023003e-16       1.122773199720e-16      -1.437913985877e-17 
 1983       3.106920897114e-11       1.284902938862e-12      -2.416439067940e-12       6.390928598002e-15       3.848250598655e-16       1.122305369583e-16      -1.427987347100e-17 
 1984       3.107162412077e-11       1.278337021965e-12      -2.420557998448e-12       6.384562703814e-15       3.840370988594e-16       1.121717387714e-16      -1.417954226949e-17 
 1985       3.107427128061e-11       1.271721031446e-12      -2.424305155173e-12       6.378218047306e-15       3.832511138082e-16       1.121014991217e-16      -1.407810235141e-17 
 1986       3.107712470772e-11       1.265057178774e-12      -2.427680617814e-12       6.371894194870e-15       3.824670991852e-16       1.120203941404e-16      -1.397550964542e-17 
 1987       3.108015855313e-11       1.258347684697e-12      -2.430684469821e-12       6.365590710832e-15       3.816850494110e-16       1.119290023821e-16      -1.387171991141e-17 
 1988       3.108334686169e-11       1.251594779246e-12      -2.433316798395e-12       6.359307157447e-15       3.809049588528e-16       1.118279048284e-16      -1.376668874034e-17 
 1989       3.108666357198e-11       1.244800701754e-12      -2.435577694500e-12       6.353043094895e-15       3.801268218250e-16       1.117176848905e-16      -1.366037155399e-17 
 1990       3.109008251613e-11       1.237967700861e-12      -2.437467252864e-12       6.346798081280e-15       3.793506325886e-16       1.115989284127e-16      -1.355272360476e-17 
 1991       3.109357741972e-11       1.231098034531e-12      -2.438985571990e-12       6.340571672628e-15       3.785763853514e-16       1.114722236754e-16      -1.344369997550e-17 
 1992       3.109712190160e-11       1.224193970063e-12      -2.440132754158e-12       6.334363422881e-15       3.778040742678e-16       1.113381613978e-16      -1.333325557924e-17 
 1993       3.110068947383e-11       1.217257784099e-12      -2.440908905433e-12       6.328172883898e-15       3.770336934387e-16       1.111973347417e-16      -1.322134515903e-17 
 1994       3.110425354147e-11       1.210291762641e-12      -2.441314135671e-12       6.321999605449e-15       3.762652369115e-16       1.110503393140e-16      -1.310792328770e-17 
 1995       3.110778740249e-11       1.203298201060e-12      -2.441348558526e-12       6.315843135214e-15       3.754986986802e-16       1.108977731700e-16      -1.299294436767e-17 
 1996       3.111126424762e-11       1.196279404107e-12      -2.441012291455e-12       6.309703018782e-15       3.747340726847e-16       1.107402368165e-16      -1.287636263072e-17 
 1997       3.111465716021e-11       1.189237685927e-12      -2.440305455724e-12       6.303578799642e-15       3.739713528115e-16       1.105783332150e-16      -1.275813213783e-17 
 1998       3.111793911612e-11       1.182175370070e-12      -2.439228176415e-12       6.297470019187e-15       3.732105328929e-16       1.104126677845e-16      -1.263820677890e-17 
 1999       3.112108298356e-11       1.175094789502e-12      -2.437780582432e-12       6.291376216710e-15       3.724516067075e-16       1.102438484049e-16      -1.251654027259e-17 
 2000       3.112406152297e-11       1.167998286618e-12      -2.435962806507e-12       6.285296929397e-15       3.716945679799e-16       1.100724854199e-16      -1.239308616611e-17 
 2001       3.112684738687e-11       1.160888213253e-12      -2.433774985205e-12       6.279231692327e-15       3.709394103802e-16       1.098991916401e-16      -1.226779783498e-17 
 2002       3.112941311975e-11       1.153766930693e-12      -2.431217258933e-12       6.273180038472e-15       3.701861275249e-16       1.097245823463e-16      -1.214062848285e-17 
 2003       3.113173115791e-11       1.146636809689e-12      -2.428289771942e-12       6.267141498689e-15       3.694347129757e-16       1.095492752923e-16      -1.201153114130e-17 
 2004       3.113377382934e-11       1.139500230468e-12      -2.424992672340e-12       6.261115601720e-15       3.686851602402e-16       1.093738907082e-16      -1.188045866958e-17 
 2005       3.113551335359e-11       1.132359582743e-12      -2.421326112088e-12       6.255101874192e-15       3.679374627715e-16       1.091990513034e-16      -1.174736375445e-17 
 2006       3.113692184162e-11       1.125217265728e-12      -2.417290247017e-12       6.249099840606e-15       3.671916139682e-16       1.090253822696e-16      -1.161219890997e-17 
 2007       3.113797129568e-11       1.118075688146e-12      -2.412885236826e-12       6.243109023343e-15       3.664476071744e-16       1.088535112843e-16      -1.147491647724e-17 
 2008       3.113863360916e-11       1.110937268245e-12      -2.408111245092e-12       6.237128942658e-15       3.657054356792e-16       1.086840685132e-16      -1.133546862426e-17 
 2009       3.113888056647e-11       1.103804433806e-12      -2.402968439276e-12       6.231159116675e-15       3.649650927172e-16       1.085176866139e-16      -1.119380734568e-17 
 2010       3.113868384292e-11       1.096679622157e-12      -2.397456990727e-12       6.225199061386e-15       3.642265714681e-16       1.083550007390e-16      -1.104988446259e-17 
 2011       3.113801758341e-11       1.089565138721e-12      -2.391577833794e-12       6.219248306819e-15       3.634898655640e-16       1.081964831736e-16      -1.090367685183e-17 
 2012       3.113686615959e-11       1.082462731513e-12      -2.385334949171e-12       6.213306445667e-15       3.627549706154e-16       1.080419459290e-16      -1.075526233506e-17 
 2013       3.113521646891e-11       1.075374013571e-12      -2.378733097184e-12       6.207373085005e-15       3.620218826964e-16       1.078910345350e-16      -1.060474434159e-17 
 2014       3.113305536082e-11       1.068300604141e-12      -2.371777060222e-12       6.201447830154e-15       3.612905978379e-16       1.077433930748e-16      -1.045222672962e-17 
 2015       3.113036963674e-11       1.061244128690e-12      -2.364471642766e-12       6.195530284673e-15       3.605611120277e-16       1.075986641829e-16      -1.029781378671e-17 
 2016       3.112714604995e-11       1.054206218913e-12      -2.356821671421e-12       6.189620050364e-15       3.598334212105e-16       1.074564890437e-16      -1.014161023040e-17 
 2017       3.112337130559e-11       1.047188512735e-12      -2.348831994940e-12       6.183716727261e-15       3.591075212875e-16       1.073165073889e-16      -9.983721208657e-18 
 2018       3.111903206054e-11       1.040192654326e-12      -2.340507484258e-12       6.177819913637e-15       3.583834081168e-16       1.071783574968e-16      -9.824252300504e-18 
 2019       3.111411492343e-11       1.033220294105e-12      -2.331853032516e-12       6.171929205994e-15       3.576610775132e-16       1.070416761893e-16      -9.663309516496e-18 
 2020       3.110860645453e-11       1.026273088746e-12      -2.322873555092e-12       6.166044199066e-15       3.569405252477e-16       1.069060988310e-16      -9.500999299287e-18 
 2021       3.110249316569e-11       1.019352701189e-12      -2.313573989629e-12       6.160164485813e-15       3.562217470481e-16       1.067712593269e-16      -9.337428524164e-18 
 2022       3.109576152034e-11       1.012460800646e-12      -2.303959296064e-12       6.154289657421e-15       3.555047385984e-16       1.066367901209e-16      -9.172704499585e-18 
 2023       3.108839793336e-11       1.005599062608e-12      -2.294034456656e-12       6.148419303300e-15       3.547894955391e-16       1.065023221937e-16      -9.006934967721e-18 
 2024       3.108038877107e-11       9.987691688545e-13      -2.283804476016e-12       6.142553011080e-15       3.540760134669e-16       1.063674850611e-16      -8.840228104992e-18 
 2025       3.107172035115e-11       9.919728074583e-13      -2.273274381134e-12       6.136690366607e-15       3.533642879346e-16       1.062319067722e-16      -8.672692522609e-18 
 2026       3.106237894261e-11       9.852116727960e-13      -2.262449221409e-12       6.130830953948e-15       3.526543144513e-16       1.060952139077e-16      -8.504437267111e-18 
 2027       3.105235076567e-11       9.784874655541e-13      -2.251334068677e-12       6.124974355379e-15       3.519460884822e-16       1.059570315778e-16      -8.335571820910e-18 
 2028       3.104162199179e-11       9.718018927366e-13      -2.239934017241e-12       6.119120151392e-15       3.512396054482e-16       1.058169834207e-16      -8.166206102820e-18 
 2029       3.103017874352e-11       9.651566676731e-13      -2.228254183896e-12       6.113267920684e-15       3.505348607265e-16       1.056746916006e-16      -7.996450468607e-18 
 2030       3.101800709453e-11       9.585535100259e-13      -2.216299707963e-12       6.107417240162e-15       3.498318496499e-16       1.055297768059e-16      -7.826415711521e-18 
 2031       3.100509306948e-11       9.519941457982e-13      -2.204075751313e-12       6.101567684937e-15       3.491305675073e-16       1.053818582476e-16      -7.656213062841e-18 
 2032       3.099142264399e-11       9.454803073411e-13      -2.191587498398e-12       6.095718828322e-15       3.484310095430e-16       1.052305536570e-16      -7.485954192407e-18 
 2033       3.097698174461e-11       9.390137333617e-13      -2.178840156280e-12       6.089870241830e-15       3.477331709571e-16       1.050754792846e-16      -7.315751209169e-18 
 2034       3.096175624871e-11       9.325961689303e-13      -2.165838954658e-12       6.084021495172e-15       3.470370469054e-16       1.049162498975e-16      -7.145716661717e-18 
 2035       3.094573198445e-11       9.262293654884e-13      -2.152589145897e-12       6.078172156256e-15       3.463426324991e-16       1.047524787782e-16      -6.975963538825e-18 
 2036       3.092889473073e-11       9.199150808559e-13      -2.139096005058e-12       6.072321791180e-15       3.456499228049e-16       1.045837777225e-16      -6.806605269992e-18 
 2037       3.091123021712e-11       9.136550792391e-13      -2.125364829927e-12       6.066469964236e-15       3.449589128449e-16       1.044097570378e-16      -6.637755725977e-18 
 2038       3.089272412380e-11       9.074511312382e-13      -2.111400941041e-12       6.060616237903e-15       3.442695975966e-16       1.042300255413e-16      -6.469529219340e-18 
 2039       3.087336208149e-11       9.013050138545e-13      -2.097209681719e-12       6.054760172847e-15       3.435819719925e-16       1.040441905578e-16      -6.302040504984e-18 
 2040       3.085312967144e-11       8.952185104986e-13      -2.082796418088e-12       6.048901327918e-15       3.428960309207e-16       1.038518579187e-16      -6.135404780690e-18 
 2041       3.083201242531e-11       8.891934109978e-13      -2.068166539117e-12       6.043039260147e-15       3.422117692241e-16       1.036526319592e-16      -5.969737687659e-18 
 2042       3.080999582516e-11       8.832315116034e-13      -2.053325456639e-12       6.037173524747e-15       3.415291817007e-16       1.034461155175e-16      -5.805155311051e-18 
 2043       3.078706530337e-11       8.773346149989e-13      -2.038278605386e-12       6.031303675106e-15       3.408482631037e-16       1.032319099320e-16      -5.641774180523e-18 
 2044       3.076320624257e-11       8.715045303069e-13      -2.023031443011e-12       6.025429262786e-15       3.401690081410e-16       1.030096150403e-16      -5.479711270771e-18 
 2045       3.073840397561e-11       8.657430730973e-13      -2.007589450123e-12       6.019549837524e-15       3.394914114754e-16       1.027788291770e-16      -5.319084002066e-18 
 2046       3.071264378550e-11       8.600520653949e-13      -1.991958130312e-12       6.013664947227e-15       3.388154677246e-16       1.025391491718e-16      -5.160010240798e-18 
 2047       3.068591090533e-11       8.544333356863e-13      -1.976143010180e-12       6.007774137968e-15       3.381411714609e-16       1.022901703479e-16      -5.002608300008e-18 
 2048       3.065819051822e-11       8.488887189283e-13      -1.960149639365e-12       6.001876953989e-15       3.374685172113e-16       1.020314865202e-16      -4.846996939934e-18 
 2049       3.062946775727e-11       8.434200565553e-13      -1.943983590575e-12       5.995972937691e-15       3.367974994574e-16       1.017626899932e-16      -4.693295368550e-18 
 2050       3.059972770551e-11       8.380291964866e-13      -1.927650459616e-12       5.990061629641e-15       3.361281126353e-16       1.014833715597e-16      -4.541623242100e-18 
 2051       3.056895844719e-11       8.327177380227e-13      -1.911155917430e-12       5.984142618776e-15       3.354603514491e-16       1.011932284048e-16      -4.392072917510e-18 
 2052       3.053716024580e-11       8.274862645275e-13      -1.894505866573e-12       5.978215693432e-15       3.347942118133e-16       1.008923886647e-16      -4.244625992067e-18 
 2053       3.050433643142e-11       8.223351052851e-13      -1.877706285915e-12       5.972280691393e-15       3.341296899173e-16       1.005810891811e-16      -4.099236169182e-18 
 2054       3.047049035539e-11       8.172645901145e-13      -1.860763178755e-12       5.966337449770e-15       3.334667819119e-16       1.002595678060e-16      -3.955856952191e-18 
 2055       3.043562539027e-11       8.122750493699e-13      -1.843682572852e-12       5.960385805005e-15       3.328054839094e-16       9.992806340300e-17      -3.814441644110e-18 
 2056       3.039974492992e-11       8.073668139412e-13      -1.826470520458e-12       5.954425592864e-15       3.321457919838e-16       9.958681584860e-17      -3.674943347375e-18 
 2057       3.036285238949e-11       8.025402152542e-13      -1.809133098346e-12       5.948456648442e-15       3.314877021702e-16       9.923606603360e-17      -3.537314963595e-18 
 2058       3.032495120547e-11       7.977955852710e-13      -1.791676407839e-12       5.942478806160e-15       3.308312104653e-16       9.887605586422e-17      -3.401509193301e-18 
 2059       3.028604483573e-11       7.931332564901e-13      -1.774106574841e-12       5.936491899763e-15       3.301763128270e-16       9.850702826341e-17      -3.267478535689e-18 
 2060       3.024613675952e-11       7.885535619473e-13      -1.756429749869e-12       5.930495762318e-15       3.295230051745e-16       9.812922717212e-17      -3.135175288375e-18 
 2061       3.020523047752e-11       7.840568352153e-13      -1.738652108082e-12       5.924490226220e-15       3.288712833882e-16       9.774289755053e-17      -3.004551547136e-18 
 2062       3.016332951186e-11       7.796434104046e-13      -1.720779849310e-12       5.918475123181e-15       3.282211433096e-16       9.734828537938e-17      -2.875559205665e-18 
 2063       3.012043740614e-11       7.753136221636e-13      -1.702819198084e-12       5.912450284239e-15       3.275725807412e-16       9.694563766117e-17      -2.748149955313e-18 
 2064       3.007655772549e-11       7.710678056791e-13      -1.684776403669e-12       5.906415539749e-15       3.269255914466e-16       9.653520242145e-17      -2.622275284842e-18 
 2065       3.003169405657e-11       7.669062966762e-13      -1.666657740092e-12       5.900370719387e-15       3.262801711504e-16       9.611722871008e-17      -2.497886480171e-18 
 2066       2.998585000760e-11       7.628294314192e-13      -1.648469506172e-12       5.894315652150e-15       3.256363155379e-16       9.569196660253e-17      -2.374934624124e-18 
 2067       2.993902920843e-11       7.588375467115e-13      -1.630218025550e-12       5.888250166350e-15       3.249940202554e-16       9.525966720106e-17      -2.253370596178e-18 
 2068       2.989123531050e-11       7.549309798963e-13      -1.611909646722e-12       5.882174089617e-15       3.243532809100e-16       9.482058263609e-17      -2.133145072213e-18 
 2069       2.984247198691e-11       7.511100688565e-13      -1.593550743064e-12       5.876087248897e-15       3.237140930695e-16       9.437496606738e-17      -2.014208524258e-18 
 2070       2.979274293247e-11       7.473751520155e-13      -1.575147712867e-12       5.869989470454e-15       3.230764522622e-16       9.392307168534e-17      -1.896511220240e-18 
 2071       2.974205186369e-11       7.437265683372e-13      -1.556706979366e-12       5.863880579862e-15       3.224403539771e-16       9.346515471226e-17      -1.780003223732e-18 
 2072       2.969040251881e-11       7.401646573264e-13      -1.538234990767e-12       5.857760402014e-15       3.218057936639e-16       9.300147140363e-17      -1.664634393702e-18 
 2073       2.963779865785e-11       7.366897590291e-13      -1.519738220281e-12       5.851628761111e-15       3.211727667325e-16       9.253227904933e-17      -1.550354384259e-18 
 2074       2.958424406265e-11       7.333022140333e-13      -1.501223166153e-12       5.845485480668e-15       3.205412685535e-16       9.205783597496e-17      -1.437112644406e-18 
 2075       2.952974253685e-11       7.300023634684e-13      -1.482696351692e-12       5.839330383513e-15       3.199112944577e-16       9.157840154308e-17      -1.324858417780e-18 
 2076       2.947429790597e-11       7.267905490065e-13      -1.464164325299e-12       5.833163291782e-15       3.192828397362e-16       9.109423615445e-17      -1.213540742409e-18 
 2077       2.941791401741e-11       7.236671128620e-13      -1.445633660502e-12       5.826984026920e-15       3.186558996404e-16       9.060560124934e-17      -1.103108450455e-18 
 2078       2.936059474048e-11       7.206323977925e-13      -1.427110955982e-12       5.820792409682e-15       3.180304693820e-16       9.011275930876e-17      -9.935101679613e-19 
 2079       2.930234396645e-11       7.176867470987e-13      -1.408602835603e-12       5.814588260130e-15       3.174065441327e-16       8.961597385573e-17      -8.846943146053e-19 
 2080       2.924316560856e-11       7.148305046251e-13      -1.390115948446e-12       5.808371397634e-15       3.167841190242e-16       8.911550945657e-17      -7.766091034426e-19 
 2081       2.918306360205e-11       7.120640147598e-13      -1.371656968837e-12       5.802141640868e-15       3.161631891484e-16       8.861163172213e-17      -6.692025406568e-19 
 2082       2.912204190419e-11       7.093876224355e-13      -1.353232596374e-12       5.795898807812e-15       3.155437495570e-16       8.810460730907e-17      -5.624224253076e-19 
 2083       2.906010449433e-11       7.068016731295e-13      -1.334849555963e-12       5.789642715752e-15       3.149257952618e-16       8.759470392113e-17      -4.562163490784e-19 
 2084       2.899725537390e-11       7.043065128637e-13      -1.316514597844e-12       5.783373181274e-15       3.143093212343e-16       8.708219031038e-17      -3.505316960252e-19 
 2085       2.893349856644e-11       7.019024882058e-13      -1.298234497622e-12       5.777090020270e-15       3.136943224056e-16       8.656733627850e-17      -2.453156423242e-19 
 2086       2.886883811765e-11       6.995899462686e-13      -1.280016056299e-12       5.770793047930e-15       3.130807936670e-16       8.605041267803e-17      -1.405151560199e-19 
 2087       2.880327809542e-11       6.973692347112e-13      -1.261866100302e-12       5.764482078749e-15       3.124687298690e-16       8.553169141364e-17      -3.607699677404e-20 
 2088       2.873682258982e-11       6.952407017388e-13      -1.243791481513e-12       5.758156926520e-15       3.118581258220e-16       8.501144544341e-17       6.805228438728e-20 
 2089       2.866947571318e-11       6.932046961033e-13      -1.225799077301e-12       5.751817404333e-15       3.112489762957e-16       8.448994878007e-17       1.719263453247e-19 
 2090       2.860124160008e-11       6.912615671036e-13      -1.207895790551e-12       5.745463324579e-15       3.106412760196e-16       8.396747649226e-17       2.755990530378e-19 
 2091       2.853212614377e-11       6.894114575016e-13      -1.190088002861e-12       5.739094551162e-15       3.100350200418e-16       8.344426351519e-17       3.791111883152e-19 
 2092       2.846214221856e-11       6.876536806862e-13      -1.172379929882e-12       5.732711156543e-15       3.094302048104e-16       8.292038076469e-17       4.824504574458e-19 
 2093       2.839130449403e-11       6.859873391502e-13      -1.154775254528e-12       5.726313265792e-15       3.088268270996e-16       8.239585815840e-17       5.855912010740e-19 
 2094       2.831962770208e-11       6.844115311727e-13      -1.137277672773e-12       5.719901004477e-15       3.082248836512e-16       8.187072572782e-17       6.885076642718e-19 
 2095       2.824712663697e-11       6.829253508143e-13      -1.119890893669e-12       5.713474498661e-15       3.076243711747e-16       8.134501361842e-17       7.911739964267e-19 
 2096       2.817381615544e-11       6.815278879115e-13      -1.102618639364e-12       5.707033874903e-15       3.070252863468e-16       8.081875208977e-17       8.935642511284e-19 
 2097       2.809971117677e-11       6.802182280711e-13      -1.085464645111e-12       5.700579260260e-15       3.064276258114e-16       8.029197151573e-17       9.956523860560e-19 
 2098       2.802482668284e-11       6.789954526655e-13      -1.068432659289e-12       5.694110782286e-15       3.058313861802e-16       7.976470238451e-17       1.097412262865e-18 
 2099       2.794917771824e-11       6.778586388266e-13      -1.051526443415e-12       5.687628569035e-15       3.052365640318e-16       7.923697529885e-17       1.198817647075e-18 
 2100       2.787277939030e-11       6.768068594412e-13      -1.034749772158e-12       5.681132749057e-15       3.046431559121e-16       7.870882097614e-17       1.299842207956e-18 
 2101       2.779564686923e-11       6.758391831449e-13      -1.018106433360e-12       5.674623451404e-15       3.040511583343e-16       7.818027024859e-17       1.400459518415e-18 
 2102       2.771779538812e-11       6.749546743174e-13      -1.001600228042e-12       5.668100805628e-15       3.034605677786e-16       7.765135406328e-17       1.500643054886e-18 
 2103       2.763924024308e-11       6.741523930768e-13      -9.852349704297e-13       5.661564941780e-15       3.028713806923e-16       7.712210348239e-17       1.600366197214e-18 
 2104       2.755999679331e-11       6.734313952743e-13      -9.690144879590e-13       5.655015990413e-15       3.022835934898e-16       7.659254968328e-17       1.699602228541e-18 
 2105       2.748008046112e-11       6.727907324889e-13      -9.529426212973e-13       5.648454082582e-15       3.016972025525e-16       7.606272395862e-17       1.798324335200e-18 
 2106       2.739950673209e-11       6.722294520220e-13      -9.370232243566e-13       5.641879349844e-15       3.011122042286e-16       7.553265771656e-17       1.896505606593e-18 
 2107       2.731829115507e-11       6.717465968922e-13      -9.212601643086e-13       5.635291924259e-15       3.005285948333e-16       7.500238248083e-17       1.994119035084e-18 
 2108       2.723644934232e-11       6.713412058297e-13      -9.056573216000e-13       5.628691938391e-15       2.999463706486e-16       7.447192989092e-17       2.091137515887e-18 
 2109       2.715399696953e-11       6.710123132714e-13      -8.902185899680e-13       5.622079525308e-15       2.993655279234e-16       7.394133170215e-17       2.187533846946e-18 
 2110       2.707094977593e-11       6.707589493548e-13      -8.749478764548e-13       5.615454818581e-15       2.987860628731e-16       7.341061978585e-17       2.283280728831e-18 
 2111       2.698732356439e-11       6.705801399134e-13      -8.598491014235e-13       5.608817952289e-15       2.982079716800e-16       7.287982612948e-17       2.378350764620e-18 
 2112       2.690313420143e-11       6.704749064711e-13      -8.449261985725e-13       5.602169061014e-15       2.976312504930e-16       7.234898283679e-17       2.472716459785e-18 
 2113       2.681839761735e-11       6.704422662366e-13      -8.301831149513e-13       5.595508279846e-15       2.970558954275e-16       7.181812212790e-17       2.566350222083e-18 
 2114       2.673312980629e-11       6.704812320984e-13      -8.156238109752e-13       5.588835744382e-15       2.964819025655e-16       7.128727633948e-17       2.659224361441e-18 
 2115       2.664734682631e-11       6.705908126194e-13      -8.012522604407e-13       5.582151590725e-15       2.959092679557e-16       7.075647792488e-17       2.751311089843e-18 
 2116       2.656106479946e-11       6.707700120311e-13      -7.870724505406e-13       5.575455955489e-15       2.953379876129e-16       7.022575945424e-17       2.842582521219e-18 
 2117       2.647429991186e-11       6.710178302291e-13      -7.730883818791e-13       5.568748975793e-15       2.947680575185e-16       6.969515361465e-17       2.933010671328e-18 
 2118       2.638706841379e-11       6.713332627670e-13      -7.593040684870e-13       5.562030789268e-15       2.941994736202e-16       6.916469321027e-17       3.022567457650e-18 
 2119       2.629938661973e-11       6.717153008513e-13      -7.457235378369e-13       5.555301534053e-15       2.936322318321e-16       6.863441116247e-17       3.111224699269e-18 
 2120       2.621127090848e-11       6.721629313362e-13      -7.323508308580e-13       5.548561348799e-15       2.930663280344e-16       6.810434050996e-17       3.198954116765e-18 
 2121       2.612273772321e-11       6.726751367181e-13      -7.191900019519e-13       5.541810372668e-15       2.925017580736e-16       6.757451440894e-17       3.285727332093e-18 
 2122       2.603380357155e-11       6.732508951303e-13      -7.062451190072e-13       5.535048745331e-15       2.919385177624e-16       6.704496613321e-17       3.371515868481e-18 
 2123       2.594448502566e-11       6.738891803376e-13      -6.935202634149e-13       5.528276606973e-15       2.913766028794e-16       6.651572907431e-17       3.456291150306e-18 
 2124       2.585479872230e-11       6.745889617310e-13      -6.810195300835e-13       5.521494098292e-15       2.908160091695e-16       6.598683674168e-17       3.540024502991e-18 
 2125       2.576476136292e-11       6.753492043223e-13      -6.687470274541e-13       5.514701360499e-15       2.902567323435e-16       6.545832276276e-17       3.622687152883e-18 
 2126       2.567438971373e-11       6.761688687390e-13      -6.567068775158e-13       5.507898535318e-15       2.896987680782e-16       6.493022088315e-17       3.704250227148e-18 
 2127       2.558370060577e-11       6.770469112184e-13      -6.449032158203e-13       5.501085764988e-15       2.891421120163e-16       6.440256496673e-17       3.784684753654e-18 
 2128       2.549271093501e-11       6.779822836030e-13      -6.333401914978e-13       5.494263192262e-15       2.885867597663e-16       6.387538899580e-17       3.863961660858e-18 
 2129       2.540143766240e-11       6.789739333344e-13      -6.220219672714e-13       5.487430960411e-15       2.880327069026e-16       6.334872707121e-17       3.942051777695e-18 
 2130       2.530989781395e-11       6.800208034485e-13      -6.109527194729e-13       5.480589213220e-15       2.874799489654e-16       6.282261341250e-17       4.018925833462e-18 
 2131       2.521810823651e-11       6.811217791248e-13      -6.001359155583e-13       5.473738119818e-15       2.869284817293e-16       6.229710116210e-17       4.094562242020e-18 
 2132       2.512608486296e-11       6.822755269437e-13      -5.895721412010e-13       5.466877949348e-15       2.863783020122e-16       6.177231893882e-17       4.168970513056e-18 
 2133       2.503384344214e-11       6.834806545144e-13      -5.792612583025e-13       5.460008996808e-15       2.858294068719e-16       6.124841467312e-17       4.242168001414e-18 
 2134       2.494139978271e-11       6.847357638131e-13      -5.692031261327e-13       5.453131558277e-15       2.852817933381e-16       6.072553683891e-17       4.314172137477e-18 
 2135       2.484876975330e-11       6.860394511759e-13      -5.593976013258e-13       5.446245930914e-15       2.847354584117e-16       6.020383445423e-17       4.385000427258e-18 
 2136       2.475596928251e-11       6.873903072925e-13      -5.498445378764e-13       5.439352412957e-15       2.841903990654e-16       5.968345708185e-17       4.454670452496e-18 
 2137       2.466301435903e-11       6.887869171991e-13      -5.405437871356e-13       5.432451303728e-15       2.836466122435e-16       5.916455482990e-17       4.523199870747e-18 
 2138       2.456992103169e-11       6.902278602720e-13      -5.314951978069e-13       5.425542903632e-15       2.831040948615e-16       5.864727835254e-17       4.590606415478e-18 
 2139       2.447670540953e-11       6.917117102204e-13      -5.226986159428e-13       5.418627514158e-15       2.825628438066e-16       5.813177885052e-17       4.656907896156e-18 
 2140       2.438338366188e-11       6.932370350799e-13      -5.141538849402e-13       5.411705437882e-15       2.820228559372e-16       5.761820807188e-17       4.722122198346e-18 
 2141       2.428997201842e-11       6.948023972057e-13      -5.058608455367e-13       5.404776978466e-15       2.814841280831e-16       5.710671831255e-17       4.786267283800e-18 
 2142       2.419648676924e-11       6.964063532659e-13      -4.978193358069e-13       5.397842440662e-15       2.809466570454e-16       5.659746241698e-17       4.849361190550e-18 
 2143       2.410294426494e-11       6.980474542345e-13      -4.900291911584e-13       5.390902130310e-15       2.804104395966e-16       5.609059377877e-17       4.911422033004e-18 
 2144       2.400936091668e-11       6.997242453852e-13      -4.824902443275e-13       5.383956354341e-15       2.798754724801e-16       5.558626634133e-17       4.972468002034e-18 
 2145       2.391575319626e-11       7.014352662838e-13      -4.752023253756e-13       5.377005420779e-15       2.793417524109e-16       5.508463459845e-17       5.032517365071e-18 
 2146       2.382213763616e-11       7.031790507823e-13      -4.681652616854e-13       5.370049638741e-15       2.788092760749e-16       5.458585359500e-17       5.091588466198e-18 
 2147       2.372853082967e-11       7.049541270114e-13      -4.613788779567e-13       5.363089318438e-15       2.782780401290e-16       5.409007892752e-17       5.149699726244e-18 
 2148       2.363494943089e-11       7.067590173744e-13      -4.548429962023e-13       5.356124771177e-15       2.777480412014e-16       5.359746674487e-17       5.206869642873e-18 
 2149       2.354141015486e-11       7.085922385400e-13      -4.485574357447e-13       5.349156309363e-15       2.772192758911e-16       5.310817374884e-17       5.263116790679e-18 
 2150       2.344792977760e-11       7.104523014356e-13      -4.425220132116e-13       5.342184246498e-15       2.766917407683e-16       5.262235719479e-17       5.318459821281e-18 
 2151       2.335452513617e-11       7.123377112406e-13      -4.367365425321e-13       5.335208897183e-15       2.761654323739e-16       5.214017489231e-17       5.372917463408e-18 
 2152       2.326121312878e-11       7.142469673798e-13      -4.312008349329e-13       5.328230577121e-15       2.756403472198e-16       5.166178520580e-17       5.426508523003e-18 
 2153       2.316801071481e-11       7.161785635164e-13      -4.259146989342e-13       5.321249603117e-15       2.751164817888e-16       5.118734705513e-17       5.479251883307e-18 
 2154       2.307493491493e-11       7.181309875454e-13      -4.208779403462e-13       5.314266293077e-15       2.745938325344e-16       5.071701991628e-17       5.531166504952e-18 
 2155       2.298200281113e-11       7.201027215866e-13      -4.160903622643e-13       5.307280966015e-15       2.740723958809e-16       5.025096382196e-17       5.582271426060e-18 
 2156       2.288923154681e-11       7.220922419783e-13      -4.115517650662e-13       5.300293942047e-15       2.735521682233e-16       4.978933936223e-17       5.632585762329e-18 
 2157       2.279663832685e-11       7.240980192700e-13      -4.072619464072e-13       5.293305542397e-15       2.730331459275e-16       4.933230768514e-17       5.682128707131e-18 
 2158       2.270424041767e-11       7.261185182160e-13      -4.032207012166e-13       5.286316089398e-15       2.725153253297e-16       4.888003049738e-17       5.730919531601e-18 
 2159       2.261205514732e-11       7.281521977686e-13      -3.994278216937e-13       5.279325906492e-15       2.719987027369e-16       4.843267006487e-17       5.778977584729e-18 
 2160       2.252009990553e-11       7.301975110712e-13      -3.958830973039e-13       5.272335318231e-15       2.714832744266e-16       4.799038921343e-17       5.826322293458e-18 
 2161       2.242839214378e-11       7.322529054516e-13      -3.925863147747e-13       5.265344650278e-15       2.709690366469e-16       4.755335132939e-17       5.872973162772e-18 
 2162       2.233694937539e-11       7.343168224153e-13      -3.895372580920e-13       5.258354229411e-15       2.704559856162e-16       4.712172036024e-17       5.918949775789e-18 
 2163       2.224578917556e-11       7.363876976388e-13      -3.867357084958e-13       5.251364383521e-15       2.699441175235e-16       4.669566081522e-17       5.964271793856e-18 
 2164       2.215492918149e-11       7.384639609626e-13      -3.841814444765e-13       5.244375441614e-15       2.694334285282e-16       4.627533776602e-17       6.008958956640e-18 
 2165       2.206438709239e-11       7.405440363847e-13      -3.818742417710e-13       5.237387733813e-15       2.689239147598e-16       4.586091684733e-17       6.053031082222e-18 
 2166       2.197418066958e-11       7.426263420537e-13      -3.798138733586e-13       5.230401591359e-15       2.684155723185e-16       4.545256425754e-17       6.096508067189e-18 
 2167       2.188432773657e-11       7.447092902620e-13      -3.780001094572e-13       5.223417346614e-15       2.679083972744e-16       4.505044675933e-17       6.139409886725e-18 
 2168       2.179484617913e-11       7.467912874391e-13      -3.764327175194e-13       5.216435333056e-15       2.674023856681e-16       4.465473168032e-17       6.181756594707e-18 
 2169       2.170575394531e-11       7.488707341451e-13      -3.751114622285e-13       5.209455885288e-15       2.668975335101e-16       4.426558691367e-17       6.223568323795e-18 
 2170       2.161706904559e-11       7.509460250633e-13      -3.740361054944e-13       5.202479339036e-15       2.663938367814e-16       4.388318091879e-17       6.264865285526e-18 
 2171       2.152880791296e-11       7.530156483109e-13      -3.732059371317e-13       5.195506018425e-15       2.658912917478e-16       4.350761088573e-17       6.305664138098e-18 
 2172       2.144098047109e-11       7.550784841135e-13      -3.726183634413e-13       5.188536197724e-15       2.653898959077e-16       4.313868669814e-17       6.345967062760e-18 
 2173       2.135359503309e-11       7.571335081310e-13      -3.722703091038e-13       5.181570139346e-15       2.648896470509e-16       4.277614551488e-17       6.385772613948e-18 
 2174       2.126665993841e-11       7.591796923189e-13      -3.721586856174e-13       5.174608106551e-15       2.643905429442e-16       4.241972347268e-17       6.425079344907e-18 
 2175       2.118018355287e-11       7.612160049248e-13      -3.722803912826e-13       5.167650363447e-15       2.638925813312e-16       4.206915568499e-17       6.463885807693e-18 
 2176       2.109417426871e-11       7.632414104835e-13      -3.726323111857e-13       5.160697174987e-15       2.633957599326e-16       4.172417624077e-17       6.502190553170e-18 
 2177       2.100864050462e-11       7.652548698131e-13      -3.732113171835e-13       5.153748806974e-15       2.629000764456e-16       4.138451820324e-17       6.539992131013e-18 
 2178       2.092359070574e-11       7.672553400109e-13      -3.740142678870e-13       5.146805526063e-15       2.624055285446e-16       4.104991360875e-17       6.577289089708e-18 
 2179       2.083903334371e-11       7.692417744488e-13      -3.750380086461e-13       5.139867599755e-15       2.619121138805e-16       4.072009346556e-17       6.614079976549e-18 
 2180       2.075497691671e-11       7.712131227694e-13      -3.762793715328e-13       5.132935296406e-15       2.614198300812e-16       4.039478775262e-17       6.650363337643e-18 
 2181       2.067142994945e-11       7.731683308815e-13      -3.777351753261e-13       5.126008885223e-15       2.609286747510e-16       4.007372541841e-17       6.686137717908e-18 
 2182       2.058840099324e-11       7.751063409562e-13      -3.794022254961e-13       5.119088636267e-15       2.604386454712e-16       3.975663437972e-17       6.721401661074e-18 
 2183       2.050589862599e-11       7.770260914223e-13      -3.812773141876e-13       5.112174820450e-15       2.599497397996e-16       3.944324152045e-17       6.756153709681e-18 
 2184       2.042393145224e-11       7.789265169623e-13      -3.833572202046e-13       5.105267709545e-15       2.594619552705e-16       3.913327269044e-17       6.790392405082e-18 
 2185       2.034250810321e-11       7.808065485081e-13      -3.856387089945e-13       5.098367576174e-15       2.589752893950e-16       3.882645270423e-17       6.824116287442e-18 
 2186       2.026163723682e-11       7.826651132367e-13      -3.881185326320e-13       5.091474693822e-15       2.584897396607e-16       3.852250533991e-17       6.857323895738e-18 
 2187       2.018132753770e-11       7.845011345663e-13      -3.907934298033e-13       5.084589336828e-15       2.580053035316e-16       3.822115333788e-17       6.890013767763e-18 
 2188       2.010158771723e-11       7.863135321515e-13      -3.936601257902e-13       5.077711780390e-15       2.575219784483e-16       3.792211839970e-17       6.922184440118e-18 
 2189       2.002242651360e-11       7.881012218796e-13      -3.967153324545e-13       5.070842300568e-15       2.570397618278e-16       3.762512118684e-17       6.953834448221e-18 
 2190       1.994385269176e-11       7.898631158661e-13      -3.999557482216e-13       5.063981174279e-15       2.565586510634e-16       3.732988131952e-17       6.984962326303e-18 
 2191       1.986587504355e-11       7.915981224504e-13      -4.033780580650e-13       5.057128679304e-15       2.560786435251e-16       3.703611737550e-17       7.015566607407e-18 
 2192       1.978850238764e-11       7.933051461918e-13      -4.069789334906e-13       5.050285094285e-15       2.555997365589e-16       3.674354688890e-17       7.045645823394e-18 
 2193       1.971174356961e-11       7.949830878652e-13      -4.107550325201e-13       5.043450698729e-15       2.551219274873e-16       3.645188634897e-17       7.075198504936e-18 
 2194       1.963560746195e-11       7.966308444568e-13      -4.147029996761e-13       5.036625773004e-15       2.546452136090e-16       3.616085119891e-17       7.104223181521e-18 
 2195       1.956010296412e-11       7.982473091598e-13      -4.188194659654e-13       5.029810598346e-15       2.541695921991e-16       3.587015583470e-17       7.132718381453e-18 
 2196       1.948523900255e-11       7.998313713704e-13      -4.231010488636e-13       5.023005456855e-15       2.536950605087e-16       3.557951360384e-17       7.160682631849e-18 
 2197       1.941102453068e-11       8.013819166832e-13      -4.275443522989e-13       5.016210631498e-15       2.532216157651e-16       3.528863680423e-17       7.188114458644e-18 
 2198       1.933746852898e-11       8.028978268876e-13      -4.321459666366e-13       5.009426406111e-15       2.527492551720e-16       3.499723668290e-17       7.215012386587e-18 
 2199       1.926458000500e-11       8.043779799628e-13      -4.369024686629e-13       5.002653065397e-15       2.522779759090e-16       3.470502343486e-17       7.241374939244e-18 
 2200       1.919236799337e-11       8.058212500741e-13      -4.418104215693e-13       4.995890894930e-15       2.518077751317e-16       3.441170620190e-17       7.267200638999e-18 
 2201       1.912084155585e-11       8.072265075685e-13      -4.468663749364e-13       4.989140181153e-15       2.513386499720e-16       3.411699307136e-17       7.292488007049e-18 
 2202       1.905000978135e-11       8.085926189705e-13      -4.520668647183e-13       4.982401211383e-15       2.508705975376e-16       3.382059107498e-17       7.317235563411e-18 
 2203       1.897988178596e-11       8.099184469777e-13      -4.574084132267e-13       4.975674273805e-15       2.504036149123e-16       3.352220618766e-17       7.341441826919e-18 
 2204       1.891046671297e-11       8.112028504569e-13      -4.628875291149e-13       4.968959657480e-15       2.499376991557e-16       3.322154332628e-17       7.365105315223e-18 
 2205       1.884177373293e-11       8.124446844397e-13      -4.685007073618e-13       4.962257652344e-15       2.494728473034e-16       3.291830634853e-17       7.388224544791e-18 
 2206       1.877381204362e-11       8.136428001179e-13      -4.742444292565e-13       4.955568549205e-15       2.490090563671e-16       3.261219805166e-17       7.410798030912e-18 
 2207       1.870659087014e-11       8.147960448401e-13      -4.801151623820e-13       4.948892639749e-15       2.485463233339e-16       3.230292017132e-17       7.432824287689e-18 
 2208       1.864011946491e-11       8.159032621067e-13      -4.861093605995e-13       4.942230216538e-15       2.480846451670e-16       3.199017338036e-17       7.454301828046e-18 
 2209       1.857440710767e-11       8.169632915660e-13      -4.922234640325e-13       4.935581573012e-15       2.476240188054e-16       3.167365728761e-17       7.475229163727e-18 
 2210       1.850946310559e-11       8.179749690100e-13      -4.984538990508e-13       4.928947003490e-15       2.471644411636e-16       3.135307043672e-17       7.495604805293e-18 
 2211       1.844529491760e-11       8.189372920766e-13      -5.047970574087e-13       4.922326768404e-15       2.467059092708e-16       3.102819942751e-17       7.515426911740e-18 
 2212       1.838190251407e-11       8.198499185646e-13      -5.112492335395e-13       4.915720989759e-15       2.462484206877e-16       3.069918692747e-17       7.534692236807e-18 
 2213       1.831928397988e-11       8.207126714099e-13      -5.178066868142e-13       4.909129754983e-15       2.457919730919e-16       3.036626543246e-17       7.553397175690e-18 
 2214       1.825743738664e-11       8.215253732781e-13      -5.244656623333e-13       4.902553151631e-15       2.453365641398e-16       3.002966830621e-17       7.571538114789e-18 
 2215       1.819636079262e-11       8.222878465645e-13      -5.312223909105e-13       4.895991267384e-15       2.448821914664e-16       2.968962978136e-17       7.589111431694e-18 
 2216       1.813605224279e-11       8.229999133939e-13      -5.380730890566e-13       4.889444190050e-15       2.444288526853e-16       2.934638496040e-17       7.606113495182e-18 
 2217       1.807650976876e-11       8.236613956204e-13      -5.450139589627e-13       4.882912007562e-15       2.439765453885e-16       2.900016981668e-17       7.622540665207e-18 
 2218       1.801773138879e-11       8.242721148273e-13      -5.520411884840e-13       4.876394807982e-15       2.435252671466e-16       2.865122119542e-17       7.638389292888e-18 
 2219       1.795971510775e-11       8.248318923268e-13      -5.591509511235e-13       4.869892679495e-15       2.430750155087e-16       2.829977681466e-17       7.653655720509e-18 
 2220       1.790245891713e-11       8.253405491602e-13      -5.663394060154e-13       4.863405710416e-15       2.426257880022e-16       2.794607526627e-17       7.668336281500e-18 
 2221       1.784596079499e-11       8.257979060972e-13      -5.736026979091e-13       4.856933989185e-15       2.421775821330e-16       2.759035601695e-17       7.682427300439e-18 
 2222       1.779021870598e-11       8.262037836360e-13      -5.809369571523e-13       4.850477604368e-15       2.417303953855e-16       2.723285940921e-17       7.695925093036e-18 
 2223       1.773523060129e-11       8.265580020033e-13      -5.883382996749e-13       4.844036644661e-15       2.412842252222e-16       2.687382666236e-17       7.708825966129e-18 
 2224       1.768099441863e-11       8.268603811538e-13      -5.958028269726e-13       4.837611198882e-15       2.408390690843e-16       2.651349987349e-17       7.721126217674e-18 
 2225       1.762750808226e-11       8.271107407703e-13      -6.033266260907e-13       4.831201355981e-15       2.403949243908e-16       2.615212201847e-17       7.732822136738e-18 
 2226       1.757476950290e-11       8.273089002635e-13      -6.109057696072e-13       4.824807205030e-15       2.399517885394e-16       2.578993695294e-17       7.743910003487e-18 
 2227       1.752277657778e-11       8.274546787716e-13      -6.185363156170e-13       4.818428835232e-15       2.395096589058e-16       2.542718941331e-17       7.754386089184e-18 
 2228       1.747152719059e-11       8.275478951605e-13      -6.262143077151e-13       4.812066335914e-15       2.390685328440e-16       2.506412501771e-17       7.764246656173e-18 
 2229       1.742101921145e-11       8.275883680233e-13      -6.339357749803e-13       4.805719796533e-15       2.386284076861e-16       2.470099026704e-17       7.773487957878e-18 
 2230       1.737125049693e-11       8.275759156802e-13      -6.416967319590e-13       4.799389306671e-15       2.381892807424e-16       2.433803254591e-17       7.782106238791e-18 
 2231       1.732221889001e-11       8.275103561787e-13      -6.494931786487e-13       4.793074956037e-15       2.377511493013e-16       2.397550012365e-17       7.790097734462e-18 
 2232       1.727392222003e-11       8.273915072929e-13      -6.573211004815e-13       4.786776834468e-15       2.373140106292e-16       2.361364215528e-17       7.797458671496e-18 
 2233       1.722635830276e-11       8.272191865236e-13      -6.651764683078e-13       4.780495031930e-15       2.368778619707e-16       2.325270868256e-17       7.804185267537e-18 
 2234       1.717952494028e-11       8.269932110983e-13      -6.730552383800e-13       4.774229638512e-15       2.364427005484e-16       2.289295063488e-17       7.810273731268e-18 
 2235       1.713341992105e-11       8.267133979706e-13      -6.809533523362e-13       4.767980744436e-15       2.360085235627e-16       2.253461983036e-17       7.815720262399e-18 
 2236       1.708804101982e-11       8.263795638205e-13      -6.888667371833e-13       4.761748440046e-15       2.355753281922e-16       2.217796897674e-17       7.820521051654e-18 
 2237       1.704338599767e-11       8.259915250538e-13      -6.967913052812e-13       4.755532815817e-15       2.351431115933e-16       2.182325167245e-17       7.824672280773e-18 
 2238       1.699945260196e-11       8.255490978024e-13      -7.047229543263e-13       4.749333962351e-15       2.347118709004e-16       2.147072240755e-17       7.828170122493e-18 
 2239       1.695623856633e-11       8.250520979236e-13      -7.126575673347e-13       4.743151970377e-15       2.342816032256e-16       2.112063656473e-17       7.831010740548e-18 
 2240       1.691374161065e-11       8.245003410005e-13      -7.205910126263e-13       4.736986930751e-15       2.338523056590e-16       2.077325042031e-17       7.833190289654e-18 
 2241       1.687195944104e-11       8.238936423413e-13      -7.285191438083e-13       4.730838934458e-15       2.334239752685e-16       2.042882114523e-17       7.834704915508e-18 
 2242       1.683088974986e-11       8.232318169797e-13      -7.364377997586e-13       4.724708072610e-15       2.329966090996e-16       2.008760680604e-17       7.835550754771e-18 
 2243       1.679053021563e-11       8.225146796742e-13      -7.443428046096e-13       4.718594436447e-15       2.325702041759e-16       1.974986636585e-17       7.835723935068e-18 
 2244       1.675087850308e-11       8.217420449081e-13      -7.522299677318e-13       4.712498117338e-15       2.321447574983e-16       1.941585968539e-17       7.835220574974e-18 
 2245       1.671193226311e-11       8.209137268896e-13      -7.600950837174e-13       4.706419206779e-15       2.317202660457e-16       1.908584752395e-17       7.834036784008e-18 
 2246       1.667368913274e-11       8.200295395513e-13      -7.679339323639e-13       4.700357796392e-15       2.312967267746e-16       1.876009154038e-17       7.832168662623e-18 
 2247       1.663614673516e-11       8.190892965502e-13      -7.757422786578e-13       4.694313977930e-15       2.308741366191e-16       1.843885429409e-17       7.829612302203e-18 
 2248       1.659930267963e-11       8.180928112675e-13      -7.835158727578e-13       4.688287843273e-15       2.304524924907e-16       1.812239924602e-17       7.826363785045e-18 
 2249       1.656315456155e-11       8.170398968084e-13      -7.912504499792e-13       4.682279484430e-15       2.300317912789e-16       1.781099075967e-17       7.822419184361e-18 
 2250       1.652769996236e-11       8.159303660020e-13      -7.989417307768e-13       4.676288993536e-15       2.296120298503e-16       1.750489410202e-17       7.817774564263e-18 
 2251       1.649293536715e-11       8.147641595738e-13      -8.065857620467e-13       4.670316432582e-15       2.291932052352e-16       1.720433486743e-17       7.812421321885e-18 
 2252       1.645885290961e-11       8.135417315752e-13      -8.141799434903e-13       4.664361742379e-15       2.287753151857e-16       1.690937695864e-17       7.806332180654e-18 
 2253       1.642544360587e-11       8.122636664604e-13      -8.217220078924e-13       4.658424832999e-15       2.283583576209e-16       1.662004381414e-17       7.799475105905e-18 
 2254       1.639269843495e-11       8.109305511441e-13      -8.292096804020e-13       4.652505613997e-15       2.279423304413e-16       1.633635891327e-17       7.791817954364e-18 
 2255       1.636060833870e-11       8.095429750045e-13      -8.366406785233e-13       4.646603994409e-15       2.275272315287e-16       1.605834577630e-17       7.783328474030e-18 
 2256       1.632916422178e-11       8.081015298862e-13      -8.440127121076e-13       4.640719882752e-15       2.271130587463e-16       1.578602796443e-17       7.773974304053e-18 
 2257       1.629835695162e-11       8.066068101030e-13      -8.513234833454e-13       4.634853187021e-15       2.266998099386e-16       1.551942907979e-17       7.763722974620e-18 
 2258       1.626817735836e-11       8.050594124408e-13      -8.585706867572e-13       4.629003814692e-15       2.262874829313e-16       1.525857276555e-17       7.752541906834e-18 
 2259       1.623861623482e-11       8.034599361601e-13      -8.657520091860e-13       4.623171672718e-15       2.258760755316e-16       1.500348270586e-17       7.740398412595e-18 
 2260       1.620966433645e-11       8.018089829997e-13      -8.728651297888e-13       4.617356667533e-15       2.254655855276e-16       1.475418262593e-17       7.727259694482e-18 
 2261       1.618131238129e-11       8.001071571788e-13      -8.799077200281e-13       4.611558705044e-15       2.250560106888e-16       1.451069629207e-17       7.713092845636e-18 
 2262       1.615355104991e-11       7.983550654000e-13      -8.868774436636e-13       4.605777690638e-15       2.246473487659e-16       1.427304751167e-17       7.697864849637e-18 
 2263       1.612637098540e-11       7.965533168527e-13      -8.937719567441e-13       4.600013529175e-15       2.242395974906e-16       1.404126013328e-17       7.681542580392e-18 
 2264       1.609976279331e-11       7.947025232152e-13      -9.005889075991e-13       4.594266124993e-15       2.238327545760e-16       1.381535804659e-17       7.664092802009e-18 
 2265       1.607371704159e-11       7.928032986581e-13      -9.073259368305e-13       4.588535381902e-15       2.234268177160e-16       1.359536518251e-17       7.645482168686e-18 
 2266       1.604822426058e-11       7.908562598471e-13      -9.139806773043e-13       4.582821203188e-15       2.230217845859e-16       1.338130551317e-17       7.625677224585e-18 
 2267       1.602327494293e-11       7.888620259457e-13      -9.205507541421e-13       4.577123491608e-15       2.226176528416e-16       1.317320305194e-17       7.604644403720e-18 
 2268       1.599885954359e-11       7.868212186181e-13      -9.270337847131e-13       4.571442149395e-15       2.222144201205e-16       1.297108185348e-17       7.582350029833e-18 
 2269       1.597496847975e-11       7.847344620322e-13      -9.334273786257e-13       4.565777078249e-15       2.218120840407e-16       1.277496601377e-17       7.558760316281e-18 
 2270       1.595159213080e-11       7.826023828623e-13      -9.397291377191e-13       4.560128179346e-15       2.214106422014e-16       1.258487967013e-17       7.533841365909e-18 
 2271       1.592872083829e-11       7.804256102922e-13      -9.459366560551e-13       4.554495353329e-15       2.210100921828e-16       1.240084700124e-17       7.507559170943e-18 
 2272       1.590634490588e-11       7.782047760178e-13      -9.520475199096e-13       4.548878500314e-15       2.206104315458e-16       1.222289222718e-17       7.479879612861e-18 
 2273       1.588445459930e-11       7.759405142501e-13      -9.580593077646e-13       4.543277519883e-15       2.202116578325e-16       1.205103960948e-17       7.450768462279e-18 
 2274       1.586304014630e-11       7.736334617181e-13      -9.639695902997e-13       4.537692311090e-15       2.198137685656e-16       1.188531345111e-17       7.420191378833e-18 
 2275       1.584209173663e-11       7.712842576717e-13      -9.697759303837e-13       4.532122772453e-15       2.194167612488e-16       1.172573809653e-17       7.388113911059e-18 
 2276       1.582159952196e-11       7.688935438845e-13      -9.754758830666e-13       4.526568801960e-15       2.190206333666e-16       1.157233793171e-17       7.354501496275e-18 
 2277       1.580155361589e-11       7.664619646564e-13      -9.810669955711e-13       4.521030297066e-15       2.186253823842e-16       1.142513738418e-17       7.319319460461e-18 
 2278       1.578194409383e-11       7.639901668170e-13      -9.865468072841e-13       4.515507154689e-15       2.182310057477e-16       1.128416092303e-17       7.282533018143e-18 
 2279       1.576276099305e-11       7.614787997282e-13      -9.919128497488e-13       4.509999271216e-15       2.178375008840e-16       1.114943305898e-17       7.244107272273e-18 
 2280       1.574399431256e-11       7.589285152870e-13      -9.971626466562e-13       4.504506542495e-15       2.174448652004e-16       1.102097834435e-17       7.204007214109e-18 
 2281       1.572563401308e-11       7.563399679285e-13      -1.002293713837e-12       4.499028863841e-15       2.170530960853e-16       1.089882137314e-17       7.162197723100e-18 
 2282       1.570767001705e-11       7.537138146287e-13      -1.007303559252e-12       4.493566130029e-15       2.166621909074e-16       1.078298678104e-17       7.118643566764e-18 
 2283       1.569009220853e-11       7.510507149072e-13      -1.012189682986e-12       4.488118235300e-15       2.162721470163e-16       1.067349924547e-17       7.073309400569e-18 
 2284       1.567289043317e-11       7.483513308306e-13      -1.016949577239e-12       4.482685073354e-15       2.158829617421e-16       1.057038348558e-17       7.026159767820e-18 
 2285       1.565605449817e-11       7.456163270147e-13      -1.021580726316e-12       4.477266537355e-15       2.154946323955e-16       1.047366426232e-17       6.977159099535e-18 
 2286       1.563957417226e-11       7.428463706278e-13      -1.026080606619e-12       4.471862519926e-15       2.151071562678e-16       1.038336637843e-17       6.926271714325e-18 
 2287       1.562343918562e-11       7.400421313936e-13      -1.030446686643e-12       4.466472913149e-15       2.147205306308e-16       1.029951467849e-17       6.873461818284e-18 
 2288       1.560763922986e-11       7.372042815937e-13      -1.034676426961e-12       4.461097608567e-15       2.143347527368e-16       1.022213404897e-17       6.818693504859e-18 
 2289       1.559216395796e-11       7.343334960708e-13      -1.038767280220e-12       4.455736497180e-15       2.139498198186e-16       1.015124941820e-17       6.761930754741e-18 
 2290       1.557700298425e-11       7.314304522314e-13      -1.042716691133e-12       4.450389469449e-15       2.135657290894e-16       1.008688575647e-17       6.703137435742e-18 
 2291       1.556214603456e-11       7.284958622670e-13      -1.046522541692e-12       4.445056405001e-15       2.131824779264e-16       1.002902771237e-17       6.642298975986e-18 
 2292       1.554758339793e-11       7.255305700361e-13      -1.050184489940e-12       4.439737141697e-15       2.128000644218e-16       9.977498240021e-18       6.579487535089e-18 
 2293       1.553330547771e-11       7.225354548069e-13      -1.053702639739e-12       4.434431506369e-15       2.124184868348e-16       9.932079196325e-18       6.514797249214e-18 
 2294       1.551930264157e-11       7.195113990991e-13      -1.057077096323e-12       4.429139325085e-15       2.120377434093e-16       9.892551633239e-18       6.448322595954e-18 
 2295       1.550556522146e-11       7.164592886871e-13      -1.060307966305e-12       4.423860423156e-15       2.116578323730e-16       9.858695796897e-18       6.380158394708e-18 
 2296       1.549208351355e-11       7.133800126043e-13      -1.063395357672e-12       4.418594625129e-15       2.112787519379e-16       9.830291126720e-18       6.310399807061e-18 
 2297       1.547884777823e-11       7.102744631460e-13      -1.066339379794e-12       4.413341754786e-15       2.109005003001e-16       9.807116254516e-18       6.239142337155e-18 
 2298       1.546584824003e-11       7.071435358735e-13      -1.069140143421e-12       4.408101635146e-15       2.105230756400e-16       9.788949003591e-18       6.166481832073e-18 
 2299       1.545307508761e-11       7.039881296173e-13      -1.071797760684e-12       4.402874088464e-15       2.101464761217e-16       9.775566387855e-18       6.092514482209e-18 
 2300       1.544051847369e-11       7.008091464810e-13      -1.074312345103e-12       4.397658936228e-15       2.097706998939e-16       9.766744610928e-18       6.017336821648e-18 
 2301       1.542816851504e-11       6.976074918451e-13      -1.076684011581e-12       4.392455999158e-15       2.093957450888e-16       9.762259065246e-18       5.941045728543e-18 
 2302       1.541601529244e-11       6.943840743698e-13      -1.078912876414e-12       4.387265097209e-15       2.090216098231e-16       9.761884331171e-18       5.863738425489e-18 
 2303       1.540404885061e-11       6.911398059996e-13      -1.080999057286e-12       4.382086049565e-15       2.086482921972e-16       9.765394176093e-18       5.785512479903e-18 
 2304       1.539225919819e-11       6.878756019662e-13      -1.082942673273e-12       4.376918674640e-15       2.082757902956e-16       9.772561553543e-18       5.706465804400e-18 
 2305       1.538063630771e-11       6.845923807923e-13      -1.084743844848e-12       4.371762790081e-15       2.079041021869e-16       9.783158602293e-18       5.626696657168e-18 
 2306       1.536917011553e-11       6.812910642955e-13      -1.086402693877e-12       4.366618212759e-15       2.075332259233e-16       9.796956645466e-18       5.546303642346e-18 
 2307       1.535785052181e-11       6.779725775914e-13      -1.087919343628e-12       4.361484758777e-15       2.071631595414e-16       9.813726189646e-18       5.465385710401e-18 
 2308       1.534666739049e-11       6.746378490975e-13      -1.089293918767e-12       4.356362243461e-15       2.067939010612e-16       9.833236923976e-18       5.384042158503e-18 
 2309       1.533561054919e-11       6.712878105369e-13      -1.090526545360e-12       4.351250481365e-15       2.064254484869e-16       9.855257719275e-18       5.302372630903e-18 
 2310       1.532466978926e-11       6.679233969416e-13      -1.091617350881e-12       4.346149286269e-15       2.060577998066e-16       9.879556627139e-18       5.220477119311e-18 
 2311       1.531383486564e-11       6.645455466564e-13      -1.092566464206e-12       4.341058471175e-15       2.056909529920e-16       9.905900879045e-18       5.138455963271e-18 
 2312       1.530309549691e-11       6.611552013422e-13      -1.093374015621e-12       4.335977848309e-15       2.053249059987e-16       9.934056885467e-18       5.056409850537e-18 
 2313       1.529244136520e-11       6.577533059800e-13      -1.094040136820e-12       4.330907229119e-15       2.049596567662e-16       9.963790234974e-18       4.974439817451e-18 
 2314       1.528186211616e-11       6.543408088742e-13      -1.094564960909e-12       4.325846424276e-15       2.045952032177e-16       9.994865693340e-18       4.892647249321e-18 
 2315       1.527134735890e-11       6.509186616562e-13      -1.094948622406e-12       4.320795243670e-15       2.042315432602e-16       1.002704720265e-17       4.811133880795e-18 
 2316       1.526088666602e-11       6.474878192882e-13      -1.095191257245e-12       4.315753496410e-15       2.038686747842e-16       1.006009788041e-17       4.730001796238e-18 
 2317       1.525046957348e-11       6.440492400666e-13      -1.095293002776e-12       4.310720990826e-15       2.035065956643e-16       1.009378001865e-17       4.649353430112e-18 
 2318       1.524008558062e-11       6.406038856259e-13      -1.095253997770e-12       4.305697534465e-15       2.031453037585e-16       1.012785508304e-17       4.569291567348e-18 
 2319       1.522972415011e-11       6.371527209419e-13      -1.095074382416e-12       4.300682934088e-15       2.027847969085e-16       1.016208371196e-17       4.489919343727e-18 
 2320       1.521937470788e-11       6.336967143356e-13      -1.094754298326e-12       4.295676995677e-15       2.024250729397e-16       1.019622571568e-17       4.411340246253e-18 
 2321       1.520902664313e-11       6.302368374767e-13      -1.094293888538e-12       4.290679524426e-15       2.020661296612e-16       1.023004007538e-17       4.333658113534e-18 
 2322       1.519866930824e-11       6.267740653873e-13      -1.093693297514e-12       4.285690324743e-15       2.017079648655e-16       1.026328494234e-17       4.256977136153e-18 
 2323       1.518829201878e-11       6.233093764454e-13      -1.092952671145e-12       4.280709200252e-15       2.013505763288e-16       1.029571763696e-17       4.181401857050e-18 
 2324       1.517788405341e-11       6.198437523883e-13      -1.092072156753e-12       4.275735953786e-15       2.009939618109e-16       1.032709464794e-17       4.107037171897e-18 
 2325       1.516743465392e-11       6.163781783169e-13      -1.091051903089e-12       4.270770387391e-15       2.006381190551e-16       1.035717163137e-17       4.033988329474e-18 
 2326       1.515693302510e-11       6.129136426985e-13      -1.089892060342e-12       4.265812302326e-15       2.002830457881e-16       1.038570340980e-17       3.962360932044e-18 
 2327       1.514636833477e-11       6.094511373707e-13      -1.088592780132e-12       4.260861499055e-15       1.999287397202e-16       1.041244397138e-17       3.892260935735e-18 
 2328       1.513572971372e-11       6.059916575454e-13      -1.087154215520e-12       4.255917777255e-15       1.995751985452e-16       1.043714646898e-17       3.823794650912e-18 
 2329       1.512500625563e-11       6.025362018118e-13      -1.085576521004e-12       4.250980935810e-15       1.992224199403e-16       1.045956321925e-17       3.757068742555e-18 
 2330       1.511418701712e-11       5.990857721402e-13      -1.083859852524e-12       4.246050772808e-15       1.988704015662e-16       1.047944570177e-17       3.692190230636e-18 
 2331       1.510326207421e-11       5.956413138931e-13      -1.082004656111e-12       4.241127094326e-15       1.985191412347e-16       1.049660934799e-17       3.629239206466e-18 
 2332       1.509222569935e-11       5.922035354381e-13      -1.080012535813e-12       4.236209740813e-15       1.981686374142e-16       1.051112835469e-17       3.568186793695e-18 
 2333       1.508107320434e-11       5.887730874090e-13      -1.077885391224e-12       4.231298560868e-15       1.978188887272e-16       1.052314209236e-17       3.508976672783e-18 
 2334       1.506979988547e-11       5.853506225982e-13      -1.075625129340e-12       4.226393402476e-15       1.974698937833e-16       1.053279042699e-17       3.451552318010e-18 
 2335       1.505840102354e-11       5.819367959583e-13      -1.073233664566e-12       4.221494113003e-15       1.971216511787e-16       1.054021372060e-17       3.395856997253e-18 
 2336       1.504687188382e-11       5.785322646051e-13      -1.070712918724e-12       4.216600539199e-15       1.967741594965e-16       1.054555283179e-17       3.341833771759e-18 
 2337       1.503520771607e-11       5.751376878196e-13      -1.068064821064e-12       4.211712527196e-15       1.964274173064e-16       1.054894911626e-17       3.289425495922e-18 
 2338       1.502340375448e-11       5.717537270501e-13      -1.065291308269e-12       4.206829922509e-15       1.960814231650e-16       1.055054442735e-17       3.238574817057e-18 
 2339       1.501145521769e-11       5.683810459149e-13      -1.062394324466e-12       4.201952570034e-15       1.957361756154e-16       1.055048111659e-17       3.189224175170e-18 
 2340       1.499935730877e-11       5.650203102041e-13      -1.059375821230e-12       4.197080314044e-15       1.953916731877e-16       1.054890203424e-17       3.141315802738e-18 
 2341       1.498710521515e-11       5.616721878823e-13      -1.056237757600e-12       4.192212998196e-15       1.950479143984e-16       1.054595052979e-17       3.094791724480e-18 
 2342       1.497469410869e-11       5.583373490907e-13      -1.052982100076e-12       4.187350465523e-15       1.947048977508e-16       1.054177045253e-17       3.049593757135e-18 
 2343       1.496211914560e-11       5.550164661492e-13      -1.049610822640e-12       4.182492558436e-15       1.943626217347e-16       1.053650615211e-17       3.005663509230e-18 
 2344       1.494937546644e-11       5.517102135590e-13      -1.046125906753e-12       4.177639118725e-15       1.940210848269e-16       1.053030247900e-17       2.962942380861e-18 
 2345       1.493645819611e-11       5.484192680047e-13      -1.042529341370e-12       4.172789987556e-15       1.936802854903e-16       1.052330478511e-17       2.921371563465e-18 
 2346       1.492336244383e-11       5.451443083568e-13      -1.038823122946e-12       4.167945005471e-15       1.933402221747e-16       1.051565892428e-17       2.880892039592e-18 
 2347       1.491008330314e-11       5.418860156735e-13      -1.035009255444e-12       4.163104012387e-15       1.930008933165e-16       1.050751125282e-17       2.841444582683e-18 
 2348       1.489661585183e-11       5.386450732035e-13      -1.031089750346e-12       4.158266847596e-15       1.926622973385e-16       1.049900863007e-17       2.802969756844e-18 
 2349       1.488295515201e-11       5.354221663880e-13      -1.027066626657e-12       4.153433349764e-15       1.923244326501e-16       1.049029841891e-17       2.765407916618e-18 
 2350       1.486909624999e-11       5.322179828629e-13      -1.022941910914e-12       4.148603356929e-15       1.919872976472e-16       1.048152848631e-17       2.728699206759e-18 
 2351       1.485503417637e-11       5.290332124616e-13      -1.018717637199e-12       4.143776706503e-15       1.916508907123e-16       1.047284720388e-17       2.692783562013e-18 
 2352       1.484076394594e-11       5.258685472165e-13      -1.014395847141e-12       4.138953235269e-15       1.913152102143e-16       1.046440344838e-17       2.657600706882e-18 
 2353       1.482628055770e-11       5.227246813620e-13      -1.009978589929e-12       4.134132779382e-15       1.909802545084e-16       1.045634660227e-17       2.623090155409e-18 
 2354       1.481157899485e-11       5.196023113362e-13      -1.005467922315e-12       4.129315174366e-15       1.906460219366e-16       1.044882655426e-17       2.589191210945e-18 
 2355       1.479665422475e-11       5.165021357836e-13      -1.000865908629e-12       4.124500255115e-15       1.903125108271e-16       1.044199369981e-17       2.555842965925e-18 
 2356       1.478150119892e-11       5.134248555573e-13      -9.961746207821e-13       4.119687855893e-15       1.899797194946e-16       1.043599894173e-17       2.522984301645e-18 
 2357       1.476611485303e-11       5.103711737210e-13      -9.913961382763e-13       4.114877810330e-15       1.896476462400e-16       1.043099369063e-17       2.490553888033e-18 
 2358       1.475049010685e-11       5.073417955517e-13      -9.865325482129e-13       4.110069951427e-15       1.893162893509e-16       1.042712986555e-17       2.458490183427e-18 
 2359       1.473462186428e-11       5.043374285416e-13      -9.815859453008e-13       4.105264111548e-15       1.889856471010e-16       1.042455989443e-17       2.426731434347e-18 
 2360       1.471850501331e-11       5.013587824007e-13      -9.765584318644e-13       4.100460122426e-15       1.886557177504e-16       1.042343671467e-17       2.395215675268e-18 
 2361       1.470213442598e-11       4.984065690589e-13      -9.714521178521e-13       4.095657815159e-15       1.883264995456e-16       1.042391377366e-17       2.363880728398e-18 
 2362       1.468550495842e-11       4.954815026681e-13      -9.662691208444e-13       4.090857020208e-15       1.879979907194e-16       1.042614502936e-17       2.332664203450e-18 
 2363       1.466861145077e-11       4.925842996049e-13      -9.610115660623e-13       4.086057567399e-15       1.876701894907e-16       1.043028495075e-17       2.301503497418e-18 
 2364       1.465144872722e-11       4.897156784728e-13      -9.556815863752e-13       4.081259285922e-15       1.873430940650e-16       1.043648851845e-17       2.270335794350e-18 
 2365       1.463401159595e-11       4.868763601041e-13      -9.502813223095e-13       4.076462004329e-15       1.870167026337e-16       1.044491122522e-17       2.239098065122e-18 
 2366       1.461629484915e-11       4.840670675624e-13      -9.448129220568e-13       4.071665550534e-15       1.866910133746e-16       1.045570907649e-17       2.207727067214e-18 
 2367       1.459829326298e-11       4.812885261452e-13      -9.392785414818e-13       4.066869751813e-15       1.863660244518e-16       1.046903859093e-17       2.176159344485e-18 
 2368       1.458000159754e-11       4.785414633857e-13      -9.336803441312e-13       4.062074434799e-15       1.860417340154e-16       1.048505680094e-17       2.144331226944e-18 
 2369       1.456141459691e-11       4.758266090552e-13      -9.280205012410e-13       4.057279425491e-15       1.857181402019e-16       1.050392125323e-17       2.112178830528e-18 
 2370       1.454252698905e-11       4.731446951658e-13      -9.223011917458e-13       4.052484549240e-15       1.853952411338e-16       1.052579000934e-17       2.079638056873e-18 
 2371       1.452333461567e-11       4.704963531833e-13      -9.165246088455e-13       4.047689650482e-15       1.850730349692e-16       1.055078296827e-17       2.046656866667e-18 
 2372       1.450383782915e-11       4.678818049710e-13      -9.106929797359e-13       4.042894652023e-15       1.847515200509e-16       1.057886557235e-17       2.013232182957e-18 
 2373       1.448403811652e-11       4.653011699424e-13      -9.048085460169e-13       4.038099496112e-15       1.844306947580e-16       1.060996438434e-17       1.979373215276e-18 
 2374       1.446393697159e-11       4.627545676764e-13      -8.988735571522e-13       4.033304124756e-15       1.841105574569e-16       1.064400569976e-17       1.945089206794e-18 
 2375       1.444353589494e-11       4.602421179179e-13      -8.928902704780e-13       4.028508479716e-15       1.837911065009e-16       1.068091554669e-17       1.910389434358e-18 
 2376       1.442283639392e-11       4.577639405773e-13      -8.868609512114e-13       4.023712502511e-15       1.834723402305e-16       1.072061968539e-17       1.875283208525e-18 
 2377       1.440183998269e-11       4.553201557310e-13      -8.807878724584e-13       4.018916134413e-15       1.831542569730e-16       1.076304360811e-17       1.839779873600e-18 
 2378       1.438054818219e-11       4.529108836212e-13      -8.746733152228e-13       4.014119316450e-15       1.828368550431e-16       1.080811253871e-17       1.803888807674e-18 
 2379       1.435896252017e-11       4.505362446563e-13      -8.685195684141e-13       4.009321989404e-15       1.825201327423e-16       1.085575143242e-17       1.767619422658e-18 
 2380       1.433708453121e-11       4.481963594107e-13      -8.623289288565e-13       4.004524093812e-15       1.822040883590e-16       1.090588497556e-17       1.730981164317e-18 
 2381       1.431491575668e-11       4.458913486250e-13      -8.561037012963e-13       3.999725569964e-15       1.818887201687e-16       1.095843758523e-17       1.693983512313e-18 
 2382       1.429245774480e-11       4.436213332062e-13      -8.498461984115e-13       3.994926357905e-15       1.815740264338e-16       1.101333340901e-17       1.656635980236e-18 
 2383       1.426971205063e-11       4.413864342276e-13      -8.435587408190e-13       3.990126397434e-15       1.812600054039e-16       1.107049632471e-17       1.618948115639e-18 
 2384       1.424668023605e-11       4.391867729289e-13      -8.372436570840e-13       3.985325628101e-15       1.809466553151e-16       1.112984994004e-17       1.580929500082e-18 
 2385       1.422336386982e-11       4.370224707165e-13      -8.309032837276e-13       3.980523989211e-15       1.806339743906e-16       1.119131759237e-17       1.542589749158e-18 
 2386       1.419976452754e-11       4.348936491634e-13      -8.245399652355e-13       3.975721419822e-15       1.803219608406e-16       1.125482234839e-17       1.503938512539e-18 
 2387       1.417588379169e-11       4.328004300091e-13      -8.181560540667e-13       3.970917858741e-15       1.800106128622e-16       1.132028700386e-17       1.464985474005e-18 
 2388       1.415172325161e-11       4.307429351604e-13      -8.117539106612e-13       3.966113244531e-15       1.796999286390e-16       1.138763408330e-17       1.425740351484e-18 
 2389       1.412728450354e-11       4.287212866905e-13      -8.053359034488e-13       3.961307515506e-15       1.793899063418e-16       1.145678583971e-17       1.386212897088e-18 
 2390       1.410256915058e-11       4.267356068399e-13      -7.989044088577e-13       3.956500609729e-15       1.790805441281e-16       1.152766425429e-17       1.346412897148e-18 
 2391       1.407757880277e-11       4.247860180161e-13      -7.924618113221e-13       3.951692465017e-15       1.787718401422e-16       1.160019103613e-17       1.306350172250e-18 
 2392       1.405231507703e-11       4.228726427936e-13      -7.860105032917e-13       3.946883018937e-15       1.784637925153e-16       1.167428762194e-17       1.266034577275e-18 
 2393       1.402677959719e-11       4.209956039145e-13      -7.795528852388e-13       3.942072208807e-15       1.781563993652e-16       1.174987517577e-17       1.225476001430e-18 
 2394       1.400097399401e-11       4.191550242879e-13      -7.730913656679e-13       3.937259971694e-15       1.778496587965e-16       1.182687458868e-17       1.184684368288e-18 
 2395       1.397489990517e-11       4.173510269905e-13      -7.666283611232e-13       3.932446244417e-15       1.775435689007e-16       1.190520647852e-17       1.143669635823e-18 
 2396       1.394855897531e-11       4.155837352666e-13      -7.601662961975e-13       3.927630963545e-15       1.772381277558e-16       1.198479118955e-17       1.102441796446e-18 
 2397       1.392195285599e-11       4.138532725278e-13      -7.537076035401e-13       3.922814065393e-15       1.769333334267e-16       1.206554879225e-17       1.061010877043e-18 
 2398       1.389508320572e-11       4.121597623536e-13      -7.472547238658e-13       3.917995486030e-15       1.766291839648e-16       1.214739908296e-17       1.019386939009e-18 
 2399       1.386795168999e-11       4.105033284914e-13      -7.408101059628e-13       3.913175161271e-15       1.763256774083e-16       1.223026158363e-17       9.775800782845e-19 
 2400       1.384055998124e-11       4.088840948561e-13      -7.343762067012e-13       3.908353026680e-15       1.760228117821e-16       1.231405554151e-17       9.356004253948e-19 
 2401       1.381290975889e-11       4.073021855310e-13      -7.279554910414e-13       3.903529017571e-15       1.757205850977e-16       1.239869992887e-17       8.934581454824e-19 
 2402       1.378500270934e-11       4.057577247670e-13      -7.215504320425e-13       3.898703069004e-15       1.754189953531e-16       1.248411344273e-17       8.511634383454e-19 
 2403       1.375684052599e-11       4.042508369834e-13      -7.151635108708e-13       3.893875115788e-15       1.751180405330e-16       1.257021450452e-17       8.087265384736e-19 
 2404       1.372842490922e-11       4.027816467676e-13      -7.087972168079e-13       3.889045092479e-15       1.748177186088e-16       1.265692125985e-17       7.661577150843e-19 
 2405       1.369975756644e-11       4.013502788754e-13      -7.024540472593e-13       3.884212933382e-15       1.745180275382e-16       1.274415157821e-17       7.234672721589e-19 
 2406       1.367084021206e-11       3.999568582309e-13      -6.961365077626e-13       3.879378572546e-15       1.742189652658e-16       1.283182305264e-17       6.806655484794e-19 
 2407       1.364167456750e-11       3.986015099267e-13      -6.898471119962e-13       3.874541943769e-15       1.739205297224e-16       1.291985299948e-17       6.377629176641e-19 
 2408       1.361226236122e-11       3.972843592240e-13      -6.835883817873e-13       3.869702980594e-15       1.736227188256e-16       1.300815845809e-17       5.947697882043e-19 
 2409       1.358260532873e-11       3.960055315526e-13      -6.773628471205e-13       3.864861616313e-15       1.733255304793e-16       1.309665619052e-17       5.516966035007e-19 
 2410       1.355270521256e-11       3.947651525111e-13      -6.711730461463e-13       3.860017783959e-15       1.730289625741e-16       1.318526268127e-17       5.085538418993e-19 
 2411       1.352256428551e-11       3.935632645692e-13      -6.650212989848e-13       3.855171436693e-15       1.727330131211e-16       1.327392300067e-17       4.653503482391e-19 
 2412       1.349218692370e-11       3.923995766232e-13      -6.589090276212e-13       3.850322609074e-15       1.724376806562e-16       1.336269758737e-17       4.220883173489e-19 
 2413       1.346157804310e-11       3.912737129198e-13      -6.528374318970e-13       3.845471356155e-15       1.721429638382e-16       1.345167599230e-17       3.787682801581e-19 
 2414       1.343074257718e-11       3.901852962140e-13      -6.468077153429e-13       3.840617733140e-15       1.718488613153e-16       1.354094806315e-17       3.353907694209e-19 
 2415       1.339968547691e-11       3.891339477675e-13      -6.408210851827e-13       3.835761795387e-15       1.715553717245e-16       1.363060394466e-17       2.919563197186e-19 
 2416       1.336841171083e-11       3.881192873472e-13      -6.348787523369e-13       3.830903598402e-15       1.712624936922e-16       1.372073407892e-17       2.484654674608e-19 
 2417       1.333692626504e-11       3.871409332233e-13      -6.289819314265e-13       3.826043197845e-15       1.709702258335e-16       1.381142920573e-17       2.049187508879e-19 
 2418       1.330523414320e-11       3.861985021678e-13      -6.231318407765e-13       3.821180649525e-15       1.706785667528e-16       1.390278036282e-17       1.613167100725e-19 
 2419       1.327334036659e-11       3.852916094530e-13      -6.173297024197e-13       3.816316009404e-15       1.703875150434e-16       1.399487888623e-17       1.176598869214e-19 
 2420       1.324124997409e-11       3.844198688497e-13      -6.115767421007e-13       3.811449333597e-15       1.700970692877e-16       1.408781641059e-17       7.394882517770e-20 
 2421       1.320896802225e-11       3.835828926254e-13      -6.058741892792e-13       3.806580678369e-15       1.698072280569e-16       1.418168486943e-17       3.018407042232e-20 
 2422       1.317649958522e-11       3.827802915433e-13      -6.002232771339e-13       3.801710100139e-15       1.695179899116e-16       1.427657649548e-17      -1.363382992399e-20 
 2423       1.314384975488e-11       3.820116748598e-13      -5.946252425663e-13       3.796837655476e-15       1.692293534009e-16       1.437258382100e-17      -5.750432659878e-20 
 2424       1.311102364076e-11       3.812766503236e-13      -5.890813262042e-13       3.791963401103e-15       1.689413170631e-16       1.446979967804e-17      -1.014268684961e-19 
 2425       1.307802637011e-11       3.805748241737e-13      -5.835927724055e-13       3.787087393895e-15       1.686538794255e-16       1.456831719882e-17      -1.454009026644e-19 
 2426       1.304486308792e-11       3.799058011379e-13      -5.781608292621e-13       3.782209690880e-15       1.683670390042e-16       1.466822981595e-17      -1.894258743053e-19 
 2427       1.301153895692e-11       3.792691844310e-13      -5.727867486034e-13       3.777330349239e-15       1.680807943043e-16       1.476963126283e-17      -2.335012267708e-19 
 2428       1.297805915760e-11       3.786645757535e-13      -5.674717859999e-13       3.772449426304e-15       1.677951438197e-16       1.487261557389e-17      -2.776264015623e-19 
 2429       1.294442888825e-11       3.780915752895e-13      -5.622172007673e-13       3.767566979562e-15       1.675100860333e-16       1.497727708490e-17      -3.218008383280e-19 
 2430       1.291065336493e-11       3.775497817055e-13      -5.570242559700e-13       3.762683066653e-15       1.672256194169e-16       1.508371043333e-17      -3.660239748618e-19 
 2431       1.287673782157e-11       3.770387921486e-13      -5.518942184245e-13       3.757797745370e-15       1.669417424309e-16       1.519201055860e-17      -4.102952471008e-19 
 2432       1.284268750988e-11       3.765582022447e-13      -5.468283587039e-13       3.752911073659e-15       1.666584535249e-16       1.530227270241e-17      -4.546140891236e-19 
 2433       1.280850769949e-11       3.761076060973e-13      -5.418279511406e-13       3.748023109620e-15       1.663757511371e-16       1.541459240907e-17      -4.989799331486e-19 
 2434       1.277420367785e-11       3.756865962853e-13      -5.368942738310e-13       3.743133911508e-15       1.660936336946e-16       1.552906552577e-17      -5.433922095322e-19 
 2435       1.273978075034e-11       3.752947638619e-13      -5.320286086386e-13       3.738243537729e-15       1.658120996133e-16       1.564578820289e-17      -5.878503467665e-19 
 2436       1.270524424025e-11       3.749316983527e-13      -5.272322411977e-13       3.733352046845e-15       1.655311472978e-16       1.576485689433e-17      -6.323537714780e-19 
 2437       1.267059948879e-11       3.745969877541e-13      -5.225064609175e-13       3.728459497573e-15       1.652507751417e-16       1.588636835783e-17      -6.769019084253e-19 
 2438       1.263585185513e-11       3.742902185314e-13      -5.178525609855e-13       3.723565948782e-15       1.649709815271e-16       1.601041965522e-17      -7.214941804975e-19 
 2439       1.260100671639e-11       3.740109756180e-13      -5.132718383715e-13       3.718671459497e-15       1.646917648250e-16       1.613710815277e-17      -7.661300087122e-19 
 2440       1.256606946771e-11       3.737588424126e-13      -5.087655938308e-13       3.713776088897e-15       1.644131233952e-16       1.626653152151e-17      -8.108088122136e-19 
 2441       1.253104552221e-11       3.735334007787e-13      -5.043351319084e-13       3.708879896315e-15       1.641350555859e-16       1.639878773749e-17      -8.555300082710e-19 
 2442       1.249594031104e-11       3.733342310422e-13      -4.999817609427e-13       3.703982941240e-15       1.638575597345e-16       1.653397508214e-17      -9.002930122763e-19 
 2443       1.246075928340e-11       3.731609119900e-13      -4.957067930688e-13       3.699085283316e-15       1.635806341666e-16       1.667219214252e-17      -9.450972377429e-19 
 2444       1.242550790655e-11       3.730130208683e-13      -4.915115442227e-13       3.694186982342e-15       1.633042771968e-16       1.681353781169e-17      -9.899420963030e-19 
 2445       1.239019166581e-11       3.728901333814e-13      -4.873973341446e-13       3.689288098270e-15       1.630284871282e-16       1.695811128897e-17      -1.034826997707e-18 
 2446       1.235481606463e-11       3.727918236894e-13      -4.833654863830e-13       3.684388691210e-15       1.627532622526e-16       1.710601208026e-17      -1.079751349819e-18 
 2447       1.231938662456e-11       3.727176644071e-13      -4.794173282981e-13       3.679488821427e-15       1.624786008506e-16       1.725733999837e-17      -1.124714558619e-18 
 2448       1.228390888528e-11       3.726672266019e-13      -4.755541910655e-13       3.674588549342e-15       1.622045011911e-16       1.741219516328e-17      -1.169716028198e-18 
 2449       1.224838840464e-11       3.726400797926e-13      -4.717774096804e-13       3.669687935530e-15       1.619309615318e-16       1.757067800249e-17      -1.214755160756e-18 
 2450       1.221283075864e-11       3.726357919478e-13      -4.680883229606e-13       3.664787040724e-15       1.616579801190e-16       1.773288925132e-17      -1.259831356602e-18 
 2451       1.217724141192e-11       3.726539121854e-13      -4.644880365570e-13       3.659885935258e-15       1.613855553824e-16       1.789888014872e-17      -1.304937947763e-18 
 2452       1.214162532815e-11       3.726939187644e-13      -4.609767104291e-13       3.654984727473e-15       1.611136865205e-16       1.806850269902e-17      -1.350043959210e-18 
 2453       1.210598735735e-11       3.727552707793e-13      -4.575542671200e-13       3.650083535484e-15       1.608423729187e-16       1.824155851625e-17      -1.395112238674e-18 
 2454       1.207033236523e-11       3.728374254286e-13      -4.542206283628e-13       3.645182477747e-15       1.605716139549e-16       1.841784854675e-17      -1.440105513010e-18 
 2455       1.203466523322e-11       3.729398380125e-13      -4.509757150794e-13       3.640281673058e-15       1.603014089993e-16       1.859717306845e-17      -1.484986388081e-18 
 2456       1.199899085850e-11       3.730619619311e-13      -4.478194473799e-13       3.635381240559e-15       1.600317574142e-16       1.877933169019e-17      -1.529717348630e-18 
 2457       1.196331415397e-11       3.732032486827e-13      -4.447517445610e-13       3.630481299732e-15       1.597626585544e-16       1.896412335104e-17      -1.574260758160e-18 
 2458       1.192764004835e-11       3.733631478610e-13      -4.417725251053e-13       3.625581970403e-15       1.594941117672e-16       1.915134631962e-17      -1.618578858808e-18 
 2459       1.189197348610e-11       3.735411071540e-13      -4.388817066803e-13       3.620683372741e-15       1.592261163920e-16       1.934079819338e-17      -1.662633771227e-18 
 2460       1.185631942750e-11       3.737365723415e-13      -4.360792061374e-13       3.615785627260e-15       1.589586717604e-16       1.953227589793e-17      -1.706387494456e-18 
 2461       1.182068284865e-11       3.739489872935e-13      -4.333649395107e-13       3.610888854815e-15       1.586917771964e-16       1.972557568640e-17      -1.749801905805e-18 
 2462       1.178506874147e-11       3.741777939676e-13      -4.307388220161e-13       3.605993176609e-15       1.584254320165e-16       1.992049313866e-17      -1.792838760724e-18 
 2463       1.174948211374e-11       3.744224324079e-13      -4.282007680502e-13       3.601098714188e-15       1.581596355290e-16       2.011682316071e-17      -1.835459692687e-18 
 2464       1.171392798909e-11       3.746823407422e-13      -4.257506911896e-13       3.596205589442e-15       1.578943870349e-16       2.031435998396e-17      -1.877626213065e-18 
 2465       1.167841140705e-11       3.749569551806e-13      -4.233885041892e-13       3.591313924607e-15       1.576296858272e-16       2.051289716455e-17      -1.919299711003e-18 
 2466       1.164293742302e-11       3.752457100131e-13      -4.211141189820e-13       3.586423842265e-15       1.573655311911e-16       2.071222758266e-17      -1.960441453300e-18 
 2467       1.160751110834e-11       3.755480376080e-13      -4.189274466776e-13       3.581535465344e-15       1.571019224042e-16       2.091214344183e-17      -2.001012584281e-18 
 2468       1.157213755026e-11       3.758633684097e-13      -4.168283975611e-13       3.576648917118e-15       1.568388587363e-16       2.111243626825e-17      -2.040974125680e-18 
 2469       1.153682185197e-11       3.761911309367e-13      -4.148168810924e-13       3.571764321208e-15       1.565763394492e-16       2.131289691012e-17      -2.080286976511e-18 
 2470       1.150156913265e-11       3.765307517797e-13      -4.128928059051e-13       3.566881801581e-15       1.563143637972e-16       2.151331553691e-17      -2.118911912952e-18 
 2471       1.146638452741e-11       3.768816555997e-13      -4.110560798052e-13       3.562001482552e-15       1.560529310264e-16       2.171348163870e-17      -2.156809588215e-18 
 2472       1.143127318738e-11       3.772432651259e-13      -4.093066097705e-13       3.557123488783e-15       1.557920403755e-16       2.191318402549e-17      -2.193940532426e-18 
 2473       1.139624027971e-11       3.776150011537e-13      -4.076443019493e-13       3.552247945284e-15       1.555316910751e-16       2.211221082653e-17      -2.230265152502e-18 
 2474       1.136129098753e-11       3.779962825430e-13      -4.060690616593e-13       3.547374977415e-15       1.552718823479e-16       2.231034948958e-17      -2.265743732031e-18 
 2475       1.132643051005e-11       3.783865262156e-13      -4.045807933871e-13       3.542504710882e-15       1.550126134090e-16       2.250738678028e-17      -2.300336431143e-18 
 2476       1.129166406252e-11       3.787851471541e-13      -4.031794007865e-13       3.537637271740e-15       1.547538834654e-16       2.270310878145e-17      -2.334003286391e-18 
 2477       1.125699687626e-11       3.791915583990e-13      -4.018647866779e-13       3.532772786395e-15       1.544956917163e-16       2.289730089238e-17      -2.366704210627e-18 
 2478       1.122243419868e-11       3.796051710476e-13      -4.006368530472e-13       3.527911381603e-15       1.542380373532e-16       2.308974782815e-17      -2.398398992878e-18 
 2479       1.118798129328e-11       3.800253942513e-13      -3.994955010447e-13       3.523053184466e-15       1.539809195594e-16       2.328023361896e-17      -2.429047298227e-18 
 2480       1.115364343970e-11       3.804516352141e-13      -3.984406309844e-13       3.518198322439e-15       1.537243375104e-16       2.346854160944e-17      -2.458608667685e-18 
 2481       1.111942593370e-11       3.808832991903e-13      -3.974721423423e-13       3.513346923329e-15       1.534682903738e-16       2.365445445793e-17      -2.487042518069e-18 
 2482       1.108533408720e-11       3.813197894828e-13      -3.965899337562e-13       3.508499115290e-15       1.532127773094e-16       2.383775413585e-17      -2.514308141884e-18 
 2483       1.105137322828e-11       3.817605074409e-13      -3.957939030240e-13       3.503655026830e-15       1.529577974689e-16       2.401822192695e-17      -2.540364707191e-18 
 2484       1.101754870120e-11       3.822048524585e-13      -3.950839471031e-13       3.498814786807e-15       1.527033499961e-16       2.419563842668e-17      -2.565171257494e-18 
 2485       1.098386586642e-11       3.826522219719e-13      -3.944599621093e-13       3.493978524432e-15       1.524494340268e-16       2.436978354146e-17      -2.588686711610e-18 
 2486       1.095033010063e-11       3.831020114581e-13      -3.939218433156e-13       3.489146369266e-15       1.521960486890e-16       2.454043648802e-17      -2.610869863547e-18 
 2487       1.091694679672e-11       3.835536144327e-13      -3.934694851515e-13       3.484318451226e-15       1.519431931024e-16       2.470737579269e-17      -2.631679382384e-18 
 2488       1.088372136385e-11       3.840064224477e-13      -3.931027812015e-13       3.479494900578e-15       1.516908663791e-16       2.487037929075e-17      -2.651073812146e-18 
 2489       1.085065922744e-11       3.844598250901e-13      -3.928216242046e-13       3.474675847944e-15       1.514390676229e-16       2.502922412569e-17      -2.669011571681e-18 
 2490       1.081776582917e-11       3.849132099791e-13      -3.926259060531e-13       3.469861424297e-15       1.511877959297e-16       2.518368674857e-17      -2.685450954535e-18 
 2491       1.078504602787e-11       3.853659956607e-13      -3.925152525604e-13       3.465051753873e-15       1.509370501449e-16       2.533359777506e-17      -2.700365319526e-18 
 2492       1.075250229809e-11       3.858177305042e-13      -3.924882260641e-13       3.460246932848e-15       1.506868281338e-16       2.547900691041e-17      -2.713788760250e-18 
 2493       1.072013652099e-11       3.862679943827e-13      -3.925431181338e-13       3.455447050536e-15       1.504371275068e-16       2.562001899258e-17      -2.725770703784e-18 
 2494       1.068795058247e-11       3.867163658289e-13      -3.926782143704e-13       3.450652196467e-15       1.501879458615e-16       2.575673922287e-17      -2.736360744535e-18 
 2495       1.065594637325e-11       3.871624220336e-13      -3.928917943995e-13       3.445862460389e-15       1.499392807830e-16       2.588927316636e-17      -2.745608644417e-18 
 2496       1.062412578880e-11       3.876057388446e-13      -3.931821318659e-13       3.441077932271e-15       1.496911298434e-16       2.601772675219e-17      -2.753564333020e-18 
 2497       1.059249072941e-11       3.880458907649e-13      -3.935474944271e-13       3.436298702297e-15       1.494434906022e-16       2.614220627401e-17      -2.760277907779e-18 
 2498       1.056104310015e-11       3.884824509520e-13      -3.939861437469e-13       3.431524860872e-15       1.491963606059e-16       2.626281839032e-17      -2.765799634147e-18 
 2499       1.052978481092e-11       3.889149912159e-13      -3.944963354898e-13       3.426756498618e-15       1.489497373884e-16       2.637967012486e-17      -2.770179945765e-18 
 2500       1.049871777638e-11       3.893430820183e-13      -3.950763193145e-13       3.421993706378e-15       1.487036184707e-16       2.649286886694e-17      -2.773469444632e-18 
